date,asset_id,downtime_hours,maintenance_type,planned_unplanned,region,segment,estimated_production_loss_boe,estimated_revenue_loss_usd
2025-01-01,AST-002,16.62,Corrective,Planned,North America,Upstream,19537.5,1453442.0
2025-01-01,AST-003,0.28,Corrective,Planned,Middle East,Upstream,1157.0,83640.0
2025-01-01,AST-008,0.76,Preventive,Planned,North America,Upstream,3814.0,283423.0
2025-01-01,AST-011,5.87,Preventive,Planned,Middle East,Upstream,8388.0,540699.0
2025-01-01,AST-012,3.56,Corrective,Planned,Africa,Upstream,15824.0,1261531.0
2025-01-01,AST-015,4.56,Corrective,Planned,North America,Integrated Gas,16761.0,1306105.0
2025-01-01,AST-017,9.62,Preventive,Planned,Middle East,Chemicals & Products,44616.0,3105071.0
2025-01-01,AST-032,21.04,Corrective,Unplanned,Europe,Upstream,66086.0,4649844.0
2025-01-01,AST-040,3.74,Corrective,Planned,Middle East,Integrated Gas,7294.0,470461.0
2025-01-01,AST-042,10.68,Preventive,Unplanned,North America,Integrated Gas,68094.0,5187182.0
2025-01-01,AST-045,3.63,Inspection,Unplanned,India,Upstream,14877.0,1076066.0
2025-01-01,AST-050,18.12,Corrective,Planned,North America,Upstream,11253.0,761189.5
2025-01-02,AST-002,1.0,Corrective,Planned,North America,Upstream,2462.0,149797.0
2025-01-02,AST-003,2.88,Turnaround,Planned,Middle East,Upstream,14411.0,982509.0
2025-01-02,AST-005,4.07,Preventive,Planned,China,Integrated Gas,21974.0,1832699.0
2025-01-02,AST-006,11.89,Corrective,Planned,Africa,Integrated Gas,26785.5,2098620.0
2025-01-02,AST-010,2.88,Corrective,Planned,India,Upstream,3099.0,202980.0
2025-01-02,AST-014,4.63,Preventive,Planned,North America,Upstream,7954.0,502599.0
2025-01-02,AST-019,5.22,Inspection,Unplanned,Africa,Upstream,18013.0,1310983.0
2025-01-02,AST-022,8.57,Corrective,Planned,China,Upstream,28519.0,2266894.0
2025-01-02,AST-024,4.1,Preventive,Planned,Africa,Integrated Gas,7044.0,527560.0
2025-01-02,AST-026,4.36,Preventive,Planned,Middle East,Upstream,24306.0,1521541.0
2025-01-02,AST-029,1.54,Preventive,Planned,Middle East,Integrated Gas,9465.0,733491.0
2025-01-02,AST-037,1.23,Corrective,Planned,Africa,Upstream,2450.0,181503.0
2025-01-02,AST-039,7.07,Corrective,Planned,Europe,Integrated Gas,34957.0,2697092.0
2025-01-02,AST-041,5.7,Preventive,Planned,India,Integrated Gas,28978.0,1926264.0
2025-01-02,AST-049,3.84,Corrective,Planned,North America,Upstream,13934.0,1055723.0
2025-01-03,AST-007,0.82,Preventive,Planned,India,Chemicals & Products,2811.0,184821.0
2025-01-03,AST-009,4.78,Corrective,Unplanned,Europe,Upstream,9022.0,540466.0
2025-01-03,AST-012,1.01,Preventive,Planned,Africa,Upstream,4414.0,328255.0
2025-01-03,AST-018,9.3,Corrective,Planned,India,Integrated Gas,35015.0,2587627.0
2025-01-03,AST-019,11.07,Preventive,Planned,Africa,Upstream,17725.5,1274497.5
2025-01-03,AST-022,7.69,Corrective,Unplanned,China,Upstream,20911.0,1452519.0
2025-01-03,AST-027,12.74,Inspection,Planned,China,Upstream,30813.0,2482517.0
2025-01-03,AST-028,1.42,Turnaround,Planned,North America,Integrated Gas,3120.0,234719.0
2025-01-03,AST-034,2.84,Corrective,Planned,Middle East,Upstream,4080.0,308700.0
2025-01-03,AST-036,20.38,Inspection,Unplanned,India,Integrated Gas,68389.0,5611675.0
2025-01-03,AST-037,1.09,Turnaround,Planned,Africa,Upstream,2010.0,133154.0
2025-01-03,AST-043,1.57,Corrective,Planned,North America,Upstream,8316.0,506225.0
2025-01-03,AST-044,2.28,Preventive,Planned,China,Upstream,7785.0,604036.0
2025-01-03,AST-045,4.04,Turnaround,Planned,India,Upstream,17319.0,1321990.0
2025-01-03,AST-048,4.12,Preventive,Planned,Africa,Chemicals & Products,5136.0,398155.0
2025-01-03,AST-050,12.1,Corrective,Planned,North America,Upstream,6958.0,558839.5
2025-01-04,AST-002,1.07,Preventive,Planned,North America,Upstream,2515.0,200008.0
2025-01-04,AST-003,15.08,Corrective,Planned,Middle East,Upstream,37454.0,2510382.0
2025-01-04,AST-007,5.05,Preventive,Planned,India,Chemicals & Products,12764.0,821770.0
2025-01-04,AST-012,0.1,Preventive,Planned,Africa,Upstream,432.0,29172.0
2025-01-04,AST-016,2.69,Corrective,Planned,North America,Upstream,5519.0,411639.0
2025-01-04,AST-017,8.25,Preventive,Planned,Middle East,Chemicals & Products,21919.5,1664486.5
2025-01-04,AST-018,1.4,Preventive,Planned,India,Integrated Gas,4778.0,316146.0
2025-01-04,AST-024,5.1,Inspection,Planned,Africa,Integrated Gas,8139.0,534338.0
2025-01-04,AST-025,6.57,Preventive,Planned,North America,Upstream,45398.0,3485145.0
2025-01-04,AST-026,1.79,Turnaround,Planned,Middle East,Upstream,12176.0,812955.0
2025-01-04,AST-029,10.06,Corrective,Planned,Middle East,Integrated Gas,33099.5,2290341.0
2025-01-04,AST-030,2.68,Preventive,Unplanned,China,Integrated Gas,14126.0,930472.0
2025-01-04,AST-032,14.4,Turnaround,Unplanned,Europe,Upstream,62725.0,3914540.0
2025-01-04,AST-034,1.78,Preventive,Planned,Middle East,Upstream,2376.0,162905.0
2025-01-04,AST-035,2.07,Preventive,Planned,Africa,Upstream,11530.0,914920.0
2025-01-04,AST-039,8.91,Corrective,Planned,Europe,Integrated Gas,31222.0,2005076.0
2025-01-04,AST-043,0.69,Corrective,Planned,North America,Upstream,3304.0,277118.0
2025-01-04,AST-044,0.26,Preventive,Planned,China,Upstream,794.0,59705.0
2025-01-04,AST-045,1.38,Corrective,Planned,India,Upstream,5916.0,528327.0
2025-01-04,AST-050,4.0,Preventive,Planned,North America,Upstream,4572.0,311471.0
2025-01-05,AST-001,4.69,Inspection,Planned,India,Upstream,12734.0,1051483.0
2025-01-05,AST-002,13.2,Preventive,Planned,North America,Upstream,20947.0,1708147.0
2025-01-05,AST-008,5.49,Turnaround,Planned,North America,Upstream,25602.0,1751237.0
2025-01-05,AST-015,3.18,Preventive,Planned,North America,Integrated Gas,11813.0,852497.0
2025-01-05,AST-016,12.6,Preventive,Unplanned,North America,Upstream,18879.0,1596495.0
2025-01-05,AST-018,3.54,Turnaround,Planned,India,Integrated Gas,11737.0,796271.0
2025-01-05,AST-027,1.24,Corrective,Planned,China,Upstream,5007.0,348012.0
2025-01-05,AST-028,13.45,Preventive,Unplanned,North America,Integrated Gas,40929.0,3116493.0
2025-01-05,AST-029,5.13,Corrective,Planned,Middle East,Integrated Gas,36590.0,2408448.0
2025-01-05,AST-039,9.0,Corrective,Unplanned,Europe,Integrated Gas,33430.0,2626317.0
2025-01-05,AST-041,6.22,Preventive,Planned,India,Integrated Gas,35667.0,2838688.0
2025-01-05,AST-048,7.59,Preventive,Unplanned,Africa,Chemicals & Products,11078.0,690686.0
2025-01-06,AST-001,23.85,Inspection,Unplanned,India,Upstream,53144.0,4049559.0
2025-01-06,AST-003,11.76,Preventive,Planned,Middle East,Upstream,26477.5,1820917.0
2025-01-06,AST-006,3.89,Corrective,Planned,Africa,Integrated Gas,15093.0,989789.0
2025-01-06,AST-008,1.2,Corrective,Planned,North America,Upstream,7879.0,474370.0
2025-01-06,AST-010,13.24,Turnaround,Unplanned,India,Upstream,13994.0,922892.0
2025-01-06,AST-011,0.37,Preventive,Planned,Middle East,Upstream,483.0,30680.0
2025-01-06,AST-017,5.59,Turnaround,Unplanned,Middle East,Chemicals & Products,28696.0,2242893.0
2025-01-06,AST-019,2.5,Preventive,Planned,Africa,Upstream,7922.0,539516.0
2025-01-06,AST-020,3.17,Preventive,Planned,China,Chemicals & Products,8606.0,539002.0
2025-01-06,AST-022,1.77,Preventive,Planned,China,Upstream,4456.0,298921.0
2025-01-06,AST-024,2.79,Preventive,Planned,Africa,Integrated Gas,4212.0,274186.0
2025-01-06,AST-025,7.38,Preventive,Unplanned,North America,Upstream,42575.0,3369124.0
2025-01-06,AST-027,9.24,Preventive,Planned,China,Upstream,24881.5,1807886.0
2025-01-06,AST-028,9.55,Preventive,Unplanned,North America,Integrated Gas,22010.0,1566484.0
2025-01-06,AST-030,6.57,Corrective,Unplanned,China,Integrated Gas,37709.0,2914102.0
2025-01-06,AST-034,3.56,Inspection,Planned,Middle East,Upstream,6026.0,430126.0
2025-01-06,AST-035,1.03,Inspection,Planned,Africa,Upstream,5914.0,423145.0
2025-01-06,AST-039,1.25,Preventive,Planned,Europe,Integrated Gas,4888.0,314487.0
2025-01-06,AST-042,2.69,Preventive,Planned,North America,Integrated Gas,16165.0,1282903.0
2025-01-06,AST-043,0.7,Preventive,Planned,North America,Upstream,3026.0,208079.0
2025-01-06,AST-045,2.67,Preventive,Planned,India,Upstream,10296.0,844781.0
2025-01-06,AST-047,3.43,Turnaround,Planned,China,Upstream,13940.0,896994.0
2025-01-07,AST-005,2.03,Preventive,Planned,China,Integrated Gas,10872.0,667004.0
2025-01-07,AST-006,2.67,Corrective,Planned,Africa,Integrated Gas,13636.0,1071944.0
2025-01-07,AST-007,3.23,Corrective,Planned,India,Chemicals & Products,6110.0,480667.5
2025-01-07,AST-012,4.07,Preventive,Planned,Africa,Upstream,18723.0,1201857.0
2025-01-07,AST-014,6.11,Preventive,Unplanned,North America,Upstream,10316.0,787284.0
2025-01-07,AST-015,12.04,Turnaround,Planned,North America,Integrated Gas,39233.0,2673846.0
2025-01-07,AST-017,3.17,Corrective,Planned,Middle East,Chemicals & Products,14527.0,1201076.0
2025-01-07,AST-023,2.43,Corrective,Planned,Europe,Upstream,3128.0,210059.0
2025-01-07,AST-027,2.32,Preventive,Planned,China,Upstream,10527.0,826319.0
2025-01-07,AST-028,1.91,Preventive,Planned,North America,Integrated Gas,4491.0,331047.0
2025-01-07,AST-044,13.32,Corrective,Planned,China,Upstream,21162.0,1487999.0
2025-01-07,AST-047,6.86,Corrective,Planned,China,Upstream,25029.0,2029815.0
2025-01-07,AST-049,9.43,Turnaround,Unplanned,North America,Upstream,32068.0,2365486.0
2025-01-08,AST-001,13.87,Corrective,Unplanned,India,Upstream,28697.0,1858755.0
2025-01-08,AST-004,14.61,Inspection,Unplanned,China,Upstream,54269.0,4446370.0
2025-01-08,AST-005,1.52,Preventive,Planned,China,Integrated Gas,8016.0,623563.0
2025-01-08,AST-008,1.9,Turnaround,Planned,North America,Upstream,9446.0,727763.0
2025-01-08,AST-012,8.11,Corrective,Planned,Africa,Upstream,23427.5,1531127.5
2025-01-08,AST-014,5.06,Preventive,Planned,North America,Upstream,8621.0,715732.0
2025-01-08,AST-017,3.36,Corrective,Planned,Middle East,Chemicals & Products,17255.0,1145700.0
2025-01-08,AST-019,1.07,Preventive,Planned,Africa,Upstream,3454.0,259297.0
2025-01-08,AST-020,3.8,Inspection,Planned,China,Chemicals & Products,9227.0,661684.0
2025-01-08,AST-022,3.04,Corrective,Planned,China,Upstream,9738.0,757822.0
2025-01-08,AST-023,9.59,Inspection,Unplanned,Europe,Upstream,15531.0,1097780.0
2025-01-08,AST-030,5.45,Preventive,Unplanned,China,Integrated Gas,25159.0,1697599.0
2025-01-08,AST-031,17.82,Corrective,Unplanned,China,Integrated Gas,79947.0,6368828.0
2025-01-08,AST-032,1.9,Corrective,Planned,Europe,Upstream,7123.0,470756.0
2025-01-08,AST-034,5.31,Corrective,Planned,Middle East,Upstream,7003.0,458670.0
2025-01-08,AST-037,2.13,Corrective,Planned,Africa,Upstream,4800.0,318650.0
2025-01-08,AST-041,3.56,Turnaround,Planned,India,Integrated Gas,16598.0,1332052.0
2025-01-08,AST-043,3.86,Preventive,Planned,North America,Upstream,19181.0,1320490.0
2025-01-08,AST-046,7.4,Preventive,Planned,Africa,Upstream,28841.0,1866114.0
2025-01-09,AST-001,3.05,Corrective,Planned,India,Upstream,8559.0,573167.0
2025-01-09,AST-006,1.41,Turnaround,Planned,Africa,Integrated Gas,5792.0,394873.0
2025-01-09,AST-011,1.87,Inspection,Planned,Middle East,Upstream,2420.0,165297.0
2025-01-09,AST-012,9.52,Preventive,Planned,Africa,Upstream,20823.0,1505332.5
2025-01-09,AST-013,11.77,Corrective,Planned,North America,Upstream,22420.5,1749695.0
2025-01-09,AST-014,3.93,Corrective,Planned,North America,Upstream,6774.0,499728.0
2025-01-09,AST-018,14.8,Inspection,Planned,India,Integrated Gas,22986.5,1544433.5
2025-01-09,AST-024,3.39,Inspection,Planned,Africa,Integrated Gas,6349.0,533502.0
2025-01-09,AST-026,4.71,Corrective,Planned,Middle East,Upstream,28915.0,2241072.0
2025-01-09,AST-027,17.82,Turnaround,Planned,China,Upstream,35322.5,2631120.5
2025-01-09,AST-028,22.57,Inspection,Unplanned,North America,Integrated Gas,53929.0,4589215.0
2025-01-09,AST-034,3.04,Preventive,Planned,Middle East,Upstream,4529.0,377646.0
2025-01-09,AST-038,13.69,Corrective,Planned,North America,Integrated Gas,11104.33,795923.0
2025-01-09,AST-039,8.91,Corrective,Planned,Europe,Integrated Gas,41819.0,3126617.0
2025-01-09,AST-044,2.64,Corrective,Planned,China,Upstream,8491.0,706786.0
2025-01-09,AST-045,15.68,Corrective,Planned,India,Upstream,18987.75,1301059.5
2025-01-09,AST-047,1.88,Preventive,Planned,China,Upstream,9635.0,630659.0
2025-01-10,AST-006,5.88,Corrective,Planned,Africa,Integrated Gas,12848.0,858386.0
2025-01-10,AST-010,5.25,Inspection,Planned,India,Upstream,6969.0,470300.0
2025-01-10,AST-012,9.83,Corrective,Unplanned,Africa,Upstream,56621.0,3799320.0
2025-01-10,AST-024,9.33,Corrective,Planned,Africa,Integrated Gas,15916.0,1222803.0
2025-01-10,AST-025,0.79,Preventive,Planned,North America,Upstream,4162.0,324862.0
2025-01-10,AST-027,1.08,Preventive,Planned,China,Upstream,5834.0,364274.0
2025-01-10,AST-031,10.64,Corrective,Unplanned,China,Integrated Gas,54859.0,3947480.0
2025-01-10,AST-033,7.24,Corrective,Planned,India,Integrated Gas,19422.0,1396128.0
2025-01-10,AST-045,16.75,Inspection,Planned,India,Upstream,38443.0,2813830.5
2025-01-10,AST-047,12.76,Preventive,Unplanned,China,Upstream,67245.0,5020372.0
2025-01-11,AST-007,1.23,Corrective,Planned,India,Chemicals & Products,4118.0,324046.0
2025-01-11,AST-008,8.71,Inspection,Planned,North America,Upstream,25961.5,1971443.0
2025-01-11,AST-010,3.24,Corrective,Planned,India,Upstream,3236.0,206920.0
2025-01-11,AST-018,2.73,Preventive,Planned,India,Integrated Gas,8629.0,710754.0
2025-01-11,AST-021,6.47,Corrective,Planned,Middle East,Chemicals & Products,10031.33,760627.67
2025-01-11,AST-025,4.2,Corrective,Planned,North America,Upstream,29486.0,2213619.0
2025-01-11,AST-033,1.61,Preventive,Planned,India,Integrated Gas,3652.0,275918.0
2025-01-11,AST-035,8.72,Preventive,Planned,Africa,Upstream,54757.0,3976118.0
2025-01-11,AST-038,0.69,Corrective,Planned,North America,Integrated Gas,1838.0,142642.0
2025-01-11,AST-042,2.34,Corrective,Planned,North America,Integrated Gas,14187.0,1060163.0
2025-01-11,AST-045,8.39,Corrective,Planned,India,Upstream,20303.0,1582024.0
2025-01-11,AST-046,6.17,Corrective,Planned,Africa,Upstream,22780.0,1904854.0
2025-01-11,AST-049,7.13,Inspection,Planned,North America,Upstream,25128.0,1809706.0
2025-01-11,AST-050,17.7,Corrective,Unplanned,North America,Upstream,16929.0,1122710.0
2025-01-12,AST-011,4.57,Preventive,Planned,Middle East,Upstream,7346.0,592863.0
2025-01-12,AST-012,5.32,Preventive,Planned,Africa,Upstream,24484.0,1894189.0
2025-01-12,AST-023,2.9,Inspection,Planned,Europe,Upstream,4098.0,278737.0
2025-01-12,AST-025,2.01,Preventive,Planned,North America,Upstream,15535.0,1103581.0
2025-01-12,AST-030,3.64,Inspection,Planned,China,Integrated Gas,18843.0,1207010.0
2025-01-12,AST-032,8.54,Corrective,Planned,Europe,Upstream,27529.0,2226484.0
2025-01-12,AST-033,1.73,Preventive,Planned,India,Integrated Gas,4419.0,353246.0
2025-01-12,AST-039,2.24,Corrective,Planned,Europe,Integrated Gas,10733.0,737939.0
2025-01-12,AST-041,11.17,Inspection,Planned,India,Integrated Gas,25316.0,1908322.0
2025-01-12,AST-043,2.64,Corrective,Planned,North America,Upstream,9887.0,679334.0
2025-01-12,AST-044,38.71,Corrective,Planned,China,Upstream,63765.5,4438973.5
2025-01-13,AST-003,4.57,Turnaround,Planned,Middle East,Upstream,20091.0,1686551.0
2025-01-13,AST-004,33.53,Corrective,Unplanned,China,Upstream,47187.33,3514220.0
2025-01-13,AST-009,1.93,Preventive,Planned,Europe,Upstream,3668.0,295124.0
2025-01-13,AST-011,4.84,Turnaround,Planned,Middle East,Upstream,8629.0,662073.0
2025-01-13,AST-015,34.42,Inspection,Unplanned,North America,Integrated Gas,138065.0,9167453.0
2025-01-13,AST-018,11.42,Turnaround,Unplanned,India,Integrated Gas,32553.0,2105048.0
2025-01-13,AST-020,4.47,Corrective,Planned,China,Chemicals & Products,11934.0,784211.0
2025-01-13,AST-023,5.22,Preventive,Planned,Europe,Upstream,7066.0,599171.0
2025-01-13,AST-025,1.12,Corrective,Planned,North America,Upstream,6471.0,546972.0
2025-01-13,AST-026,0.46,Preventive,Planned,Middle East,Upstream,2778.0,180106.0
2025-01-13,AST-027,1.66,Preventive,Planned,China,Upstream,8060.0,614585.0
2025-01-13,AST-031,15.18,Preventive,Planned,China,Integrated Gas,28322.33,1949011.33
2025-01-13,AST-033,5.66,Inspection,Planned,India,Integrated Gas,14006.0,1021153.0
2025-01-13,AST-034,4.3,Inspection,Planned,Middle East,Upstream,5907.0,387571.0
2025-01-13,AST-036,11.65,Inspection,Unplanned,India,Integrated Gas,37726.0,2752250.0
2025-01-13,AST-038,30.45,Corrective,Unplanned,North America,Integrated Gas,36786.5,2460057.0
2025-01-13,AST-039,1.91,Turnaround,Planned,Europe,Integrated Gas,9641.0,647297.0
2025-01-13,AST-044,37.4,Corrective,Planned,China,Upstream,65094.5,4903095.5
2025-01-13,AST-045,4.36,Preventive,Planned,India,Upstream,17387.0,1364771.0
2025-01-13,AST-046,8.25,Preventive,Planned,Africa,Upstream,18196.0,1288441.5
2025-01-14,AST-005,2.12,Preventive,Planned,China,Integrated Gas,5387.5,379206.5
2025-01-14,AST-010,3.05,Corrective,Planned,India,Upstream,3092.0,209381.0
2025-01-14,AST-015,8.35,Preventive,Unplanned,North America,Integrated Gas,26829.0,2030816.0
2025-01-14,AST-017,8.99,Corrective,Planned,Middle East,Chemicals & Products,39985.0,3186573.0
2025-01-14,AST-018,14.08,Preventive,Unplanned,India,Integrated Gas,39988.0,3201317.0
2025-01-14,AST-019,14.9,Corrective,Planned,Africa,Upstream,24621.5,1731407.5
2025-01-14,AST-020,2.96,Corrective,Planned,China,Chemicals & Products,8749.0,577818.0
2025-01-14,AST-022,12.24,Preventive,Planned,China,Upstream,38511.0,2509650.0
2025-01-14,AST-023,9.67,Preventive,Planned,Europe,Upstream,13850.0,927312.0
2025-01-14,AST-025,2.65,Corrective,Planned,North America,Upstream,15836.0,1268065.0
2025-01-14,AST-028,4.65,Preventive,Planned,North America,Integrated Gas,9912.0,696956.0
2025-01-14,AST-033,4.51,Corrective,Planned,India,Integrated Gas,11474.0,898584.0
2025-01-14,AST-034,0.87,Turnaround,Planned,Middle East,Upstream,1310.0,95126.0
2025-01-14,AST-037,5.81,Corrective,Planned,Africa,Upstream,6489.5,500278.0
2025-01-14,AST-038,11.59,Preventive,Planned,North America,Integrated Gas,35711.0,2394597.0
2025-01-14,AST-039,2.82,Corrective,Planned,Europe,Integrated Gas,10996.0,853129.0
2025-01-14,AST-042,20.2,Preventive,Planned,North America,Integrated Gas,33698.33,2566651.67
2025-01-14,AST-043,0.84,Inspection,Planned,North America,Upstream,4111.0,322515.0
2025-01-14,AST-048,0.28,Preventive,Planned,Africa,Chemicals & Products,369.0,27316.0
2025-01-14,AST-050,3.05,Inspection,Planned,North America,Upstream,2991.0,221560.0
2025-01-15,AST-003,2.72,Corrective,Planned,Middle East,Upstream,12725.0,757404.0
2025-01-15,AST-004,9.28,Preventive,Planned,China,Upstream,45817.0,3335678.0
2025-01-15,AST-005,0.75,Preventive,Planned,China,Integrated Gas,4006.0,305060.0
2025-01-15,AST-006,3.38,Corrective,Planned,Africa,Integrated Gas,17312.0,1205548.0
2025-01-15,AST-009,3.53,Corrective,Planned,Europe,Upstream,3008.0,221322.0
2025-01-15,AST-012,4.56,Preventive,Planned,Africa,Upstream,10651.0,920622.5
2025-01-15,AST-013,10.93,Preventive,Planned,North America,Upstream,44450.0,3484226.0
2025-01-15,AST-015,11.39,Corrective,Planned,North America,Integrated Gas,44646.0,3343667.0
2025-01-15,AST-018,3.13,Preventive,Planned,India,Integrated Gas,9355.0,679557.0
2025-01-15,AST-021,2.47,Turnaround,Planned,Middle East,Chemicals & Products,11028.0,875320.0
2025-01-15,AST-024,1.26,Inspection,Planned,Africa,Integrated Gas,1493.0,109449.0
2025-01-15,AST-025,24.27,Preventive,Unplanned,North America,Upstream,144820.0,10862025.0
2025-01-15,AST-028,7.97,Preventive,Planned,North America,Integrated Gas,8441.0,576325.5
2025-01-15,AST-035,14.22,Corrective,Unplanned,Africa,Upstream,76446.0,6022108.0
2025-01-15,AST-040,4.24,Inspection,Planned,Middle East,Integrated Gas,8121.0,681426.0
2025-01-15,AST-044,11.38,Corrective,Unplanned,China,Upstream,41243.0,2667095.0
2025-01-15,AST-049,1.49,Corrective,Planned,North America,Upstream,4279.0,279961.0
2025-01-15,AST-050,18.49,Corrective,Planned,North America,Upstream,10797.5,833040.5
2025-01-16,AST-002,2.99,Corrective,Planned,North America,Upstream,8781.0,572796.0
2025-01-16,AST-003,3.38,Preventive,Planned,Middle East,Upstream,14729.0,1095122.0
2025-01-16,AST-008,4.5,Preventive,Unplanned,North America,Upstream,23679.0,2013954.0
2025-01-16,AST-012,7.53,Preventive,Planned,Africa,Upstream,40143.0,3171019.0
2025-01-16,AST-014,0.69,Inspection,Planned,North America,Upstream,1155.0,84889.0
2025-01-16,AST-016,6.04,Corrective,Planned,North America,Upstream,10107.0,663115.0
2025-01-16,AST-017,4.11,Corrective,Unplanned,Middle East,Chemicals & Products,21129.0,1644685.0
2025-01-16,AST-021,9.48,Inspection,Planned,Middle East,Chemicals & Products,22838.0,1620157.0
2025-01-16,AST-024,0.99,Preventive,Planned,Africa,Integrated Gas,1450.0,95649.0
2025-01-16,AST-026,2.26,Corrective,Planned,Middle East,Upstream,15682.0,976407.0
2025-01-16,AST-030,3.58,Preventive,Planned,China,Integrated Gas,18366.0,1281974.0
2025-01-16,AST-031,1.25,Corrective,Planned,China,Integrated Gas,6125.0,438456.0
2025-01-16,AST-034,1.14,Preventive,Planned,Middle East,Upstream,1591.0,111931.0
2025-01-16,AST-036,4.2,Corrective,Planned,India,Integrated Gas,14754.0,1148187.0
2025-01-16,AST-038,10.75,Inspection,Unplanned,North America,Integrated Gas,27226.0,1789437.0
2025-01-16,AST-040,3.03,Preventive,Planned,Middle East,Integrated Gas,6833.0,521159.0
2025-01-16,AST-041,1.26,Corrective,Planned,India,Integrated Gas,7105.0,558261.0
2025-01-16,AST-042,1.11,Inspection,Planned,North America,Integrated Gas,6455.0,488489.0
2025-01-16,AST-044,2.26,Preventive,Planned,China,Upstream,7427.0,510463.0
2025-01-16,AST-047,4.3,Preventive,Planned,China,Upstream,21870.0,1721236.0
2025-01-17,AST-001,1.6,Corrective,Planned,India,Upstream,3398.0,271670.0
2025-01-17,AST-002,5.3,Corrective,Planned,North America,Upstream,14126.0,899807.0
2025-01-17,AST-003,5.3,Inspection,Planned,Middle East,Upstream,26086.0,1968562.0
2025-01-17,AST-007,4.92,Inspection,Unplanned,India,Chemicals & Products,17664.0,1400360.0
2025-01-17,AST-008,20.53,Inspection,Planned,North America,Upstream,57920.5,4489873.0
2025-01-17,AST-009,5.8,Preventive,Planned,Europe,Upstream,10186.0,751006.0
2025-01-17,AST-011,6.55,Corrective,Planned,Middle East,Upstream,11866.0,917228.0
2025-01-17,AST-013,1.97,Inspection,Planned,North America,Upstream,7118.0,542664.0
2025-01-17,AST-015,1.83,Preventive,Planned,North America,Integrated Gas,6772.0,518415.0
2025-01-17,AST-016,26.23,Corrective,Unplanned,North America,Upstream,48624.0,3118867.0
2025-01-17,AST-025,6.33,Inspection,Planned,North America,Upstream,35911.0,2433741.0
2025-01-17,AST-035,41.46,Preventive,Unplanned,Africa,Upstream,237591.0,16372788.0
2025-01-17,AST-038,4.25,Corrective,Planned,North America,Integrated Gas,10373.0,715340.0
2025-01-17,AST-043,5.28,Corrective,Planned,North America,Upstream,27027.0,2201689.0
2025-01-18,AST-003,2.48,Turnaround,Planned,Middle East,Upstream,11287.0,809305.0
2025-01-18,AST-005,4.5,Corrective,Planned,China,Integrated Gas,20164.0,1515187.0
2025-01-18,AST-008,3.11,Preventive,Planned,North America,Upstream,18273.0,1176908.0
2025-01-18,AST-010,4.19,Turnaround,Planned,India,Upstream,5155.0,353634.0
2025-01-18,AST-013,0.58,Preventive,Planned,North America,Upstream,1789.0,145847.0
2025-01-18,AST-015,4.59,Corrective,Planned,North America,Integrated Gas,16339.0,1094237.0
2025-01-18,AST-019,1.39,Preventive,Planned,Africa,Upstream,4899.0,288671.0
2025-01-18,AST-024,32.77,Corrective,Unplanned,Africa,Integrated Gas,19467.67,1411463.67
2025-01-18,AST-028,5.67,Preventive,Planned,North America,Integrated Gas,13217.0,1026644.0
2025-01-18,AST-034,20.51,Corrective,Planned,Middle East,Upstream,16150.5,1241558.5
2025-01-18,AST-035,2.96,Preventive,Planned,Africa,Upstream,21124.0,1522819.0
2025-01-18,AST-038,7.65,Inspection,Planned,North America,Integrated Gas,10259.0,751887.5
2025-01-18,AST-040,1.19,Preventive,Planned,Middle East,Integrated Gas,2143.0,140827.0
2025-01-18,AST-049,1.15,Preventive,Planned,North America,Upstream,3607.0,250985.0
2025-01-19,AST-001,12.52,Preventive,Unplanned,India,Upstream,29641.0,2142951.0
2025-01-19,AST-003,2.94,Corrective,Planned,Middle East,Upstream,13697.0,1087550.0
2025-01-19,AST-008,1.84,Preventive,Planned,North America,Upstream,10688.0,762204.0
2025-01-19,AST-009,19.65,Corrective,Unplanned,Europe,Upstream,35394.0,2762276.0
2025-01-19,AST-013,12.6,Corrective,Planned,North America,Upstream,49932.0,4074223.0
2025-01-19,AST-014,11.44,Preventive,Unplanned,North America,Upstream,23102.0,1528699.0
2025-01-19,AST-023,0.1,Preventive,Planned,Europe,Upstream,109.0,7179.0
2025-01-19,AST-028,9.07,Preventive,Planned,North America,Integrated Gas,11198.5,793669.5
2025-01-19,AST-031,2.27,Inspection,Planned,China,Integrated Gas,12799.0,1051603.0
2025-01-19,AST-036,1.01,Turnaround,Planned,India,Integrated Gas,4343.0,320823.0
2025-01-19,AST-037,2.32,Inspection,Planned,Africa,Upstream,4293.0,337456.0
2025-01-19,AST-039,4.99,Preventive,Planned,Europe,Integrated Gas,24738.0,1992850.0
2025-01-19,AST-040,6.91,Corrective,Unplanned,Middle East,Integrated Gas,14794.0,1076800.0
2025-01-19,AST-043,4.63,Preventive,Planned,North America,Upstream,18490.0,1468971.0
2025-01-19,AST-047,12.76,Turnaround,Unplanned,China,Upstream,52940.0,3848960.0
2025-01-19,AST-048,4.51,Corrective,Planned,Africa,Chemicals & Products,6815.0,545656.0
2025-01-19,AST-050,5.51,Corrective,Planned,North America,Upstream,2062.33,152485.0
2025-01-20,AST-012,7.39,Corrective,Planned,Africa,Upstream,44014.0,3479055.0
2025-01-20,AST-015,1.37,Preventive,Planned,North America,Integrated Gas,4969.0,337498.0
2025-01-20,AST-020,8.68,Preventive,Planned,China,Chemicals & Products,18376.0,1537810.0
2025-01-20,AST-025,1.16,Preventive,Planned,North America,Upstream,6613.0,572339.0
2025-01-20,AST-031,30.2,Corrective,Planned,China,Integrated Gas,47518.33,3589222.67
2025-01-20,AST-032,1.76,Preventive,Planned,Europe,Upstream,6190.0,417379.0
2025-01-20,AST-038,18.08,Preventive,Planned,North America,Integrated Gas,43694.0,3257954.0
2025-01-20,AST-046,3.27,Preventive,Planned,Africa,Upstream,14071.0,1127441.0
2025-01-20,AST-048,8.15,Preventive,Unplanned,Africa,Chemicals & Products,11038.0,884056.0
2025-01-21,AST-006,1.0,Preventive,Planned,Africa,Integrated Gas,5251.0,356902.0
2025-01-21,AST-007,13.78,Inspection,Unplanned,India,Chemicals & Products,49047.0,4151238.0
2025-01-21,AST-008,13.88,Inspection,Unplanned,North America,Upstream,80584.0,5314191.0
2025-01-21,AST-009,3.08,Preventive,Planned,Europe,Upstream,4941.0,345264.0
2025-01-21,AST-010,2.7,Corrective,Planned,India,Upstream,2859.0,182523.0
2025-01-21,AST-013,50.82,Preventive,Unplanned,North America,Upstream,55155.33,3856306.33
2025-01-21,AST-014,0.47,Inspection,Planned,North America,Upstream,1056.0,88633.0
2025-01-21,AST-016,2.42,Turnaround,Planned,North America,Upstream,4791.0,371538.0
2025-01-21,AST-017,8.95,Preventive,Unplanned,Middle East,Chemicals & Products,44592.0,3084351.0
2025-01-21,AST-018,2.53,Preventive,Planned,India,Integrated Gas,9562.0,735033.0
2025-01-21,AST-019,2.35,Corrective,Planned,Africa,Upstream,8446.0,700255.0
2025-01-21,AST-022,29.84,Preventive,Planned,China,Upstream,50561.0,3992641.5
2025-01-21,AST-024,10.5,Inspection,Planned,Africa,Integrated Gas,7322.0,538977.0
2025-01-21,AST-027,3.64,Preventive,Planned,China,Upstream,8476.5,577703.5
2025-01-21,AST-028,15.75,Inspection,Unplanned,North America,Integrated Gas,47039.0,3781627.0
2025-01-21,AST-030,1.48,Inspection,Planned,China,Integrated Gas,8101.0,631502.0
2025-01-21,AST-032,30.45,Preventive,Planned,Europe,Upstream,36980.0,2632468.0
2025-01-21,AST-033,1.38,Corrective,Planned,India,Integrated Gas,3541.0,289606.0
2025-01-21,AST-038,20.25,Corrective,Planned,North America,Integrated Gas,25819.5,1879444.0
2025-01-21,AST-041,1.38,Preventive,Planned,India,Integrated Gas,7262.0,584748.0
2025-01-22,AST-001,7.03,Corrective,Planned,India,Upstream,14451.0,965134.0
2025-01-22,AST-003,19.87,Corrective,Unplanned,Middle East,Upstream,49077.0,3623436.0
2025-01-22,AST-004,1.19,Preventive,Planned,China,Upstream,4320.0,335730.0
2025-01-22,AST-005,1.91,Corrective,Planned,China,Integrated Gas,10956.0,798113.0
2025-01-22,AST-006,9.55,Preventive,Planned,Africa,Integrated Gas,26246.5,1858312.0
2025-01-22,AST-009,6.34,Preventive,Planned,Europe,Upstream,12151.0,919159.0
2025-01-22,AST-012,3.57,Inspection,Planned,Africa,Upstream,13978.0,1065148.0
2025-01-22,AST-013,8.63,Preventive,Unplanned,North America,Upstream,32308.0,2555239.0
2025-01-22,AST-014,3.53,Preventive,Planned,North America,Upstream,6676.0,458215.0
2025-01-22,AST-016,1.5,Preventive,Planned,North America,Upstream,2428.0,156345.0
2025-01-22,AST-019,1.78,Preventive,Planned,Africa,Upstream,5051.0,354859.0
2025-01-22,AST-022,4.52,Preventive,Planned,China,Upstream,13161.0,1098588.0
2025-01-22,AST-023,1.43,Preventive,Planned,Europe,Upstream,1804.0,143331.0
2025-01-22,AST-034,5.23,Corrective,Planned,Middle East,Upstream,3941.5,302423.5
2025-01-22,AST-035,0.51,Inspection,Planned,Africa,Upstream,2776.0,180915.0
2025-01-22,AST-036,4.55,Inspection,Planned,India,Integrated Gas,19315.0,1272538.0
2025-01-22,AST-038,5.45,Preventive,Planned,North America,Integrated Gas,12759.0,882412.0
2025-01-22,AST-039,16.64,Corrective,Unplanned,Europe,Integrated Gas,63499.0,4617622.0
2025-01-22,AST-041,3.02,Corrective,Unplanned,India,Integrated Gas,17446.0,1370445.0
2025-01-22,AST-044,2.5,Turnaround,Planned,China,Upstream,7979.0,654505.0
2025-01-22,AST-045,6.17,Preventive,Planned,India,Upstream,33941.0,2711327.0
2025-01-22,AST-046,3.95,Preventive,Planned,Africa,Upstream,15335.0,1194790.0
2025-01-22,AST-049,2.43,Preventive,Planned,North America,Upstream,6445.0,432619.0
2025-01-23,AST-001,19.55,Preventive,Planned,India,Upstream,26631.0,1951692.5
2025-01-23,AST-005,2.46,Preventive,Planned,China,Integrated Gas,15592.0,1169939.0
2025-01-23,AST-007,5.98,Corrective,Planned,India,Chemicals & Products,19348.0,1456044.0
2025-01-23,AST-012,1.34,Preventive,Planned,Africa,Upstream,6931.0,516357.0
2025-01-23,AST-017,4.82,Inspection,Planned,Middle East,Chemicals & Products,21186.0,1459656.0
2025-01-23,AST-023,7.01,Preventive,Planned,Europe,Upstream,11169.0,696158.0
2025-01-23,AST-025,2.74,Preventive,Planned,North America,Upstream,17486.0,1212559.0
2025-01-23,AST-026,6.03,Preventive,Planned,Middle East,Upstream,35545.0,2335751.0
2025-01-23,AST-027,7.71,Preventive,Unplanned,China,Upstream,20393.5,1577935.0
2025-01-23,AST-028,1.14,Corrective,Planned,North America,Integrated Gas,2261.0,167972.0
2025-01-23,AST-033,4.72,Corrective,Planned,India,Integrated Gas,12188.0,845202.0
2025-01-23,AST-034,20.59,Corrective,Planned,Middle East,Upstream,7042.0,553810.0
2025-01-23,AST-036,2.84,Corrective,Planned,India,Integrated Gas,10638.0,866594.0
2025-01-23,AST-039,3.53,Preventive,Planned,Europe,Integrated Gas,13589.0,1059719.0
2025-01-23,AST-040,9.01,Corrective,Unplanned,Middle East,Integrated Gas,17373.0,1448126.0
2025-01-23,AST-043,9.42,Corrective,Planned,North America,Upstream,16632.33,1302697.67
2025-01-23,AST-048,15.85,Inspection,Planned,Africa,Chemicals & Products,10751.0,881366.5
2025-01-24,AST-001,4.69,Inspection,Unplanned,India,Upstream,9939.0,776320.0
2025-01-24,AST-011,0.55,Inspection,Planned,Middle East,Upstream,842.0,59049.0
2025-01-24,AST-019,2.13,Corrective,Unplanned,Africa,Upstream,7110.0,510330.0
2025-01-24,AST-020,3.55,Preventive,Planned,China,Chemicals & Products,9129.0,604929.0
2025-01-24,AST-023,8.63,Corrective,Planned,Europe,Upstream,12919.0,1075203.0
2025-01-24,AST-024,3.64,Corrective,Planned,Africa,Integrated Gas,5382.0,407738.0
2025-01-24,AST-025,2.58,Preventive,Planned,North America,Upstream,15651.0,1049591.0
2025-01-24,AST-026,1.33,Preventive,Planned,Middle East,Upstream,8831.0,711932.0
2025-01-24,AST-027,9.03,Corrective,Planned,China,Upstream,21558.5,1587988.0
2025-01-24,AST-032,5.25,Corrective,Planned,Europe,Upstream,21974.0,1863207.0
2025-01-24,AST-037,7.42,Preventive,Unplanned,Africa,Upstream,15804.0,1133372.0
2025-01-24,AST-038,3.91,Inspection,Planned,North America,Integrated Gas,10020.0,747760.0
2025-01-24,AST-040,2.51,Corrective,Planned,Middle East,Integrated Gas,5117.0,459337.0
2025-01-24,AST-041,4.32,Preventive,Planned,India,Integrated Gas,26656.0,2039523.0
2025-01-25,AST-010,2.21,Corrective,Planned,India,Upstream,2425.0,175652.0
2025-01-25,AST-013,6.19,Turnaround,Planned,North America,Upstream,20110.0,1620552.0
2025-01-25,AST-019,9.37,Corrective,Unplanned,Africa,Upstream,24203.0,1794052.0
2025-01-25,AST-023,2.25,Preventive,Planned,Europe,Upstream,3737.0,290689.0
2025-01-25,AST-025,9.14,Turnaround,Unplanned,North America,Upstream,61153.0,4100057.0
2025-01-25,AST-026,9.7,Turnaround,Unplanned,Middle East,Upstream,60421.0,4504948.0
2025-01-25,AST-027,7.59,Corrective,Planned,China,Upstream,32999.0,2589428.0
2025-01-25,AST-033,14.1,Inspection,Unplanned,India,Integrated Gas,32606.0,2345087.0
2025-01-25,AST-035,2.2,Corrective,Planned,Africa,Upstream,12773.0,982858.0
2025-01-25,AST-044,2.18,Corrective,Planned,China,Upstream,6557.0,482715.0
2025-01-25,AST-047,4.22,Turnaround,Planned,China,Upstream,16858.0,1372839.0
2025-01-25,AST-048,21.37,Inspection,Unplanned,Africa,Chemicals & Products,24691.0,1614976.0
2025-01-26,AST-001,1.72,Corrective,Planned,India,Upstream,4732.0,338512.0
2025-01-26,AST-008,3.68,Preventive,Planned,North America,Upstream,23309.0,1803281.0
2025-01-26,AST-009,0.98,Corrective,Planned,Europe,Upstream,1814.0,138988.0
2025-01-26,AST-010,10.66,Preventive,Unplanned,India,Upstream,10664.0,886539.0
2025-01-26,AST-011,8.25,Preventive,Planned,Middle East,Upstream,4505.67,338214.67
2025-01-26,AST-017,23.9,Inspection,Planned,Middle East,Chemicals & Products,59039.0,4539459.5
2025-01-26,AST-018,1.26,Turnaround,Planned,India,Integrated Gas,4055.0,303536.0
2025-01-26,AST-022,4.3,Corrective,Planned,China,Upstream,5926.5,435155.0
2025-01-26,AST-023,6.7,Preventive,Planned,Europe,Upstream,4941.5,370147.0
2025-01-26,AST-033,2.42,Preventive,Planned,India,Integrated Gas,5628.0,432261.0
2025-01-26,AST-034,1.65,Preventive,Planned,Middle East,Upstream,2452.0,153280.0
2025-01-26,AST-036,1.38,Preventive,Planned,India,Integrated Gas,5243.0,367382.0
2025-01-26,AST-037,11.38,Inspection,Unplanned,Africa,Upstream,26656.0,1822116.0
2025-01-26,AST-038,13.58,Turnaround,Unplanned,North America,Integrated Gas,32581.0,2540622.0
2025-01-26,AST-040,1.38,Corrective,Planned,Middle East,Integrated Gas,2861.0,239217.0
2025-01-26,AST-046,0.55,Preventive,Planned,Africa,Upstream,1922.0,151368.0
2025-01-27,AST-001,9.4,Preventive,Planned,India,Upstream,12813.0,858950.5
2025-01-27,AST-003,16.32,Preventive,Planned,Middle East,Upstream,41418.5,3039256.5
2025-01-27,AST-008,3.08,Inspection,Planned,North America,Upstream,15364.0,1229132.0
2025-01-27,AST-009,11.37,Preventive,Planned,Europe,Upstream,10485.5,789959.0
2025-01-27,AST-012,15.21,Corrective,Unplanned,Africa,Upstream,84788.0,7030418.0
2025-01-27,AST-013,5.41,Turnaround,Planned,North America,Upstream,25046.0,1743011.0
2025-01-27,AST-015,3.91,Corrective,Planned,North America,Integrated Gas,12636.0,1005866.0
2025-01-27,AST-021,2.69,Turnaround,Unplanned,Middle East,Chemicals & Products,12595.0,1002601.0
2025-01-27,AST-024,3.32,Turnaround,Planned,Africa,Integrated Gas,4871.0,368037.0
2025-01-27,AST-026,2.31,Preventive,Planned,Middle East,Upstream,11759.0,887055.0
2025-01-27,AST-028,11.46,Preventive,Unplanned,North America,Integrated Gas,25837.0,2167330.0
2025-01-27,AST-034,4.02,Corrective,Planned,Middle East,Upstream,5935.0,426182.0
2025-01-27,AST-036,11.65,Turnaround,Unplanned,India,Integrated Gas,43436.0,3286473.0
2025-01-27,AST-042,9.2,Corrective,Unplanned,North America,Integrated Gas,45812.0,3354247.0
2025-01-27,AST-044,4.54,Corrective,Planned,China,Upstream,16117.0,1149014.0
2025-01-27,AST-045,2.91,Corrective,Unplanned,India,Upstream,12526.0,1016262.0
2025-01-27,AST-046,15.08,Preventive,Planned,Africa,Upstream,64779.0,4245272.0
2025-01-27,AST-048,1.63,Corrective,Planned,Africa,Chemicals & Products,1030.5,68135.0
2025-01-28,AST-001,0.61,Corrective,Planned,India,Upstream,1489.0,115924.0
2025-01-28,AST-002,16.49,Inspection,Unplanned,North America,Upstream,45761.0,3600084.0
2025-01-28,AST-003,9.57,Preventive,Planned,Middle East,Upstream,48621.0,3476936.0
2025-01-28,AST-008,22.28,Preventive,Unplanned,North America,Upstream,121462.0,9306645.0
2025-01-28,AST-021,6.11,Preventive,Unplanned,Middle East,Chemicals & Products,31467.0,2555092.0
2025-01-28,AST-023,9.36,Corrective,Unplanned,Europe,Upstream,13043.0,931104.0
2025-01-28,AST-025,1.52,Preventive,Planned,North America,Upstream,9780.0,648349.0
2025-01-28,AST-027,9.46,Corrective,Planned,China,Upstream,23017.5,1770034.0
2025-01-28,AST-028,8.2,Preventive,Planned,North America,Integrated Gas,18752.0,1238565.0
2025-01-28,AST-034,3.7,Corrective,Planned,Middle East,Upstream,6055.0,528342.0
2025-01-28,AST-037,4.3,Inspection,Planned,Africa,Upstream,8920.0,639016.0
2025-01-28,AST-039,8.03,Preventive,Planned,Europe,Integrated Gas,29496.0,2325223.0
2025-01-28,AST-043,3.22,Preventive,Planned,North America,Upstream,13701.0,923524.0
2025-01-28,AST-047,7.9,Corrective,Planned,China,Upstream,20758.0,1448446.0
2025-01-28,AST-048,1.57,Preventive,Planned,Africa,Chemicals & Products,2169.0,180531.0
2025-01-29,AST-002,0.64,Preventive,Planned,North America,Upstream,1669.0,105451.0
2025-01-29,AST-003,0.4,Preventive,Planned,Middle East,Upstream,2019.0,135849.0
2025-01-29,AST-006,1.11,Corrective,Planned,Africa,Integrated Gas,5031.0,412783.0
2025-01-29,AST-008,2.16,Corrective,Planned,North America,Upstream,7135.5,606190.5
2025-01-29,AST-009,4.89,Inspection,Planned,Europe,Upstream,10990.0,756780.0
2025-01-29,AST-011,5.6,Corrective,Planned,Middle East,Upstream,3952.0,325108.5
2025-01-29,AST-015,4.58,Preventive,Planned,North America,Integrated Gas,8954.5,646403.5
2025-01-29,AST-017,0.22,Inspection,Planned,Middle East,Chemicals & Products,1015.0,75775.0
2025-01-29,AST-019,1.82,Preventive,Planned,Africa,Upstream,6424.0,499320.0
2025-01-29,AST-020,28.74,Preventive,Unplanned,China,Chemicals & Products,76090.0,6311100.0
2025-01-29,AST-022,1.82,Inspection,Planned,China,Upstream,5128.0,394617.0
2025-01-29,AST-025,1.07,Preventive,Unplanned,North America,Upstream,7737.0,665031.0
2025-01-29,AST-027,4.06,Corrective,Planned,China,Upstream,15043.0,1082542.0
2025-01-29,AST-039,0.76,Inspection,Planned,Europe,Integrated Gas,3221.0,220479.0
2025-01-29,AST-049,1.16,Preventive,Planned,North America,Upstream,3546.0,287843.0
2025-01-29,AST-050,7.06,Corrective,Planned,North America,Upstream,10267.0,707743.0
2025-01-30,AST-002,12.82,Preventive,Planned,North America,Upstream,29996.0,2456284.0
2025-01-30,AST-003,5.76,Preventive,Planned,Middle East,Upstream,27999.0,2001950.0
2025-01-30,AST-007,19.51,Preventive,Unplanned,India,Chemicals & Products,67592.0,5672081.0
2025-01-30,AST-008,1.14,Preventive,Planned,North America,Upstream,6550.0,515411.0
2025-01-30,AST-009,4.6,Preventive,Planned,Europe,Upstream,7077.0,601332.0
2025-01-30,AST-013,10.44,Preventive,Planned,North America,Upstream,39825.0,3228312.0
2025-01-30,AST-018,5.87,Inspection,Planned,India,Integrated Gas,19854.0,1405717.0
2025-01-30,AST-019,16.27,Turnaround,Unplanned,Africa,Upstream,40477.0,2850891.0
2025-01-30,AST-020,3.4,Turnaround,Planned,China,Chemicals & Products,8412.0,570287.0
2025-01-30,AST-024,15.84,Corrective,Planned,Africa,Integrated Gas,12828.5,873554.0
2025-01-30,AST-029,6.49,Inspection,Planned,Middle East,Integrated Gas,49548.0,3744492.0
2025-01-30,AST-031,0.96,Corrective,Planned,China,Integrated Gas,5420.0,460666.0
2025-01-30,AST-036,7.59,Preventive,Planned,India,Integrated Gas,28732.0,2522033.0
2025-01-30,AST-037,8.37,Turnaround,Planned,Africa,Upstream,18600.0,1536506.0
2025-01-30,AST-040,3.42,Preventive,Planned,Middle East,Integrated Gas,6351.0,498921.0
2025-01-31,AST-001,2.82,Turnaround,Planned,India,Upstream,6298.0,501099.0
2025-01-31,AST-003,5.78,Preventive,Planned,Middle East,Upstream,26458.0,2010150.0
2025-01-31,AST-007,0.63,Preventive,Planned,India,Chemicals & Products,2099.0,150621.0
2025-01-31,AST-009,8.31,Corrective,Unplanned,Europe,Upstream,15259.0,1011939.0
2025-01-31,AST-012,5.63,Corrective,Unplanned,Africa,Upstream,30831.0,2061874.0
2025-01-31,AST-017,5.22,Preventive,Unplanned,Middle East,Chemicals & Products,29897.0,2237593.0
2025-01-31,AST-022,3.07,Corrective,Planned,China,Upstream,9271.0,690170.0
2025-01-31,AST-024,0.48,Preventive,Planned,Africa,Integrated Gas,778.0,46399.0
2025-01-31,AST-031,0.52,Inspection,Planned,China,Integrated Gas,2393.0,168800.0
2025-01-31,AST-032,5.5,Inspection,Planned,Europe,Upstream,20250.0,1523868.0
2025-01-31,AST-034,2.0,Inspection,Planned,Middle East,Upstream,3090.0,207646.0
2025-01-31,AST-036,2.11,Inspection,Planned,India,Integrated Gas,7865.0,509259.0
2025-01-31,AST-040,4.0,Turnaround,Planned,Middle East,Integrated Gas,7124.0,569675.0
2025-01-31,AST-043,15.49,Inspection,Planned,North America,Upstream,26798.67,2124513.0
2025-01-31,AST-046,9.24,Corrective,Planned,Africa,Upstream,18386.5,1313790.5
2025-01-31,AST-048,13.49,Preventive,Planned,Africa,Chemicals & Products,9975.5,648219.0
2025-02-01,AST-007,1.67,Corrective,Planned,India,Chemicals & Products,4699.0,324578.0
2025-02-01,AST-008,4.21,Turnaround,Planned,North America,Upstream,20285.0,1464120.0
2025-02-01,AST-011,7.47,Inspection,Planned,Middle East,Upstream,9667.0,815500.0
2025-02-01,AST-013,0.26,Turnaround,Planned,North America,Upstream,949.0,63997.0
2025-02-01,AST-015,7.11,Preventive,Unplanned,North America,Integrated Gas,25405.0,2064175.0
2025-02-01,AST-016,1.82,Corrective,Planned,North America,Upstream,3024.0,239364.0
2025-02-01,AST-024,4.72,Preventive,Planned,Africa,Integrated Gas,8804.0,527247.0
2025-02-01,AST-030,11.47,Preventive,Planned,China,Integrated Gas,59337.0,5174949.0
2025-02-01,AST-032,4.57,Preventive,Planned,Europe,Upstream,15465.0,1309522.0
2025-02-01,AST-050,7.72,Corrective,Planned,North America,Upstream,2736.33,185527.0
2025-02-02,AST-001,11.46,Corrective,Planned,India,Upstream,23097.0,1740341.0
2025-02-02,AST-007,4.04,Corrective,Planned,India,Chemicals & Products,15486.0,1175873.0
2025-02-02,AST-009,2.12,Preventive,Planned,Europe,Upstream,3482.0,239622.0
2025-02-02,AST-015,1.75,Inspection,Planned,North America,Integrated Gas,6198.0,490909.0
2025-02-02,AST-016,9.08,Corrective,Unplanned,North America,Upstream,18885.0,1373100.0
2025-02-02,AST-017,11.2,Corrective,Unplanned,Middle East,Chemicals & Products,56707.0,3686190.0
2025-02-02,AST-021,0.84,Preventive,Planned,Middle East,Chemicals & Products,3697.0,276932.0
2025-02-02,AST-022,6.67,Corrective,Unplanned,China,Upstream,17081.0,1163679.0
2025-02-02,AST-029,28.64,Preventive,Planned,Middle East,Integrated Gas,97569.5,7148681.0
2025-02-02,AST-033,5.66,Inspection,Planned,India,Integrated Gas,6634.0,477018.5
2025-02-02,AST-035,3.23,Preventive,Planned,Africa,Upstream,21026.0,1343124.0
2025-02-02,AST-039,2.47,Preventive,Planned,Europe,Integrated Gas,9424.0,698199.0
2025-02-02,AST-043,3.03,Corrective,Planned,North America,Upstream,8453.5,653399.5
2025-02-02,AST-044,19.18,Corrective,Planned,China,Upstream,32015.0,2785632.5
2025-02-02,AST-048,28.29,Inspection,Planned,Africa,Chemicals & Products,19087.5,1395637.0
2025-02-03,AST-001,15.02,Corrective,Planned,India,Upstream,39350.0,2923818.0
2025-02-03,AST-004,4.94,Corrective,Planned,China,Upstream,19455.0,1590879.0
2025-02-03,AST-005,14.29,Preventive,Unplanned,China,Integrated Gas,93010.0,7401900.0
2025-02-03,AST-010,3.15,Preventive,Planned,India,Upstream,3859.0,313293.0
2025-02-03,AST-014,43.05,Corrective,Unplanned,North America,Upstream,83994.0,6387371.0
2025-02-03,AST-016,1.98,Turnaround,Planned,North America,Upstream,3796.0,318764.0
2025-02-03,AST-018,9.53,Inspection,Planned,India,Integrated Gas,35131.0,2852045.0
2025-02-03,AST-022,6.52,Corrective,Planned,China,Upstream,18471.0,1397770.0
2025-02-03,AST-027,2.2,Turnaround,Planned,China,Upstream,12004.0,1019653.0
2025-02-03,AST-030,3.38,Preventive,Planned,China,Integrated Gas,15412.0,1090459.0
2025-02-03,AST-034,9.72,Preventive,Planned,Middle East,Upstream,17436.0,1275039.0
2025-02-03,AST-036,0.73,Corrective,Planned,India,Integrated Gas,3190.0,191363.0
2025-02-03,AST-040,1.91,Inspection,Planned,Middle East,Integrated Gas,3486.0,227581.0
2025-02-03,AST-041,4.17,Corrective,Planned,India,Integrated Gas,11852.5,856882.5
2025-02-03,AST-044,2.93,Turnaround,Planned,China,Upstream,9317.0,631737.0
2025-02-04,AST-008,1.79,Preventive,Planned,North America,Upstream,11554.0,836262.0
2025-02-04,AST-009,5.32,Corrective,Planned,Europe,Upstream,5586.5,439303.5
2025-02-04,AST-028,7.05,Corrective,Unplanned,North America,Integrated Gas,16160.0,1183204.0
2025-02-04,AST-032,3.13,Inspection,Planned,Europe,Upstream,11092.0,705034.0
2025-02-04,AST-034,3.36,Preventive,Planned,Middle East,Upstream,2467.0,198805.5
2025-02-04,AST-043,14.67,Inspection,Unplanned,North America,Upstream,26093.33,1884554.33
2025-02-04,AST-045,4.32,Turnaround,Planned,India,Upstream,18524.0,1175719.0
2025-02-04,AST-046,13.82,Corrective,Planned,Africa,Upstream,25931.0,1656132.5
2025-02-05,AST-002,3.02,Preventive,Planned,North America,Upstream,6923.0,561660.0
2025-02-05,AST-006,2.16,Preventive,Planned,Africa,Integrated Gas,9661.0,746907.0
2025-02-05,AST-008,3.83,Corrective,Planned,North America,Upstream,21783.0,1726121.0
2025-02-05,AST-009,1.33,Preventive,Planned,Europe,Upstream,2755.0,200890.0
2025-02-05,AST-010,2.09,Preventive,Planned,India,Upstream,1969.0,142205.0
2025-02-05,AST-014,14.42,Preventive,Unplanned,North America,Upstream,22632.0,1783397.0
2025-02-05,AST-018,9.99,Turnaround,Planned,India,Integrated Gas,38498.0,2748627.0
2025-02-05,AST-021,1.84,Preventive,Planned,Middle East,Chemicals & Products,8031.0,654896.0
2025-02-05,AST-028,2.39,Preventive,Planned,North America,Integrated Gas,6617.0,490429.0
2025-02-05,AST-030,10.55,Preventive,Unplanned,China,Integrated Gas,61338.0,4682460.0
2025-02-05,AST-032,1.36,Turnaround,Planned,Europe,Upstream,5160.0,431878.0
2025-02-05,AST-038,2.67,Preventive,Planned,North America,Integrated Gas,4189.5,314142.0
2025-02-05,AST-044,0.98,Preventive,Planned,China,Upstream,3183.0,239534.0
2025-02-05,AST-047,12.85,Corrective,Unplanned,China,Upstream,50842.0,4136287.0
2025-02-06,AST-001,2.52,Preventive,Planned,India,Upstream,5821.0,419762.0
2025-02-06,AST-005,6.48,Corrective,Planned,China,Integrated Gas,35543.0,2661665.0
2025-02-06,AST-012,1.35,Inspection,Planned,Africa,Upstream,6534.0,534475.0
2025-02-06,AST-023,0.3,Turnaround,Planned,Europe,Upstream,488.0,38342.0
2025-02-06,AST-026,6.32,Corrective,Planned,Middle East,Upstream,47617.0,3695655.0
2025-02-06,AST-027,4.41,Inspection,Planned,China,Upstream,20234.0,1416981.0
2025-02-06,AST-039,1.53,Preventive,Planned,Europe,Integrated Gas,5976.0,491353.0
2025-02-06,AST-044,5.45,Inspection,Planned,China,Upstream,17238.0,1417025.0
2025-02-06,AST-045,4.23,Turnaround,Unplanned,India,Upstream,23536.0,1465827.0
2025-02-06,AST-047,18.3,Inspection,Unplanned,China,Upstream,96239.0,7550113.0
2025-02-07,AST-001,7.06,Preventive,Unplanned,India,Upstream,16671.0,1333979.0
2025-02-07,AST-006,2.96,Corrective,Planned,Africa,Integrated Gas,13895.0,1126148.0
2025-02-07,AST-008,5.95,Preventive,Planned,North America,Upstream,16623.5,1282602.5
2025-02-07,AST-017,1.18,Preventive,Planned,Middle East,Chemicals & Products,6139.0,406513.0
2025-02-07,AST-022,1.94,Inspection,Planned,China,Upstream,5518.0,380038.0
2025-02-07,AST-024,9.06,Corrective,Planned,Africa,Integrated Gas,4425.33,312242.33
2025-02-07,AST-026,5.86,Preventive,Unplanned,Middle East,Upstream,36017.0,2613682.0
2025-02-07,AST-028,40.8,Corrective,Planned,North America,Integrated Gas,24183.75,1810956.5
2025-02-07,AST-032,5.1,Corrective,Planned,Europe,Upstream,19451.0,1536749.0
2025-02-07,AST-036,56.66,Corrective,Planned,India,Integrated Gas,91841.5,6938796.5
2025-02-07,AST-037,6.06,Corrective,Planned,Africa,Upstream,10777.0,806203.0
2025-02-07,AST-038,8.95,Inspection,Planned,North America,Integrated Gas,11185.5,875318.5
2025-02-07,AST-040,6.02,Preventive,Planned,Middle East,Integrated Gas,12590.0,983950.0
2025-02-07,AST-041,2.68,Preventive,Planned,India,Integrated Gas,16997.0,1370434.0
2025-02-07,AST-050,0.23,Preventive,Planned,North America,Upstream,287.0,22609.0
2025-02-08,AST-011,5.19,Preventive,Planned,Middle East,Upstream,6933.0,465490.0
2025-02-08,AST-012,5.95,Corrective,Planned,Africa,Upstream,28410.0,1922856.0
2025-02-08,AST-013,1.22,Preventive,Planned,North America,Upstream,3884.0,267367.0
2025-02-08,AST-014,1.65,Preventive,Planned,North America,Upstream,3039.0,207476.0
2025-02-08,AST-015,2.68,Corrective,Planned,North America,Integrated Gas,9903.0,759514.0
2025-02-08,AST-018,1.06,Preventive,Planned,India,Integrated Gas,3520.0,275528.0
2025-02-08,AST-020,4.85,Turnaround,Planned,China,Chemicals & Products,14503.0,1045016.0
2025-02-08,AST-024,5.92,Preventive,Planned,Africa,Integrated Gas,8803.0,626235.0
2025-02-08,AST-025,9.03,Preventive,Planned,North America,Upstream,52142.0,3427275.0
2025-02-08,AST-026,1.28,Preventive,Planned,Middle East,Upstream,9184.0,630347.0
2025-02-08,AST-039,16.42,Corrective,Unplanned,Europe,Integrated Gas,70736.0,4952532.0
2025-02-08,AST-046,6.27,Corrective,Planned,Africa,Upstream,11618.5,922337.5
2025-02-08,AST-049,6.64,Corrective,Planned,North America,Upstream,10411.0,753931.0
2025-02-09,AST-002,13.92,Preventive,Unplanned,North America,Upstream,36874.0,3050158.0
2025-02-09,AST-005,4.46,Inspection,Unplanned,China,Integrated Gas,21008.0,1780956.0
2025-02-09,AST-012,0.98,Preventive,Planned,Africa,Upstream,5983.0,456028.0
2025-02-09,AST-013,4.96,Preventive,Planned,North America,Upstream,18103.0,1574269.0
2025-02-09,AST-018,8.14,Corrective,Planned,India,Integrated Gas,16032.5,1164689.0
2025-02-09,AST-022,4.45,Preventive,Planned,China,Upstream,14168.0,1172832.0
2025-02-09,AST-024,15.21,Preventive,Unplanned,Africa,Integrated Gas,22403.0,1818251.0
2025-02-09,AST-025,5.18,Inspection,Unplanned,North America,Upstream,27943.0,1920363.0
2025-02-09,AST-026,6.07,Preventive,Planned,Middle East,Upstream,35056.0,2487076.0
2025-02-09,AST-027,9.1,Preventive,Planned,China,Upstream,43203.0,3595369.0
2025-02-09,AST-039,3.36,Corrective,Planned,Europe,Integrated Gas,14619.0,1155987.0
2025-02-09,AST-047,5.55,Corrective,Planned,China,Upstream,12461.0,949668.5
2025-02-09,AST-048,2.9,Corrective,Planned,Africa,Chemicals & Products,3762.0,312463.0
2025-02-10,AST-001,1.6,Corrective,Planned,India,Upstream,3331.0,231918.0
2025-02-10,AST-002,0.91,Preventive,Planned,North America,Upstream,2264.0,172386.0
2025-02-10,AST-003,11.55,Inspection,Unplanned,Middle East,Upstream,56365.0,4049762.0
2025-02-10,AST-005,2.33,Corrective,Planned,China,Integrated Gas,14343.0,1162124.0
2025-02-10,AST-008,10.31,Corrective,Planned,North America,Upstream,51409.0,3824921.0
2025-02-10,AST-010,5.7,Inspection,Planned,India,Upstream,5075.0,338324.0
2025-02-10,AST-012,2.8,Preventive,Planned,Africa,Upstream,13286.0,959906.0
2025-02-10,AST-013,2.23,Inspection,Planned,North America,Upstream,8551.0,563075.0
2025-02-10,AST-016,1.86,Preventive,Planned,North America,Upstream,3407.0,289093.0
2025-02-10,AST-021,0.56,Preventive,Planned,Middle East,Chemicals & Products,2633.0,224441.0
2025-02-10,AST-022,1.48,Preventive,Planned,China,Upstream,4771.0,356718.0
2025-02-10,AST-024,3.48,Corrective,Planned,Africa,Integrated Gas,6749.0,498424.0
2025-02-10,AST-032,12.98,Inspection,Unplanned,Europe,Upstream,49875.0,3402613.0
2025-02-10,AST-034,4.02,Preventive,Planned,Middle East,Upstream,2754.0,187450.0
2025-02-10,AST-040,1.58,Inspection,Planned,Middle East,Integrated Gas,3132.0,236771.0
2025-02-10,AST-041,8.85,Preventive,Planned,India,Integrated Gas,44890.0,2874701.0
2025-02-10,AST-048,6.02,Preventive,Planned,Africa,Chemicals & Products,9131.0,672839.0
2025-02-10,AST-050,2.89,Preventive,Planned,North America,Upstream,3315.0,282653.0
2025-02-11,AST-004,4.74,Preventive,Planned,China,Upstream,23757.0,1847604.0
2025-02-11,AST-005,5.98,Preventive,Planned,China,Integrated Gas,27625.0,2140454.0
2025-02-11,AST-008,1.82,Preventive,Planned,North America,Upstream,10488.0,786550.0
2025-02-11,AST-014,12.87,Inspection,Planned,North America,Upstream,30007.0,2159426.0
2025-02-11,AST-017,9.52,Preventive,Unplanned,Middle East,Chemicals & Products,45509.0,3642386.0
2025-02-11,AST-018,46.65,Inspection,Unplanned,India,Integrated Gas,70326.0,5587796.5
2025-02-11,AST-019,2.34,Corrective,Unplanned,Africa,Upstream,5591.0,434407.0
2025-02-11,AST-022,4.11,Corrective,Planned,China,Upstream,6089.0,428813.5
2025-02-11,AST-028,6.48,Inspection,Planned,North America,Integrated Gas,7689.5,553700.5
2025-02-11,AST-029,2.22,Turnaround,Planned,Middle East,Integrated Gas,12907.0,975189.0
2025-02-11,AST-038,8.85,Preventive,Planned,North America,Integrated Gas,19510.0,1521534.0
2025-02-11,AST-039,4.38,Preventive,Planned,Europe,Integrated Gas,15817.0,1224731.0
2025-02-11,AST-040,1.2,Corrective,Planned,Middle East,Integrated Gas,2189.0,197314.0
2025-02-11,AST-045,6.68,Inspection,Planned,India,Upstream,35810.0,2642815.0
2025-02-11,AST-050,1.88,Preventive,Planned,North America,Upstream,1959.0,161548.0
2025-02-12,AST-007,1.06,Turnaround,Planned,India,Chemicals & Products,4205.0,324906.0
2025-02-12,AST-015,9.06,Preventive,Unplanned,North America,Integrated Gas,37396.0,2678102.0
2025-02-12,AST-016,6.07,Preventive,Planned,North America,Upstream,10549.0,720021.0
2025-02-12,AST-020,5.79,Turnaround,Unplanned,China,Chemicals & Products,14892.0,1182032.0
2025-02-12,AST-026,6.91,Corrective,Planned,Middle East,Upstream,43963.0,2855673.0
2025-02-12,AST-027,3.85,Corrective,Planned,China,Upstream,16095.0,1076215.0
2025-02-12,AST-033,0.2,Corrective,Planned,India,Integrated Gas,573.0,45838.0
2025-02-12,AST-034,3.87,Preventive,Planned,Middle East,Upstream,6845.0,481570.0
2025-02-12,AST-035,13.28,Inspection,Planned,Africa,Upstream,74999.0,6149722.0
2025-02-12,AST-043,11.59,Inspection,Unplanned,North America,Upstream,51912.0,4325137.0
2025-02-13,AST-001,9.03,Preventive,Planned,India,Upstream,23061.0,1735106.0
2025-02-13,AST-002,1.32,Preventive,Planned,North America,Upstream,3526.0,293187.0
2025-02-13,AST-003,8.66,Preventive,Planned,Middle East,Upstream,40901.0,2875864.0
2025-02-13,AST-004,4.54,Corrective,Unplanned,China,Upstream,19343.0,1665916.0
2025-02-13,AST-005,0.53,Corrective,Planned,China,Integrated Gas,2642.0,223953.0
2025-02-13,AST-007,4.86,Preventive,Unplanned,India,Chemicals & Products,15642.0,1216004.0
2025-02-13,AST-010,1.13,Preventive,Planned,India,Upstream,1355.0,89898.0
2025-02-13,AST-011,5.7,Turnaround,Planned,Middle East,Upstream,8956.0,672930.0
2025-02-13,AST-014,4.46,Preventive,Planned,North America,Upstream,4505.0,338968.0
2025-02-13,AST-017,0.49,Preventive,Planned,Middle East,Chemicals & Products,2057.0,172310.0
2025-02-13,AST-026,47.72,Corrective,Unplanned,Middle East,Upstream,257167.0,18940215.0
2025-02-13,AST-029,1.64,Preventive,Planned,Middle East,Integrated Gas,12242.0,1049917.0
2025-02-13,AST-031,8.51,Turnaround,Planned,China,Integrated Gas,48943.0,3752800.0
2025-02-13,AST-032,11.94,Inspection,Planned,Europe,Upstream,23045.0,1945795.0
2025-02-13,AST-037,2.52,Turnaround,Planned,Africa,Upstream,6419.0,508481.0
2025-02-13,AST-041,16.93,Preventive,Planned,India,Integrated Gas,55049.5,4645634.5
2025-02-14,AST-001,6.28,Inspection,Planned,India,Upstream,17969.0,1249281.0
2025-02-14,AST-005,2.89,Corrective,Planned,China,Integrated Gas,14580.0,976526.0
2025-02-14,AST-009,2.37,Corrective,Planned,Europe,Upstream,4236.0,363525.0
2025-02-14,AST-010,11.86,Corrective,Unplanned,India,Upstream,12615.0,1058853.0
2025-02-14,AST-013,0.67,Corrective,Planned,North America,Upstream,2311.0,179679.0
2025-02-14,AST-026,10.94,Preventive,Unplanned,Middle East,Upstream,64648.0,5038499.0
2025-02-14,AST-027,8.73,Preventive,Unplanned,China,Upstream,38072.0,2814133.0
2025-02-14,AST-028,1.92,Corrective,Planned,North America,Integrated Gas,5436.0,474012.0
2025-02-14,AST-029,8.43,Turnaround,Planned,Middle East,Integrated Gas,57566.0,4144155.0
2025-02-14,AST-034,4.72,Preventive,Planned,Middle East,Upstream,7048.0,558636.0
2025-02-14,AST-037,1.48,Inspection,Planned,Africa,Upstream,3121.0,253983.0
2025-02-14,AST-038,35.65,Preventive,Planned,North America,Integrated Gas,27120.5,1913959.75
2025-02-14,AST-042,7.72,Inspection,Planned,North America,Integrated Gas,40418.0,2987263.0
2025-02-14,AST-047,2.55,Preventive,Planned,China,Upstream,11739.0,828175.0
2025-02-14,AST-049,4.22,Corrective,Planned,North America,Upstream,15238.0,1217659.0
2025-02-15,AST-001,2.19,Preventive,Planned,India,Upstream,6136.0,466889.0
2025-02-15,AST-003,2.65,Turnaround,Planned,Middle East,Upstream,11985.0,809493.0
2025-02-15,AST-004,0.76,Corrective,Planned,China,Upstream,3472.0,250734.0
2025-02-15,AST-005,1.28,Inspection,Planned,China,Integrated Gas,6912.0,488362.0
2025-02-15,AST-006,3.08,Preventive,Planned,Africa,Integrated Gas,17575.0,1382836.0
2025-02-15,AST-010,2.32,Corrective,Planned,India,Upstream,2208.0,184091.0
2025-02-15,AST-020,2.79,Preventive,Planned,China,Chemicals & Products,7389.0,603301.0
2025-02-15,AST-024,9.73,Corrective,Planned,Africa,Integrated Gas,7200.5,546165.0
2025-02-15,AST-031,11.99,Turnaround,Planned,China,Integrated Gas,65374.0,4782805.0
2025-02-15,AST-033,12.61,Preventive,Unplanned,India,Integrated Gas,24324.0,1701229.0
2025-02-15,AST-041,3.65,Corrective,Planned,India,Integrated Gas,18636.0,1328239.0
2025-02-15,AST-046,3.64,Corrective,Planned,Africa,Upstream,13579.0,967924.0
2025-02-15,AST-048,20.2,Preventive,Unplanned,Africa,Chemicals & Products,33106.0,2335554.0
2025-02-16,AST-003,2.06,Preventive,Planned,Middle East,Upstream,8254.0,714632.0
2025-02-16,AST-009,5.58,Inspection,Unplanned,Europe,Upstream,11764.0,852323.0
2025-02-16,AST-010,30.54,Inspection,Planned,India,Upstream,14190.5,1014917.5
2025-02-16,AST-011,6.4,Preventive,Planned,Middle East,Upstream,6784.0,508512.0
2025-02-16,AST-019,16.24,Inspection,Planned,Africa,Upstream,23605.0,1866709.5
2025-02-16,AST-021,20.46,Corrective,Unplanned,Middle East,Chemicals & Products,106184.0,7320932.0
2025-02-16,AST-025,3.62,Preventive,Planned,North America,Upstream,22049.0,1596309.0
2025-02-16,AST-028,4.4,Preventive,Planned,North America,Integrated Gas,9996.0,621855.0
2025-02-16,AST-031,11.04,Inspection,Planned,China,Integrated Gas,32799.5,2811627.5
2025-02-16,AST-032,4.64,Turnaround,Planned,Europe,Upstream,16534.0,1209952.0
2025-02-16,AST-033,10.62,Corrective,Unplanned,India,Integrated Gas,27803.0,1930363.0
2025-02-16,AST-040,1.45,Corrective,Planned,Middle East,Integrated Gas,2902.0,260576.0
2025-02-16,AST-042,5.23,Preventive,Planned,North America,Integrated Gas,26708.0,2255825.0
2025-02-16,AST-043,2.61,Preventive,Planned,North America,Upstream,13590.0,1178770.0
2025-02-16,AST-044,2.11,Corrective,Planned,China,Upstream,7523.0,583625.0
2025-02-16,AST-046,2.53,Inspection,Planned,Africa,Upstream,11169.0,825026.0
2025-02-16,AST-047,10.23,Preventive,Unplanned,China,Upstream,51625.0,4415726.0
2025-02-16,AST-049,5.06,Preventive,Unplanned,North America,Upstream,15950.0,1179883.0
2025-02-17,AST-001,7.59,Corrective,Planned,India,Upstream,21968.0,1631846.0
2025-02-17,AST-002,1.61,Corrective,Planned,North America,Upstream,5011.0,381298.0
2025-02-17,AST-007,2.7,Preventive,Planned,India,Chemicals & Products,7798.0,527874.0
2025-02-17,AST-008,2.75,Preventive,Planned,North America,Upstream,16787.0,1477858.0
2025-02-17,AST-012,3.76,Corrective,Planned,Africa,Upstream,21203.0,1350110.0
2025-02-17,AST-019,0.53,Preventive,Planned,Africa,Upstream,1395.0,96452.0
2025-02-17,AST-023,5.78,Corrective,Unplanned,Europe,Upstream,8037.0,533240.0
2025-02-17,AST-026,0.53,Corrective,Planned,Middle East,Upstream,3168.0,240199.0
2025-02-17,AST-032,3.75,Preventive,Planned,Europe,Upstream,14880.0,919251.0
2025-02-17,AST-036,27.14,Inspection,Unplanned,India,Integrated Gas,96776.0,7522070.0
2025-02-17,AST-042,1.53,Preventive,Planned,North America,Integrated Gas,7798.0,669825.0
2025-02-17,AST-043,4.39,Preventive,Planned,North America,Upstream,24589.0,1620722.0
2025-02-17,AST-044,1.44,Preventive,Planned,China,Upstream,4344.0,349004.0
2025-02-18,AST-003,2.01,Inspection,Planned,Middle East,Upstream,10662.0,853436.0
2025-02-18,AST-005,0.63,Preventive,Planned,China,Integrated Gas,3690.0,291177.0
2025-02-18,AST-008,13.08,Preventive,Unplanned,North America,Upstream,69001.0,4814614.0
2025-02-18,AST-009,4.95,Inspection,Planned,Europe,Upstream,8862.0,777868.0
2025-02-18,AST-014,13.69,Preventive,Unplanned,North America,Upstream,21999.0,1601047.0
2025-02-18,AST-015,3.18,Preventive,Planned,North America,Integrated Gas,13241.0,962987.0
2025-02-18,AST-022,6.56,Corrective,Unplanned,China,Upstream,19000.0,1532690.0
2025-02-18,AST-024,9.93,Inspection,Planned,Africa,Integrated Gas,17903.0,1422555.0
2025-02-18,AST-026,0.48,Preventive,Planned,Middle East,Upstream,3139.0,226782.0
2025-02-18,AST-027,9.07,Preventive,Planned,China,Upstream,42162.0,3173950.0
2025-02-18,AST-029,22.42,Corrective,Planned,Middle East,Integrated Gas,79653.5,5657515.0
2025-02-18,AST-030,3.28,Corrective,Planned,China,Integrated Gas,17069.0,1251357.0
2025-02-18,AST-033,2.62,Preventive,Unplanned,India,Integrated Gas,6298.0,452150.0
2025-02-18,AST-035,4.18,Preventive,Planned,Africa,Upstream,24438.0,1575190.0
2025-02-18,AST-045,1.66,Corrective,Planned,India,Upstream,7172.0,514960.0
2025-02-18,AST-046,2.79,Preventive,Planned,Africa,Upstream,12582.0,1077440.0
2025-02-18,AST-049,3.29,Preventive,Planned,North America,Upstream,10832.0,814874.0
2025-02-19,AST-006,1.13,Preventive,Planned,Africa,Integrated Gas,4693.0,398988.0
2025-02-19,AST-008,7.16,Preventive,Planned,North America,Upstream,35566.0,2920471.0
2025-02-19,AST-010,2.11,Preventive,Planned,India,Upstream,2225.0,160051.0
2025-02-19,AST-013,32.71,Corrective,Unplanned,North America,Upstream,139491.0,10448557.0
2025-02-19,AST-014,27.31,Corrective,Unplanned,North America,Upstream,54622.0,3699986.0
2025-02-19,AST-020,2.3,Inspection,Planned,China,Chemicals & Products,6006.0,393629.0
2025-02-19,AST-032,0.42,Inspection,Planned,Europe,Upstream,1469.0,110649.0
2025-02-19,AST-035,1.29,Preventive,Planned,Africa,Upstream,8091.0,717358.0
2025-02-19,AST-036,3.04,Inspection,Planned,India,Integrated Gas,10755.0,743247.0
2025-02-19,AST-039,10.25,Preventive,Planned,Europe,Integrated Gas,43486.0,3291768.0
2025-02-19,AST-042,3.25,Preventive,Planned,North America,Integrated Gas,17000.0,1431607.0
2025-02-19,AST-043,0.98,Preventive,Planned,North America,Upstream,5510.0,466429.0
2025-02-19,AST-045,5.62,Preventive,Planned,India,Upstream,26447.0,2074909.0
2025-02-20,AST-008,2.11,Corrective,Planned,North America,Upstream,13006.0,1007369.0
2025-02-20,AST-010,11.69,Corrective,Unplanned,India,Upstream,11576.0,948161.0
2025-02-20,AST-017,5.21,Preventive,Planned,Middle East,Chemicals & Products,24950.0,1969215.0
2025-02-20,AST-018,1.98,Preventive,Unplanned,India,Integrated Gas,6658.0,491160.0
2025-02-20,AST-022,1.59,Inspection,Planned,China,Upstream,4845.0,340642.0
2025-02-20,AST-025,2.06,Preventive,Planned,North America,Upstream,13346.0,1041737.0
2025-02-20,AST-026,2.33,Preventive,Planned,Middle East,Upstream,14173.0,1037509.0
2025-02-20,AST-027,3.06,Preventive,Planned,China,Upstream,16540.0,1445411.0
2025-02-20,AST-030,9.25,Preventive,Planned,China,Integrated Gas,55423.0,4503527.0
2025-02-20,AST-032,3.65,Preventive,Planned,Europe,Upstream,13478.0,1055072.0
2025-02-20,AST-035,7.55,Preventive,Planned,Africa,Upstream,23879.5,1764433.0
2025-02-20,AST-036,7.73,Preventive,Planned,India,Integrated Gas,14039.5,1110690.5
2025-02-20,AST-037,6.85,Corrective,Planned,Africa,Upstream,14858.0,1267448.0
2025-02-20,AST-040,10.32,Inspection,Planned,Middle East,Integrated Gas,19534.0,1515245.0
2025-02-20,AST-050,1.65,Inspection,Planned,North America,Upstream,2090.0,161122.0
2025-02-21,AST-006,28.45,Corrective,Unplanned,Africa,Integrated Gas,156224.0,12118770.0
2025-02-21,AST-007,3.89,Preventive,Planned,India,Chemicals & Products,14824.0,1136951.0
2025-02-21,AST-018,18.19,Corrective,Unplanned,India,Integrated Gas,70876.0,6047681.0
2025-02-21,AST-024,7.33,Corrective,Planned,Africa,Integrated Gas,11911.0,917646.0
2025-02-21,AST-029,2.24,Preventive,Planned,Middle East,Integrated Gas,17184.0,1131538.0
2025-02-21,AST-032,15.41,Preventive,Planned,Europe,Upstream,23944.5,1713949.5
2025-02-21,AST-033,7.83,Preventive,Planned,India,Integrated Gas,17937.0,1154986.0
2025-02-21,AST-034,4.52,Corrective,Planned,Middle East,Upstream,6528.0,470504.0
2025-02-21,AST-038,0.68,Inspection,Planned,North America,Integrated Gas,1796.0,146844.0
2025-02-21,AST-042,1.53,Corrective,Planned,North America,Integrated Gas,8290.0,680768.0
2025-02-21,AST-043,6.01,Preventive,Planned,North America,Upstream,26126.0,2013945.0
2025-02-21,AST-045,0.67,Preventive,Planned,India,Upstream,2657.0,195182.0
2025-02-21,AST-046,7.23,Corrective,Planned,Africa,Upstream,30538.0,2390870.0
2025-02-21,AST-047,0.16,Preventive,Planned,China,Upstream,740.0,51292.0
2025-02-22,AST-002,8.3,Preventive,Planned,North America,Upstream,19161.0,1639497.0
2025-02-22,AST-003,30.2,Preventive,Unplanned,Middle East,Upstream,140607.0,10462464.0
2025-02-22,AST-004,2.43,Preventive,Planned,China,Upstream,9645.0,684082.0
2025-02-22,AST-005,5.5,Preventive,Planned,China,Integrated Gas,30119.0,2354324.0
2025-02-22,AST-015,1.08,Preventive,Planned,North America,Integrated Gas,3794.0,311975.0
2025-02-22,AST-018,15.76,Corrective,Planned,India,Integrated Gas,31999.5,2107126.0
2025-02-22,AST-019,2.35,Turnaround,Planned,Africa,Upstream,7204.0,557544.0
2025-02-22,AST-021,5.37,Corrective,Planned,Middle East,Chemicals & Products,26911.0,2233007.0
2025-02-22,AST-023,5.28,Preventive,Planned,Europe,Upstream,7437.0,614512.0
2025-02-22,AST-025,0.1,Preventive,Planned,North America,Upstream,601.0,50987.0
2025-02-22,AST-030,5.93,Preventive,Planned,China,Integrated Gas,29971.0,2276764.0
2025-02-22,AST-036,3.78,Inspection,Planned,India,Integrated Gas,13010.0,1118091.0
2025-02-22,AST-043,8.24,Corrective,Planned,North America,Upstream,18956.5,1368516.5
2025-02-22,AST-045,2.08,Preventive,Planned,India,Upstream,10998.0,908907.0
2025-02-22,AST-047,4.87,Preventive,Planned,China,Upstream,20461.0,1381010.0
2025-02-22,AST-048,9.98,Corrective,Unplanned,Africa,Chemicals & Products,11832.0,942629.0
2025-02-22,AST-049,5.67,Preventive,Planned,North America,Upstream,15741.0,1112942.0
2025-02-23,AST-004,1.79,Preventive,Planned,China,Upstream,8911.0,740387.0
2025-02-23,AST-010,1.56,Turnaround,Planned,India,Upstream,1691.0,141371.0
2025-02-23,AST-014,25.59,Corrective,Unplanned,North America,Upstream,52592.0,3604072.0
2025-02-23,AST-017,5.73,Turnaround,Planned,Middle East,Chemicals & Products,38186.0,2962918.0
2025-02-23,AST-019,2.81,Turnaround,Planned,Africa,Upstream,8507.0,614580.0
2025-02-23,AST-021,14.96,Inspection,Planned,Middle East,Chemicals & Products,38184.5,3023001.5
2025-02-23,AST-022,1.19,Preventive,Planned,China,Upstream,3588.0,239608.0
2025-02-23,AST-024,3.07,Preventive,Planned,Africa,Integrated Gas,4332.0,346049.0
2025-02-23,AST-027,6.2,Inspection,Planned,China,Upstream,28184.0,2501696.0
2025-02-23,AST-028,2.97,Preventive,Planned,North America,Integrated Gas,7844.0,588262.0
2025-02-23,AST-029,3.97,Preventive,Planned,Middle East,Integrated Gas,13316.0,1061476.5
2025-02-23,AST-035,1.72,Corrective,Planned,Africa,Upstream,11270.0,756156.0
2025-02-23,AST-041,5.2,Corrective,Planned,India,Integrated Gas,16508.5,1301231.0
2025-02-23,AST-043,32.12,Preventive,Unplanned,North America,Upstream,149254.0,11803823.0
2025-02-23,AST-046,2.41,Corrective,Planned,Africa,Upstream,11972.0,893438.0
2025-02-24,AST-004,1.33,Preventive,Planned,China,Upstream,5638.0,478588.0
2025-02-24,AST-006,0.5,Inspection,Planned,Africa,Integrated Gas,2385.0,171604.0
2025-02-24,AST-010,2.53,Inspection,Planned,India,Upstream,2552.0,179483.0
2025-02-24,AST-011,21.76,Corrective,Unplanned,Middle East,Upstream,14346.5,1063083.0
2025-02-24,AST-026,0.73,Preventive,Planned,Middle East,Upstream,4949.0,360605.0
2025-02-24,AST-033,2.31,Inspection,Planned,India,Integrated Gas,5473.0,405826.0
2025-02-24,AST-036,2.11,Preventive,Unplanned,India,Integrated Gas,6047.0,536941.0
2025-02-24,AST-037,8.32,Preventive,Planned,Africa,Upstream,16126.0,1109916.0
2025-02-24,AST-040,0.12,Inspection,Planned,Middle East,Integrated Gas,249.0,21695.0
2025-02-24,AST-043,4.24,Preventive,Planned,North America,Upstream,21945.0,1505378.0
2025-02-24,AST-047,11.87,Corrective,Planned,China,Upstream,32471.0,2691581.5
2025-02-24,AST-049,2.42,Preventive,Planned,North America,Upstream,8674.0,581376.0
2025-02-24,AST-050,0.34,Preventive,Planned,North America,Upstream,463.0,33186.0
2025-02-25,AST-002,1.57,Corrective,Planned,North America,Upstream,4730.0,354662.0
2025-02-25,AST-004,40.69,Corrective,Unplanned,China,Upstream,160508.0,12547085.0
2025-02-25,AST-016,4.21,Corrective,Planned,North America,Upstream,7886.0,668829.0
2025-02-25,AST-021,12.23,Inspection,Unplanned,Middle East,Chemicals & Products,50611.0,4142999.0
2025-02-25,AST-034,1.6,Preventive,Planned,Middle East,Upstream,2397.0,194575.0
2025-02-25,AST-035,4.47,Corrective,Unplanned,Africa,Upstream,27452.0,2101194.0
2025-02-25,AST-036,14.03,Preventive,Planned,India,Integrated Gas,26855.0,2092843.5
2025-02-25,AST-037,39.08,Preventive,Planned,Africa,Upstream,40526.5,3004136.0
2025-02-25,AST-038,10.26,Preventive,Unplanned,North America,Integrated Gas,28917.0,2382326.0
2025-02-25,AST-041,8.21,Preventive,Planned,India,Integrated Gas,22160.0,1691036.5
2025-02-25,AST-043,3.97,Corrective,Planned,North America,Upstream,22138.0,1836232.0
2025-02-25,AST-044,9.0,Preventive,Unplanned,China,Upstream,28628.0,2166999.0
2025-02-25,AST-046,0.35,Turnaround,Planned,Africa,Upstream,1490.0,118313.0
2025-02-26,AST-001,8.74,Corrective,Unplanned,India,Upstream,19100.0,1516443.0
2025-02-26,AST-011,5.54,Corrective,Unplanned,Middle East,Upstream,8233.0,750973.0
2025-02-26,AST-016,18.66,Preventive,Planned,North America,Upstream,15269.5,1344847.5
2025-02-26,AST-017,15.77,Preventive,Unplanned,Middle East,Chemicals & Products,76643.0,5748313.0
2025-02-26,AST-020,1.98,Corrective,Planned,China,Chemicals & Products,4681.0,366719.0
2025-02-26,AST-021,3.09,Corrective,Planned,Middle East,Chemicals & Products,14804.0,1195440.0
2025-02-26,AST-023,4.8,Preventive,Planned,Europe,Upstream,7013.0,433641.0
2025-02-26,AST-024,1.48,Corrective,Planned,Africa,Integrated Gas,2327.0,169399.0
2025-02-26,AST-029,2.53,Preventive,Planned,Middle East,Integrated Gas,18791.0,1343503.0
2025-02-26,AST-030,4.34,Preventive,Planned,China,Integrated Gas,21735.0,1784303.0
2025-02-26,AST-035,4.26,Corrective,Planned,Africa,Upstream,31400.0,2379584.0
2025-02-26,AST-036,6.11,Inspection,Planned,India,Integrated Gas,22713.0,1729679.0
2025-02-26,AST-037,1.75,Preventive,Planned,Africa,Upstream,3258.0,266604.0
2025-02-26,AST-039,4.91,Preventive,Planned,Europe,Integrated Gas,20688.0,1644745.0
2025-02-26,AST-041,2.03,Preventive,Planned,India,Integrated Gas,13283.0,1128706.0
2025-02-26,AST-042,3.44,Preventive,Planned,North America,Integrated Gas,19096.0,1632163.0
2025-02-26,AST-043,10.89,Turnaround,Planned,North America,Upstream,60698.0,4396247.0
2025-02-26,AST-045,1.37,Preventive,Planned,India,Upstream,6751.0,465181.0
2025-02-26,AST-047,3.95,Corrective,Planned,China,Upstream,16573.0,1068025.0
2025-02-26,AST-048,8.26,Preventive,Unplanned,Africa,Chemicals & Products,12488.0,874970.0
2025-02-26,AST-049,3.28,Corrective,Planned,North America,Upstream,5303.0,430997.5
2025-02-27,AST-004,1.89,Corrective,Planned,China,Upstream,6935.0,464624.0
2025-02-27,AST-012,0.4,Preventive,Planned,Africa,Upstream,2503.0,180215.0
2025-02-27,AST-014,3.86,Turnaround,Planned,North America,Upstream,8005.0,623207.0
2025-02-27,AST-017,0.11,Corrective,Planned,Middle East,Chemicals & Products,575.0,49311.0
2025-02-27,AST-021,1.96,Preventive,Planned,Middle East,Chemicals & Products,7091.0,498855.0
2025-02-27,AST-025,1.33,Corrective,Planned,North America,Upstream,9547.0,795235.0
2025-02-27,AST-026,14.84,Preventive,Unplanned,Middle East,Upstream,99516.0,8063477.0
2025-02-27,AST-040,3.46,Corrective,Planned,Middle East,Integrated Gas,6246.0,479717.0
2025-02-27,AST-044,4.46,Preventive,Planned,China,Upstream,18389.0,1262908.0
2025-02-28,AST-007,9.4,Corrective,Unplanned,India,Chemicals & Products,29940.0,2258877.0
2025-02-28,AST-021,2.13,Inspection,Planned,Middle East,Chemicals & Products,4514.0,340029.0
2025-02-28,AST-024,6.3,Corrective,Unplanned,Africa,Integrated Gas,9524.0,694295.0
2025-02-28,AST-027,7.35,Inspection,Planned,China,Upstream,44215.0,3634229.0
2025-02-28,AST-032,8.53,Corrective,Planned,Europe,Upstream,31541.0,2631081.0
2025-02-28,AST-033,0.86,Corrective,Planned,India,Integrated Gas,2534.0,168666.0
2025-02-28,AST-034,6.34,Corrective,Planned,Middle East,Upstream,4775.5,387649.0
2025-02-28,AST-049,2.67,Inspection,Planned,North America,Upstream,8047.0,714846.0
2025-02-28,AST-050,0.5,Inspection,Planned,North America,Upstream,658.0,56312.0
2025-03-01,AST-002,4.4,Preventive,Unplanned,North America,Upstream,12731.0,1085078.0
2025-03-01,AST-004,5.75,Preventive,Planned,China,Upstream,20130.0,1348744.0
2025-03-01,AST-006,3.98,Turnaround,Planned,Africa,Integrated Gas,18262.0,1323735.0
2025-03-01,AST-008,8.56,Preventive,Planned,North America,Upstream,53378.0,4148558.0
2025-03-01,AST-009,6.28,Preventive,Planned,Europe,Upstream,10843.0,731531.0
2025-03-01,AST-010,3.63,Preventive,Planned,India,Upstream,4324.0,294557.0
2025-03-01,AST-012,8.04,Preventive,Planned,Africa,Upstream,43586.0,3805189.0
2025-03-01,AST-017,12.64,Preventive,Planned,Middle East,Chemicals & Products,30380.5,2605781.0
2025-03-01,AST-023,27.48,Corrective,Planned,Europe,Upstream,14494.0,954441.67
2025-03-01,AST-043,19.51,Turnaround,Unplanned,North America,Upstream,95467.0,8190549.0
2025-03-01,AST-046,4.16,Inspection,Unplanned,Africa,Upstream,14830.0,1221488.0
2025-03-01,AST-048,21.17,Inspection,Unplanned,Africa,Chemicals & Products,31427.0,2750923.0
2025-03-02,AST-002,6.26,Preventive,Planned,North America,Upstream,16863.0,1293933.0
2025-03-02,AST-004,1.27,Corrective,Planned,China,Upstream,5823.0,399758.0
2025-03-02,AST-006,1.57,Preventive,Planned,Africa,Integrated Gas,7526.0,542584.0
2025-03-02,AST-008,9.68,Preventive,Planned,North America,Upstream,62928.0,5266948.0
2025-03-02,AST-015,12.31,Preventive,Planned,North America,Integrated Gas,25156.5,2147125.5
2025-03-02,AST-016,7.76,Inspection,Planned,North America,Upstream,4620.0,381586.0
2025-03-02,AST-019,0.86,Corrective,Planned,Africa,Upstream,2377.0,178645.0
2025-03-02,AST-022,5.27,Inspection,Unplanned,China,Upstream,15997.0,1275005.0
2025-03-02,AST-031,6.27,Preventive,Unplanned,China,Integrated Gas,38103.0,2561590.0
2025-03-02,AST-034,0.96,Inspection,Planned,Middle East,Upstream,1492.0,115205.0
2025-03-02,AST-036,5.67,Corrective,Planned,India,Integrated Gas,20987.0,1755841.0
2025-03-02,AST-037,30.73,Preventive,Unplanned,Africa,Upstream,55693.0,4702968.0
2025-03-02,AST-042,1.94,Turnaround,Planned,North America,Integrated Gas,11131.0,890804.0
2025-03-02,AST-043,6.18,Inspection,Unplanned,North America,Upstream,33377.0,2839677.0
2025-03-02,AST-046,8.17,Preventive,Planned,Africa,Upstream,34849.0,2614982.0
2025-03-02,AST-047,8.37,Preventive,Planned,China,Upstream,34113.0,2529101.0
2025-03-02,AST-048,6.91,Corrective,Planned,Africa,Chemicals & Products,5174.5,398019.0
2025-03-03,AST-003,5.85,Preventive,Planned,Middle East,Upstream,31970.0,2377102.0
2025-03-03,AST-012,11.71,Turnaround,Planned,Africa,Upstream,62957.0,4765291.0
2025-03-03,AST-013,9.86,Corrective,Planned,North America,Upstream,17345.5,1239865.0
2025-03-03,AST-015,12.72,Inspection,Planned,North America,Integrated Gas,41708.0,3583685.0
2025-03-03,AST-026,8.53,Turnaround,Planned,Middle East,Upstream,61083.0,4878081.0
2025-03-03,AST-038,4.03,Corrective,Planned,North America,Integrated Gas,11760.0,855668.0
2025-03-03,AST-039,1.56,Corrective,Planned,Europe,Integrated Gas,6262.0,516088.0
2025-03-03,AST-040,2.58,Inspection,Planned,Middle East,Integrated Gas,4414.0,325627.0
2025-03-03,AST-042,1.76,Preventive,Planned,North America,Integrated Gas,10329.0,728613.0
2025-03-03,AST-044,3.02,Preventive,Planned,China,Upstream,8357.0,647788.0
2025-03-03,AST-049,1.17,Corrective,Planned,North America,Upstream,4013.0,302579.0
2025-03-04,AST-005,2.75,Preventive,Planned,China,Integrated Gas,16045.0,1381639.0
2025-03-04,AST-007,4.19,Preventive,Planned,India,Chemicals & Products,11794.0,818920.0
2025-03-04,AST-009,17.62,Corrective,Planned,Europe,Upstream,13154.33,927622.33
2025-03-04,AST-010,4.62,Preventive,Planned,India,Upstream,2324.0,162317.5
2025-03-04,AST-012,14.17,Corrective,Planned,Africa,Upstream,22657.67,1821239.33
2025-03-04,AST-013,22.55,Preventive,Unplanned,North America,Upstream,80612.0,6959425.0
2025-03-04,AST-014,14.54,Corrective,Unplanned,North America,Upstream,31169.0,2063419.0
2025-03-04,AST-022,11.51,Preventive,Unplanned,China,Upstream,29900.0,2081521.0
2025-03-04,AST-023,5.15,Preventive,Planned,Europe,Upstream,8327.0,665332.0
2025-03-04,AST-026,5.68,Preventive,Planned,Middle East,Upstream,41354.0,3528729.0
2025-03-04,AST-039,12.83,Corrective,Planned,Europe,Integrated Gas,32958.5,2630825.0
2025-03-04,AST-041,12.78,Inspection,Planned,India,Integrated Gas,39165.5,3030846.5
2025-03-04,AST-045,3.58,Preventive,Planned,India,Upstream,13980.0,1058019.0
2025-03-04,AST-048,1.1,Preventive,Unplanned,Africa,Chemicals & Products,1986.0,131783.0
2025-03-05,AST-004,3.45,Corrective,Planned,China,Upstream,8401.0,621573.0
2025-03-05,AST-007,17.12,Corrective,Planned,India,Chemicals & Products,29190.0,2044350.5
2025-03-05,AST-011,9.16,Inspection,Planned,Middle East,Upstream,14541.0,1288859.0
2025-03-05,AST-015,6.57,Preventive,Planned,North America,Integrated Gas,29188.0,2227615.0
2025-03-05,AST-017,14.91,Inspection,Planned,Middle East,Chemicals & Products,88550.0,6097928.0
2025-03-05,AST-018,12.3,Preventive,Unplanned,India,Integrated Gas,40174.0,3421356.0
2025-03-05,AST-022,3.14,Inspection,Planned,China,Upstream,11002.0,829790.0
2025-03-05,AST-025,1.93,Preventive,Planned,North America,Upstream,13693.0,1175102.0
2025-03-05,AST-030,15.63,Inspection,Unplanned,China,Integrated Gas,102591.0,7288004.0
2025-03-05,AST-031,1.91,Preventive,Planned,China,Integrated Gas,9660.0,736852.0
2025-03-05,AST-032,4.73,Preventive,Unplanned,Europe,Upstream,20229.0,1472481.0
2025-03-05,AST-039,11.13,Inspection,Unplanned,Europe,Integrated Gas,51408.0,3789962.0
2025-03-05,AST-040,9.13,Preventive,Planned,Middle East,Integrated Gas,18328.0,1583534.0
2025-03-05,AST-041,3.14,Inspection,Planned,India,Integrated Gas,17281.0,1412515.0
2025-03-05,AST-047,12.25,Corrective,Planned,China,Upstream,17350.33,1452576.33
2025-03-05,AST-050,2.07,Preventive,Planned,North America,Upstream,2829.0,240771.0
2025-03-06,AST-002,1.37,Preventive,Planned,North America,Upstream,3593.0,245938.0
2025-03-06,AST-006,26.06,Preventive,Planned,Africa,Integrated Gas,61550.0,5065404.5
2025-03-06,AST-007,11.49,Corrective,Planned,India,Chemicals & Products,21384.0,1653648.0
2025-03-06,AST-008,1.07,Preventive,Planned,North America,Upstream,5675.0,455129.0
2025-03-06,AST-012,1.26,Inspection,Planned,Africa,Upstream,5718.0,396732.0
2025-03-06,AST-017,2.54,Preventive,Planned,Middle East,Chemicals & Products,11984.0,981269.0
2025-03-06,AST-022,18.58,Inspection,Unplanned,China,Upstream,61164.0,5031538.0
2025-03-06,AST-023,0.44,Corrective,Planned,Europe,Upstream,638.0,53855.0
2025-03-06,AST-024,4.5,Inspection,Planned,Africa,Integrated Gas,6978.0,532397.0
2025-03-06,AST-028,3.59,Inspection,Planned,North America,Integrated Gas,9477.0,747112.0
2025-03-06,AST-029,11.26,Preventive,Planned,Middle East,Integrated Gas,25378.67,2218953.33
2025-03-06,AST-032,5.18,Preventive,Planned,Europe,Upstream,16938.0,1233503.0
2025-03-06,AST-036,9.45,Corrective,Planned,India,Integrated Gas,28768.0,2383659.0
2025-03-06,AST-037,2.25,Corrective,Planned,Africa,Upstream,4339.0,332425.0
2025-03-06,AST-038,4.16,Preventive,Planned,North America,Integrated Gas,11863.0,984066.0
2025-03-06,AST-040,2.82,Inspection,Planned,Middle East,Integrated Gas,7140.0,521496.0
2025-03-06,AST-042,2.49,Inspection,Planned,North America,Integrated Gas,13587.0,1019047.0
2025-03-06,AST-045,17.18,Inspection,Unplanned,India,Upstream,86006.0,7340454.0
2025-03-07,AST-007,7.83,Inspection,Planned,India,Chemicals & Products,26909.0,2426746.0
2025-03-07,AST-008,8.89,Preventive,Planned,North America,Upstream,49662.0,3707130.0
2025-03-07,AST-010,13.47,Preventive,Unplanned,India,Upstream,15058.0,1285185.0
2025-03-07,AST-012,2.77,Corrective,Planned,Africa,Upstream,12685.0,977610.0
2025-03-07,AST-017,1.38,Preventive,Planned,Middle East,Chemicals & Products,6396.0,551869.0
2025-03-07,AST-018,2.03,Inspection,Planned,India,Integrated Gas,7997.0,557972.0
2025-03-07,AST-019,3.3,Corrective,Planned,Africa,Upstream,8030.0,541333.0
2025-03-07,AST-020,1.85,Preventive,Planned,China,Chemicals & Products,5544.0,439864.0
2025-03-07,AST-021,28.53,Preventive,Unplanned,Middle East,Chemicals & Products,122286.0,9488469.0
2025-03-07,AST-023,1.5,Corrective,Planned,Europe,Upstream,1974.0,167922.0
2025-03-07,AST-024,1.15,Corrective,Planned,Africa,Integrated Gas,1890.0,135227.0
2025-03-07,AST-027,15.09,Turnaround,Unplanned,China,Upstream,77922.0,6164757.0
2025-03-07,AST-028,0.27,Preventive,Planned,North America,Integrated Gas,666.0,52302.0
2025-03-07,AST-032,2.28,Preventive,Planned,Europe,Upstream,7656.0,513906.0
2025-03-07,AST-041,5.59,Turnaround,Planned,India,Integrated Gas,33548.0,2399472.0
2025-03-07,AST-047,6.4,Inspection,Unplanned,China,Upstream,31507.0,2145894.0
2025-03-08,AST-003,2.1,Preventive,Planned,Middle East,Upstream,11026.0,966555.0
2025-03-08,AST-004,1.74,Preventive,Planned,China,Upstream,6908.0,515365.0
2025-03-08,AST-007,0.98,Turnaround,Planned,India,Chemicals & Products,2619.0,186180.0
2025-03-08,AST-008,7.25,Corrective,Unplanned,North America,Upstream,48184.0,4295685.0
2025-03-08,AST-014,13.23,Preventive,Planned,North America,Upstream,11562.0,965437.0
2025-03-08,AST-016,9.32,Corrective,Planned,North America,Upstream,13923.0,1152103.0
2025-03-08,AST-018,2.6,Corrective,Planned,India,Integrated Gas,8379.0,573008.0
2025-03-08,AST-021,3.6,Inspection,Planned,Middle East,Chemicals & Products,8403.0,604645.0
2025-03-08,AST-022,1.72,Preventive,Planned,China,Upstream,5531.0,459716.0
2025-03-08,AST-026,1.64,Preventive,Planned,Middle East,Upstream,9188.0,675836.0
2025-03-08,AST-028,0.29,Inspection,Planned,North America,Integrated Gas,722.0,61566.0
2025-03-08,AST-029,21.55,Corrective,Planned,Middle East,Integrated Gas,75468.5,6071081.0
2025-03-08,AST-033,0.83,Inspection,Planned,India,Integrated Gas,1718.0,135090.0
2025-03-08,AST-045,12.16,Inspection,Planned,India,Upstream,28416.0,2290461.5
2025-03-08,AST-046,19.95,Corrective,Unplanned,Africa,Upstream,87811.0,6291769.0
2025-03-08,AST-047,7.37,Inspection,Planned,China,Upstream,28993.0,2496104.0
2025-03-09,AST-004,5.88,Corrective,Planned,China,Upstream,24893.0,1822303.0
2025-03-09,AST-005,1.73,Turnaround,Planned,China,Integrated Gas,8466.0,645773.0
2025-03-09,AST-008,5.79,Corrective,Planned,North America,Upstream,32053.0,2177455.0
2025-03-09,AST-011,28.81,Preventive,Unplanned,Middle East,Upstream,36628.0,3161020.0
2025-03-09,AST-017,8.7,Corrective,Planned,Middle East,Chemicals & Products,42829.0,3417926.0
2025-03-09,AST-018,5.53,Preventive,Planned,India,Integrated Gas,21010.0,1849285.0
2025-03-09,AST-019,2.03,Preventive,Planned,Africa,Upstream,6043.0,416572.0
2025-03-09,AST-020,2.76,Corrective,Planned,China,Chemicals & Products,6925.0,514706.0
2025-03-09,AST-024,7.42,Preventive,Unplanned,Africa,Integrated Gas,13342.0,1085886.0
2025-03-09,AST-026,23.87,Corrective,Unplanned,Middle East,Upstream,141602.0,10732470.0
2025-03-09,AST-028,3.8,Preventive,Planned,North America,Integrated Gas,8575.0,659364.0
2025-03-09,AST-031,1.8,Inspection,Planned,China,Integrated Gas,11067.0,824892.0
2025-03-09,AST-035,8.44,Inspection,Planned,Africa,Upstream,59054.0,3790039.0
2025-03-09,AST-037,2.84,Turnaround,Planned,Africa,Upstream,6081.0,468288.0
2025-03-09,AST-049,0.9,Preventive,Planned,North America,Upstream,2838.0,221402.0
2025-03-09,AST-050,10.23,Preventive,Planned,North America,Upstream,12167.0,896235.0
2025-03-10,AST-004,4.48,Preventive,Planned,China,Upstream,18789.0,1237479.0
2025-03-10,AST-006,2.73,Preventive,Planned,Africa,Integrated Gas,15492.0,1188335.0
2025-03-10,AST-014,6.2,Preventive,Planned,North America,Upstream,11024.0,717915.0
2025-03-10,AST-016,39.87,Corrective,Planned,North America,Upstream,34791.5,2485149.5
2025-03-10,AST-019,0.24,Preventive,Planned,Africa,Upstream,781.0,65653.0
2025-03-10,AST-021,1.1,Corrective,Planned,Middle East,Chemicals & Products,5506.0,437584.0
2025-03-10,AST-023,0.18,Preventive,Planned,Europe,Upstream,261.0,22922.0
2025-03-10,AST-025,0.48,Turnaround,Planned,North America,Upstream,3369.0,231041.0
2025-03-10,AST-026,6.12,Inspection,Planned,Middle East,Upstream,50044.0,3548533.0
2025-03-10,AST-027,3.08,Turnaround,Planned,China,Upstream,16400.0,1266999.0
2025-03-10,AST-031,3.62,Inspection,Planned,China,Integrated Gas,16084.0,1243111.0
2025-03-10,AST-033,1.35,Inspection,Planned,India,Integrated Gas,2974.0,261774.0
2025-03-10,AST-039,15.88,Corrective,Unplanned,Europe,Integrated Gas,35188.5,2989879.5
2025-03-10,AST-050,10.27,Corrective,Planned,North America,Upstream,10852.0,932118.0
2025-03-11,AST-003,10.03,Preventive,Unplanned,Middle East,Upstream,59560.0,4478251.0
2025-03-11,AST-008,5.62,Turnaround,Planned,North America,Upstream,31595.0,2314883.0
2025-03-11,AST-010,4.16,Turnaround,Planned,India,Upstream,4363.0,375102.0
2025-03-11,AST-020,1.48,Corrective,Planned,China,Chemicals & Products,3590.0,264546.0
2025-03-11,AST-021,5.08,Preventive,Planned,Middle East,Chemicals & Products,21311.0,1544292.0
2025-03-11,AST-022,6.9,Corrective,Planned,China,Upstream,9806.0,704260.5
2025-03-11,AST-023,6.13,Preventive,Unplanned,Europe,Upstream,9140.0,627769.0
2025-03-11,AST-025,1.59,Corrective,Planned,North America,Upstream,10070.0,653483.0
2025-03-11,AST-026,2.43,Turnaround,Planned,Middle East,Upstream,13821.0,1215256.0
2025-03-11,AST-037,1.89,Inspection,Planned,Africa,Upstream,3188.0,215742.0
2025-03-11,AST-040,12.45,Corrective,Planned,Middle East,Integrated Gas,13886.0,1143369.0
2025-03-11,AST-045,6.62,Turnaround,Planned,India,Upstream,31931.0,2293628.0
2025-03-11,AST-048,4.45,Preventive,Planned,Africa,Chemicals & Products,6812.0,533927.0
2025-03-12,AST-003,19.46,Corrective,Planned,Middle East,Upstream,36302.0,2989438.0
2025-03-12,AST-011,3.08,Preventive,Planned,Middle East,Upstream,4074.0,354403.0
2025-03-12,AST-015,5.15,Turnaround,Planned,North America,Integrated Gas,20066.0,1365071.0
2025-03-12,AST-023,18.19,Corrective,Unplanned,Europe,Upstream,25618.0,1911849.0
2025-03-12,AST-025,13.07,Preventive,Unplanned,North America,Upstream,105725.0,7684409.0
2025-03-12,AST-028,5.9,Turnaround,Planned,North America,Integrated Gas,14817.0,1287456.0
2025-03-12,AST-032,2.43,Corrective,Unplanned,Europe,Upstream,9836.0,862210.0
2025-03-12,AST-034,1.99,Corrective,Planned,Middle East,Upstream,2619.0,227672.0
2025-03-12,AST-035,1.46,Preventive,Planned,Africa,Upstream,7654.0,647448.0
2025-03-12,AST-038,4.17,Preventive,Planned,North America,Integrated Gas,10123.0,725940.0
2025-03-12,AST-039,14.07,Preventive,Unplanned,Europe,Integrated Gas,57587.0,4650389.0
2025-03-12,AST-044,1.79,Inspection,Planned,China,Upstream,5673.0,402408.0
2025-03-12,AST-045,4.92,Preventive,Planned,India,Upstream,11086.0,830046.5
2025-03-12,AST-049,2.61,Preventive,Planned,North America,Upstream,4579.5,360960.5
2025-03-13,AST-001,12.62,Corrective,Unplanned,India,Upstream,30781.0,2591923.0
2025-03-13,AST-008,1.38,Preventive,Planned,North America,Upstream,7829.0,509727.0
2025-03-13,AST-016,2.32,Preventive,Planned,North America,Upstream,4115.0,343497.0
2025-03-13,AST-018,0.45,Preventive,Planned,India,Integrated Gas,1442.0,108888.0
2025-03-13,AST-020,4.46,Corrective,Planned,China,Chemicals & Products,11500.0,968291.0
2025-03-13,AST-025,2.94,Corrective,Planned,North America,Upstream,21204.0,1723972.0
2025-03-13,AST-026,7.01,Preventive,Unplanned,Middle East,Upstream,42362.0,3497213.0
2025-03-13,AST-034,0.79,Preventive,Planned,Middle East,Upstream,1227.0,93704.0
2025-03-13,AST-036,3.21,Preventive,Planned,India,Integrated Gas,11454.0,901021.0
2025-03-13,AST-041,3.28,Preventive,Planned,India,Integrated Gas,16410.0,1185579.0
2025-03-13,AST-044,11.38,Preventive,Planned,China,Upstream,45374.0,4109359.0
2025-03-14,AST-005,7.41,Corrective,Planned,China,Integrated Gas,40598.0,2703869.0
2025-03-14,AST-007,5.48,Corrective,Planned,India,Chemicals & Products,16343.0,1413352.0
2025-03-14,AST-011,5.79,Preventive,Planned,Middle East,Upstream,7977.0,517133.0
2025-03-14,AST-017,4.82,Corrective,Planned,Middle East,Chemicals & Products,26217.0,1895603.0
2025-03-14,AST-020,8.34,Corrective,Planned,China,Chemicals & Products,12022.5,857392.0
2025-03-14,AST-021,10.19,Corrective,Unplanned,Middle East,Chemicals & Products,33863.0,2497802.0
2025-03-14,AST-025,3.05,Inspection,Planned,North America,Upstream,21258.0,1764599.0
2025-03-14,AST-028,7.14,Turnaround,Planned,North America,Integrated Gas,17275.0,1146707.0
2025-03-14,AST-030,1.41,Preventive,Planned,China,Integrated Gas,8478.0,734623.0
2025-03-14,AST-032,8.4,Preventive,Planned,Europe,Upstream,31707.0,2246145.0
2025-03-14,AST-034,0.99,Turnaround,Planned,Middle East,Upstream,1526.0,107215.0
2025-03-14,AST-040,9.6,Inspection,Planned,Middle East,Integrated Gas,8058.5,601390.0
2025-03-15,AST-006,1.99,Inspection,Planned,Africa,Integrated Gas,10185.0,777369.0
2025-03-15,AST-009,1.65,Preventive,Planned,Europe,Upstream,3202.0,216508.0
2025-03-15,AST-011,3.66,Corrective,Planned,Middle East,Upstream,5849.0,485357.0
2025-03-15,AST-013,5.41,Corrective,Planned,North America,Upstream,18699.0,1604045.0
2025-03-15,AST-016,2.74,Preventive,Planned,North America,Upstream,4604.0,393785.0
2025-03-15,AST-017,17.3,Corrective,Planned,Middle East,Chemicals & Products,43428.5,3595964.5
2025-03-15,AST-020,9.36,Preventive,Planned,China,Chemicals & Products,28642.0,2146565.0
2025-03-15,AST-021,2.57,Inspection,Planned,Middle East,Chemicals & Products,13664.0,1026449.0
2025-03-15,AST-022,2.82,Preventive,Planned,China,Upstream,4625.5,378432.0
2025-03-15,AST-023,2.61,Turnaround,Planned,Europe,Upstream,3584.0,275988.0
2025-03-15,AST-026,16.19,Corrective,Planned,Middle East,Upstream,48080.0,3610985.5
2025-03-15,AST-038,8.71,Preventive,Planned,North America,Integrated Gas,29557.0,2241674.0
2025-03-15,AST-041,2.25,Corrective,Planned,India,Integrated Gas,10911.0,867453.0
2025-03-15,AST-043,4.83,Preventive,Planned,North America,Upstream,28610.0,2499045.0
2025-03-16,AST-001,4.04,Inspection,Planned,India,Upstream,11289.0,954482.0
2025-03-16,AST-007,4.83,Inspection,Planned,India,Chemicals & Products,8469.0,710884.5
2025-03-16,AST-012,4.15,Preventive,Planned,Africa,Upstream,18173.0,1456499.0
2025-03-16,AST-015,7.98,Corrective,Unplanned,North America,Integrated Gas,31534.0,2222128.0
2025-03-16,AST-019,1.59,Preventive,Planned,Africa,Upstream,3846.0,289882.0
2025-03-16,AST-021,25.54,Inspection,Unplanned,Middle East,Chemicals & Products,114002.0,9055012.0
2025-03-16,AST-023,18.54,Preventive,Unplanned,Europe,Upstream,11897.5,1001958.5
2025-03-16,AST-028,9.84,Preventive,Planned,North America,Integrated Gas,25267.0,2202170.0
2025-03-16,AST-030,30.49,Corrective,Planned,China,Integrated Gas,72293.5,5970381.0
2025-03-16,AST-034,2.96,Inspection,Planned,Middle East,Upstream,3968.0,279019.0
2025-03-16,AST-036,1.93,Preventive,Planned,India,Integrated Gas,7301.0,570623.0
2025-03-16,AST-037,3.05,Preventive,Planned,Africa,Upstream,6312.0,456704.0
2025-03-16,AST-039,5.91,Turnaround,Planned,Europe,Integrated Gas,27367.0,2299304.0
2025-03-16,AST-046,4.7,Turnaround,Planned,Africa,Upstream,22857.0,1614360.0
2025-03-16,AST-047,3.33,Turnaround,Planned,China,Upstream,15705.0,1359854.0
2025-03-16,AST-050,8.49,Turnaround,Planned,North America,Upstream,11500.0,896129.0
2025-03-17,AST-002,12.43,Corrective,Planned,North America,Upstream,31638.0,2266230.0
2025-03-17,AST-003,22.05,Corrective,Unplanned,Middle East,Upstream,89020.0,7004076.0
2025-03-17,AST-005,9.21,Turnaround,Planned,China,Integrated Gas,17464.33,1420893.0
2025-03-17,AST-016,46.35,Preventive,Planned,North America,Upstream,22288.25,1743453.0
2025-03-17,AST-017,20.34,Corrective,Planned,Middle East,Chemicals & Products,50514.0,4324310.0
2025-03-17,AST-021,19.39,Inspection,Unplanned,Middle East,Chemicals & Products,78442.0,6549493.0
2025-03-17,AST-023,1.44,Inspection,Planned,Europe,Upstream,2031.0,161862.0
2025-03-17,AST-026,1.63,Turnaround,Planned,Middle East,Upstream,8898.0,681829.0
2025-03-17,AST-037,5.3,Preventive,Unplanned,Africa,Upstream,11247.0,912725.0
2025-03-17,AST-038,9.23,Preventive,Planned,North America,Integrated Gas,8335.0,610487.67
2025-03-17,AST-040,2.43,Preventive,Planned,Middle East,Integrated Gas,5646.0,423998.0
2025-03-17,AST-043,10.78,Preventive,Unplanned,North America,Upstream,49649.0,4637037.0
2025-03-17,AST-049,4.26,Preventive,Unplanned,North America,Upstream,15270.0,1053208.0
2025-03-18,AST-001,13.61,Inspection,Planned,India,Upstream,34590.0,2388718.0
2025-03-18,AST-002,15.96,Corrective,Unplanned,North America,Upstream,35679.0,2742299.0
2025-03-18,AST-003,5.53,Inspection,Planned,Middle East,Upstream,26324.0,2272473.0
2025-03-18,AST-005,0.61,Preventive,Planned,China,Integrated Gas,4343.0,292795.0
2025-03-18,AST-007,4.82,Corrective,Planned,India,Chemicals & Products,16936.0,1147113.0
2025-03-18,AST-012,29.92,Corrective,Planned,Africa,Upstream,70026.5,5986809.5
2025-03-18,AST-020,4.61,Preventive,Unplanned,China,Chemicals & Products,12628.0,877910.0
2025-03-18,AST-022,2.23,Preventive,Unplanned,China,Upstream,6780.0,496063.0
2025-03-18,AST-026,9.23,Corrective,Planned,Middle East,Upstream,67920.0,5721703.0
2025-03-18,AST-029,14.77,Corrective,Planned,Middle East,Integrated Gas,30835.67,2592808.0
2025-03-18,AST-030,1.77,Corrective,Planned,China,Integrated Gas,10637.0,993085.0
2025-03-18,AST-031,0.35,Corrective,Planned,China,Integrated Gas,2045.0,150263.0
2025-03-18,AST-032,4.79,Turnaround,Planned,Europe,Upstream,16886.0,1175178.0
2025-03-18,AST-033,1.94,Turnaround,Planned,India,Integrated Gas,5399.0,403243.0
2025-03-18,AST-035,4.75,Preventive,Planned,Africa,Upstream,32478.0,2390931.0
2025-03-18,AST-037,3.99,Preventive,Planned,Africa,Upstream,8816.0,675566.0
2025-03-18,AST-043,10.89,Corrective,Planned,North America,Upstream,27329.0,2165097.5
2025-03-18,AST-045,2.04,Inspection,Planned,India,Upstream,9814.0,697262.0
2025-03-18,AST-049,10.83,Corrective,Planned,North America,Upstream,37557.0,2962183.0
2025-03-18,AST-050,3.46,Inspection,Planned,North America,Upstream,1992.0,149258.0
2025-03-19,AST-004,7.98,Inspection,Planned,China,Upstream,33223.0,2515555.0
2025-03-19,AST-018,0.34,Corrective,Planned,India,Integrated Gas,1270.0,102101.0
2025-03-19,AST-023,3.51,Corrective,Planned,Europe,Upstream,4590.0,330980.0
2025-03-19,AST-029,6.1,Preventive,Planned,Middle East,Integrated Gas,46622.0,3186319.0
2025-03-19,AST-033,0.69,Preventive,Planned,India,Integrated Gas,1878.0,146760.0
2025-03-19,AST-035,6.19,Preventive,Planned,Africa,Upstream,33591.0,2612321.0
2025-03-19,AST-038,3.33,Corrective,Planned,North America,Integrated Gas,8514.0,669951.0
2025-03-19,AST-040,1.84,Preventive,Planned,Middle East,Integrated Gas,1814.5,139467.0
2025-03-19,AST-041,1.98,Corrective,Planned,India,Integrated Gas,13147.0,1055331.0
2025-03-19,AST-042,3.01,Turnaround,Planned,North America,Integrated Gas,14170.0,943325.0
2025-03-19,AST-050,3.52,Inspection,Planned,North America,Upstream,3893.0,301804.0
2025-03-20,AST-003,9.62,Corrective,Planned,Middle East,Upstream,23015.0,1849304.5
2025-03-20,AST-006,3.35,Preventive,Planned,Africa,Integrated Gas,18432.0,1265567.0
2025-03-20,AST-013,3.19,Corrective,Planned,North America,Upstream,11204.0,782449.0
2025-03-20,AST-015,0.2,Corrective,Planned,North America,Integrated Gas,831.0,60032.0
2025-03-20,AST-016,5.66,Corrective,Planned,North America,Upstream,5923.5,456174.0
2025-03-20,AST-021,3.98,Corrective,Planned,Middle East,Chemicals & Products,8863.0,698624.5
2025-03-20,AST-023,1.0,Preventive,Planned,Europe,Upstream,1549.0,133387.0
2025-03-20,AST-030,10.51,Corrective,Planned,China,Integrated Gas,52489.0,4571307.0
2025-03-20,AST-036,13.27,Preventive,Planned,India,Integrated Gas,26390.0,1908200.0
2025-03-20,AST-039,26.09,Corrective,Unplanned,Europe,Integrated Gas,103679.0,7781028.0
2025-03-20,AST-043,14.27,Inspection,Planned,North America,Upstream,31811.0,2510613.5
2025-03-20,AST-047,1.14,Preventive,Planned,China,Upstream,5406.0,409974.0
2025-03-20,AST-049,1.4,Preventive,Planned,North America,Upstream,4403.0,377431.0
2025-03-20,AST-050,8.53,Inspection,Planned,North America,Upstream,5345.0,443918.0
2025-03-21,AST-003,1.04,Corrective,Planned,Middle East,Upstream,4494.0,353688.0
2025-03-21,AST-008,2.98,Inspection,Planned,North America,Upstream,16420.0,1334537.0
2025-03-21,AST-013,9.33,Inspection,Planned,North America,Upstream,24851.0,1894070.0
2025-03-21,AST-017,13.0,Preventive,Planned,Middle East,Chemicals & Products,70173.0,5160956.0
2025-03-21,AST-019,2.73,Preventive,Planned,Africa,Upstream,7100.0,553938.0
2025-03-21,AST-023,3.16,Preventive,Planned,Europe,Upstream,4748.0,313697.0
2025-03-21,AST-033,6.49,Preventive,Planned,India,Integrated Gas,16021.0,1285864.0
2025-03-21,AST-037,6.56,Corrective,Planned,Africa,Upstream,13905.0,1284738.0
2025-03-21,AST-038,3.47,Inspection,Planned,North America,Integrated Gas,9607.0,728751.0
2025-03-21,AST-040,17.91,Preventive,Unplanned,Middle East,Integrated Gas,32162.0,2324712.0
2025-03-21,AST-046,4.4,Turnaround,Planned,Africa,Upstream,20257.0,1498501.0
2025-03-22,AST-004,6.25,Preventive,Unplanned,China,Upstream,27169.0,1777229.0
2025-03-22,AST-006,2.65,Preventive,Planned,Africa,Integrated Gas,12935.0,911641.0
2025-03-22,AST-009,3.4,Inspection,Planned,Europe,Upstream,5778.0,475342.0
2025-03-22,AST-010,0.6,Corrective,Planned,India,Upstream,796.0,68710.0
2025-03-22,AST-016,7.69,Preventive,Planned,North America,Upstream,13708.0,1118571.0
2025-03-22,AST-020,9.03,Preventive,Unplanned,China,Chemicals & Products,28942.0,1960915.0
2025-03-22,AST-021,3.63,Corrective,Planned,Middle East,Chemicals & Products,8018.5,595714.0
2025-03-22,AST-023,2.87,Corrective,Planned,Europe,Upstream,3816.0,290571.0
2025-03-22,AST-024,7.34,Corrective,Unplanned,Africa,Integrated Gas,12817.0,1010631.0
2025-03-22,AST-026,0.25,Corrective,Planned,Middle East,Upstream,1885.0,137239.0
2025-03-22,AST-031,4.36,Corrective,Planned,China,Integrated Gas,23648.0,2038658.0
2025-03-22,AST-035,0.89,Preventive,Planned,Africa,Upstream,5018.0,426840.0
2025-03-22,AST-037,9.23,Corrective,Planned,Africa,Upstream,19259.0,1709913.0
2025-03-22,AST-040,0.73,Corrective,Planned,Middle East,Integrated Gas,1408.0,94408.0
2025-03-22,AST-043,3.79,Inspection,Planned,North America,Upstream,17602.0,1305953.0
2025-03-22,AST-045,1.93,Preventive,Planned,India,Upstream,4244.0,316549.0
2025-03-22,AST-047,6.37,Corrective,Planned,China,Upstream,15149.5,1154186.0
2025-03-23,AST-002,1.32,Preventive,Planned,North America,Upstream,3705.0,313993.0
2025-03-23,AST-003,2.06,Preventive,Planned,Middle East,Upstream,8726.0,677748.0
2025-03-23,AST-004,3.06,Corrective,Planned,China,Upstream,12334.0,859615.0
2025-03-23,AST-008,18.49,Preventive,Planned,North America,Upstream,60413.5,4709869.5
2025-03-23,AST-010,1.47,Preventive,Planned,India,Upstream,1662.0,127211.0
2025-03-23,AST-013,14.27,Inspection,Planned,North America,Upstream,54145.0,3715280.0
2025-03-23,AST-017,6.34,Preventive,Planned,Middle East,Chemicals & Products,35144.0,3062339.0
2025-03-23,AST-019,2.48,Corrective,Planned,Africa,Upstream,6848.0,520377.0
2025-03-23,AST-021,2.96,Corrective,Planned,Middle East,Chemicals & Products,13657.0,985328.0
2025-03-23,AST-024,3.38,Corrective,Planned,Africa,Integrated Gas,6258.0,516566.0
2025-03-23,AST-027,3.35,Preventive,Planned,China,Upstream,14617.0,1207923.0
2025-03-23,AST-028,2.08,Preventive,Planned,North America,Integrated Gas,3789.0,294226.0
2025-03-23,AST-031,1.37,Corrective,Planned,China,Integrated Gas,5946.0,503946.0
2025-03-23,AST-033,9.9,Turnaround,Unplanned,India,Integrated Gas,28236.0,1842280.0
2025-03-23,AST-037,3.62,Inspection,Planned,Africa,Upstream,6108.0,465485.0
2025-03-23,AST-038,9.24,Inspection,Planned,North America,Integrated Gas,24966.0,1867719.0
2025-03-23,AST-041,7.18,Inspection,Planned,India,Integrated Gas,41807.0,3451342.0
2025-03-23,AST-042,7.66,Turnaround,Planned,North America,Integrated Gas,41736.0,3179123.0
2025-03-23,AST-047,1.41,Preventive,Planned,China,Upstream,6228.0,532677.0
2025-03-24,AST-004,2.46,Inspection,Planned,China,Upstream,8638.0,703082.0
2025-03-24,AST-005,3.1,Preventive,Planned,China,Integrated Gas,16294.0,1207911.0
2025-03-24,AST-006,1.72,Preventive,Planned,Africa,Integrated Gas,8638.0,708362.0
2025-03-24,AST-009,5.91,Preventive,Planned,Europe,Upstream,12282.0,1020694.0
2025-03-24,AST-013,5.38,Preventive,Planned,North America,Upstream,19241.0,1402761.0
2025-03-24,AST-018,7.78,Preventive,Planned,India,Integrated Gas,24098.0,1745153.0
2025-03-24,AST-020,0.53,Corrective,Planned,China,Chemicals & Products,1401.0,105228.0
2025-03-24,AST-024,6.71,Corrective,Unplanned,Africa,Integrated Gas,10505.0,826539.0
2025-03-24,AST-028,6.54,Preventive,Unplanned,North America,Integrated Gas,16103.0,1110692.0
2025-03-24,AST-030,6.28,Preventive,Unplanned,China,Integrated Gas,37857.0,3101738.0
2025-03-24,AST-031,0.12,Preventive,Planned,China,Integrated Gas,638.0,50321.0
2025-03-24,AST-038,15.91,Preventive,Unplanned,North America,Integrated Gas,51476.0,3944481.0
2025-03-24,AST-041,3.02,Turnaround,Planned,India,Integrated Gas,16666.0,1153506.0
2025-03-24,AST-042,6.87,Preventive,Planned,North America,Integrated Gas,34100.0,2989427.0
2025-03-24,AST-043,4.37,Preventive,Planned,North America,Upstream,22813.0,1668877.0
2025-03-24,AST-047,3.2,Inspection,Planned,China,Upstream,14521.0,1149643.0
2025-03-25,AST-003,2.22,Inspection,Planned,Middle East,Upstream,10647.0,828432.0
2025-03-25,AST-005,16.58,Preventive,Unplanned,China,Integrated Gas,76389.0,5498632.0
2025-03-25,AST-006,2.96,Inspection,Planned,Africa,Integrated Gas,13237.0,963645.0
2025-03-25,AST-007,13.85,Corrective,Planned,India,Chemicals & Products,43017.0,3732754.0
2025-03-25,AST-008,1.23,Preventive,Planned,North America,Upstream,5734.0,434997.0
2025-03-25,AST-018,8.13,Corrective,Planned,India,Integrated Gas,30275.0,2369571.0
2025-03-25,AST-020,23.34,Preventive,Unplanned,China,Chemicals & Products,63881.0,4841143.0
2025-03-25,AST-021,5.86,Preventive,Planned,Middle East,Chemicals & Products,22318.0,1991658.0
2025-03-25,AST-024,0.82,Preventive,Planned,Africa,Integrated Gas,1370.0,103858.0
2025-03-25,AST-026,7.1,Inspection,Planned,Middle East,Upstream,19695.0,1650957.5
2025-03-25,AST-028,2.27,Corrective,Planned,North America,Integrated Gas,4830.0,434063.0
2025-03-25,AST-030,6.06,Preventive,Planned,China,Integrated Gas,36282.0,3042392.0
2025-03-25,AST-035,1.9,Corrective,Planned,Africa,Upstream,10581.0,823799.0
2025-03-25,AST-037,3.16,Preventive,Planned,Africa,Upstream,7282.0,547690.0
2025-03-25,AST-040,10.81,Corrective,Planned,Middle East,Integrated Gas,20388.0,1671009.0
2025-03-25,AST-045,14.4,Preventive,Unplanned,India,Upstream,62488.0,4723767.0
2025-03-25,AST-046,2.52,Preventive,Planned,Africa,Upstream,11798.0,1014900.0
2025-03-25,AST-048,23.44,Preventive,Unplanned,Africa,Chemicals & Products,30285.0,2287818.0
2025-03-25,AST-050,8.94,Corrective,Planned,North America,Upstream,5288.0,396812.5
2025-03-26,AST-003,0.7,Preventive,Planned,Middle East,Upstream,4092.0,334714.0
2025-03-26,AST-005,0.31,Corrective,Planned,China,Integrated Gas,1622.0,123786.0
2025-03-26,AST-006,1.26,Inspection,Planned,Africa,Integrated Gas,5188.0,358392.0
2025-03-26,AST-012,6.49,Inspection,Unplanned,Africa,Upstream,29243.0,2583092.0
2025-03-26,AST-013,5.74,Corrective,Unplanned,North America,Upstream,21176.0,1456405.0
2025-03-26,AST-014,1.77,Preventive,Planned,North America,Upstream,3564.0,287526.0
2025-03-26,AST-017,5.45,Corrective,Unplanned,Middle East,Chemicals & Products,24271.0,1634132.0
2025-03-26,AST-019,15.88,Preventive,Unplanned,Africa,Upstream,45416.0,4061067.0
2025-03-26,AST-020,13.92,Inspection,Planned,China,Chemicals & Products,32170.0,2471209.0
2025-03-26,AST-022,1.37,Preventive,Planned,China,Upstream,3612.0,280252.0
2025-03-26,AST-025,1.9,Corrective,Unplanned,North America,Upstream,14479.0,1255672.0
2025-03-26,AST-026,3.59,Inspection,Planned,Middle East,Upstream,24080.0,1605733.0
2025-03-26,AST-027,10.88,Preventive,Unplanned,China,Upstream,51786.0,3962582.0
2025-03-26,AST-028,4.42,Corrective,Planned,North America,Integrated Gas,11858.0,863563.0
2025-03-26,AST-033,5.24,Preventive,Planned,India,Integrated Gas,12602.0,1162698.0
2025-03-26,AST-035,0.69,Inspection,Planned,Africa,Upstream,4309.0,325187.0
2025-03-26,AST-038,13.54,Preventive,Planned,North America,Integrated Gas,18795.0,1650702.0
2025-03-26,AST-042,14.79,Corrective,Planned,North America,Integrated Gas,70855.0,5368957.0
2025-03-26,AST-046,2.92,Corrective,Planned,Africa,Upstream,14166.0,1068433.0
2025-03-26,AST-047,14.14,Turnaround,Unplanned,China,Upstream,63130.0,4385878.0
2025-03-27,AST-001,2.63,Corrective,Planned,India,Upstream,6796.0,564532.0
2025-03-27,AST-002,8.32,Corrective,Planned,North America,Upstream,27726.0,2250612.0
2025-03-27,AST-012,15.77,Preventive,Planned,Africa,Upstream,79145.0,5736255.0
2025-03-27,AST-016,6.13,Preventive,Planned,North America,Upstream,11096.0,999912.0
2025-03-27,AST-017,11.93,Corrective,Unplanned,Middle East,Chemicals & Products,63700.0,5022221.0
2025-03-27,AST-025,16.39,Preventive,Planned,North America,Upstream,32358.33,2537762.0
2025-03-27,AST-039,0.56,Turnaround,Planned,Europe,Integrated Gas,2969.0,201097.0
2025-03-27,AST-040,3.66,Turnaround,Planned,Middle East,Integrated Gas,8112.0,635053.0
2025-03-27,AST-042,8.72,Preventive,Unplanned,North America,Integrated Gas,48722.0,3784113.0
2025-03-27,AST-043,0.58,Corrective,Planned,North America,Upstream,3446.0,275804.0
2025-03-28,AST-001,14.77,Corrective,Planned,India,Upstream,17489.0,1399192.0
2025-03-28,AST-002,2.21,Preventive,Planned,North America,Upstream,6390.0,558995.0
2025-03-28,AST-004,5.13,Preventive,Planned,China,Upstream,21857.0,1437604.0
2025-03-28,AST-006,22.95,Preventive,Unplanned,Africa,Integrated Gas,134389.0,9740427.0
2025-03-28,AST-008,3.42,Preventive,Planned,North America,Upstream,21660.0,1612983.0
2025-03-28,AST-009,0.48,Preventive,Planned,Europe,Upstream,1055.0,96874.0
2025-03-28,AST-011,9.87,Inspection,Unplanned,Middle East,Upstream,12861.0,949888.0
2025-03-28,AST-013,3.09,Corrective,Planned,North America,Upstream,11267.0,782526.0
2025-03-28,AST-015,5.98,Corrective,Planned,North America,Integrated Gas,10778.5,749148.0
2025-03-28,AST-016,14.7,Corrective,Planned,North America,Upstream,25621.0,1970382.0
2025-03-28,AST-018,10.08,Corrective,Planned,India,Integrated Gas,19275.5,1405322.5
2025-03-28,AST-026,4.15,Corrective,Planned,Middle East,Upstream,23552.0,1906349.0
2025-03-28,AST-033,13.4,Preventive,Planned,India,Integrated Gas,9977.33,860741.67
2025-03-28,AST-034,1.58,Inspection,Planned,Middle East,Upstream,2441.0,205291.0
2025-03-28,AST-037,7.34,Corrective,Planned,Africa,Upstream,13675.0,1187516.0
2025-03-28,AST-040,3.69,Preventive,Unplanned,Middle East,Integrated Gas,8281.0,549453.0
2025-03-28,AST-042,2.62,Inspection,Planned,North America,Integrated Gas,13960.0,1229095.0
2025-03-28,AST-044,3.55,Corrective,Planned,China,Upstream,13211.0,942630.0
2025-03-28,AST-046,10.11,Preventive,Unplanned,Africa,Upstream,42241.0,2849519.0
2025-03-29,AST-001,5.86,Preventive,Planned,India,Upstream,14694.0,1155287.0
2025-03-29,AST-009,6.0,Inspection,Planned,Europe,Upstream,10361.0,878026.0
2025-03-29,AST-010,6.31,Preventive,Planned,India,Upstream,3411.5,265990.5
2025-03-29,AST-015,6.42,Preventive,Planned,North America,Integrated Gas,26415.0,1903443.0
2025-03-29,AST-017,0.94,Inspection,Unplanned,Middle East,Chemicals & Products,3777.0,285310.0
2025-03-29,AST-024,5.12,Corrective,Unplanned,Africa,Integrated Gas,8483.0,677416.0
2025-03-29,AST-025,0.28,Preventive,Planned,North America,Upstream,1961.0,167409.0
2025-03-29,AST-032,1.57,Inspection,Planned,Europe,Upstream,5699.0,424759.0
2025-03-29,AST-033,1.16,Corrective,Planned,India,Integrated Gas,3118.0,234754.0
2025-03-29,AST-038,6.17,Inspection,Planned,North America,Integrated Gas,16478.0,1375598.0
2025-03-30,AST-003,1.12,Preventive,Planned,Middle East,Upstream,5885.0,488448.0
2025-03-30,AST-009,12.31,Turnaround,Unplanned,Europe,Upstream,11579.0,873764.0
2025-03-30,AST-010,4.85,Inspection,Unplanned,India,Upstream,5569.0,379288.0
2025-03-30,AST-014,3.92,Corrective,Planned,North America,Upstream,7740.0,651348.0
2025-03-30,AST-015,19.1,Inspection,Unplanned,North America,Integrated Gas,75954.0,5516214.0
2025-03-30,AST-018,6.25,Corrective,Planned,India,Integrated Gas,21318.0,1889274.0
2025-03-30,AST-025,1.85,Corrective,Planned,North America,Upstream,10561.0,744766.0
2025-03-30,AST-031,3.96,Corrective,Planned,China,Integrated Gas,19257.0,1554727.0
2025-03-30,AST-033,5.5,Preventive,Planned,India,Integrated Gas,14669.0,1145631.0
2025-03-30,AST-035,5.07,Inspection,Planned,Africa,Upstream,27487.0,2225528.0
2025-03-30,AST-038,0.58,Preventive,Planned,North America,Integrated Gas,1594.0,144039.0
2025-03-30,AST-040,1.28,Preventive,Planned,Middle East,Integrated Gas,2410.0,171063.0
2025-03-30,AST-045,2.07,Preventive,Planned,India,Upstream,9898.0,836681.0
2025-03-30,AST-047,2.52,Corrective,Planned,China,Upstream,12036.0,831670.0
2025-03-30,AST-049,5.79,Preventive,Planned,North America,Upstream,17106.0,1365084.0
2025-03-31,AST-005,2.07,Inspection,Planned,China,Integrated Gas,10902.0,816362.0
2025-03-31,AST-011,0.1,Turnaround,Planned,Middle East,Upstream,158.0,12584.0
2025-03-31,AST-016,8.48,Corrective,Planned,North America,Upstream,8288.0,628530.0
2025-03-31,AST-017,2.98,Preventive,Planned,Middle East,Chemicals & Products,16287.0,1421888.0
2025-03-31,AST-026,1.33,Turnaround,Planned,Middle East,Upstream,8365.0,602507.0
2025-03-31,AST-028,3.08,Inspection,Planned,North America,Integrated Gas,6897.0,566361.0
2025-03-31,AST-037,1.28,Preventive,Planned,Africa,Upstream,2649.0,201733.0
2025-03-31,AST-040,6.79,Corrective,Planned,Middle East,Integrated Gas,5923.0,426417.5
2025-03-31,AST-044,8.66,Inspection,Planned,China,Upstream,33743.0,2829252.0
2025-03-31,AST-045,16.07,Corrective,Unplanned,India,Upstream,79430.0,5329868.0
2025-03-31,AST-048,9.47,Preventive,Planned,Africa,Chemicals & Products,11756.0,929744.0
2025-04-01,AST-001,2.02,Preventive,Unplanned,India,Upstream,2498.0,170565.0
2025-04-01,AST-002,18.37,Inspection,Planned,North America,Upstream,23647.0,1817109.5
2025-04-01,AST-008,9.68,Corrective,Planned,North America,Upstream,43109.0,3959737.0
2025-04-01,AST-013,1.1,Preventive,Planned,North America,Upstream,3178.0,211969.0
2025-04-01,AST-019,4.2,Inspection,Planned,Africa,Upstream,15048.0,1089831.0
2025-04-01,AST-026,7.09,Preventive,Planned,Middle East,Upstream,20494.0,1687016.0
2025-04-01,AST-027,10.18,Inspection,Planned,China,Upstream,25580.0,2183389.5
2025-04-01,AST-029,8.56,Preventive,Planned,Middle East,Integrated Gas,62659.0,4104658.0
2025-04-01,AST-031,3.8,Turnaround,Planned,China,Integrated Gas,18670.0,1236458.0
2025-04-01,AST-038,1.87,Preventive,Planned,North America,Integrated Gas,5035.0,371629.0
2025-04-01,AST-039,6.31,Corrective,Planned,Europe,Integrated Gas,25729.0,2246377.0
2025-04-01,AST-044,0.82,Inspection,Planned,China,Upstream,2304.0,151214.0
2025-04-02,AST-004,3.45,Preventive,Planned,China,Upstream,16247.0,1210904.0
2025-04-02,AST-010,5.52,Preventive,Planned,India,Upstream,5897.0,438803.0
2025-04-02,AST-013,1.71,Inspection,Planned,North America,Upstream,6694.0,458150.0
2025-04-02,AST-016,25.47,Inspection,Planned,North America,Upstream,22270.5,1827489.5
2025-04-02,AST-017,6.11,Corrective,Planned,Middle East,Chemicals & Products,15732.5,1254183.0
2025-04-02,AST-018,4.98,Turnaround,Planned,India,Integrated Gas,18422.0,1648793.0
2025-04-02,AST-019,6.12,Preventive,Planned,Africa,Upstream,10149.5,736935.0
2025-04-02,AST-022,1.69,Preventive,Planned,China,Upstream,6049.0,502471.0
2025-04-02,AST-027,6.58,Corrective,Unplanned,China,Upstream,36990.0,3165122.0
2025-04-02,AST-030,10.42,Preventive,Unplanned,China,Integrated Gas,47338.0,3415162.0
2025-04-02,AST-032,5.27,Inspection,Planned,Europe,Upstream,17987.0,1431652.0
2025-04-02,AST-033,3.33,Preventive,Planned,India,Integrated Gas,9581.0,784668.0
2025-04-02,AST-038,1.18,Preventive,Planned,North America,Integrated Gas,3221.0,238806.0
2025-04-02,AST-040,5.21,Corrective,Planned,Middle East,Integrated Gas,10447.0,873868.0
2025-04-02,AST-042,1.76,Preventive,Planned,North America,Integrated Gas,8360.0,593940.0
2025-04-02,AST-045,1.19,Corrective,Planned,India,Upstream,4528.0,386486.0
2025-04-02,AST-046,5.74,Inspection,Planned,Africa,Upstream,26797.0,1828389.0
2025-04-02,AST-049,1.41,Preventive,Planned,North America,Upstream,4354.0,360006.0
2025-04-03,AST-001,3.69,Corrective,Planned,India,Upstream,9810.0,757598.0
2025-04-03,AST-003,4.69,Corrective,Planned,Middle East,Upstream,22409.0,1658525.0
2025-04-03,AST-004,1.16,Preventive,Planned,China,Upstream,4697.0,401546.0
2025-04-03,AST-005,5.19,Corrective,Planned,China,Integrated Gas,12861.0,1027925.0
2025-04-03,AST-008,8.08,Preventive,Planned,North America,Upstream,41785.0,3511324.0
2025-04-03,AST-015,9.68,Corrective,Unplanned,North America,Integrated Gas,44560.0,3863016.0
2025-04-03,AST-020,1.91,Corrective,Planned,China,Chemicals & Products,5439.0,441610.0
2025-04-03,AST-022,5.69,Corrective,Planned,China,Upstream,14861.0,1168279.0
2025-04-03,AST-023,17.0,Inspection,Unplanned,Europe,Upstream,20975.0,1830579.0
2025-04-03,AST-024,2.49,Corrective,Unplanned,Africa,Integrated Gas,4162.0,298335.0
2025-04-03,AST-030,7.61,Inspection,Planned,China,Integrated Gas,42530.0,3550912.0
2025-04-03,AST-034,5.43,Preventive,Planned,Middle East,Upstream,8397.0,635001.0
2025-04-03,AST-040,15.19,Preventive,Planned,Middle East,Integrated Gas,15476.0,1242322.5
2025-04-03,AST-041,7.86,Preventive,Planned,India,Integrated Gas,21699.0,1611479.0
2025-04-03,AST-042,1.54,Preventive,Planned,North America,Integrated Gas,10538.0,705393.0
2025-04-03,AST-043,1.44,Corrective,Planned,North America,Upstream,8448.0,577381.0
2025-04-03,AST-049,3.35,Preventive,Planned,North America,Upstream,13129.0,1134706.0
2025-04-04,AST-001,1.38,Corrective,Planned,India,Upstream,3324.0,247986.0
2025-04-04,AST-003,3.93,Corrective,Planned,Middle East,Upstream,18665.0,1464640.0
2025-04-04,AST-007,16.31,Inspection,Planned,India,Chemicals & Products,17252.33,1393419.0
2025-04-04,AST-015,7.41,Preventive,Planned,North America,Integrated Gas,26704.0,2294090.0
2025-04-04,AST-017,2.3,Inspection,Planned,Middle East,Chemicals & Products,9891.0,836552.0
2025-04-04,AST-018,6.75,Corrective,Planned,India,Integrated Gas,26439.0,1935138.0
2025-04-04,AST-020,12.08,Preventive,Unplanned,China,Chemicals & Products,31977.0,2194191.0
2025-04-04,AST-023,5.66,Preventive,Unplanned,Europe,Upstream,7143.0,573562.0
2025-04-04,AST-025,4.44,Preventive,Planned,North America,Upstream,30786.0,2218216.0
2025-04-04,AST-032,6.12,Corrective,Unplanned,Europe,Upstream,19628.0,1747996.0
2025-04-04,AST-036,0.71,Preventive,Planned,India,Integrated Gas,2786.0,247105.0
2025-04-04,AST-037,3.81,Inspection,Planned,Africa,Upstream,9017.0,640369.0
2025-04-04,AST-043,5.96,Inspection,Planned,North America,Upstream,37688.0,2687429.0
2025-04-04,AST-046,4.55,Preventive,Planned,Africa,Upstream,19798.0,1661814.0
2025-04-05,AST-001,3.89,Corrective,Planned,India,Upstream,9437.0,776360.0
2025-04-05,AST-004,3.33,Turnaround,Planned,China,Upstream,15306.0,1322340.0
2025-04-05,AST-006,0.44,Preventive,Planned,Africa,Integrated Gas,2171.0,164756.0
2025-04-05,AST-007,3.1,Turnaround,Planned,India,Chemicals & Products,4776.0,331725.5
2025-04-05,AST-010,1.92,Turnaround,Unplanned,India,Upstream,2267.0,180924.0
2025-04-05,AST-012,1.49,Inspection,Planned,Africa,Upstream,7050.0,467504.0
2025-04-05,AST-013,3.97,Corrective,Planned,North America,Upstream,16108.0,1326337.0
2025-04-05,AST-015,8.87,Corrective,Planned,North America,Integrated Gas,35289.0,3228937.0
2025-04-05,AST-018,2.73,Preventive,Planned,India,Integrated Gas,8601.0,709120.0
2025-04-05,AST-025,1.44,Preventive,Planned,North America,Upstream,10495.0,706582.0
2025-04-05,AST-027,5.18,Turnaround,Planned,China,Upstream,22621.0,1618870.0
2025-04-05,AST-034,11.13,Preventive,Planned,Middle East,Upstream,17629.0,1443223.0
2025-04-05,AST-035,1.94,Corrective,Planned,Africa,Upstream,13029.0,1087991.0
2025-04-05,AST-036,1.4,Corrective,Planned,India,Integrated Gas,4942.0,455304.0
2025-04-05,AST-038,1.99,Corrective,Planned,North America,Integrated Gas,5682.0,461581.0
2025-04-05,AST-039,0.66,Preventive,Planned,Europe,Integrated Gas,3432.0,312587.0
2025-04-05,AST-040,5.49,Turnaround,Planned,Middle East,Integrated Gas,11067.0,953774.0
2025-04-05,AST-041,63.53,Inspection,Planned,India,Integrated Gas,102507.5,7512710.5
2025-04-05,AST-044,3.97,Preventive,Planned,China,Upstream,15863.0,1273308.0
2025-04-05,AST-045,0.62,Corrective,Planned,India,Upstream,2749.0,218711.0
2025-04-06,AST-001,8.83,Preventive,Planned,India,Upstream,25905.0,2191509.0
2025-04-06,AST-002,3.07,Preventive,Planned,North America,Upstream,4142.0,314831.5
2025-04-06,AST-005,2.27,Preventive,Planned,China,Integrated Gas,11407.0,940417.0
2025-04-06,AST-011,0.22,Preventive,Planned,Middle East,Upstream,299.0,24017.0
2025-04-06,AST-012,1.12,Turnaround,Planned,Africa,Upstream,5741.0,458266.0
2025-04-06,AST-013,1.55,Corrective,Planned,North America,Upstream,5272.0,451706.0
2025-04-06,AST-017,9.21,Preventive,Planned,Middle East,Chemicals & Products,43522.0,3189445.0
2025-04-06,AST-019,10.56,Turnaround,Planned,Africa,Upstream,34333.0,2533487.0
2025-04-06,AST-023,3.53,Corrective,Planned,Europe,Upstream,5408.0,444659.0
2025-04-06,AST-027,5.53,Turnaround,Planned,China,Upstream,27783.0,2122451.0
2025-04-06,AST-034,16.54,Turnaround,Unplanned,Middle East,Upstream,30629.0,2510733.0
2025-04-06,AST-035,5.76,Corrective,Planned,Africa,Upstream,17252.0,1294045.5
2025-04-06,AST-037,7.04,Corrective,Planned,Africa,Upstream,6492.5,551953.5
2025-04-06,AST-047,4.92,Corrective,Planned,China,Upstream,19352.0,1492759.0
2025-04-07,AST-001,2.74,Preventive,Planned,India,Upstream,6785.0,531304.0
2025-04-07,AST-007,5.69,Turnaround,Planned,India,Chemicals & Products,20052.0,1582410.0
2025-04-07,AST-009,4.47,Inspection,Planned,Europe,Upstream,8988.0,597022.0
2025-04-07,AST-010,1.05,Corrective,Planned,India,Upstream,1194.0,86150.0
2025-04-07,AST-014,0.52,Preventive,Planned,North America,Upstream,928.0,79861.0
2025-04-07,AST-018,1.49,Corrective,Planned,India,Integrated Gas,5900.0,488089.0
2025-04-07,AST-019,3.34,Preventive,Planned,Africa,Upstream,10992.0,972770.0
2025-04-07,AST-028,8.28,Preventive,Planned,North America,Integrated Gas,20856.0,1521463.0
2025-04-07,AST-031,4.46,Corrective,Planned,China,Integrated Gas,20851.0,1811466.0
2025-04-07,AST-042,15.51,Preventive,Unplanned,North America,Integrated Gas,81511.0,5979555.0
2025-04-07,AST-043,16.72,Corrective,Unplanned,North America,Upstream,74983.0,5321684.0
2025-04-07,AST-049,4.39,Corrective,Planned,North America,Upstream,14760.0,1221217.0
2025-04-07,AST-050,7.85,Inspection,Planned,North America,Upstream,10054.0,849017.0
2025-04-08,AST-002,3.27,Corrective,Planned,North America,Upstream,7187.0,556769.0
2025-04-08,AST-003,2.45,Inspection,Planned,Middle East,Upstream,12450.0,1079025.0
2025-04-08,AST-004,3.23,Preventive,Planned,China,Upstream,12155.0,808152.0
2025-04-08,AST-006,3.32,Inspection,Planned,Africa,Integrated Gas,14376.0,1285620.0
2025-04-08,AST-012,7.36,Corrective,Planned,Africa,Upstream,43214.0,3732962.0
2025-04-08,AST-014,2.3,Inspection,Planned,North America,Upstream,4718.0,361281.0
2025-04-08,AST-024,0.36,Preventive,Planned,Africa,Integrated Gas,535.0,46627.0
2025-04-08,AST-028,5.03,Corrective,Unplanned,North America,Integrated Gas,12942.0,1089311.0
2025-04-08,AST-029,15.25,Preventive,Unplanned,Middle East,Integrated Gas,104453.0,7176188.0
2025-04-08,AST-030,2.56,Turnaround,Planned,China,Integrated Gas,14076.0,1181771.0
2025-04-08,AST-036,14.24,Preventive,Unplanned,India,Integrated Gas,52743.0,4106154.0
2025-04-08,AST-043,2.38,Corrective,Planned,North America,Upstream,12369.0,1057620.0
2025-04-08,AST-045,2.01,Preventive,Planned,India,Upstream,8725.0,681243.0
2025-04-08,AST-046,3.78,Inspection,Planned,Africa,Upstream,15778.0,1408743.0
2025-04-08,AST-047,7.06,Corrective,Planned,China,Upstream,38400.0,2771167.0
2025-04-09,AST-005,4.76,Inspection,Planned,China,Integrated Gas,12267.0,930397.5
2025-04-09,AST-013,3.29,Preventive,Planned,North America,Upstream,10809.0,743963.0
2025-04-09,AST-017,1.86,Preventive,Planned,Middle East,Chemicals & Products,9686.0,675487.0
2025-04-09,AST-018,5.21,Preventive,Planned,India,Integrated Gas,18798.0,1570281.0
2025-04-09,AST-020,24.39,Corrective,Unplanned,China,Chemicals & Products,57691.0,4423188.0
2025-04-09,AST-023,13.3,Inspection,Unplanned,Europe,Upstream,23175.0,2051424.0
2025-04-09,AST-028,13.22,Corrective,Planned,North America,Integrated Gas,15337.5,1100266.0
2025-04-09,AST-031,2.59,Preventive,Planned,China,Integrated Gas,14222.0,1081903.0
2025-04-09,AST-032,6.09,Corrective,Planned,Europe,Upstream,10139.0,736084.0
2025-04-09,AST-035,6.98,Preventive,Planned,Africa,Upstream,48086.0,3638661.0
2025-04-09,AST-036,0.63,Inspection,Planned,India,Integrated Gas,1748.0,121397.0
2025-04-09,AST-050,0.28,Turnaround,Planned,North America,Upstream,321.0,22766.0
2025-04-10,AST-003,2.33,Preventive,Planned,Middle East,Upstream,10936.0,818418.0
2025-04-10,AST-011,0.91,Preventive,Planned,Middle East,Upstream,1478.0,97721.0
2025-04-10,AST-012,13.46,Corrective,Planned,Africa,Upstream,17388.0,1286356.0
2025-04-10,AST-013,3.33,Corrective,Planned,North America,Upstream,10374.0,807268.0
2025-04-10,AST-014,1.84,Preventive,Planned,North America,Upstream,4514.0,338281.0
2025-04-10,AST-016,2.78,Corrective,Planned,North America,Upstream,5710.0,522441.0
2025-04-10,AST-026,8.77,Preventive,Planned,Middle East,Upstream,52561.0,3844170.0
2025-04-10,AST-027,3.77,Preventive,Unplanned,China,Upstream,17334.0,1442600.0
2025-04-10,AST-035,2.08,Preventive,Planned,Africa,Upstream,12729.0,931629.0
2025-04-10,AST-037,3.38,Corrective,Planned,Africa,Upstream,7422.0,484900.0
2025-04-10,AST-042,2.77,Inspection,Planned,North America,Integrated Gas,6868.0,591104.5
2025-04-10,AST-044,18.16,Preventive,Unplanned,China,Upstream,63802.0,5079447.0
2025-04-10,AST-050,4.55,Corrective,Planned,North America,Upstream,5281.0,391651.0
2025-04-11,AST-001,5.3,Corrective,Planned,India,Upstream,12181.0,976369.0
2025-04-11,AST-004,4.59,Corrective,Planned,China,Upstream,22456.0,1658384.0
2025-04-11,AST-019,4.14,Preventive,Planned,Africa,Upstream,11564.0,834667.0
2025-04-11,AST-020,14.32,Preventive,Planned,China,Chemicals & Products,35242.0,3081688.0
2025-04-11,AST-022,2.33,Corrective,Planned,China,Upstream,7311.0,584421.0
2025-04-11,AST-026,4.77,Preventive,Planned,Middle East,Upstream,29294.0,2323777.0
2025-04-11,AST-027,12.49,Preventive,Planned,China,Upstream,64127.0,5006117.0
2025-04-11,AST-031,7.74,Preventive,Planned,China,Integrated Gas,20947.5,1475542.5
2025-04-11,AST-032,13.79,Preventive,Unplanned,Europe,Upstream,45450.0,2999766.0
2025-04-11,AST-040,6.44,Corrective,Planned,Middle East,Integrated Gas,5984.0,488930.0
2025-04-11,AST-042,12.77,Inspection,Unplanned,North America,Integrated Gas,75927.0,5774729.0
2025-04-11,AST-043,9.45,Preventive,Unplanned,North America,Upstream,48478.0,3589329.0
2025-04-11,AST-045,1.23,Preventive,Planned,India,Upstream,5687.0,490260.0
2025-04-11,AST-046,4.52,Preventive,Planned,Africa,Upstream,16905.0,1252437.0
2025-04-11,AST-048,2.53,Preventive,Planned,Africa,Chemicals & Products,4357.0,371777.0
2025-04-11,AST-049,7.02,Preventive,Unplanned,North America,Upstream,24536.0,1827069.0
2025-04-12,AST-001,25.29,Corrective,Planned,India,Upstream,34032.0,2821621.5
2025-04-12,AST-002,0.97,Preventive,Planned,North America,Upstream,2427.0,184588.0
2025-04-12,AST-011,0.91,Preventive,Planned,Middle East,Upstream,1451.0,92652.0
2025-04-12,AST-015,3.4,Preventive,Planned,North America,Integrated Gas,9852.0,815721.0
2025-04-12,AST-016,3.75,Preventive,Planned,North America,Upstream,6557.0,492791.0
2025-04-12,AST-023,3.13,Preventive,Planned,Europe,Upstream,4226.0,343692.0
2025-04-12,AST-025,0.58,Turnaround,Planned,North America,Upstream,5018.0,401034.0
2025-04-12,AST-027,1.71,Corrective,Planned,China,Upstream,8779.0,626761.0
2025-04-12,AST-030,3.44,Inspection,Planned,China,Integrated Gas,24359.0,1973674.0
2025-04-12,AST-032,9.27,Corrective,Planned,Europe,Upstream,34697.0,3030823.0
2025-04-12,AST-036,3.9,Turnaround,Planned,India,Integrated Gas,13363.0,1032609.0
2025-04-12,AST-037,4.49,Preventive,Planned,Africa,Upstream,9586.0,782871.0
2025-04-12,AST-042,0.76,Corrective,Planned,North America,Integrated Gas,4095.0,334113.0
2025-04-12,AST-049,10.1,Inspection,Planned,North America,Upstream,33847.0,2722459.0
2025-04-13,AST-001,25.87,Corrective,Planned,India,Upstream,33144.5,2569137.5
2025-04-13,AST-003,6.03,Turnaround,Planned,Middle East,Upstream,26726.0,2029620.0
2025-04-13,AST-008,1.42,Corrective,Planned,North America,Upstream,8568.0,584039.0
2025-04-13,AST-009,6.0,Corrective,Planned,Europe,Upstream,5198.0,375558.5
2025-04-13,AST-014,3.1,Inspection,Planned,North America,Upstream,5496.0,465464.0
2025-04-13,AST-021,9.19,Preventive,Planned,Middle East,Chemicals & Products,20334.0,1413808.5
2025-04-13,AST-023,10.37,Corrective,Planned,Europe,Upstream,8111.0,656505.5
2025-04-13,AST-028,3.6,Turnaround,Planned,North America,Integrated Gas,9188.0,729149.0
2025-04-13,AST-034,1.69,Corrective,Planned,Middle East,Upstream,2441.0,177359.0
2025-04-13,AST-035,0.54,Preventive,Planned,Africa,Upstream,3063.0,238547.0
2025-04-13,AST-036,1.44,Preventive,Planned,India,Integrated Gas,4691.0,357422.0
2025-04-13,AST-040,18.21,Corrective,Unplanned,Middle East,Integrated Gas,41355.0,3216731.0
2025-04-13,AST-042,1.29,Preventive,Planned,North America,Integrated Gas,6992.0,460250.0
2025-04-13,AST-043,7.14,Preventive,Planned,North America,Upstream,36210.0,3078780.0
2025-04-13,AST-045,2.57,Preventive,Planned,India,Upstream,12803.0,828516.0
2025-04-13,AST-048,2.88,Inspection,Planned,Africa,Chemicals & Products,4022.0,339389.0
2025-04-13,AST-049,4.5,Corrective,Unplanned,North America,Upstream,12351.0,1022624.0
2025-04-14,AST-001,1.87,Preventive,Planned,India,Upstream,4485.0,366608.0
2025-04-14,AST-004,5.09,Inspection,Unplanned,China,Upstream,20795.0,1528423.0
2025-04-14,AST-006,12.82,Preventive,Unplanned,Africa,Integrated Gas,56578.0,5063497.0
2025-04-14,AST-008,4.56,Corrective,Planned,North America,Upstream,20949.0,1727018.0
2025-04-14,AST-010,6.36,Preventive,Planned,India,Upstream,3483.0,265417.5
2025-04-14,AST-012,12.57,Preventive,Planned,Africa,Upstream,67818.0,5449900.0
2025-04-14,AST-016,8.81,Preventive,Unplanned,North America,Upstream,14503.0,952235.0
2025-04-14,AST-020,1.78,Preventive,Planned,China,Chemicals & Products,5686.0,438069.0
2025-04-14,AST-021,5.53,Preventive,Unplanned,Middle East,Chemicals & Products,23590.0,1776638.0
2025-04-14,AST-024,6.29,Corrective,Planned,Africa,Integrated Gas,11172.0,807425.0
2025-04-14,AST-032,3.2,Preventive,Planned,Europe,Upstream,12406.0,1062295.0
2025-04-14,AST-035,15.92,Preventive,Unplanned,Africa,Upstream,97876.0,8198995.0
2025-04-14,AST-037,3.18,Preventive,Planned,Africa,Upstream,6746.0,441256.0
2025-04-14,AST-038,2.78,Inspection,Planned,North America,Integrated Gas,8989.0,712412.0
2025-04-14,AST-045,4.17,Corrective,Planned,India,Upstream,21104.0,1658886.0
2025-04-14,AST-046,6.2,Corrective,Unplanned,Africa,Upstream,26984.0,1807381.0
2025-04-14,AST-047,2.73,Corrective,Planned,China,Upstream,10747.0,782882.0
2025-04-14,AST-050,1.26,Preventive,Planned,North America,Upstream,1435.0,112353.0
2025-04-15,AST-001,26.29,Preventive,Unplanned,India,Upstream,69137.0,5264028.0
2025-04-15,AST-007,0.4,Preventive,Planned,India,Chemicals & Products,1360.0,95644.0
2025-04-15,AST-016,13.7,Inspection,Planned,North America,Upstream,10338.0,696348.0
2025-04-15,AST-017,6.0,Corrective,Planned,Middle East,Chemicals & Products,27236.0,1800591.0
2025-04-15,AST-019,25.99,Preventive,Unplanned,Africa,Upstream,78865.0,5708496.0
2025-04-15,AST-022,3.8,Inspection,Planned,China,Upstream,5763.0,414576.5
2025-04-15,AST-023,7.49,Corrective,Planned,Europe,Upstream,6012.5,419473.0
2025-04-15,AST-029,4.42,Inspection,Planned,Middle East,Integrated Gas,28872.0,2586587.0
2025-04-15,AST-035,7.78,Preventive,Planned,Africa,Upstream,40538.0,3249927.0
2025-04-15,AST-036,20.1,Turnaround,Unplanned,India,Integrated Gas,71022.0,5877253.0
2025-04-15,AST-037,7.75,Corrective,Unplanned,Africa,Upstream,15761.0,1107198.0
2025-04-15,AST-038,4.08,Corrective,Planned,North America,Integrated Gas,10759.0,807713.0
2025-04-15,AST-044,3.39,Preventive,Unplanned,China,Upstream,9617.0,668805.0
2025-04-16,AST-001,5.3,Preventive,Planned,India,Upstream,16217.0,1322939.0
2025-04-16,AST-002,7.36,Inspection,Planned,North America,Upstream,18309.0,1523377.0
2025-04-16,AST-003,4.69,Preventive,Planned,Middle East,Upstream,21803.0,1943337.0
2025-04-16,AST-013,13.87,Corrective,Planned,North America,Upstream,51344.0,4273834.0
2025-04-16,AST-014,15.28,Turnaround,Planned,North America,Upstream,14122.0,1241701.5
2025-04-16,AST-015,17.05,Inspection,Unplanned,North America,Integrated Gas,59227.0,5059846.0
2025-04-16,AST-017,3.67,Turnaround,Planned,Middle East,Chemicals & Products,19958.0,1590052.0
2025-04-16,AST-025,1.74,Inspection,Unplanned,North America,Upstream,11715.0,929457.0
2025-04-16,AST-028,8.84,Preventive,Planned,North America,Integrated Gas,25077.0,1980211.0
2025-04-16,AST-030,2.86,Inspection,Planned,China,Integrated Gas,16889.0,1375333.0
2025-04-16,AST-032,8.14,Preventive,Planned,Europe,Upstream,27529.0,1807646.0
2025-04-16,AST-035,6.54,Corrective,Planned,Africa,Upstream,43877.0,3119449.0
2025-04-16,AST-047,6.48,Preventive,Planned,China,Upstream,16223.0,1089848.5
2025-04-16,AST-050,3.04,Inspection,Planned,North America,Upstream,3095.0,227789.0
2025-04-17,AST-001,0.99,Preventive,Planned,India,Upstream,2539.0,161746.0
2025-04-17,AST-003,6.61,Inspection,Planned,Middle East,Upstream,34037.0,2325066.0
2025-04-17,AST-010,22.38,Corrective,Unplanned,India,Upstream,23610.0,1916505.0
2025-04-17,AST-012,2.39,Preventive,Planned,Africa,Upstream,11299.0,891403.0
2025-04-17,AST-013,1.1,Preventive,Planned,North America,Upstream,3727.0,280258.0
2025-04-17,AST-016,7.09,Preventive,Planned,North America,Upstream,12241.0,919134.0
2025-04-17,AST-022,16.29,Preventive,Unplanned,China,Upstream,45491.0,3544007.0
2025-04-17,AST-023,14.89,Corrective,Planned,Europe,Upstream,11715.0,821466.5
2025-04-17,AST-026,3.02,Preventive,Unplanned,Middle East,Upstream,20129.0,1743748.0
2025-04-17,AST-029,2.01,Corrective,Planned,Middle East,Integrated Gas,11638.0,854501.0
2025-04-17,AST-030,4.63,Corrective,Planned,China,Integrated Gas,25972.0,2172302.0
2025-04-17,AST-036,12.09,Corrective,Planned,India,Integrated Gas,12711.75,971120.0
2025-04-17,AST-037,2.75,Preventive,Planned,Africa,Upstream,6297.0,461278.0
2025-04-17,AST-040,16.17,Corrective,Planned,Middle East,Integrated Gas,38403.0,3016417.0
2025-04-17,AST-042,13.1,Corrective,Planned,North America,Integrated Gas,34037.0,2928827.5
2025-04-17,AST-045,7.68,Corrective,Planned,India,Upstream,16901.0,1296402.5
2025-04-17,AST-050,0.9,Preventive,Planned,North America,Upstream,1009.0,75788.0
2025-04-18,AST-002,3.7,Preventive,Planned,North America,Upstream,12397.0,1007107.0
2025-04-18,AST-007,6.76,Corrective,Planned,India,Chemicals & Products,21747.0,1606514.0
2025-04-18,AST-018,4.5,Corrective,Unplanned,India,Integrated Gas,16095.0,1388248.0
2025-04-18,AST-021,5.89,Preventive,Planned,Middle East,Chemicals & Products,24502.0,1669338.0
2025-04-18,AST-022,1.38,Corrective,Planned,China,Upstream,3333.0,251765.0
2025-04-18,AST-028,7.9,Turnaround,Planned,North America,Integrated Gas,20064.0,1407036.0
2025-04-18,AST-035,7.38,Corrective,Planned,Africa,Upstream,49200.0,3975640.0
2025-04-18,AST-037,1.8,Corrective,Planned,Africa,Upstream,3400.0,254744.0
2025-04-18,AST-045,9.99,Corrective,Planned,India,Upstream,50289.0,3850617.0
2025-04-18,AST-046,4.54,Preventive,Planned,Africa,Upstream,22601.0,1532067.0
2025-04-18,AST-047,21.41,Preventive,Unplanned,China,Upstream,102895.0,8302494.0
2025-04-19,AST-003,12.25,Inspection,Planned,Middle East,Upstream,53403.0,3844722.0
2025-04-19,AST-011,4.27,Inspection,Planned,Middle East,Upstream,6821.0,513607.0
2025-04-19,AST-014,18.89,Corrective,Planned,North America,Upstream,17058.0,1350383.5
2025-04-19,AST-016,7.03,Inspection,Unplanned,North America,Upstream,11488.0,835621.0
2025-04-19,AST-017,3.28,Turnaround,Planned,Middle East,Chemicals & Products,20011.0,1728166.0
2025-04-19,AST-021,3.8,Preventive,Planned,Middle East,Chemicals & Products,20974.0,1782606.0
2025-04-19,AST-024,8.36,Corrective,Unplanned,Africa,Integrated Gas,12089.0,977078.0
2025-04-19,AST-028,26.29,Corrective,Planned,North America,Integrated Gas,19912.0,1432464.0
2025-04-19,AST-034,2.65,Turnaround,Planned,Middle East,Upstream,4259.0,344304.0
2025-04-19,AST-038,2.74,Preventive,Planned,North America,Integrated Gas,7238.0,658037.0
2025-04-19,AST-044,3.81,Corrective,Planned,China,Upstream,13637.0,994279.0
2025-04-19,AST-047,10.23,Preventive,Planned,China,Upstream,41282.0,3479510.0
2025-04-20,AST-007,1.87,Corrective,Planned,India,Chemicals & Products,6628.0,451651.0
2025-04-20,AST-010,7.01,Preventive,Planned,India,Upstream,7785.0,679124.0
2025-04-20,AST-013,3.42,Preventive,Planned,North America,Upstream,12315.0,950071.0
2025-04-20,AST-014,12.81,Preventive,Unplanned,North America,Upstream,21479.0,1526912.0
2025-04-20,AST-016,20.61,Preventive,Unplanned,North America,Upstream,30947.0,2653426.0
2025-04-20,AST-020,2.21,Preventive,Planned,China,Chemicals & Products,6093.0,522238.0
2025-04-20,AST-031,10.36,Preventive,Planned,China,Integrated Gas,50590.0,3808603.0
2025-04-20,AST-035,10.13,Preventive,Unplanned,Africa,Upstream,65880.0,4938212.0
2025-04-20,AST-036,2.94,Corrective,Planned,India,Integrated Gas,10548.0,716461.0
2025-04-20,AST-037,13.48,Corrective,Planned,Africa,Upstream,27780.0,2216208.0
2025-04-21,AST-004,14.78,Corrective,Planned,China,Upstream,33417.5,2600377.5
2025-04-21,AST-008,3.56,Preventive,Planned,North America,Upstream,21177.0,1802277.0
2025-04-21,AST-010,30.17,Corrective,Unplanned,India,Upstream,22967.0,1713325.0
2025-04-21,AST-011,3.48,Corrective,Planned,Middle East,Upstream,5841.0,429162.0
2025-04-21,AST-015,7.92,Corrective,Unplanned,North America,Integrated Gas,30532.0,2491113.0
2025-04-21,AST-018,4.95,Turnaround,Planned,India,Integrated Gas,17230.0,1241765.0
2025-04-21,AST-030,2.19,Inspection,Planned,China,Integrated Gas,13108.0,863180.0
2025-04-21,AST-033,16.03,Corrective,Unplanned,India,Integrated Gas,45177.0,3832943.0
2025-04-21,AST-034,0.59,Preventive,Planned,Middle East,Upstream,819.0,57838.0
2025-04-21,AST-035,0.6,Preventive,Planned,Africa,Upstream,3877.0,337543.0
2025-04-21,AST-037,2.57,Corrective,Planned,Africa,Upstream,5099.0,386357.0
2025-04-21,AST-040,1.81,Inspection,Planned,Middle East,Integrated Gas,2962.0,207448.0
2025-04-21,AST-045,0.45,Preventive,Planned,India,Upstream,1626.0,134154.0
2025-04-21,AST-046,0.69,Inspection,Planned,Africa,Upstream,2963.0,215958.0
2025-04-22,AST-003,4.26,Corrective,Planned,Middle East,Upstream,18761.0,1545039.0
2025-04-22,AST-008,2.31,Inspection,Planned,North America,Upstream,13882.0,1231384.0
2025-04-22,AST-013,4.15,Preventive,Planned,North America,Upstream,6206.0,456500.5
2025-04-22,AST-015,6.12,Corrective,Planned,North America,Integrated Gas,22670.0,1736218.0
2025-04-22,AST-018,2.98,Corrective,Planned,India,Integrated Gas,12026.0,1028512.0
2025-04-22,AST-022,8.77,Preventive,Unplanned,China,Upstream,24363.0,1996403.0
2025-04-22,AST-024,0.36,Preventive,Planned,Africa,Integrated Gas,582.0,39600.0
2025-04-22,AST-026,4.49,Preventive,Planned,Middle East,Upstream,24654.0,2015589.0
2025-04-22,AST-035,9.27,Corrective,Unplanned,Africa,Upstream,66981.0,4721455.0
2025-04-22,AST-038,4.76,Preventive,Planned,North America,Integrated Gas,12845.0,994176.0
2025-04-22,AST-045,7.05,Preventive,Unplanned,India,Upstream,29167.0,2329174.0
2025-04-22,AST-046,1.18,Preventive,Planned,Africa,Upstream,5276.0,387836.0
2025-04-22,AST-047,1.49,Corrective,Planned,China,Upstream,6550.0,492828.0
2025-04-22,AST-048,0.36,Turnaround,Planned,Africa,Chemicals & Products,466.0,37659.0
2025-04-23,AST-015,2.03,Preventive,Planned,North America,Integrated Gas,7767.0,573918.0
2025-04-23,AST-022,9.11,Corrective,Planned,China,Upstream,27706.0,2273438.0
2025-04-23,AST-024,8.65,Corrective,Planned,Africa,Integrated Gas,12738.0,1128413.0
2025-04-23,AST-033,3.47,Preventive,Planned,India,Integrated Gas,9548.0,773823.0
2025-04-23,AST-040,12.35,Turnaround,Planned,Middle East,Integrated Gas,25539.0,1897532.0
2025-04-23,AST-048,3.09,Corrective,Planned,Africa,Chemicals & Products,4209.0,289557.0
2025-04-24,AST-001,2.14,Preventive,Planned,India,Upstream,6117.0,520459.0
2025-04-24,AST-002,6.94,Inspection,Planned,North America,Upstream,16935.0,1113289.0
2025-04-24,AST-003,4.43,Preventive,Planned,Middle East,Upstream,18052.0,1264638.0
2025-04-24,AST-005,13.51,Inspection,Planned,China,Integrated Gas,67701.0,5267679.0
2025-04-24,AST-006,3.58,Corrective,Planned,Africa,Integrated Gas,15884.0,1278948.0
2025-04-24,AST-007,0.9,Corrective,Planned,India,Chemicals & Products,3065.0,257909.0
2025-04-24,AST-009,5.17,Inspection,Planned,Europe,Upstream,10059.0,811900.0
2025-04-24,AST-013,18.12,Preventive,Unplanned,North America,Upstream,72980.0,6074262.0
2025-04-24,AST-016,10.3,Preventive,Unplanned,North America,Upstream,20041.0,1512244.0
2025-04-24,AST-021,8.66,Inspection,Planned,Middle East,Chemicals & Products,39733.0,3214556.0
2025-04-24,AST-022,25.88,Corrective,Planned,China,Upstream,31409.67,2327024.33
2025-04-24,AST-024,1.16,Preventive,Planned,Africa,Integrated Gas,1780.0,141061.0
2025-04-24,AST-026,4.83,Corrective,Unplanned,Middle East,Upstream,34032.0,2432507.0
2025-04-24,AST-028,5.09,Preventive,Planned,North America,Integrated Gas,13280.0,1127124.0
2025-04-24,AST-031,4.47,Preventive,Planned,China,Integrated Gas,22834.0,1876118.0
2025-04-24,AST-032,8.05,Inspection,Planned,Europe,Upstream,14865.0,1204119.0
2025-04-24,AST-033,7.46,Corrective,Planned,India,Integrated Gas,10657.0,920547.5
2025-04-24,AST-038,8.38,Corrective,Unplanned,North America,Integrated Gas,23948.0,1541544.0
2025-04-24,AST-040,17.81,Corrective,Planned,Middle East,Integrated Gas,16678.0,1353605.5
2025-04-24,AST-048,0.8,Preventive,Planned,Africa,Chemicals & Products,1002.0,67951.0
2025-04-25,AST-003,2.2,Turnaround,Planned,Middle East,Upstream,10699.0,813997.0
2025-04-25,AST-005,4.71,Preventive,Planned,China,Integrated Gas,23283.0,1609823.0
2025-04-25,AST-010,7.62,Corrective,Planned,India,Upstream,8348.0,679365.0
2025-04-25,AST-019,3.21,Turnaround,Planned,Africa,Upstream,10487.0,890583.0
2025-04-25,AST-024,7.39,Corrective,Planned,Africa,Integrated Gas,10926.0,857122.0
2025-04-25,AST-026,1.65,Inspection,Planned,Middle East,Upstream,9582.0,617083.0
2025-04-25,AST-030,26.01,Corrective,Planned,China,Integrated Gas,60217.5,4755752.5
2025-04-25,AST-034,7.86,Corrective,Planned,Middle East,Upstream,13315.0,955232.0
2025-04-25,AST-039,6.04,Corrective,Unplanned,Europe,Integrated Gas,25802.0,2074778.0
2025-04-25,AST-044,6.36,Corrective,Planned,China,Upstream,28111.0,1950453.0
2025-04-26,AST-006,1.99,Preventive,Planned,Africa,Integrated Gas,9890.0,759204.0
2025-04-26,AST-011,1.37,Preventive,Planned,Middle East,Upstream,2048.0,156538.0
2025-04-26,AST-016,6.32,Preventive,Unplanned,North America,Upstream,11942.0,989960.0
2025-04-26,AST-020,2.47,Preventive,Planned,China,Chemicals & Products,6571.0,459710.0
2025-04-26,AST-023,7.05,Inspection,Planned,Europe,Upstream,4865.5,423250.5
2025-04-26,AST-026,6.55,Preventive,Planned,Middle East,Upstream,35901.0,2920800.0
2025-04-26,AST-027,37.73,Corrective,Unplanned,China,Upstream,196893.0,13660908.0
2025-04-26,AST-034,4.49,Preventive,Unplanned,Middle East,Upstream,7550.0,571414.0
2025-04-26,AST-037,6.13,Inspection,Planned,Africa,Upstream,14278.0,1076389.0
2025-04-26,AST-041,11.15,Preventive,Unplanned,India,Integrated Gas,62066.0,4852112.0
2025-04-26,AST-044,4.66,Corrective,Planned,China,Upstream,16394.0,1477259.0
2025-04-26,AST-047,5.58,Inspection,Unplanned,China,Upstream,32873.0,2069583.0
2025-04-26,AST-048,1.8,Turnaround,Planned,Africa,Chemicals & Products,2211.0,160401.0
2025-04-26,AST-049,1.93,Inspection,Planned,North America,Upstream,7395.0,542315.0
2025-04-26,AST-050,27.46,Inspection,Unplanned,North America,Upstream,31570.0,2249928.0
2025-04-27,AST-005,0.52,Turnaround,Unplanned,China,Integrated Gas,3051.0,228252.0
2025-04-27,AST-010,15.19,Corrective,Planned,India,Upstream,8824.5,675692.0
2025-04-27,AST-012,5.39,Corrective,Planned,Africa,Upstream,25491.0,1854303.0
2025-04-27,AST-015,2.62,Preventive,Planned,North America,Integrated Gas,10972.0,837201.0
2025-04-27,AST-017,0.26,Turnaround,Planned,Middle East,Chemicals & Products,1253.0,96617.0
2025-04-27,AST-018,5.93,Inspection,Planned,India,Integrated Gas,21773.0,1482376.0
2025-04-27,AST-020,5.32,Corrective,Planned,China,Chemicals & Products,6317.0,528961.5
2025-04-27,AST-022,18.38,Preventive,Unplanned,China,Upstream,67180.0,4894221.0
2025-04-27,AST-023,1.66,Corrective,Planned,Europe,Upstream,2163.0,172407.0
2025-04-27,AST-024,2.38,Inspection,Planned,Africa,Integrated Gas,3964.0,313817.0
2025-04-27,AST-027,5.85,Preventive,Planned,China,Upstream,28961.0,1964820.0
2025-04-27,AST-032,2.33,Corrective,Planned,Europe,Upstream,9020.0,698400.0
2025-04-27,AST-034,1.74,Preventive,Planned,Middle East,Upstream,2466.0,175984.0
2025-04-27,AST-040,1.83,Corrective,Planned,Middle East,Integrated Gas,3382.0,230381.0
2025-04-27,AST-043,2.34,Corrective,Planned,North America,Upstream,9127.0,660324.0
2025-04-27,AST-048,4.39,Corrective,Planned,Africa,Chemicals & Products,2884.5,195957.5
2025-04-27,AST-050,10.17,Corrective,Planned,North America,Upstream,5696.5,392518.5
2025-04-28,AST-006,2.1,Corrective,Planned,Africa,Integrated Gas,11815.0,1000106.0
2025-04-28,AST-009,0.99,Corrective,Planned,Europe,Upstream,1948.0,145141.0
2025-04-28,AST-010,7.02,Inspection,Planned,India,Upstream,7527.0,659519.0
2025-04-28,AST-011,5.56,Preventive,Planned,Middle East,Upstream,6927.0,470220.0
2025-04-28,AST-012,1.95,Preventive,Planned,Africa,Upstream,10090.0,754893.0
2025-04-28,AST-017,19.63,Preventive,Unplanned,Middle East,Chemicals & Products,44417.0,3468118.0
2025-04-28,AST-019,11.5,Preventive,Unplanned,Africa,Upstream,36451.0,2418534.0
2025-04-28,AST-022,3.24,Corrective,Planned,China,Upstream,9528.0,706371.0
2025-04-28,AST-026,4.4,Corrective,Unplanned,Middle East,Upstream,24278.0,1887566.0
2025-04-28,AST-028,1.67,Corrective,Planned,North America,Integrated Gas,4365.0,305859.0
2025-04-28,AST-029,9.05,Corrective,Planned,Middle East,Integrated Gas,53170.0,4098292.0
2025-04-28,AST-033,2.65,Corrective,Planned,India,Integrated Gas,6876.0,467421.0
2025-04-28,AST-042,14.84,Turnaround,Planned,North America,Integrated Gas,79802.0,5456233.0
2025-04-28,AST-043,2.63,Turnaround,Planned,North America,Upstream,16551.0,1112386.0
2025-04-28,AST-046,1.23,Preventive,Planned,Africa,Upstream,6162.0,453443.0
2025-04-28,AST-048,16.87,Corrective,Unplanned,Africa,Chemicals & Products,25797.0,1741812.0
2025-04-29,AST-001,2.5,Preventive,Planned,India,Upstream,7330.0,525829.0
2025-04-29,AST-003,10.98,Preventive,Planned,Middle East,Upstream,26355.5,2253393.5
2025-04-29,AST-006,3.22,Inspection,Planned,Africa,Integrated Gas,16803.0,1354634.0
2025-04-29,AST-009,18.61,Corrective,Unplanned,Europe,Upstream,37780.0,3044844.0
2025-04-29,AST-010,15.44,Corrective,Planned,India,Upstream,17837.0,1398687.0
2025-04-29,AST-012,14.23,Preventive,Unplanned,Africa,Upstream,88270.0,6132233.0
2025-04-29,AST-013,2.92,Inspection,Planned,North America,Upstream,4957.0,428456.5
2025-04-29,AST-016,8.85,Preventive,Unplanned,North America,Upstream,15700.0,1215621.0
2025-04-29,AST-017,3.36,Preventive,Planned,Middle East,Chemicals & Products,17806.0,1388833.0
2025-04-29,AST-018,0.53,Preventive,Planned,India,Integrated Gas,2006.0,161128.0
2025-04-29,AST-021,3.35,Corrective,Planned,Middle East,Chemicals & Products,13890.0,1221629.0
2025-04-29,AST-033,2.99,Preventive,Planned,India,Integrated Gas,8594.0,625660.0
2025-04-29,AST-036,2.53,Preventive,Planned,India,Integrated Gas,10458.0,799665.0
2025-04-29,AST-040,1.03,Turnaround,Planned,Middle East,Integrated Gas,1829.0,137550.0
2025-04-29,AST-041,8.84,Preventive,Planned,India,Integrated Gas,29214.5,2226419.0
2025-04-29,AST-044,15.32,Preventive,Planned,China,Upstream,28196.5,2066691.0
2025-04-29,AST-046,5.52,Corrective,Planned,Africa,Upstream,26154.0,1895512.0
2025-04-30,AST-004,3.22,Preventive,Planned,China,Upstream,11534.0,783905.0
2025-04-30,AST-009,9.69,Corrective,Planned,Europe,Upstream,20111.0,1358375.0
2025-04-30,AST-010,5.63,Corrective,Planned,India,Upstream,7148.0,532675.0
2025-04-30,AST-011,0.18,Inspection,Planned,Middle East,Upstream,278.0,21252.0
2025-04-30,AST-012,18.07,Turnaround,Unplanned,Africa,Upstream,86529.0,7236182.0
2025-04-30,AST-013,2.2,Corrective,Planned,North America,Upstream,10239.0,863683.0
2025-04-30,AST-015,2.61,Preventive,Planned,North America,Integrated Gas,10286.0,891809.0
2025-04-30,AST-018,6.6,Preventive,Planned,India,Integrated Gas,27797.0,2506365.0
2025-04-30,AST-021,9.01,Preventive,Planned,Middle East,Chemicals & Products,41293.0,3116087.0
2025-04-30,AST-025,9.69,Corrective,Unplanned,North America,Upstream,56359.0,4049693.0
2025-04-30,AST-026,6.5,Preventive,Planned,Middle East,Upstream,38829.0,3346500.0
2025-04-30,AST-027,19.23,Preventive,Unplanned,China,Upstream,94180.0,7921305.0
2025-04-30,AST-028,2.95,Inspection,Planned,North America,Integrated Gas,3664.5,294195.0
2025-04-30,AST-029,7.82,Turnaround,Unplanned,Middle East,Integrated Gas,61331.0,4786467.0
2025-04-30,AST-036,0.74,Preventive,Planned,India,Integrated Gas,2509.0,172560.0
2025-04-30,AST-039,4.95,Corrective,Planned,Europe,Integrated Gas,21548.0,1608921.0
2025-04-30,AST-047,1.32,Corrective,Planned,China,Upstream,5594.0,466671.0
2025-05-01,AST-005,40.56,Preventive,Planned,China,Integrated Gas,101346.5,7942835.5
2025-05-01,AST-006,9.19,Preventive,Planned,Africa,Integrated Gas,53546.0,4505029.0
2025-05-01,AST-007,11.34,Inspection,Planned,India,Chemicals & Products,39148.0,3252466.0
2025-05-01,AST-008,11.0,Corrective,Unplanned,North America,Upstream,59273.0,4558159.0
2025-05-01,AST-009,14.99,Preventive,Unplanned,Europe,Upstream,25109.0,1677861.0
2025-05-01,AST-011,2.31,Preventive,Planned,Middle East,Upstream,2907.0,235770.0
2025-05-01,AST-012,51.36,Inspection,Unplanned,Africa,Upstream,263413.0,18690496.0
2025-05-01,AST-013,2.93,Preventive,Planned,North America,Upstream,12118.0,811582.0
2025-05-01,AST-015,3.4,Corrective,Planned,North America,Integrated Gas,11772.0,902964.0
2025-05-01,AST-016,5.32,Preventive,Planned,North America,Upstream,9767.0,761640.0
2025-05-01,AST-020,16.91,Corrective,Planned,China,Chemicals & Products,22889.5,1751969.5
2025-05-01,AST-025,0.53,Corrective,Planned,North America,Upstream,3456.0,272220.0
2025-05-01,AST-026,1.48,Preventive,Planned,Middle East,Upstream,10192.0,835547.0
2025-05-01,AST-030,10.3,Corrective,Unplanned,China,Integrated Gas,60552.0,5431461.0
2025-05-01,AST-037,1.73,Preventive,Planned,Africa,Upstream,3922.0,281323.0
2025-05-01,AST-043,3.51,Preventive,Planned,North America,Upstream,15607.0,1414098.0
2025-05-02,AST-001,19.86,Preventive,Unplanned,India,Upstream,54089.0,4386007.0
2025-05-02,AST-002,0.21,Preventive,Planned,North America,Upstream,608.0,50841.0
2025-05-02,AST-003,0.85,Corrective,Planned,Middle East,Upstream,3825.0,299711.0
2025-05-02,AST-006,13.05,Preventive,Unplanned,Africa,Integrated Gas,63415.0,5251465.0
2025-05-02,AST-007,1.66,Corrective,Planned,India,Chemicals & Products,6178.0,502656.0
2025-05-02,AST-011,4.1,Turnaround,Planned,Middle East,Upstream,4724.0,329615.0
2025-05-02,AST-012,3.47,Corrective,Planned,Africa,Upstream,21236.0,1759710.0
2025-05-02,AST-020,1.68,Preventive,Planned,China,Chemicals & Products,4108.0,344346.0
2025-05-02,AST-022,11.89,Corrective,Planned,China,Upstream,35425.0,2610737.0
2025-05-02,AST-024,21.07,Turnaround,Planned,Africa,Integrated Gas,18532.0,1321526.0
2025-05-02,AST-029,3.22,Corrective,Planned,Middle East,Integrated Gas,18542.0,1530991.0
2025-05-02,AST-035,0.47,Corrective,Planned,Africa,Upstream,2936.0,249517.0
2025-05-02,AST-036,13.2,Corrective,Unplanned,India,Integrated Gas,52809.0,3697659.0
2025-05-02,AST-043,7.27,Turnaround,Unplanned,North America,Upstream,41034.0,2819464.0
2025-05-02,AST-046,6.78,Corrective,Unplanned,Africa,Upstream,23078.0,1654494.0
2025-05-03,AST-004,2.61,Corrective,Planned,China,Upstream,8664.0,590879.0
2025-05-03,AST-005,13.64,Corrective,Planned,China,Integrated Gas,29976.0,2348737.0
2025-05-03,AST-007,2.82,Preventive,Planned,India,Chemicals & Products,8518.0,657500.0
2025-05-03,AST-008,16.87,Corrective,Unplanned,North America,Upstream,103638.0,8492127.0
2025-05-03,AST-010,22.08,Preventive,Planned,India,Upstream,10908.0,931327.5
2025-05-03,AST-016,17.09,Preventive,Unplanned,North America,Upstream,37049.0,3135970.0
2025-05-03,AST-020,3.56,Corrective,Planned,China,Chemicals & Products,12170.0,929337.0
2025-05-03,AST-030,1.63,Corrective,Planned,China,Integrated Gas,7997.0,652574.0
2025-05-03,AST-037,0.87,Preventive,Planned,Africa,Upstream,1815.0,126105.0
2025-05-03,AST-046,15.59,Corrective,Unplanned,Africa,Upstream,60790.0,4635824.0
2025-05-03,AST-048,27.91,Preventive,Unplanned,Africa,Chemicals & Products,48165.0,3451629.0
2025-05-04,AST-001,9.74,Corrective,Planned,India,Upstream,28549.0,2117087.0
2025-05-04,AST-002,2.22,Preventive,Planned,North America,Upstream,6544.0,514720.0
2025-05-04,AST-004,3.05,Preventive,Planned,China,Upstream,12961.0,1017430.0
2025-05-04,AST-005,5.23,Inspection,Planned,China,Integrated Gas,33136.0,2799125.0
2025-05-04,AST-006,3.96,Preventive,Planned,Africa,Integrated Gas,21877.0,1747905.0
2025-05-04,AST-007,4.14,Corrective,Planned,India,Chemicals & Products,14066.0,1253338.0
2025-05-04,AST-009,3.03,Preventive,Planned,Europe,Upstream,6403.0,461906.0
2025-05-04,AST-010,2.23,Corrective,Planned,India,Upstream,2124.0,158435.0
2025-05-04,AST-012,13.61,Corrective,Unplanned,Africa,Upstream,70765.0,5004071.0
2025-05-04,AST-014,3.83,Preventive,Planned,North America,Upstream,7192.0,566660.0
2025-05-04,AST-015,14.79,Inspection,Planned,North America,Integrated Gas,32055.0,2515629.0
2025-05-04,AST-018,27.67,Inspection,Unplanned,India,Integrated Gas,50090.0,4075275.5
2025-05-04,AST-020,5.46,Corrective,Planned,China,Chemicals & Products,14819.0,1141282.0
2025-05-04,AST-022,1.71,Preventive,Planned,China,Upstream,4766.0,390744.0
2025-05-04,AST-026,5.72,Corrective,Planned,Middle East,Upstream,16498.0,1103806.5
2025-05-04,AST-029,0.55,Inspection,Planned,Middle East,Integrated Gas,4345.0,336354.0
2025-05-04,AST-043,3.07,Preventive,Planned,North America,Upstream,16888.0,1189877.0
2025-05-04,AST-049,1.2,Preventive,Planned,North America,Upstream,3773.0,327403.0
2025-05-04,AST-050,6.74,Corrective,Planned,North America,Upstream,4051.0,337766.0
2025-05-05,AST-002,0.43,Preventive,Planned,North America,Upstream,1195.0,99642.0
2025-05-05,AST-004,3.85,Inspection,Planned,China,Upstream,16638.0,1126256.0
2025-05-05,AST-006,6.19,Preventive,Planned,Africa,Integrated Gas,33784.0,2392761.0
2025-05-05,AST-008,8.14,Corrective,Planned,North America,Upstream,48426.0,3319514.0
2025-05-05,AST-012,2.1,Preventive,Planned,Africa,Upstream,11674.0,842233.0
2025-05-05,AST-023,11.98,Corrective,Planned,Europe,Upstream,20050.0,1447914.0
2025-05-05,AST-026,0.97,Corrective,Planned,Middle East,Upstream,6795.0,572760.0
2025-05-05,AST-027,17.59,Corrective,Planned,China,Upstream,41772.5,3517123.5
2025-05-05,AST-030,2.79,Preventive,Planned,China,Integrated Gas,14656.0,1200085.0
2025-05-05,AST-033,4.81,Inspection,Planned,India,Integrated Gas,10604.0,754670.0
2025-05-05,AST-036,3.72,Preventive,Unplanned,India,Integrated Gas,13340.0,1057977.0
2025-05-05,AST-039,1.04,Preventive,Planned,Europe,Integrated Gas,4843.0,342775.0
2025-05-05,AST-047,10.9,Preventive,Planned,China,Upstream,54987.0,4684013.0
2025-05-06,AST-002,1.81,Inspection,Planned,North America,Upstream,4759.0,394490.0
2025-05-06,AST-005,3.48,Preventive,Planned,China,Integrated Gas,21842.0,1494610.0
2025-05-06,AST-009,4.53,Preventive,Planned,Europe,Upstream,9375.0,769318.0
2025-05-06,AST-012,9.89,Inspection,Unplanned,Africa,Upstream,52772.0,4045080.0
2025-05-06,AST-017,3.71,Inspection,Planned,Middle East,Chemicals & Products,7646.5,581617.5
2025-05-06,AST-019,4.82,Inspection,Planned,Africa,Upstream,15737.0,1242266.0
2025-05-06,AST-021,1.82,Preventive,Planned,Middle East,Chemicals & Products,8752.0,669484.0
2025-05-06,AST-022,5.36,Corrective,Planned,China,Upstream,8339.0,741425.5
2025-05-06,AST-024,1.01,Corrective,Planned,Africa,Integrated Gas,1366.0,103888.0
2025-05-06,AST-032,5.22,Inspection,Planned,Europe,Upstream,19295.0,1574662.0
2025-05-06,AST-038,2.58,Preventive,Planned,North America,Integrated Gas,7346.0,602808.0
2025-05-06,AST-039,2.42,Corrective,Planned,Europe,Integrated Gas,10470.0,908828.0
2025-05-06,AST-042,1.82,Corrective,Planned,North America,Integrated Gas,11457.0,752837.0
2025-05-06,AST-044,2.87,Preventive,Planned,China,Upstream,10240.0,745158.0
2025-05-06,AST-048,7.33,Preventive,Unplanned,Africa,Chemicals & Products,12619.0,1031688.0
2025-05-06,AST-050,1.75,Preventive,Planned,North America,Upstream,1781.0,125855.0
2025-05-07,AST-001,8.69,Corrective,Planned,India,Upstream,23552.0,1949782.0
2025-05-07,AST-003,6.44,Corrective,Planned,Middle East,Upstream,32827.0,2430276.0
2025-05-07,AST-008,20.26,Inspection,Planned,North America,Upstream,59997.0,4295715.0
2025-05-07,AST-013,10.85,Corrective,Planned,North America,Upstream,18277.5,1295166.0
2025-05-07,AST-016,2.05,Preventive,Planned,North America,Upstream,3930.0,345371.0
2025-05-07,AST-017,1.71,Corrective,Planned,Middle East,Chemicals & Products,7149.0,650310.0
2025-05-07,AST-018,3.18,Preventive,Planned,India,Integrated Gas,12931.0,1132224.0
2025-05-07,AST-023,4.35,Corrective,Planned,Europe,Upstream,6557.0,438179.0
2025-05-07,AST-024,9.33,Corrective,Planned,Africa,Integrated Gas,8038.0,610151.5
2025-05-07,AST-027,3.97,Inspection,Planned,China,Upstream,21237.0,1610399.0
2025-05-07,AST-029,2.35,Preventive,Planned,Middle East,Integrated Gas,17594.0,1208166.0
2025-05-07,AST-032,5.15,Preventive,Planned,Europe,Upstream,20000.0,1465016.0
2025-05-07,AST-036,6.05,Preventive,Unplanned,India,Integrated Gas,18681.0,1296018.0
2025-05-07,AST-039,1.86,Corrective,Planned,Europe,Integrated Gas,7718.0,628446.0
2025-05-07,AST-043,3.47,Corrective,Planned,North America,Upstream,18351.0,1381214.0
2025-05-08,AST-001,2.09,Preventive,Planned,India,Upstream,5299.0,407870.0
2025-05-08,AST-007,4.96,Turnaround,Planned,India,Chemicals & Products,15747.0,1252613.0
2025-05-08,AST-011,2.01,Inspection,Planned,Middle East,Upstream,1388.5,105956.5
2025-05-08,AST-016,1.38,Inspection,Planned,North America,Upstream,2459.0,174761.0
2025-05-08,AST-018,4.69,Inspection,Planned,India,Integrated Gas,8591.0,762350.5
2025-05-08,AST-020,2.42,Corrective,Planned,China,Chemicals & Products,3739.0,290680.5
2025-05-08,AST-022,5.31,Turnaround,Unplanned,China,Upstream,14766.0,1124290.0
2025-05-08,AST-026,3.57,Inspection,Planned,Middle East,Upstream,11237.0,890993.0
2025-05-08,AST-039,4.5,Preventive,Planned,Europe,Integrated Gas,16720.0,1288817.0
2025-05-08,AST-046,11.33,Inspection,Planned,Africa,Upstream,53056.0,4745905.0
2025-05-09,AST-004,23.06,Turnaround,Unplanned,China,Upstream,95988.0,8093054.0
2025-05-09,AST-006,4.34,Preventive,Planned,Africa,Integrated Gas,23997.0,1590871.0
2025-05-09,AST-009,2.58,Inspection,Planned,Europe,Upstream,4133.0,320095.0
2025-05-09,AST-012,10.45,Preventive,Planned,Africa,Upstream,61090.0,5171968.0
2025-05-09,AST-015,3.08,Inspection,Planned,North America,Integrated Gas,12693.0,1002201.0
2025-05-09,AST-018,4.68,Inspection,Planned,India,Integrated Gas,17901.0,1383654.0
2025-05-09,AST-023,3.77,Corrective,Planned,Europe,Upstream,2422.5,185728.5
2025-05-09,AST-027,3.82,Corrective,Planned,China,Upstream,19151.0,1611153.0
2025-05-09,AST-028,8.22,Preventive,Planned,North America,Integrated Gas,18904.0,1638566.0
2025-05-09,AST-030,1.23,Preventive,Planned,China,Integrated Gas,7552.0,528760.0
2025-05-09,AST-036,13.2,Preventive,Unplanned,India,Integrated Gas,41589.0,3256224.0
2025-05-09,AST-039,1.43,Corrective,Planned,Europe,Integrated Gas,5371.0,379835.0
2025-05-09,AST-040,0.67,Preventive,Planned,Middle East,Integrated Gas,1107.0,76754.0
2025-05-09,AST-041,3.11,Preventive,Planned,India,Integrated Gas,17851.0,1275307.0
2025-05-09,AST-046,1.08,Preventive,Planned,Africa,Upstream,3981.0,341589.0
2025-05-10,AST-009,2.68,Inspection,Planned,Europe,Upstream,5174.0,355867.0
2025-05-10,AST-013,2.96,Inspection,Planned,North America,Upstream,8860.0,661692.0
2025-05-10,AST-023,6.79,Preventive,Planned,Europe,Upstream,11298.0,966138.0
2025-05-10,AST-024,9.62,Corrective,Planned,Africa,Integrated Gas,7993.0,621733.0
2025-05-10,AST-026,10.16,Corrective,Planned,Middle East,Upstream,26621.5,2266221.0
2025-05-10,AST-028,7.87,Corrective,Planned,North America,Integrated Gas,5925.0,423363.0
2025-05-10,AST-030,4.87,Corrective,Planned,China,Integrated Gas,32421.0,2453318.0
2025-05-10,AST-035,22.17,Preventive,Unplanned,Africa,Upstream,158779.0,11951793.0
2025-05-10,AST-039,8.31,Preventive,Planned,Europe,Integrated Gas,17271.5,1425021.5
2025-05-10,AST-041,2.69,Corrective,Planned,India,Integrated Gas,18900.0,1538587.0
2025-05-10,AST-048,5.92,Preventive,Planned,Africa,Chemicals & Products,7326.0,590343.0
2025-05-10,AST-050,4.89,Preventive,Planned,North America,Upstream,5303.0,454518.0
2025-05-11,AST-001,1.57,Corrective,Planned,India,Upstream,3504.0,241533.0
2025-05-11,AST-013,0.29,Inspection,Planned,North America,Upstream,1109.0,96277.0
2025-05-11,AST-014,12.87,Corrective,Planned,North America,Upstream,8578.67,625605.33
2025-05-11,AST-015,11.41,Preventive,Planned,North America,Integrated Gas,40057.0,2906651.0
2025-05-11,AST-017,5.68,Preventive,Planned,Middle East,Chemicals & Products,21795.0,1926826.0
2025-05-11,AST-020,8.37,Preventive,Planned,China,Chemicals & Products,10882.0,858551.0
2025-05-11,AST-031,12.76,Preventive,Planned,China,Integrated Gas,30822.5,2498589.5
2025-05-11,AST-035,1.96,Preventive,Planned,Africa,Upstream,12126.0,874729.0
2025-05-11,AST-044,1.98,Preventive,Planned,China,Upstream,6825.0,459418.0
2025-05-11,AST-048,0.21,Preventive,Planned,Africa,Chemicals & Products,245.0,19638.0
2025-05-12,AST-001,1.1,Preventive,Planned,India,Upstream,2721.0,182570.0
2025-05-12,AST-005,9.46,Corrective,Planned,China,Integrated Gas,24216.0,1902387.5
2025-05-12,AST-006,3.9,Corrective,Planned,Africa,Integrated Gas,10549.5,742074.0
2025-05-12,AST-008,3.16,Turnaround,Planned,North America,Upstream,18686.0,1246175.0
2025-05-12,AST-010,0.49,Inspection,Planned,India,Upstream,479.0,34424.0
2025-05-12,AST-011,2.07,Inspection,Planned,Middle East,Upstream,2357.0,194605.0
2025-05-12,AST-018,8.38,Turnaround,Planned,India,Integrated Gas,32086.0,2624136.0
2025-05-12,AST-022,2.72,Preventive,Planned,China,Upstream,6850.0,563370.0
2025-05-12,AST-027,7.94,Corrective,Planned,China,Upstream,19668.0,1531197.5
2025-05-12,AST-030,1.24,Corrective,Planned,China,Integrated Gas,6568.0,489654.0
2025-05-12,AST-031,3.24,Inspection,Planned,China,Integrated Gas,15169.0,1248008.0
2025-05-12,AST-032,3.26,Inspection,Planned,Europe,Upstream,11041.0,947412.0
2025-05-12,AST-033,3.84,Inspection,Planned,India,Integrated Gas,4213.0,306149.5
2025-05-12,AST-034,3.58,Preventive,Planned,Middle East,Upstream,5390.0,372584.0
2025-05-12,AST-036,11.84,Inspection,Planned,India,Integrated Gas,39290.0,3423114.0
2025-05-12,AST-037,1.34,Inspection,Planned,Africa,Upstream,2923.0,228345.0
2025-05-12,AST-047,4.92,Preventive,Planned,China,Upstream,24481.0,1782917.0
2025-05-12,AST-049,2.17,Corrective,Planned,North America,Upstream,6768.0,581364.0
2025-05-13,AST-004,2.93,Preventive,Planned,China,Upstream,13029.0,896624.0
2025-05-13,AST-007,3.02,Corrective,Planned,India,Chemicals & Products,4998.5,345232.5
2025-05-13,AST-008,5.7,Corrective,Planned,North America,Upstream,16581.5,1258426.5
2025-05-13,AST-015,2.85,Inspection,Planned,North America,Integrated Gas,11404.0,783579.0
2025-05-13,AST-016,6.34,Corrective,Planned,North America,Upstream,6549.0,492996.0
2025-05-13,AST-022,3.13,Preventive,Planned,China,Upstream,8414.0,561117.0
2025-05-13,AST-027,4.45,Corrective,Planned,China,Upstream,21947.0,1912031.0
2025-05-13,AST-035,7.33,Corrective,Planned,Africa,Upstream,47190.0,3780752.0
2025-05-13,AST-037,7.96,Preventive,Planned,Africa,Upstream,21325.0,1770663.0
2025-05-13,AST-038,13.13,Turnaround,Planned,North America,Integrated Gas,35885.0,2620264.0
2025-05-13,AST-039,9.64,Corrective,Unplanned,Europe,Integrated Gas,38723.0,3190709.0
2025-05-13,AST-041,8.71,Inspection,Unplanned,India,Integrated Gas,59271.0,4779210.0
2025-05-13,AST-042,6.86,Corrective,Planned,North America,Integrated Gas,40282.0,3103092.0
2025-05-13,AST-043,19.75,Preventive,Planned,North America,Upstream,33455.33,2425295.0
2025-05-13,AST-050,0.62,Preventive,Planned,North America,Upstream,734.0,57640.0
2025-05-14,AST-006,2.65,Inspection,Planned,Africa,Integrated Gas,14370.0,996849.0
2025-05-14,AST-010,7.7,Preventive,Unplanned,India,Upstream,8951.0,611950.0
2025-05-14,AST-012,7.25,Preventive,Planned,Africa,Upstream,32699.0,2323131.0
2025-05-14,AST-015,1.48,Corrective,Planned,North America,Integrated Gas,5998.0,457579.0
2025-05-14,AST-020,45.81,Corrective,Unplanned,China,Chemicals & Products,104981.0,9559840.0
2025-05-14,AST-023,3.49,Inspection,Unplanned,Europe,Upstream,5896.0,435097.0
2025-05-14,AST-025,3.46,Corrective,Planned,North America,Upstream,21730.0,1405050.0
2025-05-14,AST-027,14.95,Preventive,Unplanned,China,Upstream,71608.0,5943169.0
2025-05-14,AST-030,8.55,Corrective,Unplanned,China,Integrated Gas,47123.0,3505541.0
2025-05-14,AST-034,2.21,Inspection,Planned,Middle East,Upstream,3912.0,330564.0
2025-05-14,AST-035,19.88,Corrective,Planned,Africa,Upstream,135210.0,9860771.0
2025-05-14,AST-037,1.35,Preventive,Planned,Africa,Upstream,3335.0,255321.0
2025-05-14,AST-041,3.96,Preventive,Planned,India,Integrated Gas,23127.0,1837077.0
2025-05-14,AST-046,5.17,Preventive,Planned,Africa,Upstream,25246.0,1704899.0
2025-05-15,AST-002,7.95,Preventive,Planned,North America,Upstream,16946.0,1172577.0
2025-05-15,AST-003,4.21,Corrective,Planned,Middle East,Upstream,17336.0,1291172.0
2025-05-15,AST-020,2.04,Corrective,Planned,China,Chemicals & Products,5803.0,485308.0
2025-05-15,AST-025,5.34,Corrective,Planned,North America,Upstream,30033.0,2219417.0
2025-05-15,AST-027,7.02,Preventive,Planned,China,Upstream,31966.0,2436101.0
2025-05-15,AST-029,0.68,Corrective,Planned,Middle East,Integrated Gas,4547.0,342451.0
2025-05-15,AST-036,11.06,Corrective,Planned,India,Integrated Gas,21728.5,1686926.0
2025-05-15,AST-037,1.15,Preventive,Planned,Africa,Upstream,2376.0,196550.0
2025-05-15,AST-040,23.69,Preventive,Unplanned,Middle East,Integrated Gas,46995.0,3811157.0
2025-05-15,AST-043,26.1,Corrective,Planned,North America,Upstream,65728.5,5392561.0
2025-05-15,AST-047,10.96,Inspection,Planned,China,Upstream,27155.5,2086331.0
2025-05-15,AST-049,3.79,Corrective,Planned,North America,Upstream,7895.5,567885.0
2025-05-16,AST-003,3.91,Corrective,Planned,Middle East,Upstream,16957.0,1141010.0
2025-05-16,AST-005,3.21,Corrective,Planned,China,Integrated Gas,17383.0,1371368.0
2025-05-16,AST-006,12.35,Corrective,Planned,Africa,Integrated Gas,31441.0,2276335.5
2025-05-16,AST-008,1.85,Corrective,Planned,North America,Upstream,11646.0,984390.0
2025-05-16,AST-012,1.59,Preventive,Planned,Africa,Upstream,9281.0,801949.0
2025-05-16,AST-014,1.15,Corrective,Planned,North America,Upstream,1913.0,142508.0
2025-05-16,AST-023,18.15,Preventive,Unplanned,Europe,Upstream,24642.0,1853748.0
2025-05-16,AST-026,4.7,Inspection,Planned,Middle East,Upstream,14143.5,1014629.0
2025-05-16,AST-044,18.55,Corrective,Planned,China,Upstream,34596.0,2637533.0
2025-05-16,AST-046,5.2,Corrective,Planned,Africa,Upstream,19905.0,1710442.0
2025-05-16,AST-048,1.53,Inspection,Planned,Africa,Chemicals & Products,2343.0,154836.0
2025-05-17,AST-002,5.79,Preventive,Planned,North America,Upstream,17263.0,1206763.0
2025-05-17,AST-003,1.63,Inspection,Planned,Middle East,Upstream,9204.0,660364.0
2025-05-17,AST-007,2.57,Preventive,Planned,India,Chemicals & Products,7679.0,639204.0
2025-05-17,AST-015,16.5,Corrective,Planned,North America,Integrated Gas,32942.5,2174623.5
2025-05-17,AST-017,13.23,Turnaround,Unplanned,Middle East,Chemicals & Products,62164.0,4514862.0
2025-05-17,AST-022,33.75,Preventive,Planned,China,Upstream,50876.5,3830665.0
2025-05-17,AST-025,9.29,Preventive,Planned,North America,Upstream,60147.0,5105080.0
2025-05-17,AST-027,1.75,Preventive,Planned,China,Upstream,9884.0,630957.0
2025-05-17,AST-031,3.21,Turnaround,Planned,China,Integrated Gas,13821.0,1135072.0
2025-05-17,AST-033,5.5,Corrective,Planned,India,Integrated Gas,12733.0,963895.0
2025-05-17,AST-034,1.07,Preventive,Planned,Middle East,Upstream,1514.0,126730.0
2025-05-17,AST-035,1.14,Corrective,Planned,Africa,Upstream,8238.0,623043.0
2025-05-17,AST-037,1.87,Inspection,Planned,Africa,Upstream,3899.0,283158.0
2025-05-17,AST-039,6.4,Preventive,Planned,Europe,Integrated Gas,24235.0,1879231.0
2025-05-17,AST-040,21.2,Corrective,Unplanned,Middle East,Integrated Gas,47500.0,3664986.0
2025-05-17,AST-043,2.08,Preventive,Planned,North America,Upstream,9321.0,741402.0
2025-05-17,AST-047,3.96,Preventive,Planned,China,Upstream,9953.0,731089.5
2025-05-18,AST-008,6.03,Inspection,Planned,North America,Upstream,41806.0,3322998.0
2025-05-18,AST-009,8.85,Preventive,Unplanned,Europe,Upstream,13800.0,1141393.0
2025-05-18,AST-012,2.09,Preventive,Planned,Africa,Upstream,8571.0,585847.0
2025-05-18,AST-020,2.55,Preventive,Planned,China,Chemicals & Products,6336.0,447788.0
2025-05-18,AST-023,15.61,Preventive,Planned,Europe,Upstream,19933.0,1495910.0
2025-05-18,AST-039,2.69,Turnaround,Planned,Europe,Integrated Gas,13657.0,1102969.0
2025-05-18,AST-044,9.73,Corrective,Planned,China,Upstream,31895.0,2534343.0
2025-05-18,AST-049,4.61,Corrective,Planned,North America,Upstream,13413.0,927011.0
2025-05-19,AST-007,2.24,Turnaround,Planned,India,Chemicals & Products,7699.0,596777.0
2025-05-19,AST-010,6.13,Turnaround,Planned,India,Upstream,7359.0,610038.0
2025-05-19,AST-011,3.09,Inspection,Planned,Middle East,Upstream,5449.0,367818.0
2025-05-19,AST-016,0.99,Preventive,Planned,North America,Upstream,1744.0,126306.0
2025-05-19,AST-021,7.14,Turnaround,Unplanned,Middle East,Chemicals & Products,29530.0,2611934.0
2025-05-19,AST-022,5.38,Inspection,Unplanned,China,Upstream,14883.0,1234359.0
2025-05-19,AST-023,8.18,Preventive,Planned,Europe,Upstream,11617.0,845512.0
2025-05-19,AST-024,1.0,Inspection,Planned,Africa,Integrated Gas,1398.0,95673.0
2025-05-19,AST-033,7.52,Corrective,Planned,India,Integrated Gas,18962.0,1496751.0
2025-05-19,AST-035,5.61,Preventive,Planned,Africa,Upstream,40640.0,3222038.0
2025-05-19,AST-040,3.26,Corrective,Planned,Middle East,Integrated Gas,6869.0,488974.0
2025-05-19,AST-041,0.49,Preventive,Planned,India,Integrated Gas,3004.0,220418.0
2025-05-19,AST-044,4.51,Preventive,Planned,China,Upstream,17646.0,1451974.0
2025-05-19,AST-046,2.87,Inspection,Planned,Africa,Upstream,12009.0,826611.0
2025-05-20,AST-006,6.74,Corrective,Planned,Africa,Integrated Gas,15297.5,1027052.5
2025-05-20,AST-007,6.6,Corrective,Unplanned,India,Chemicals & Products,24804.0,1595770.0
2025-05-20,AST-008,8.14,Corrective,Planned,North America,Upstream,21648.0,1767838.5
2025-05-20,AST-025,2.58,Inspection,Planned,North America,Upstream,17198.0,1476909.0
2025-05-20,AST-027,2.63,Preventive,Planned,China,Upstream,13210.0,1151238.0
2025-05-20,AST-028,15.85,Corrective,Unplanned,North America,Integrated Gas,43040.0,3654742.0
2025-05-20,AST-031,13.49,Corrective,Planned,China,Integrated Gas,34402.0,2611419.5
2025-05-20,AST-033,2.14,Preventive,Planned,India,Integrated Gas,5776.0,449455.0
2025-05-20,AST-038,31.26,Corrective,Planned,North America,Integrated Gas,40182.0,2726718.5
2025-05-20,AST-044,18.4,Preventive,Unplanned,China,Upstream,57877.0,4467277.0
2025-05-20,AST-047,5.99,Inspection,Planned,China,Upstream,34927.0,3091294.0
2025-05-20,AST-049,6.75,Corrective,Unplanned,North America,Upstream,23363.0,2050180.0
2025-05-21,AST-002,13.15,Preventive,Planned,North America,Upstream,19024.5,1476055.0
2025-05-21,AST-008,7.28,Corrective,Planned,North America,Upstream,21768.5,1777349.0
2025-05-21,AST-011,3.04,Preventive,Planned,Middle East,Upstream,3735.0,311279.0
2025-05-21,AST-014,3.87,Corrective,Planned,North America,Upstream,7334.0,496304.0
2025-05-21,AST-016,12.74,Preventive,Unplanned,North America,Upstream,22840.0,1687722.0
2025-05-21,AST-018,2.42,Preventive,Planned,India,Integrated Gas,9450.0,753698.0
2025-05-21,AST-019,7.35,Preventive,Planned,Africa,Upstream,22932.0,1463576.0
2025-05-21,AST-022,9.59,Preventive,Planned,China,Upstream,29598.0,2272939.0
2025-05-21,AST-034,2.46,Corrective,Planned,Middle East,Upstream,2811.0,238579.0
2025-05-21,AST-036,2.15,Corrective,Planned,India,Integrated Gas,8420.0,734540.0
2025-05-21,AST-039,2.52,Preventive,Planned,Europe,Integrated Gas,10968.0,774747.0
2025-05-21,AST-041,3.9,Preventive,Planned,India,Integrated Gas,27282.0,2204757.0
2025-05-21,AST-049,2.51,Preventive,Planned,North America,Upstream,8691.0,696250.0
2025-05-22,AST-003,0.78,Corrective,Planned,Middle East,Upstream,3560.0,301896.0
2025-05-22,AST-020,3.09,Preventive,Planned,China,Chemicals & Products,9616.0,630683.0
2025-05-22,AST-022,5.38,Corrective,Planned,China,Upstream,13338.0,946477.0
2025-05-22,AST-024,10.1,Inspection,Planned,Africa,Integrated Gas,17615.0,1361413.0
2025-05-22,AST-025,11.83,Corrective,Planned,North America,Upstream,40463.5,3061188.0
2025-05-22,AST-033,4.37,Preventive,Planned,India,Integrated Gas,11285.0,868207.0
2025-05-22,AST-037,3.1,Corrective,Planned,Africa,Upstream,3782.0,273836.5
2025-05-22,AST-038,8.54,Preventive,Unplanned,North America,Integrated Gas,25934.0,1947209.0
2025-05-22,AST-041,18.45,Corrective,Planned,India,Integrated Gas,58764.5,3977787.0
2025-05-22,AST-043,11.88,Preventive,Planned,North America,Upstream,30956.0,2175324.0
2025-05-22,AST-047,22.88,Preventive,Planned,China,Upstream,50400.0,4023503.5
2025-05-22,AST-048,12.46,Preventive,Planned,Africa,Chemicals & Products,9038.0,691421.5
2025-05-23,AST-012,41.63,Inspection,Unplanned,Africa,Upstream,209713.0,17365575.0
2025-05-23,AST-017,3.66,Corrective,Planned,Middle East,Chemicals & Products,10214.5,845240.5
2025-05-23,AST-018,4.71,Preventive,Unplanned,India,Integrated Gas,18221.0,1178755.0
2025-05-23,AST-020,1.56,Preventive,Planned,China,Chemicals & Products,4312.0,314738.0
2025-05-23,AST-021,3.84,Preventive,Planned,Middle East,Chemicals & Products,16080.0,1204664.0
2025-05-23,AST-022,3.18,Preventive,Planned,China,Upstream,9579.0,680306.0
2025-05-23,AST-033,16.63,Preventive,Unplanned,India,Integrated Gas,43894.0,3020176.0
2025-05-23,AST-036,5.65,Inspection,Planned,India,Integrated Gas,9601.5,629599.5
2025-05-23,AST-039,2.12,Preventive,Planned,Europe,Integrated Gas,9428.0,796925.0
2025-05-23,AST-040,1.63,Corrective,Unplanned,Middle East,Integrated Gas,3368.0,281926.0
2025-05-23,AST-041,3.79,Preventive,Planned,India,Integrated Gas,23054.0,1668459.0
2025-05-23,AST-042,7.24,Preventive,Unplanned,North America,Integrated Gas,41562.0,2871820.0
2025-05-23,AST-045,7.88,Corrective,Unplanned,India,Upstream,33529.0,2848219.0
2025-05-23,AST-046,13.24,Preventive,Unplanned,Africa,Upstream,51959.0,4004488.0
2025-05-24,AST-004,7.29,Preventive,Unplanned,China,Upstream,31222.0,2596599.0
2025-05-24,AST-006,3.28,Preventive,Planned,Africa,Integrated Gas,16079.0,1289175.0
2025-05-24,AST-012,3.99,Corrective,Planned,Africa,Upstream,19030.0,1612634.0
2025-05-24,AST-016,8.54,Preventive,Unplanned,North America,Upstream,18097.0,1280282.0
2025-05-24,AST-021,7.31,Corrective,Planned,Middle East,Chemicals & Products,32384.0,2466148.0
2025-05-24,AST-024,0.41,Preventive,Planned,Africa,Integrated Gas,615.0,40639.0
2025-05-24,AST-026,3.13,Preventive,Planned,Middle East,Upstream,15145.0,1149568.0
2025-05-24,AST-027,3.5,Inspection,Planned,China,Upstream,8927.0,754316.0
2025-05-24,AST-028,9.91,Preventive,Unplanned,North America,Integrated Gas,18809.0,1461397.0
2025-05-24,AST-029,1.93,Turnaround,Planned,Middle East,Integrated Gas,11449.0,722652.0
2025-05-24,AST-030,1.45,Corrective,Planned,China,Integrated Gas,6745.0,501376.0
2025-05-24,AST-031,9.25,Preventive,Planned,China,Integrated Gas,24903.5,1977265.5
2025-05-24,AST-032,4.44,Corrective,Unplanned,Europe,Upstream,14901.0,1130114.0
2025-05-24,AST-042,17.54,Preventive,Planned,North America,Integrated Gas,44301.0,3119956.0
2025-05-24,AST-047,1.49,Corrective,Planned,China,Upstream,8067.0,638587.0
2025-05-24,AST-050,14.99,Inspection,Unplanned,North America,Upstream,18045.0,1455599.0
2025-05-25,AST-005,3.29,Corrective,Planned,China,Integrated Gas,20006.0,1632331.0
2025-05-25,AST-010,7.52,Corrective,Planned,India,Upstream,8418.0,709822.0
2025-05-25,AST-016,5.86,Preventive,Planned,North America,Upstream,9927.0,677042.0
2025-05-25,AST-023,3.3,Inspection,Planned,Europe,Upstream,4187.0,352266.0
2025-05-25,AST-024,2.93,Turnaround,Unplanned,Africa,Integrated Gas,3912.0,312168.0
2025-05-25,AST-026,2.05,Corrective,Planned,Middle East,Upstream,11013.0,672956.0
2025-05-25,AST-027,6.17,Corrective,Planned,China,Upstream,27742.0,2292931.0
2025-05-25,AST-028,3.12,Preventive,Planned,North America,Integrated Gas,8040.0,624930.0
2025-05-25,AST-030,3.18,Preventive,Planned,China,Integrated Gas,19107.0,1454105.0
2025-05-25,AST-031,0.42,Preventive,Planned,China,Integrated Gas,2313.0,180755.0
2025-05-25,AST-035,5.4,Preventive,Planned,Africa,Upstream,31083.0,2535760.0
2025-05-25,AST-038,2.18,Inspection,Planned,North America,Integrated Gas,7061.0,518258.0
2025-05-25,AST-044,5.51,Turnaround,Planned,China,Upstream,17173.0,1436869.0
2025-05-25,AST-045,1.15,Turnaround,Planned,India,Upstream,4943.0,426502.0
2025-05-25,AST-047,2.67,Turnaround,Planned,China,Upstream,12762.0,1083965.0
2025-05-25,AST-050,8.32,Preventive,Planned,North America,Upstream,3540.0,255413.67
2025-05-26,AST-008,15.5,Preventive,Unplanned,North America,Upstream,91974.0,6270412.0
2025-05-26,AST-009,2.4,Preventive,Planned,Europe,Upstream,5935.0,435860.0
2025-05-26,AST-010,19.42,Preventive,Planned,India,Upstream,5892.33,455435.33
2025-05-26,AST-013,37.3,Preventive,Unplanned,North America,Upstream,167694.0,13134217.0
2025-05-26,AST-015,18.87,Preventive,Planned,North America,Integrated Gas,31244.5,2164316.5
2025-05-26,AST-016,5.41,Preventive,Unplanned,North America,Upstream,9200.0,648611.0
2025-05-26,AST-018,4.52,Inspection,Planned,India,Integrated Gas,14943.0,1273663.0
2025-05-26,AST-025,24.93,Preventive,Planned,North America,Upstream,98703.5,7529209.5
2025-05-26,AST-028,2.95,Turnaround,Planned,North America,Integrated Gas,8644.0,682575.0
2025-05-26,AST-034,0.81,Preventive,Planned,Middle East,Upstream,1068.0,93446.0
2025-05-26,AST-035,12.39,Corrective,Planned,Africa,Upstream,66751.0,4260669.0
2025-05-26,AST-038,3.93,Preventive,Planned,North America,Integrated Gas,11050.0,977388.0
2025-05-26,AST-044,5.15,Preventive,Planned,China,Upstream,16334.0,1332623.0
2025-05-26,AST-047,1.73,Preventive,Planned,China,Upstream,7395.0,571987.0
2025-05-27,AST-005,3.9,Corrective,Planned,China,Integrated Gas,18922.0,1268799.0
2025-05-27,AST-007,4.28,Preventive,Planned,India,Chemicals & Products,15687.0,1253860.0
2025-05-27,AST-012,6.32,Inspection,Unplanned,Africa,Upstream,33781.0,2279694.0
2025-05-27,AST-014,1.43,Preventive,Planned,North America,Upstream,2484.0,167019.0
2025-05-27,AST-019,4.72,Turnaround,Planned,Africa,Upstream,13713.0,1149984.0
2025-05-27,AST-020,1.47,Preventive,Unplanned,China,Chemicals & Products,4130.0,329617.0
2025-05-27,AST-021,10.29,Corrective,Unplanned,Middle East,Chemicals & Products,54342.0,3671202.0
2025-05-27,AST-026,12.65,Corrective,Unplanned,Middle East,Upstream,86720.0,6928622.0
2025-05-27,AST-036,3.46,Corrective,Planned,India,Integrated Gas,11426.0,798822.0
2025-05-27,AST-037,11.37,Corrective,Planned,Africa,Upstream,10870.5,770199.0
2025-05-27,AST-047,3.8,Corrective,Planned,China,Upstream,17018.0,1427640.0
2025-05-28,AST-002,2.77,Corrective,Unplanned,North America,Upstream,6105.0,392369.0
2025-05-28,AST-009,10.3,Preventive,Unplanned,Europe,Upstream,24145.0,1889421.0
2025-05-28,AST-013,9.58,Preventive,Planned,North America,Upstream,16434.0,1242867.0
2025-05-28,AST-016,5.19,Preventive,Unplanned,North America,Upstream,9317.0,631932.0
2025-05-28,AST-019,3.41,Preventive,Planned,Africa,Upstream,5636.5,424010.0
2025-05-28,AST-020,4.83,Preventive,Planned,China,Chemicals & Products,13854.0,962205.0
2025-05-28,AST-022,17.4,Preventive,Planned,China,Upstream,26164.5,1866243.0
2025-05-28,AST-025,7.65,Corrective,Unplanned,North America,Upstream,45930.0,3749610.0
2025-05-28,AST-026,1.75,Corrective,Planned,Middle East,Upstream,8667.0,687530.0
2025-05-28,AST-027,8.93,Preventive,Unplanned,China,Upstream,39009.0,3104897.0
2025-05-28,AST-028,1.36,Preventive,Planned,North America,Integrated Gas,3527.0,236513.0
2025-05-28,AST-030,1.03,Corrective,Planned,China,Integrated Gas,7152.0,610203.0
2025-05-28,AST-033,1.25,Preventive,Planned,India,Integrated Gas,3259.0,273496.0
2025-05-28,AST-039,1.59,Preventive,Planned,Europe,Integrated Gas,6982.0,541951.0
2025-05-28,AST-041,9.06,Corrective,Unplanned,India,Integrated Gas,56796.0,4379104.0
2025-05-28,AST-044,19.93,Corrective,Planned,China,Upstream,33722.0,2844352.0
2025-05-28,AST-049,5.78,Corrective,Planned,North America,Upstream,8548.5,655539.0
2025-05-29,AST-003,3.75,Inspection,Planned,Middle East,Upstream,15407.0,1190860.0
2025-05-29,AST-012,12.26,Preventive,Planned,Africa,Upstream,68953.0,5515150.0
2025-05-29,AST-013,2.85,Preventive,Planned,North America,Upstream,10187.0,806258.0
2025-05-29,AST-014,2.94,Inspection,Planned,North America,Upstream,5620.0,472998.0
2025-05-29,AST-015,7.44,Corrective,Planned,North America,Integrated Gas,28676.0,1936665.0
2025-05-29,AST-016,10.57,Turnaround,Unplanned,North America,Upstream,19257.0,1391459.0
2025-05-29,AST-017,3.25,Preventive,Planned,Middle East,Chemicals & Products,15316.0,1235939.0
2025-05-29,AST-018,8.73,Preventive,Unplanned,India,Integrated Gas,27225.0,1823160.0
2025-05-29,AST-019,6.04,Preventive,Planned,Africa,Upstream,20195.0,1456339.0
2025-05-29,AST-021,3.0,Preventive,Planned,Middle East,Chemicals & Products,6896.5,561998.5
2025-05-29,AST-026,2.46,Preventive,Planned,Middle East,Upstream,14930.0,1229243.0
2025-05-29,AST-041,5.97,Corrective,Planned,India,Integrated Gas,34790.0,2212170.0
2025-05-29,AST-045,1.23,Corrective,Planned,India,Upstream,5299.0,400047.0
2025-05-29,AST-046,2.83,Inspection,Unplanned,Africa,Upstream,11133.0,793623.0
2025-05-29,AST-050,16.07,Preventive,Unplanned,North America,Upstream,16665.0,1347263.0
2025-05-30,AST-010,4.18,Corrective,Planned,India,Upstream,3530.0,311828.0
2025-05-30,AST-011,9.41,Preventive,Planned,Middle East,Upstream,13870.0,1039510.0
2025-05-30,AST-013,1.3,Preventive,Planned,North America,Upstream,4565.0,373489.0
2025-05-30,AST-014,1.87,Corrective,Unplanned,North America,Upstream,3847.0,269490.0
2025-05-30,AST-026,5.44,Inspection,Planned,Middle East,Upstream,33848.0,2671900.0
2025-05-30,AST-027,1.22,Corrective,Planned,China,Upstream,5482.0,485834.0
2025-05-30,AST-028,4.98,Inspection,Planned,North America,Integrated Gas,13355.0,1080480.0
2025-05-30,AST-029,8.48,Inspection,Planned,Middle East,Integrated Gas,25353.5,2077133.0
2025-05-30,AST-036,1.8,Preventive,Planned,India,Integrated Gas,5309.0,438857.0
2025-05-30,AST-039,2.92,Preventive,Planned,Europe,Integrated Gas,10889.0,751442.0
2025-05-30,AST-042,4.61,Inspection,Planned,North America,Integrated Gas,22208.0,1478789.0
2025-05-30,AST-045,1.67,Preventive,Planned,India,Upstream,8121.0,629916.0
2025-05-30,AST-048,23.23,Corrective,Planned,Africa,Chemicals & Products,18258.5,1375533.5
2025-05-31,AST-006,7.59,Corrective,Unplanned,Africa,Integrated Gas,28129.0,2285368.0
2025-05-31,AST-013,26.56,Corrective,Unplanned,North America,Upstream,108057.0,6929385.0
2025-05-31,AST-015,11.06,Corrective,Planned,North America,Integrated Gas,13103.0,913829.67
2025-05-31,AST-016,9.81,Corrective,Unplanned,North America,Upstream,18390.0,1490540.0
2025-05-31,AST-019,3.02,Corrective,Planned,Africa,Upstream,11210.0,778108.0
2025-05-31,AST-024,6.38,Corrective,Planned,Africa,Integrated Gas,10759.0,823379.0
2025-05-31,AST-025,6.51,Preventive,Unplanned,North America,Upstream,48238.0,3116793.0
2025-05-31,AST-026,9.01,Preventive,Unplanned,Middle East,Upstream,62849.0,4184630.0
2025-05-31,AST-037,2.18,Turnaround,Planned,Africa,Upstream,5061.0,389314.0
2025-05-31,AST-040,2.51,Preventive,Planned,Middle East,Integrated Gas,4207.0,322531.0
2025-05-31,AST-046,1.66,Inspection,Planned,Africa,Upstream,3422.0,249410.0
2025-05-31,AST-047,15.96,Preventive,Planned,China,Upstream,17839.75,1468700.0
2025-05-31,AST-048,4.9,Preventive,Planned,Africa,Chemicals & Products,7564.0,671837.0
2025-05-31,AST-049,19.52,Preventive,Unplanned,North America,Upstream,63717.0,4821358.0
2025-05-31,AST-050,9.57,Preventive,Planned,North America,Upstream,10494.0,828553.0
2025-06-01,AST-001,3.4,Turnaround,Planned,India,Upstream,8216.0,667756.0
2025-06-01,AST-002,6.79,Turnaround,Planned,North America,Upstream,20110.0,1696737.0
2025-06-01,AST-007,8.16,Preventive,Planned,India,Chemicals & Products,26456.0,1900211.0
2025-06-01,AST-013,1.31,Corrective,Planned,North America,Upstream,5184.0,354462.0
2025-06-01,AST-016,9.33,Corrective,Unplanned,North America,Upstream,19340.0,1554389.0
2025-06-01,AST-023,5.78,Preventive,Planned,Europe,Upstream,7031.0,463921.0
2025-06-01,AST-026,4.0,Corrective,Planned,Middle East,Upstream,26622.0,2067701.0
2025-06-01,AST-030,3.14,Preventive,Planned,China,Integrated Gas,14384.0,1067612.0
2025-06-01,AST-032,1.92,Preventive,Planned,Europe,Upstream,6196.0,473218.0
2025-06-01,AST-039,8.22,Corrective,Planned,Europe,Integrated Gas,16634.5,1411756.5
2025-06-01,AST-041,2.51,Inspection,Planned,India,Integrated Gas,16671.0,1139353.0
2025-06-01,AST-047,6.55,Preventive,Planned,China,Upstream,34555.0,2726461.0
2025-06-01,AST-048,5.21,Corrective,Planned,Africa,Chemicals & Products,7457.0,510408.0
2025-06-02,AST-001,2.58,Preventive,Unplanned,India,Upstream,7266.0,607047.0
2025-06-02,AST-002,4.17,Preventive,Planned,North America,Upstream,11077.0,969056.0
2025-06-02,AST-009,2.34,Turnaround,Planned,Europe,Upstream,3945.0,280424.0
2025-06-02,AST-013,8.69,Corrective,Planned,North America,Upstream,33380.0,2802543.0
2025-06-02,AST-023,5.04,Turnaround,Planned,Europe,Upstream,8715.0,666553.0
2025-06-02,AST-024,8.83,Corrective,Planned,Africa,Integrated Gas,6661.5,506763.5
2025-06-02,AST-026,7.0,Corrective,Planned,Middle East,Upstream,45484.0,3776154.0
2025-06-02,AST-028,8.69,Turnaround,Planned,North America,Integrated Gas,20357.0,1648507.0
2025-06-02,AST-034,2.25,Preventive,Planned,Middle East,Upstream,3596.0,271073.0
2025-06-02,AST-037,0.1,Preventive,Planned,Africa,Upstream,196.0,16883.0
2025-06-02,AST-040,12.68,Preventive,Planned,Middle East,Integrated Gas,28136.0,1875516.0
2025-06-02,AST-042,3.72,Turnaround,Planned,North America,Integrated Gas,20706.0,1413559.0
2025-06-02,AST-044,2.07,Corrective,Planned,China,Upstream,7718.0,607900.0
2025-06-02,AST-046,4.56,Turnaround,Planned,Africa,Upstream,19067.0,1657589.0
2025-06-02,AST-047,1.0,Corrective,Planned,China,Upstream,4964.0,392629.0
2025-06-03,AST-004,1.63,Preventive,Planned,China,Upstream,5298.0,424852.0
2025-06-03,AST-010,0.71,Corrective,Planned,India,Upstream,736.0,55617.0
2025-06-03,AST-013,9.93,Preventive,Planned,North America,Upstream,20830.5,1518916.0
2025-06-03,AST-014,11.86,Corrective,Planned,North America,Upstream,7646.0,576376.33
2025-06-03,AST-015,3.16,Preventive,Planned,North America,Integrated Gas,11869.0,907837.0
2025-06-03,AST-017,0.68,Preventive,Planned,Middle East,Chemicals & Products,3326.0,253506.0
2025-06-03,AST-018,0.83,Corrective,Planned,India,Integrated Gas,2777.0,197358.0
2025-06-03,AST-020,17.9,Preventive,Unplanned,China,Chemicals & Products,54965.0,4888430.0
2025-06-03,AST-024,0.76,Preventive,Planned,Africa,Integrated Gas,1263.0,98885.0
2025-06-03,AST-030,7.24,Corrective,Planned,China,Integrated Gas,17500.0,1174837.0
2025-06-03,AST-033,3.81,Preventive,Planned,India,Integrated Gas,9722.0,736408.0
2025-06-03,AST-041,2.92,Corrective,Planned,India,Integrated Gas,16529.0,1408591.0
2025-06-03,AST-042,7.51,Preventive,Planned,North America,Integrated Gas,41893.0,2849325.0
2025-06-03,AST-049,6.27,Corrective,Unplanned,North America,Upstream,18646.0,1544801.0
2025-06-04,AST-002,21.05,Corrective,Planned,North America,Upstream,25117.0,1890710.0
2025-06-04,AST-003,13.76,Inspection,Planned,Middle East,Upstream,33306.0,2659684.5
2025-06-04,AST-004,9.05,Preventive,Planned,China,Upstream,37531.0,2629113.0
2025-06-04,AST-006,9.61,Corrective,Unplanned,Africa,Integrated Gas,45192.0,3585713.0
2025-06-04,AST-024,3.83,Preventive,Planned,Africa,Integrated Gas,5266.0,393365.0
2025-06-04,AST-027,2.58,Corrective,Planned,China,Upstream,12230.0,1100530.0
2025-06-04,AST-028,1.08,Preventive,Planned,North America,Integrated Gas,2622.0,187830.0
2025-06-04,AST-030,2.56,Preventive,Unplanned,China,Integrated Gas,12939.0,1190417.0
2025-06-04,AST-031,9.95,Preventive,Unplanned,China,Integrated Gas,44460.0,3518940.0
2025-06-04,AST-034,3.53,Preventive,Planned,Middle East,Upstream,5159.0,400792.0
2025-06-04,AST-036,2.55,Preventive,Planned,India,Integrated Gas,8463.0,680312.0
2025-06-04,AST-038,5.46,Preventive,Planned,North America,Integrated Gas,13592.0,1174656.0
2025-06-04,AST-039,1.4,Preventive,Planned,Europe,Integrated Gas,7036.0,511520.0
2025-06-04,AST-042,1.85,Corrective,Planned,North America,Integrated Gas,10129.0,780166.0
2025-06-04,AST-044,2.36,Preventive,Planned,China,Upstream,8600.0,704535.0
2025-06-04,AST-049,12.15,Inspection,Unplanned,North America,Upstream,38612.0,3433737.0
2025-06-04,AST-050,5.93,Inspection,Planned,North America,Upstream,3349.0,276299.5
2025-06-05,AST-005,21.63,Corrective,Unplanned,China,Integrated Gas,137186.0,11770630.0
2025-06-05,AST-010,5.44,Corrective,Planned,India,Upstream,6174.0,436393.0
2025-06-05,AST-013,23.67,Preventive,Planned,North America,Upstream,37779.0,2792043.5
2025-06-05,AST-015,7.27,Preventive,Planned,North America,Integrated Gas,26774.0,2019501.0
2025-06-05,AST-016,1.47,Inspection,Planned,North America,Upstream,2545.0,206814.0
2025-06-05,AST-017,2.92,Preventive,Planned,Middle East,Chemicals & Products,13656.0,1076053.0
2025-06-05,AST-018,4.04,Corrective,Planned,India,Integrated Gas,14033.0,1031351.0
2025-06-05,AST-021,26.28,Corrective,Unplanned,Middle East,Chemicals & Products,99379.0,6615754.0
2025-06-05,AST-023,2.48,Preventive,Planned,Europe,Upstream,3396.0,226103.0
2025-06-05,AST-031,2.43,Preventive,Planned,China,Integrated Gas,11581.0,817747.0
2025-06-05,AST-037,2.9,Inspection,Planned,Africa,Upstream,5220.0,419675.0
2025-06-05,AST-038,1.76,Preventive,Planned,North America,Integrated Gas,4398.0,335050.0
2025-06-05,AST-039,0.44,Preventive,Planned,Europe,Integrated Gas,1764.0,141892.0
2025-06-05,AST-050,24.23,Preventive,Planned,North America,Upstream,14146.0,910391.0
2025-06-06,AST-005,14.52,Preventive,Unplanned,China,Integrated Gas,75238.0,4907413.0
2025-06-06,AST-007,2.43,Corrective,Planned,India,Chemicals & Products,4171.0,345891.5
2025-06-06,AST-010,5.53,Corrective,Planned,India,Upstream,6671.0,513427.0
2025-06-06,AST-013,1.43,Inspection,Planned,North America,Upstream,5267.0,466428.0
2025-06-06,AST-018,3.75,Turnaround,Planned,India,Integrated Gas,15100.0,1034005.0
2025-06-06,AST-021,2.45,Preventive,Planned,Middle East,Chemicals & Products,12376.0,815822.0
2025-06-06,AST-024,3.34,Preventive,Planned,Africa,Integrated Gas,6262.0,534722.0
2025-06-06,AST-025,10.86,Preventive,Planned,North America,Upstream,80642.0,6402079.0
2025-06-06,AST-031,2.19,Preventive,Planned,China,Integrated Gas,10526.0,777985.0
2025-06-06,AST-036,0.6,Turnaround,Planned,India,Integrated Gas,2080.0,184853.0
2025-06-06,AST-042,2.0,Preventive,Planned,North America,Integrated Gas,9189.0,709515.0
2025-06-06,AST-043,10.75,Corrective,Planned,North America,Upstream,24285.0,1924440.0
2025-06-06,AST-047,6.12,Turnaround,Planned,China,Upstream,33771.0,2356199.0
2025-06-07,AST-002,5.99,Preventive,Planned,North America,Upstream,5057.0,380865.67
2025-06-07,AST-006,5.04,Preventive,Unplanned,Africa,Integrated Gas,25492.0,1783925.0
2025-06-07,AST-008,2.25,Preventive,Planned,North America,Upstream,13869.0,1181877.0
2025-06-07,AST-009,2.16,Preventive,Planned,Europe,Upstream,4193.0,332088.0
2025-06-07,AST-010,8.17,Corrective,Planned,India,Upstream,4012.0,305866.5
2025-06-07,AST-017,3.34,Preventive,Planned,Middle East,Chemicals & Products,16604.0,1429872.0
2025-06-07,AST-020,1.04,Corrective,Planned,China,Chemicals & Products,2328.0,149355.0
2025-06-07,AST-023,3.16,Preventive,Planned,Europe,Upstream,4094.0,300854.0
2025-06-07,AST-025,8.14,Corrective,Unplanned,North America,Upstream,57518.0,4848264.0
2025-06-07,AST-027,2.06,Corrective,Planned,China,Upstream,9060.0,700291.0
2025-06-07,AST-030,2.7,Preventive,Planned,China,Integrated Gas,16357.0,1227280.0
2025-06-07,AST-033,19.25,Corrective,Planned,India,Integrated Gas,21522.5,1465812.0
2025-06-07,AST-034,9.25,Preventive,Planned,Middle East,Upstream,7081.5,523364.5
2025-06-07,AST-036,34.1,Corrective,Unplanned,India,Integrated Gas,57706.5,4104262.0
2025-06-07,AST-037,30.61,Corrective,Unplanned,Africa,Upstream,67269.0,5137839.0
2025-06-07,AST-038,0.55,Preventive,Planned,North America,Integrated Gas,1572.0,129965.0
2025-06-07,AST-039,2.08,Turnaround,Planned,Europe,Integrated Gas,10471.0,769306.0
2025-06-07,AST-041,6.1,Preventive,Planned,India,Integrated Gas,32579.0,2545069.0
2025-06-07,AST-044,2.19,Corrective,Planned,China,Upstream,7418.0,644936.0
2025-06-08,AST-002,7.96,Corrective,Planned,North America,Upstream,19967.0,1323307.0
2025-06-08,AST-005,33.53,Preventive,Unplanned,China,Integrated Gas,228376.0,16211290.0
2025-06-08,AST-007,7.37,Corrective,Unplanned,India,Chemicals & Products,19227.0,1628198.0
2025-06-08,AST-011,1.81,Preventive,Planned,Middle East,Upstream,2688.0,206976.0
2025-06-08,AST-013,2.38,Corrective,Planned,North America,Upstream,7346.0,528696.0
2025-06-08,AST-014,5.43,Preventive,Planned,North America,Upstream,9437.0,705241.0
2025-06-08,AST-019,1.5,Turnaround,Planned,Africa,Upstream,3597.0,314214.0
2025-06-08,AST-021,4.59,Inspection,Planned,Middle East,Chemicals & Products,23999.0,1693904.0
2025-06-08,AST-022,0.94,Corrective,Planned,China,Upstream,3446.0,237625.0
2025-06-08,AST-026,4.51,Preventive,Planned,Middle East,Upstream,14581.0,1198989.5
2025-06-08,AST-027,7.8,Corrective,Unplanned,China,Upstream,35904.0,2642653.0
2025-06-08,AST-030,1.22,Corrective,Unplanned,China,Integrated Gas,7746.0,554931.0
2025-06-08,AST-036,3.89,Preventive,Planned,India,Integrated Gas,12220.0,1045350.0
2025-06-08,AST-043,11.2,Preventive,Planned,North America,Upstream,66369.0,4926021.0
2025-06-08,AST-049,4.84,Preventive,Planned,North America,Upstream,13719.0,1038440.0
2025-06-09,AST-003,2.25,Turnaround,Planned,Middle East,Upstream,12957.0,1126579.0
2025-06-09,AST-004,2.9,Corrective,Planned,China,Upstream,14280.0,970955.0
2025-06-09,AST-005,7.77,Inspection,Planned,China,Integrated Gas,18298.5,1259321.5
2025-06-09,AST-007,17.97,Corrective,Planned,India,Chemicals & Products,27262.0,2062190.0
2025-06-09,AST-010,0.84,Corrective,Planned,India,Upstream,801.0,53682.0
2025-06-09,AST-011,0.29,Inspection,Planned,Middle East,Upstream,434.0,33583.0
2025-06-09,AST-014,4.57,Preventive,Planned,North America,Upstream,8204.0,581140.0
2025-06-09,AST-015,8.08,Corrective,Planned,North America,Integrated Gas,35573.0,2518894.0
2025-06-09,AST-022,2.97,Corrective,Planned,China,Upstream,9304.0,788377.0
2025-06-09,AST-023,1.14,Corrective,Planned,Europe,Upstream,2008.0,135279.0
2025-06-09,AST-024,0.66,Preventive,Planned,Africa,Integrated Gas,879.0,65429.0
2025-06-09,AST-026,0.6,Corrective,Planned,Middle East,Upstream,4051.0,341937.0
2025-06-09,AST-027,4.46,Corrective,Planned,China,Upstream,9984.0,807018.5
2025-06-09,AST-029,2.16,Preventive,Planned,Middle East,Integrated Gas,11514.0,907316.0
2025-06-09,AST-031,9.2,Preventive,Planned,China,Integrated Gas,44693.0,3355515.0
2025-06-09,AST-033,3.47,Preventive,Planned,India,Integrated Gas,8452.0,631385.0
2025-06-09,AST-034,7.26,Corrective,Planned,Middle East,Upstream,11517.0,929301.0
2025-06-09,AST-036,6.61,Preventive,Unplanned,India,Integrated Gas,19438.0,1394418.0
2025-06-09,AST-039,6.74,Preventive,Unplanned,Europe,Integrated Gas,32862.0,2177293.0
2025-06-09,AST-047,4.19,Corrective,Planned,China,Upstream,17139.0,1362542.0
2025-06-10,AST-003,2.39,Preventive,Planned,Middle East,Upstream,10716.0,872756.0
2025-06-10,AST-007,6.35,Inspection,Planned,India,Chemicals & Products,10394.5,662542.5
2025-06-10,AST-011,1.8,Preventive,Planned,Middle East,Upstream,2572.0,217121.0
2025-06-10,AST-018,4.72,Preventive,Unplanned,India,Integrated Gas,14374.0,1142149.0
2025-06-10,AST-034,2.65,Preventive,Planned,Middle East,Upstream,3772.0,257091.0
2025-06-10,AST-037,0.89,Corrective,Planned,Africa,Upstream,1961.0,136603.0
2025-06-10,AST-039,8.42,Corrective,Unplanned,Europe,Integrated Gas,35781.0,2501616.0
2025-06-10,AST-040,5.32,Corrective,Planned,Middle East,Integrated Gas,10355.0,775936.0
2025-06-10,AST-048,1.86,Turnaround,Planned,Africa,Chemicals & Products,2837.0,214368.0
2025-06-10,AST-050,3.64,Corrective,Planned,North America,Upstream,3997.0,333976.0
2025-06-11,AST-009,28.31,Corrective,Unplanned,Europe,Upstream,45729.0,3527470.0
2025-06-11,AST-015,35.19,Inspection,Planned,North America,Integrated Gas,55885.5,3883493.0
2025-06-11,AST-016,10.02,Corrective,Planned,North America,Upstream,8154.5,582191.0
2025-06-11,AST-017,3.05,Preventive,Planned,Middle East,Chemicals & Products,11823.0,799565.0
2025-06-11,AST-022,3.83,Inspection,Unplanned,China,Upstream,12130.0,1010292.0
2025-06-11,AST-026,9.23,Inspection,Planned,Middle East,Upstream,24224.0,1968570.5
2025-06-11,AST-027,6.38,Preventive,Planned,China,Upstream,28545.0,2064022.0
2025-06-11,AST-028,4.8,Corrective,Planned,North America,Integrated Gas,9983.0,730275.0
2025-06-11,AST-043,1.53,Preventive,Planned,North America,Upstream,7751.0,679037.0
2025-06-11,AST-044,8.56,Preventive,Unplanned,China,Upstream,9926.67,799085.67
2025-06-11,AST-048,2.25,Inspection,Planned,Africa,Chemicals & Products,3224.0,224460.0
2025-06-11,AST-049,2.9,Corrective,Planned,North America,Upstream,9188.0,622413.0
2025-06-12,AST-006,2.58,Preventive,Planned,Africa,Integrated Gas,11271.0,898093.0
2025-06-12,AST-007,3.59,Preventive,Planned,India,Chemicals & Products,9940.0,710444.0
2025-06-12,AST-009,0.4,Inspection,Planned,Europe,Upstream,792.0,58810.0
2025-06-12,AST-010,5.75,Inspection,Unplanned,India,Upstream,5161.0,321285.0
2025-06-12,AST-013,4.54,Preventive,Planned,North America,Upstream,15759.0,1287691.0
2025-06-12,AST-014,7.9,Preventive,Planned,North America,Upstream,15683.0,1299324.0
2025-06-12,AST-015,25.44,Preventive,Unplanned,North America,Integrated Gas,48222.5,3954155.0
2025-06-12,AST-016,0.87,Corrective,Planned,North America,Upstream,1712.0,116677.0
2025-06-12,AST-030,7.82,Preventive,Unplanned,China,Integrated Gas,46737.0,3585436.0
2025-06-12,AST-033,1.1,Preventive,Planned,India,Integrated Gas,2290.0,197215.0
2025-06-12,AST-036,5.23,Corrective,Unplanned,India,Integrated Gas,18446.0,1147212.0
2025-06-12,AST-037,0.12,Corrective,Planned,Africa,Upstream,252.0,20983.0
2025-06-12,AST-044,6.58,Turnaround,Unplanned,China,Upstream,21241.0,1452908.0
2025-06-12,AST-048,2.32,Preventive,Planned,Africa,Chemicals & Products,3157.0,225762.0
2025-06-12,AST-050,4.75,Inspection,Planned,North America,Upstream,7144.0,512653.0
2025-06-13,AST-002,39.49,Preventive,Unplanned,North America,Upstream,99808.0,8007578.0
2025-06-13,AST-003,7.21,Preventive,Planned,Middle East,Upstream,34325.0,2719576.0
2025-06-13,AST-005,1.21,Corrective,Unplanned,China,Integrated Gas,6149.0,443455.0
2025-06-13,AST-021,3.28,Inspection,Planned,Middle East,Chemicals & Products,14218.0,1075852.0
2025-06-13,AST-022,3.62,Corrective,Planned,China,Upstream,10628.0,860192.0
2025-06-13,AST-025,4.99,Corrective,Planned,North America,Upstream,33973.0,2540112.0
2025-06-13,AST-027,1.02,Inspection,Planned,China,Upstream,4421.0,292224.0
2025-06-13,AST-029,0.43,Corrective,Planned,Middle East,Integrated Gas,2999.0,240820.0
2025-06-13,AST-030,6.62,Corrective,Planned,China,Integrated Gas,16486.0,1160879.0
2025-06-13,AST-045,4.89,Corrective,Planned,India,Upstream,20914.0,1660989.0
2025-06-13,AST-047,22.11,Corrective,Unplanned,China,Upstream,97845.0,7432896.0
2025-06-13,AST-049,0.14,Corrective,Planned,North America,Upstream,415.0,33139.0
2025-06-14,AST-002,7.48,Preventive,Unplanned,North America,Upstream,17845.0,1160283.0
2025-06-14,AST-004,13.2,Preventive,Unplanned,China,Upstream,48747.0,3344380.0
2025-06-14,AST-008,1.86,Inspection,Planned,North America,Upstream,10613.0,821281.0
2025-06-14,AST-013,5.61,Inspection,Planned,North America,Upstream,10723.0,834014.0
2025-06-14,AST-026,1.9,Preventive,Planned,Middle East,Upstream,11369.0,911383.0
2025-06-14,AST-027,1.18,Preventive,Planned,China,Upstream,6616.0,494331.0
2025-06-14,AST-029,4.16,Corrective,Planned,Middle East,Integrated Gas,12914.0,1055499.0
2025-06-14,AST-037,7.49,Turnaround,Unplanned,Africa,Upstream,14381.0,1171973.0
2025-06-14,AST-042,0.97,Corrective,Planned,North America,Integrated Gas,4450.0,382940.0
2025-06-14,AST-045,12.12,Preventive,Planned,India,Upstream,26889.5,1797176.0
2025-06-14,AST-046,3.78,Inspection,Planned,Africa,Upstream,17436.0,1250429.0
2025-06-15,AST-004,3.32,Corrective,Unplanned,China,Upstream,13464.0,900294.0
2025-06-15,AST-005,1.39,Corrective,Planned,China,Integrated Gas,8036.0,596035.0
2025-06-15,AST-011,6.89,Preventive,Unplanned,Middle East,Upstream,9443.0,716515.0
2025-06-15,AST-012,1.44,Inspection,Planned,Africa,Upstream,6580.0,502987.0
2025-06-15,AST-014,2.86,Corrective,Planned,North America,Upstream,5685.0,432805.0
2025-06-15,AST-016,0.27,Preventive,Planned,North America,Upstream,516.0,36873.0
2025-06-15,AST-019,2.14,Corrective,Planned,Africa,Upstream,7077.0,532529.0
2025-06-15,AST-027,13.16,Preventive,Unplanned,China,Upstream,48911.0,4104897.0
2025-06-15,AST-030,13.29,Preventive,Planned,China,Integrated Gas,24659.0,1779354.33
2025-06-15,AST-037,0.55,Inspection,Planned,Africa,Upstream,1118.0,81895.0
2025-06-15,AST-043,3.58,Inspection,Planned,North America,Upstream,17633.0,1207604.0
2025-06-15,AST-044,5.54,Corrective,Unplanned,China,Upstream,16881.0,1153056.0
2025-06-15,AST-046,2.0,Corrective,Planned,Africa,Upstream,7711.0,619558.0
2025-06-15,AST-047,9.9,Inspection,Unplanned,China,Upstream,38460.0,2461048.0
2025-06-15,AST-048,9.55,Corrective,Unplanned,Africa,Chemicals & Products,13036.0,922318.0
2025-06-15,AST-050,24.25,Corrective,Planned,North America,Upstream,13314.5,998868.0
2025-06-16,AST-001,0.81,Preventive,Planned,India,Upstream,2517.0,168183.0
2025-06-16,AST-002,22.06,Corrective,Unplanned,North America,Upstream,56970.0,4361555.0
2025-06-16,AST-006,3.65,Inspection,Planned,Africa,Integrated Gas,16370.0,1191248.0
2025-06-16,AST-007,14.19,Corrective,Unplanned,India,Chemicals & Products,50620.0,3890593.0
2025-06-16,AST-008,2.56,Preventive,Planned,North America,Upstream,14700.0,1143489.0
2025-06-16,AST-011,2.17,Inspection,Planned,Middle East,Upstream,3148.0,247370.0
2025-06-16,AST-012,5.59,Preventive,Planned,Africa,Upstream,31661.0,2181560.0
2025-06-16,AST-016,1.07,Turnaround,Planned,North America,Upstream,1367.0,103165.0
2025-06-16,AST-023,4.01,Corrective,Planned,Europe,Upstream,6149.0,421491.0
2025-06-16,AST-028,6.33,Corrective,Planned,North America,Integrated Gas,7532.5,566188.5
2025-06-16,AST-030,3.0,Preventive,Planned,China,Integrated Gas,15798.0,1058356.0
2025-06-16,AST-031,2.28,Corrective,Planned,China,Integrated Gas,11824.0,946847.0
2025-06-16,AST-038,5.42,Turnaround,Planned,North America,Integrated Gas,13504.0,1009592.0
2025-06-16,AST-039,5.28,Inspection,Planned,Europe,Integrated Gas,23251.0,1780784.0
2025-06-16,AST-040,2.7,Corrective,Planned,Middle East,Integrated Gas,5655.0,336245.0
2025-06-16,AST-046,3.77,Corrective,Planned,Africa,Upstream,16096.0,1250017.0
2025-06-17,AST-006,5.35,Corrective,Planned,Africa,Integrated Gas,27239.0,2063706.0
2025-06-17,AST-009,12.05,Inspection,Planned,Europe,Upstream,11655.5,840007.0
2025-06-17,AST-010,7.08,Preventive,Planned,India,Upstream,1996.0,149825.67
2025-06-17,AST-014,1.2,Corrective,Planned,North America,Upstream,2744.0,200588.0
2025-06-17,AST-018,4.37,Corrective,Planned,India,Integrated Gas,15942.0,1310092.0
2025-06-17,AST-019,4.74,Corrective,Planned,Africa,Upstream,16203.0,1073481.0
2025-06-17,AST-021,5.41,Corrective,Planned,Middle East,Chemicals & Products,13842.0,962072.0
2025-06-17,AST-023,3.66,Corrective,Planned,Europe,Upstream,4718.0,374083.0
2025-06-17,AST-026,1.6,Corrective,Planned,Middle East,Upstream,11177.0,717112.0
2025-06-17,AST-031,11.2,Corrective,Planned,China,Integrated Gas,26505.0,1778332.0
2025-06-17,AST-032,5.72,Turnaround,Planned,Europe,Upstream,21640.0,1649860.0
2025-06-17,AST-035,4.19,Corrective,Planned,Africa,Upstream,23423.0,1753986.0
2025-06-17,AST-048,6.58,Preventive,Planned,Africa,Chemicals & Products,9550.0,738729.0
2025-06-17,AST-049,2.95,Preventive,Planned,North America,Upstream,11377.0,871452.0
2025-06-17,AST-050,26.03,Corrective,Planned,North America,Upstream,14685.5,1028296.0
2025-06-18,AST-004,11.88,Corrective,Planned,China,Upstream,24706.0,2013426.0
2025-06-18,AST-013,3.53,Preventive,Planned,North America,Upstream,12917.0,1090392.0
2025-06-18,AST-016,2.8,Turnaround,Planned,North America,Upstream,4992.0,381192.0
2025-06-18,AST-017,3.06,Preventive,Planned,Middle East,Chemicals & Products,15851.0,1336176.0
2025-06-18,AST-021,15.32,Preventive,Unplanned,Middle East,Chemicals & Products,74092.0,5433752.0
2025-06-18,AST-023,5.66,Turnaround,Planned,Europe,Upstream,7057.0,438109.0
2025-06-18,AST-029,11.58,Turnaround,Planned,Middle East,Integrated Gas,87334.0,6694206.0
2025-06-18,AST-033,6.11,Preventive,Planned,India,Integrated Gas,15095.0,1185001.0
2025-06-18,AST-040,12.03,Corrective,Planned,Middle East,Integrated Gas,27654.0,1970771.0
2025-06-18,AST-042,2.58,Preventive,Planned,North America,Integrated Gas,15633.0,1029836.0
2025-06-19,AST-009,4.56,Corrective,Planned,Europe,Upstream,8723.0,698417.0
2025-06-19,AST-012,0.56,Corrective,Planned,Africa,Upstream,2778.0,198695.0
2025-06-19,AST-018,2.26,Preventive,Planned,India,Integrated Gas,8289.0,609422.0
2025-06-19,AST-024,10.44,Preventive,Planned,Africa,Integrated Gas,8293.5,656776.5
2025-06-19,AST-025,40.49,Preventive,Unplanned,North America,Upstream,260739.0,17861749.0
2025-06-19,AST-027,3.46,Preventive,Planned,China,Upstream,16734.0,1275691.0
2025-06-19,AST-028,6.13,Preventive,Planned,North America,Integrated Gas,15812.0,1073282.0
2025-06-19,AST-041,13.5,Preventive,Planned,India,Integrated Gas,69433.0,5507301.0
2025-06-19,AST-048,2.92,Corrective,Planned,Africa,Chemicals & Products,2303.5,165162.0
2025-06-19,AST-049,8.64,Corrective,Planned,North America,Upstream,24632.0,2053267.0
2025-06-19,AST-050,7.81,Preventive,Planned,North America,Upstream,9038.0,727161.0
2025-06-20,AST-002,10.03,Corrective,Planned,North America,Upstream,13192.0,858973.0
2025-06-20,AST-006,0.15,Preventive,Planned,Africa,Integrated Gas,739.0,57043.0
2025-06-20,AST-014,7.51,Inspection,Planned,North America,Upstream,12300.0,837640.0
2025-06-20,AST-020,3.2,Preventive,Planned,China,Chemicals & Products,7829.0,635939.0
2025-06-20,AST-024,3.04,Preventive,Planned,Africa,Integrated Gas,3805.0,305723.0
2025-06-20,AST-027,6.03,Inspection,Planned,China,Upstream,26485.0,1873516.0
2025-06-20,AST-028,10.64,Corrective,Planned,North America,Integrated Gas,26260.0,1987493.0
2025-06-20,AST-029,4.88,Corrective,Planned,Middle East,Integrated Gas,29381.0,2018240.0
2025-06-20,AST-030,0.99,Inspection,Planned,China,Integrated Gas,5744.0,470372.0
2025-06-20,AST-033,10.55,Corrective,Unplanned,India,Integrated Gas,21880.0,1517446.0
2025-06-20,AST-038,42.71,Corrective,Planned,North America,Integrated Gas,61397.5,4604737.5
2025-06-20,AST-040,2.58,Corrective,Unplanned,Middle East,Integrated Gas,3483.0,272786.0
2025-06-20,AST-043,5.14,Corrective,Planned,North America,Upstream,24475.0,1763422.0
2025-06-20,AST-048,1.92,Corrective,Planned,Africa,Chemicals & Products,2772.0,234401.0
2025-06-20,AST-050,35.35,Corrective,Unplanned,North America,Upstream,32732.0,2842721.0
2025-06-21,AST-002,1.46,Preventive,Planned,North America,Upstream,3978.0,283348.0
2025-06-21,AST-004,2.31,Corrective,Unplanned,China,Upstream,9882.0,714205.0
2025-06-21,AST-005,12.45,Preventive,Planned,China,Integrated Gas,64645.0,4701416.0
2025-06-21,AST-008,4.17,Preventive,Planned,North America,Upstream,21760.0,1429107.0
2025-06-21,AST-013,2.4,Corrective,Planned,North America,Upstream,9298.0,703677.0
2025-06-21,AST-019,7.25,Inspection,Unplanned,Africa,Upstream,25547.0,2044439.0
2025-06-21,AST-023,2.68,Preventive,Planned,Europe,Upstream,3855.0,298750.0
2025-06-21,AST-025,0.46,Corrective,Planned,North America,Upstream,2547.0,191575.0
2025-06-21,AST-027,24.76,Corrective,Unplanned,China,Upstream,138022.0,10377686.0
2025-06-21,AST-029,14.43,Preventive,Unplanned,Middle East,Integrated Gas,83217.0,5247587.0
2025-06-21,AST-032,3.12,Turnaround,Planned,Europe,Upstream,9540.0,799715.0
2025-06-21,AST-034,21.65,Corrective,Unplanned,Middle East,Upstream,28238.0,2406597.0
2025-06-21,AST-037,29.25,Corrective,Unplanned,Africa,Upstream,70916.0,5149617.0
2025-06-21,AST-044,4.12,Preventive,Planned,China,Upstream,14629.0,1046870.0
2025-06-21,AST-047,0.58,Corrective,Planned,China,Upstream,3060.0,240620.0
2025-06-22,AST-001,24.8,Preventive,Planned,India,Upstream,36111.5,2470203.0
2025-06-22,AST-006,4.99,Preventive,Planned,Africa,Integrated Gas,22291.0,1531323.0
2025-06-22,AST-008,3.06,Preventive,Planned,North America,Upstream,15443.0,1242126.0
2025-06-22,AST-013,0.22,Preventive,Planned,North America,Upstream,732.0,59469.0
2025-06-22,AST-014,3.39,Turnaround,Unplanned,North America,Upstream,6382.0,488685.0
2025-06-22,AST-015,8.74,Corrective,Unplanned,North America,Integrated Gas,31815.0,2280873.0
2025-06-22,AST-017,5.77,Inspection,Planned,Middle East,Chemicals & Products,32582.0,2449220.0
2025-06-22,AST-018,13.21,Inspection,Unplanned,India,Integrated Gas,51449.0,3987026.0
2025-06-22,AST-026,2.8,Turnaround,Planned,Middle East,Upstream,14085.0,969796.0
2025-06-22,AST-028,14.9,Corrective,Unplanned,North America,Integrated Gas,34305.0,2748327.0
2025-06-22,AST-030,13.79,Corrective,Planned,China,Integrated Gas,74760.0,5780406.0
2025-06-22,AST-034,7.27,Corrective,Planned,Middle East,Upstream,11299.0,778708.0
2025-06-22,AST-036,0.97,Corrective,Planned,India,Integrated Gas,2722.0,183073.0
2025-06-22,AST-037,13.13,Preventive,Planned,Africa,Upstream,13871.5,1053040.5
2025-06-22,AST-042,12.44,Preventive,Unplanned,North America,Integrated Gas,65957.0,5471334.0
2025-06-22,AST-047,7.01,Corrective,Planned,China,Upstream,30533.0,2442607.0
2025-06-22,AST-048,1.79,Preventive,Planned,Africa,Chemicals & Products,2798.0,234829.0
2025-06-22,AST-049,2.65,Turnaround,Planned,North America,Upstream,8002.0,617713.0
2025-06-23,AST-003,20.99,Corrective,Planned,Middle East,Upstream,50602.0,4032500.0
2025-06-23,AST-006,0.31,Corrective,Planned,Africa,Integrated Gas,1329.0,97710.0
2025-06-23,AST-009,1.92,Turnaround,Planned,Europe,Upstream,3936.0,264568.0
2025-06-23,AST-010,4.26,Preventive,Planned,India,Upstream,4333.0,308383.0
2025-06-23,AST-015,2.72,Preventive,Planned,North America,Integrated Gas,9704.0,729800.0
2025-06-23,AST-017,6.98,Inspection,Planned,Middle East,Chemicals & Products,27137.0,1956312.0
2025-06-23,AST-019,4.01,Inspection,Planned,Africa,Upstream,13047.0,810313.0
2025-06-23,AST-021,3.81,Preventive,Planned,Middle East,Chemicals & Products,18420.0,1310449.0
2025-06-23,AST-022,5.11,Corrective,Planned,China,Upstream,11757.0,1036092.0
2025-06-23,AST-025,3.07,Preventive,Planned,North America,Upstream,23058.0,1777710.0
2025-06-23,AST-026,12.15,Preventive,Planned,Middle East,Upstream,73662.0,5916257.0
2025-06-23,AST-030,8.45,Preventive,Unplanned,China,Integrated Gas,49775.0,3574130.0
2025-06-23,AST-031,5.72,Turnaround,Planned,China,Integrated Gas,28753.0,1921907.0
2025-06-23,AST-032,25.66,Preventive,Unplanned,Europe,Upstream,91389.0,8158318.0
2025-06-23,AST-035,1.66,Turnaround,Planned,Africa,Upstream,10740.0,753193.0
2025-06-23,AST-038,1.67,Corrective,Planned,North America,Integrated Gas,5531.0,395488.0
2025-06-23,AST-040,11.62,Corrective,Planned,Middle East,Integrated Gas,7016.0,497824.67
2025-06-23,AST-041,7.27,Preventive,Planned,India,Integrated Gas,22010.5,1565802.5
2025-06-23,AST-043,6.25,Preventive,Unplanned,North America,Upstream,30993.0,2264181.0
2025-06-23,AST-049,7.25,Corrective,Planned,North America,Upstream,13131.0,988589.0
2025-06-24,AST-002,0.85,Corrective,Planned,North America,Upstream,2177.0,154214.0
2025-06-24,AST-012,0.4,Preventive,Planned,Africa,Upstream,2240.0,169950.0
2025-06-24,AST-013,12.17,Turnaround,Unplanned,North America,Upstream,37934.0,2557311.0
2025-06-24,AST-014,1.04,Corrective,Planned,North America,Upstream,1793.0,120871.0
2025-06-24,AST-015,5.54,Corrective,Planned,North America,Integrated Gas,22813.0,1556838.0
2025-06-24,AST-016,2.98,Preventive,Planned,North America,Upstream,5972.0,503704.0
2025-06-24,AST-021,6.05,Corrective,Planned,Middle East,Chemicals & Products,13000.0,1042864.0
2025-06-24,AST-022,0.73,Preventive,Planned,China,Upstream,1973.0,139042.0
2025-06-24,AST-030,1.86,Corrective,Planned,China,Integrated Gas,11883.0,841239.0
2025-06-24,AST-031,3.29,Preventive,Planned,China,Integrated Gas,17311.0,1372094.0
2025-06-24,AST-033,17.58,Preventive,Planned,India,Integrated Gas,36093.0,2843890.0
2025-06-24,AST-034,13.21,Inspection,Unplanned,Middle East,Upstream,17995.0,1269817.0
2025-06-24,AST-040,2.48,Turnaround,Planned,Middle East,Integrated Gas,5476.0,468637.0
2025-06-24,AST-041,3.93,Corrective,Planned,India,Integrated Gas,18046.0,1438238.0
2025-06-24,AST-046,2.94,Inspection,Planned,Africa,Upstream,13103.0,1130207.0
2025-06-24,AST-047,3.47,Preventive,Planned,China,Upstream,14787.0,1127610.0
2025-06-25,AST-002,3.62,Preventive,Unplanned,North America,Upstream,10505.0,646199.0
2025-06-25,AST-004,1.81,Preventive,Planned,China,Upstream,6936.0,543253.0
2025-06-25,AST-005,11.64,Preventive,Unplanned,China,Integrated Gas,69732.0,5358551.0
2025-06-25,AST-009,3.91,Preventive,Planned,Europe,Upstream,7320.0,473458.0
2025-06-25,AST-013,2.76,Preventive,Planned,North America,Upstream,10245.0,789503.0
2025-06-25,AST-018,17.98,Corrective,Unplanned,India,Integrated Gas,67093.0,5216562.0
2025-06-25,AST-019,3.41,Corrective,Planned,Africa,Upstream,9123.0,645914.0
2025-06-25,AST-021,13.46,Inspection,Planned,Middle East,Chemicals & Products,56773.0,4945822.0
2025-06-25,AST-022,3.29,Preventive,Planned,China,Upstream,9471.0,798672.0
2025-06-25,AST-024,7.48,Corrective,Planned,Africa,Integrated Gas,5985.0,445524.5
2025-06-25,AST-027,1.43,Corrective,Planned,China,Upstream,6216.0,494692.0
2025-06-25,AST-030,4.91,Corrective,Planned,China,Integrated Gas,27982.0,1958801.0
2025-06-25,AST-031,1.14,Inspection,Planned,China,Integrated Gas,6063.0,492267.0
2025-06-25,AST-034,1.86,Preventive,Planned,Middle East,Upstream,2395.0,185693.0
2025-06-25,AST-035,17.35,Preventive,Unplanned,Africa,Upstream,103406.0,8198670.0
2025-06-25,AST-040,0.63,Inspection,Planned,Middle East,Integrated Gas,1093.0,73195.0
2025-06-25,AST-044,1.76,Inspection,Planned,China,Upstream,5096.0,330022.0
2025-06-26,AST-001,2.76,Preventive,Unplanned,India,Upstream,7883.0,528988.0
2025-06-26,AST-002,4.66,Turnaround,Planned,North America,Upstream,10398.0,742475.0
2025-06-26,AST-003,1.75,Preventive,Planned,Middle East,Upstream,9602.0,658266.0
2025-06-26,AST-004,1.67,Preventive,Planned,China,Upstream,6146.0,439280.0
2025-06-26,AST-005,0.94,Corrective,Planned,China,Integrated Gas,5572.0,382252.0
2025-06-26,AST-008,2.54,Inspection,Planned,North America,Upstream,13015.0,983060.0
2025-06-26,AST-009,15.13,Inspection,Planned,Europe,Upstream,13864.5,1059696.5
2025-06-26,AST-010,8.39,Corrective,Planned,India,Upstream,4595.5,335673.0
2025-06-26,AST-013,0.51,Inspection,Planned,North America,Upstream,2162.0,177225.0
2025-06-26,AST-016,17.39,Turnaround,Unplanned,North America,Upstream,37046.0,2507064.0
2025-06-26,AST-017,13.91,Inspection,Planned,Middle East,Chemicals & Products,78180.0,6019036.0
2025-06-26,AST-019,16.34,Corrective,Unplanned,Africa,Upstream,49095.0,3765381.0
2025-06-26,AST-022,4.16,Inspection,Planned,China,Upstream,12027.0,1064073.0
2025-06-26,AST-024,6.22,Corrective,Planned,Africa,Integrated Gas,11016.0,867096.0
2025-06-26,AST-026,5.39,Inspection,Planned,Middle East,Upstream,16474.0,1220341.0
2025-06-26,AST-028,0.1,Preventive,Planned,North America,Integrated Gas,222.0,18551.0
2025-06-26,AST-030,4.05,Preventive,Planned,China,Integrated Gas,21003.0,1564173.0
2025-06-26,AST-032,25.67,Preventive,Unplanned,Europe,Upstream,93559.0,6696627.0
2025-06-26,AST-033,0.92,Preventive,Planned,India,Integrated Gas,1815.0,136297.0
2025-06-26,AST-041,2.39,Corrective,Planned,India,Integrated Gas,16047.0,1149634.0
2025-06-26,AST-046,2.69,Preventive,Planned,Africa,Upstream,12001.0,1063503.0
2025-06-27,AST-023,2.43,Corrective,Planned,Europe,Upstream,3298.0,216086.0
2025-06-27,AST-030,35.85,Preventive,Unplanned,China,Integrated Gas,171283.0,13228475.0
2025-06-27,AST-034,0.96,Preventive,Planned,Middle East,Upstream,1370.0,89208.0
2025-06-27,AST-039,5.19,Preventive,Planned,Europe,Integrated Gas,19135.0,1350900.0
2025-06-27,AST-040,2.62,Corrective,Planned,Middle East,Integrated Gas,5264.0,403522.0
2025-06-27,AST-043,1.51,Corrective,Planned,North America,Upstream,7144.0,496547.0
2025-06-27,AST-044,1.2,Corrective,Planned,China,Upstream,4713.0,388036.0
2025-06-27,AST-045,0.98,Turnaround,Planned,India,Upstream,4205.0,332182.0
2025-06-27,AST-047,5.24,Preventive,Planned,China,Upstream,26982.0,1923970.0
2025-06-28,AST-002,0.89,Corrective,Planned,North America,Upstream,2468.0,194540.0
2025-06-28,AST-010,5.9,Preventive,Planned,India,Upstream,5159.0,393828.0
2025-06-28,AST-012,0.24,Turnaround,Planned,Africa,Upstream,1008.0,75876.0
2025-06-28,AST-015,17.73,Corrective,Unplanned,North America,Integrated Gas,68937.0,4896127.0
2025-06-28,AST-016,2.12,Preventive,Planned,North America,Upstream,3888.0,250800.0
2025-06-28,AST-017,5.74,Corrective,Unplanned,Middle East,Chemicals & Products,28024.0,2308836.0
2025-06-28,AST-018,22.22,Preventive,Unplanned,India,Integrated Gas,82863.0,6794367.0
2025-06-28,AST-021,3.12,Corrective,Planned,Middle East,Chemicals & Products,13562.0,1032987.0
2025-06-28,AST-023,20.3,Preventive,Planned,Europe,Upstream,13392.0,895157.5
2025-06-28,AST-028,0.58,Corrective,Planned,North America,Integrated Gas,1256.0,89558.0
2025-06-28,AST-029,8.78,Corrective,Planned,Middle East,Integrated Gas,55148.0,4407953.0
2025-06-28,AST-039,9.95,Preventive,Planned,Europe,Integrated Gas,43592.0,3887367.0
2025-06-28,AST-041,4.51,Corrective,Planned,India,Integrated Gas,28353.0,1867638.0
2025-06-28,AST-043,2.31,Preventive,Planned,North America,Upstream,9942.0,691532.0
2025-06-28,AST-045,0.95,Preventive,Planned,India,Upstream,4307.0,321742.0
2025-06-28,AST-046,3.78,Preventive,Planned,Africa,Upstream,15856.0,1036019.0
2025-06-29,AST-002,8.78,Corrective,Planned,North America,Upstream,13468.5,1080163.0
2025-06-29,AST-003,4.32,Preventive,Planned,Middle East,Upstream,23385.0,1953752.0
2025-06-29,AST-008,4.73,Turnaround,Planned,North America,Upstream,28254.0,2202888.0
2025-06-29,AST-010,2.5,Turnaround,Planned,India,Upstream,2299.0,157482.0
2025-06-29,AST-014,7.78,Turnaround,Unplanned,North America,Upstream,15996.0,1221521.0
2025-06-29,AST-021,7.62,Corrective,Planned,Middle East,Chemicals & Products,16082.0,1104971.0
2025-06-29,AST-022,16.23,Inspection,Unplanned,China,Upstream,42330.0,2893122.0
2025-06-29,AST-023,8.51,Corrective,Planned,Europe,Upstream,13197.0,1094484.0
2025-06-29,AST-036,1.42,Preventive,Planned,India,Integrated Gas,5022.0,386475.0
2025-06-29,AST-037,5.18,Preventive,Planned,Africa,Upstream,12839.0,921517.0
2025-06-29,AST-041,5.36,Corrective,Planned,India,Integrated Gas,14489.0,1146022.5
2025-06-29,AST-050,0.73,Preventive,Planned,North America,Upstream,832.0,74633.0
2025-06-30,AST-005,16.54,Preventive,Unplanned,China,Integrated Gas,96014.0,6260132.0
2025-06-30,AST-009,2.3,Preventive,Planned,Europe,Upstream,4310.0,310671.0
2025-06-30,AST-010,3.78,Preventive,Planned,India,Upstream,3378.0,230055.0
2025-06-30,AST-012,5.33,Inspection,Planned,Africa,Upstream,26043.0,2200689.0
2025-06-30,AST-017,8.05,Corrective,Planned,Middle East,Chemicals & Products,37542.0,2912304.0
2025-06-30,AST-019,6.9,Preventive,Planned,Africa,Upstream,12317.0,982244.0
2025-06-30,AST-024,1.48,Corrective,Planned,Africa,Integrated Gas,2232.0,184817.0
2025-06-30,AST-032,2.13,Inspection,Planned,Europe,Upstream,3909.5,306961.5
2025-06-30,AST-039,1.95,Corrective,Planned,Europe,Integrated Gas,9282.0,700111.0
2025-06-30,AST-041,7.88,Corrective,Planned,India,Integrated Gas,20633.0,1664270.5
2025-06-30,AST-042,5.04,Corrective,Planned,North America,Integrated Gas,29774.0,2420002.0
2025-06-30,AST-048,9.54,Preventive,Unplanned,Africa,Chemicals & Products,16189.0,1191126.0
2025-07-01,AST-002,4.34,Preventive,Planned,North America,Upstream,11285.0,936253.0
2025-07-01,AST-003,12.8,Preventive,Planned,Middle East,Upstream,53273.0,4036256.0
2025-07-01,AST-005,3.05,Preventive,Planned,China,Integrated Gas,15637.0,1320317.0
2025-07-01,AST-007,0.55,Corrective,Planned,India,Chemicals & Products,1822.0,123000.0
2025-07-01,AST-009,0.37,Inspection,Planned,Europe,Upstream,760.0,50160.0
2025-07-01,AST-010,0.47,Inspection,Planned,India,Upstream,493.0,42266.0
2025-07-01,AST-011,9.72,Inspection,Planned,Middle East,Upstream,6937.0,469211.0
2025-07-01,AST-018,2.06,Corrective,Planned,India,Integrated Gas,6506.0,402591.0
2025-07-01,AST-025,4.98,Inspection,Planned,North America,Upstream,34395.0,2798332.0
2025-07-01,AST-026,0.29,Corrective,Planned,Middle East,Upstream,1727.0,134371.0
2025-07-01,AST-027,6.77,Preventive,Unplanned,China,Upstream,36319.0,2938969.0
2025-07-01,AST-028,5.36,Turnaround,Planned,North America,Integrated Gas,14451.0,1044697.0
2025-07-01,AST-031,0.38,Preventive,Planned,China,Integrated Gas,1984.0,168438.0
2025-07-01,AST-032,32.39,Corrective,Planned,Europe,Upstream,64569.5,4931108.5
2025-07-01,AST-036,4.54,Preventive,Planned,India,Integrated Gas,18555.0,1221208.0
2025-07-01,AST-037,4.52,Corrective,Planned,Africa,Upstream,7582.0,557345.0
2025-07-01,AST-039,6.91,Corrective,Planned,Europe,Integrated Gas,16168.5,1020804.0
2025-07-01,AST-044,5.07,Corrective,Unplanned,China,Upstream,14906.0,1179467.0
2025-07-02,AST-001,3.42,Preventive,Planned,India,Upstream,9296.0,663702.0
2025-07-02,AST-007,2.57,Corrective,Planned,India,Chemicals & Products,7902.0,558106.0
2025-07-02,AST-009,11.21,Inspection,Unplanned,Europe,Upstream,23005.0,1448597.0
2025-07-02,AST-013,4.53,Preventive,Planned,North America,Upstream,18703.0,1237410.0
2025-07-02,AST-020,12.99,Preventive,Planned,China,Chemicals & Products,16553.0,1313403.5
2025-07-02,AST-021,4.74,Preventive,Planned,Middle East,Chemicals & Products,19331.0,1270792.0
2025-07-02,AST-026,10.21,Corrective,Planned,Middle East,Upstream,61490.0,4663114.0
2025-07-02,AST-027,3.86,Corrective,Planned,China,Upstream,9407.5,632591.5
2025-07-02,AST-037,5.97,Corrective,Planned,Africa,Upstream,7011.0,575014.0
2025-07-02,AST-041,13.4,Preventive,Unplanned,India,Integrated Gas,88439.0,6463410.0
2025-07-02,AST-043,0.35,Turnaround,Planned,North America,Upstream,1401.0,87468.0
2025-07-03,AST-006,1.46,Corrective,Planned,Africa,Integrated Gas,7213.0,591146.0
2025-07-03,AST-007,7.41,Preventive,Planned,India,Chemicals & Products,25721.0,1640006.0
2025-07-03,AST-013,19.49,Inspection,Unplanned,North America,Upstream,59957.0,4992437.0
2025-07-03,AST-014,6.4,Corrective,Planned,North America,Upstream,5507.5,402863.0
2025-07-03,AST-018,0.38,Corrective,Planned,India,Integrated Gas,1186.0,86328.0
2025-07-03,AST-019,3.25,Preventive,Planned,Africa,Upstream,10847.0,923471.0
2025-07-03,AST-021,1.97,Preventive,Planned,Middle East,Chemicals & Products,8905.0,607586.0
2025-07-03,AST-023,0.88,Corrective,Planned,Europe,Upstream,1410.0,113922.0
2025-07-03,AST-024,2.57,Preventive,Planned,Africa,Integrated Gas,3962.0,265088.0
2025-07-03,AST-025,12.39,Preventive,Unplanned,North America,Upstream,74921.0,6037803.0
2025-07-03,AST-026,7.41,Turnaround,Planned,Middle East,Upstream,40286.0,3106007.0
2025-07-03,AST-027,8.19,Corrective,Planned,China,Upstream,20395.5,1771132.0
2025-07-03,AST-031,1.72,Preventive,Planned,China,Integrated Gas,8737.0,777536.0
2025-07-03,AST-035,12.8,Preventive,Unplanned,Africa,Upstream,76312.0,5478652.0
2025-07-03,AST-041,1.3,Corrective,Planned,India,Integrated Gas,6778.0,566694.0
2025-07-03,AST-043,12.12,Preventive,Planned,North America,Upstream,37348.0,2704107.5
2025-07-03,AST-044,1.57,Preventive,Planned,China,Upstream,5011.0,385935.0
2025-07-03,AST-047,2.71,Preventive,Planned,China,Upstream,12291.0,876750.0
2025-07-03,AST-049,0.33,Preventive,Planned,North America,Upstream,969.0,60598.0
2025-07-04,AST-010,2.51,Preventive,Planned,India,Upstream,3116.0,255883.0
2025-07-04,AST-014,8.49,Corrective,Unplanned,North America,Upstream,15999.0,1286104.0
2025-07-04,AST-015,1.77,Corrective,Planned,North America,Integrated Gas,6387.0,408292.0
2025-07-04,AST-020,2.9,Preventive,Planned,China,Chemicals & Products,7678.0,635879.0
2025-07-04,AST-023,4.21,Corrective,Planned,Europe,Upstream,6238.0,405293.0
2025-07-04,AST-026,7.7,Preventive,Planned,Middle East,Upstream,47347.0,3377280.0
2025-07-04,AST-028,6.44,Corrective,Planned,North America,Integrated Gas,16796.0,1272909.0
2025-07-04,AST-030,5.37,Corrective,Planned,China,Integrated Gas,29871.0,2170202.0
2025-07-04,AST-036,20.68,Corrective,Unplanned,India,Integrated Gas,68248.0,4870325.0
2025-07-04,AST-041,0.23,Corrective,Planned,India,Integrated Gas,1484.0,101387.0
2025-07-04,AST-042,6.12,Preventive,Planned,North America,Integrated Gas,31136.0,2015189.0
2025-07-05,AST-002,11.61,Inspection,Unplanned,North America,Upstream,32876.0,2319100.0
2025-07-05,AST-010,14.9,Turnaround,Unplanned,India,Upstream,16789.0,1342585.0
2025-07-05,AST-015,8.39,Preventive,Unplanned,North America,Integrated Gas,30645.0,2281673.0
2025-07-05,AST-019,1.3,Preventive,Planned,Africa,Upstream,4024.0,271362.0
2025-07-05,AST-023,2.67,Corrective,Planned,Europe,Upstream,3478.0,239615.0
2025-07-05,AST-024,8.71,Preventive,Unplanned,Africa,Integrated Gas,12105.0,845450.0
2025-07-05,AST-026,0.56,Preventive,Planned,Middle East,Upstream,3198.0,205687.0
2025-07-05,AST-037,19.22,Inspection,Planned,Africa,Upstream,18014.5,1196168.5
2025-07-05,AST-041,3.04,Preventive,Planned,India,Integrated Gas,17154.0,1292125.0
2025-07-05,AST-045,10.31,Corrective,Unplanned,India,Upstream,24942.5,1861141.5
2025-07-05,AST-050,0.5,Preventive,Planned,North America,Upstream,540.0,41203.0
2025-07-06,AST-005,5.8,Preventive,Planned,China,Integrated Gas,31215.0,2505532.0
2025-07-06,AST-007,3.97,Preventive,Planned,India,Chemicals & Products,10732.0,721587.0
2025-07-06,AST-008,2.56,Corrective,Planned,North America,Upstream,15484.0,1199852.0
2025-07-06,AST-011,0.85,Corrective,Planned,Middle East,Upstream,1192.0,83264.0
2025-07-06,AST-015,3.18,Inspection,Planned,North America,Integrated Gas,13791.0,875285.0
2025-07-06,AST-025,2.68,Preventive,Unplanned,North America,Upstream,16564.0,1232558.0
2025-07-06,AST-027,0.75,Preventive,Planned,China,Upstream,3133.0,213262.0
2025-07-06,AST-028,0.54,Preventive,Planned,North America,Integrated Gas,1477.0,103515.0
2025-07-06,AST-031,8.04,Preventive,Planned,China,Integrated Gas,17353.5,1238025.0
2025-07-06,AST-036,4.73,Turnaround,Planned,India,Integrated Gas,17388.0,1212519.0
2025-07-06,AST-041,16.41,Inspection,Unplanned,India,Integrated Gas,100208.0,7348623.0
2025-07-06,AST-045,2.67,Corrective,Planned,India,Upstream,12459.0,1009379.0
2025-07-06,AST-047,13.87,Corrective,Planned,China,Upstream,54278.0,4587359.0
2025-07-06,AST-049,2.77,Corrective,Planned,North America,Upstream,8760.0,573636.0
2025-07-07,AST-003,6.87,Preventive,Planned,Middle East,Upstream,31078.0,2318071.0
2025-07-07,AST-007,5.35,Corrective,Planned,India,Chemicals & Products,17556.0,1353646.0
2025-07-07,AST-008,6.12,Inspection,Planned,North America,Upstream,17909.0,1421565.0
2025-07-07,AST-012,4.5,Inspection,Planned,Africa,Upstream,22149.0,1591197.0
2025-07-07,AST-017,1.93,Preventive,Unplanned,Middle East,Chemicals & Products,8062.0,641026.0
2025-07-07,AST-020,5.94,Preventive,Unplanned,China,Chemicals & Products,16410.0,1204697.0
2025-07-07,AST-024,3.25,Preventive,Planned,Africa,Integrated Gas,5405.0,428414.0
2025-07-07,AST-028,4.19,Corrective,Planned,North America,Integrated Gas,4939.0,350677.0
2025-07-07,AST-029,11.57,Corrective,Unplanned,Middle East,Integrated Gas,85352.0,6284950.0
2025-07-07,AST-034,3.0,Inspection,Planned,Middle East,Upstream,3990.0,293021.0
2025-07-07,AST-039,1.56,Preventive,Planned,Europe,Integrated Gas,5714.0,490284.0
2025-07-07,AST-041,8.52,Preventive,Unplanned,India,Integrated Gas,47199.0,3957593.0
2025-07-07,AST-047,12.22,Inspection,Planned,China,Upstream,58804.0,4103464.0
2025-07-07,AST-048,2.62,Preventive,Planned,Africa,Chemicals & Products,3396.0,276549.0
2025-07-08,AST-002,1.52,Preventive,Planned,North America,Upstream,3627.0,261186.0
2025-07-08,AST-004,6.51,Corrective,Planned,China,Upstream,30191.0,1802473.0
2025-07-08,AST-006,3.11,Inspection,Planned,Africa,Integrated Gas,14684.0,1097496.0
2025-07-08,AST-007,2.35,Turnaround,Planned,India,Chemicals & Products,6305.0,462448.0
2025-07-08,AST-008,5.87,Preventive,Planned,North America,Upstream,38818.0,2503438.0
2025-07-08,AST-009,3.79,Preventive,Planned,Europe,Upstream,6818.0,514495.0
2025-07-08,AST-010,0.75,Corrective,Planned,India,Upstream,705.0,47290.0
2025-07-08,AST-012,13.61,Corrective,Unplanned,Africa,Upstream,60737.0,4671605.0
2025-07-08,AST-013,2.59,Turnaround,Planned,North America,Upstream,9128.0,780969.0
2025-07-08,AST-016,2.02,Corrective,Planned,North America,Upstream,3359.0,210434.0
2025-07-08,AST-021,4.37,Inspection,Unplanned,Middle East,Chemicals & Products,19578.0,1294669.0
2025-07-08,AST-023,3.42,Preventive,Planned,Europe,Upstream,5955.0,394767.0
2025-07-08,AST-025,1.8,Preventive,Planned,North America,Upstream,12004.0,820832.0
2025-07-08,AST-027,3.59,Corrective,Planned,China,Upstream,17211.0,1076842.0
2025-07-08,AST-035,19.92,Inspection,Planned,Africa,Upstream,60079.5,4221766.5
2025-07-08,AST-044,4.01,Turnaround,Planned,China,Upstream,15802.0,1292608.0
2025-07-08,AST-047,2.68,Inspection,Planned,China,Upstream,12974.0,1008555.0
2025-07-08,AST-050,25.77,Corrective,Unplanned,North America,Upstream,27008.0,1891820.0
2025-07-09,AST-001,10.86,Preventive,Planned,India,Upstream,24334.0,1545461.0
2025-07-09,AST-003,3.28,Corrective,Planned,Middle East,Upstream,8000.5,658080.5
2025-07-09,AST-006,7.64,Preventive,Unplanned,Africa,Integrated Gas,43223.0,2767141.0
2025-07-09,AST-009,0.1,Preventive,Planned,Europe,Upstream,146.0,9903.0
2025-07-09,AST-012,1.33,Preventive,Planned,Africa,Upstream,7468.0,592038.0
2025-07-09,AST-013,45.62,Preventive,Planned,North America,Upstream,72225.5,5071065.5
2025-07-09,AST-014,11.87,Inspection,Planned,North America,Upstream,10752.0,765872.0
2025-07-09,AST-019,11.6,Corrective,Planned,Africa,Upstream,39006.0,2832117.0
2025-07-09,AST-022,9.79,Inspection,Planned,China,Upstream,24902.0,1834332.0
2025-07-09,AST-025,3.18,Preventive,Planned,North America,Upstream,14207.0,948236.0
2025-07-09,AST-031,6.18,Preventive,Planned,China,Integrated Gas,25879.0,1724807.0
2025-07-09,AST-032,4.83,Turnaround,Unplanned,Europe,Upstream,17907.0,1283395.0
2025-07-09,AST-033,11.65,Preventive,Planned,India,Integrated Gas,26450.0,1649117.0
2025-07-09,AST-037,2.01,Preventive,Planned,Africa,Upstream,3367.0,285394.0
2025-07-09,AST-038,30.19,Corrective,Unplanned,North America,Integrated Gas,30301.33,2341093.67
2025-07-09,AST-039,4.71,Turnaround,Planned,Europe,Integrated Gas,20184.0,1653092.0
2025-07-09,AST-042,4.03,Preventive,Planned,North America,Integrated Gas,24193.0,1968542.0
2025-07-09,AST-043,4.6,Inspection,Planned,North America,Upstream,22058.0,1737887.0
2025-07-09,AST-048,3.84,Preventive,Planned,Africa,Chemicals & Products,5453.0,367911.0
2025-07-10,AST-004,6.63,Preventive,Planned,China,Upstream,29442.0,2083230.0
2025-07-10,AST-005,16.36,Preventive,Planned,China,Integrated Gas,78645.0,6171703.0
2025-07-10,AST-015,5.17,Corrective,Planned,North America,Integrated Gas,23185.0,1937426.0
2025-07-10,AST-016,10.76,Preventive,Unplanned,North America,Upstream,17946.0,1283789.0
2025-07-10,AST-019,10.1,Corrective,Planned,Africa,Upstream,31005.0,2187872.0
2025-07-10,AST-027,4.23,Preventive,Unplanned,China,Upstream,23771.0,1631777.0
2025-07-10,AST-034,1.9,Corrective,Planned,Middle East,Upstream,2998.0,246137.0
2025-07-10,AST-041,5.41,Corrective,Planned,India,Integrated Gas,28642.0,2110434.0
2025-07-10,AST-046,12.56,Corrective,Planned,Africa,Upstream,41661.0,3051785.0
2025-07-11,AST-003,3.42,Inspection,Planned,Middle East,Upstream,13798.0,1069188.0
2025-07-11,AST-006,2.31,Corrective,Planned,Africa,Integrated Gas,5813.0,416046.5
2025-07-11,AST-015,2.26,Corrective,Planned,North America,Integrated Gas,10417.0,677563.0
2025-07-11,AST-017,5.61,Preventive,Planned,Middle East,Chemicals & Products,23364.0,1831520.0
2025-07-11,AST-027,10.81,Corrective,Planned,China,Upstream,26115.5,1810616.5
2025-07-11,AST-030,0.98,Inspection,Planned,China,Integrated Gas,4881.0,357601.0
2025-07-11,AST-031,23.95,Inspection,Unplanned,China,Integrated Gas,138467.0,10534271.0
2025-07-11,AST-046,0.59,Preventive,Planned,Africa,Upstream,2880.0,200184.0
2025-07-11,AST-049,4.76,Corrective,Planned,North America,Upstream,14838.0,1084896.0
2025-07-12,AST-002,11.91,Preventive,Unplanned,North America,Upstream,26264.0,1683405.0
2025-07-12,AST-004,3.77,Preventive,Planned,China,Upstream,15950.0,1217340.0
2025-07-12,AST-006,0.4,Corrective,Planned,Africa,Integrated Gas,2017.0,123565.0
2025-07-12,AST-009,4.43,Preventive,Planned,Europe,Upstream,7627.0,493990.0
2025-07-12,AST-015,10.51,Preventive,Planned,North America,Integrated Gas,23099.0,1571826.5
2025-07-12,AST-016,16.25,Turnaround,Unplanned,North America,Upstream,27439.0,1861611.0
2025-07-12,AST-017,4.59,Preventive,Unplanned,Middle East,Chemicals & Products,18706.0,1570455.0
2025-07-12,AST-021,12.41,Corrective,Planned,Middle East,Chemicals & Products,48642.0,3652060.0
2025-07-12,AST-022,3.01,Preventive,Planned,China,Upstream,10250.0,832461.0
2025-07-12,AST-025,5.19,Preventive,Planned,North America,Upstream,41106.0,3334066.0
2025-07-12,AST-026,3.58,Preventive,Planned,Middle East,Upstream,18061.0,1498547.0
2025-07-12,AST-027,2.33,Corrective,Planned,China,Upstream,9844.0,652433.0
2025-07-12,AST-028,3.58,Corrective,Planned,North America,Integrated Gas,7973.0,539479.0
2025-07-12,AST-029,8.96,Turnaround,Planned,Middle East,Integrated Gas,55005.0,4314813.0
2025-07-12,AST-031,2.5,Preventive,Planned,China,Integrated Gas,10533.0,808722.0
2025-07-12,AST-032,3.38,Inspection,Unplanned,Europe,Upstream,10687.0,796339.0
2025-07-12,AST-038,2.43,Preventive,Planned,North America,Integrated Gas,6353.0,529784.0
2025-07-12,AST-041,32.62,Corrective,Unplanned,India,Integrated Gas,219862.0,14317555.0
2025-07-12,AST-043,1.82,Inspection,Planned,North America,Upstream,8846.0,679263.0
2025-07-12,AST-046,1.06,Corrective,Planned,Africa,Upstream,4851.0,342246.0
2025-07-12,AST-049,1.32,Preventive,Planned,North America,Upstream,3845.0,332392.0
2025-07-13,AST-001,0.85,Preventive,Planned,India,Upstream,2049.0,164156.0
2025-07-13,AST-003,5.52,Corrective,Planned,Middle East,Upstream,25532.0,1644504.0
2025-07-13,AST-009,1.66,Corrective,Planned,Europe,Upstream,3330.0,242453.0
2025-07-13,AST-011,1.43,Preventive,Planned,Middle East,Upstream,1593.0,117733.0
2025-07-13,AST-015,14.14,Corrective,Planned,North America,Integrated Gas,26257.0,1835840.0
2025-07-13,AST-017,14.34,Corrective,Unplanned,Middle East,Chemicals & Products,75084.0,5242024.0
2025-07-13,AST-018,6.67,Corrective,Planned,India,Integrated Gas,19335.0,1289368.0
2025-07-13,AST-024,2.18,Corrective,Planned,Africa,Integrated Gas,4193.0,319626.0
2025-07-13,AST-027,4.81,Turnaround,Planned,China,Upstream,25370.0,1970229.0
2025-07-13,AST-029,3.24,Preventive,Unplanned,Middle East,Integrated Gas,17946.0,1233797.0
2025-07-13,AST-038,9.78,Preventive,Unplanned,North America,Integrated Gas,30339.0,2295899.0
2025-07-13,AST-041,8.33,Preventive,Unplanned,India,Integrated Gas,43248.0,2937694.0
2025-07-13,AST-047,19.42,Inspection,Planned,China,Upstream,39551.0,2923838.0
2025-07-13,AST-048,14.61,Preventive,Planned,Africa,Chemicals & Products,8449.5,630044.0
2025-07-14,AST-003,27.8,Corrective,Unplanned,Middle East,Upstream,117995.0,7318621.0
2025-07-14,AST-005,10.95,Preventive,Unplanned,China,Integrated Gas,57505.0,3787842.0
2025-07-14,AST-010,50.32,Inspection,Unplanned,India,Upstream,50549.0,3395143.0
2025-07-14,AST-021,4.63,Preventive,Planned,Middle East,Chemicals & Products,19584.0,1631702.0
2025-07-14,AST-025,15.94,Preventive,Unplanned,North America,Upstream,107202.0,8186821.0
2025-07-14,AST-026,10.65,Preventive,Planned,Middle East,Upstream,56038.0,4673623.0
2025-07-14,AST-028,6.98,Preventive,Planned,North America,Integrated Gas,16990.0,1178003.0
2025-07-14,AST-029,3.67,Preventive,Planned,Middle East,Integrated Gas,19834.0,1422255.0
2025-07-14,AST-033,4.73,Preventive,Planned,India,Integrated Gas,9629.0,592799.0
2025-07-14,AST-035,1.9,Inspection,Planned,Africa,Upstream,9657.0,737840.0
2025-07-14,AST-036,0.6,Preventive,Planned,India,Integrated Gas,2272.0,172221.0
2025-07-14,AST-037,5.56,Preventive,Planned,Africa,Upstream,13363.0,1018468.0
2025-07-14,AST-042,5.08,Inspection,Planned,North America,Integrated Gas,24995.0,1791341.0
2025-07-14,AST-047,1.75,Corrective,Planned,China,Upstream,8333.0,622695.0
2025-07-14,AST-048,2.43,Corrective,Planned,Africa,Chemicals & Products,3500.0,267358.0
2025-07-14,AST-049,8.48,Preventive,Unplanned,North America,Upstream,29585.0,2351943.0
2025-07-15,AST-002,9.71,Inspection,Planned,North America,Upstream,23650.0,1872552.0
2025-07-15,AST-005,5.69,Preventive,Planned,China,Integrated Gas,31909.0,2384758.0
2025-07-15,AST-010,1.54,Preventive,Planned,India,Upstream,2026.0,140081.0
2025-07-15,AST-011,1.44,Corrective,Planned,Middle East,Upstream,1968.0,157121.0
2025-07-15,AST-013,3.74,Turnaround,Planned,North America,Upstream,11342.0,897207.0
2025-07-15,AST-016,3.18,Preventive,Unplanned,North America,Upstream,5013.0,394280.0
2025-07-15,AST-017,4.61,Corrective,Planned,Middle East,Chemicals & Products,23543.0,1812494.0
2025-07-15,AST-022,2.38,Corrective,Unplanned,China,Upstream,6970.0,515886.0
2025-07-15,AST-023,7.32,Preventive,Unplanned,Europe,Upstream,10270.0,872294.0
2025-07-15,AST-024,5.34,Corrective,Planned,Africa,Integrated Gas,7560.0,632182.0
2025-07-15,AST-032,9.84,Corrective,Planned,Europe,Upstream,31864.0,2436971.0
2025-07-15,AST-036,22.33,Preventive,Planned,India,Integrated Gas,47408.0,4021571.5
2025-07-15,AST-039,7.06,Corrective,Planned,Europe,Integrated Gas,34421.0,2376645.0
2025-07-15,AST-042,2.88,Preventive,Planned,North America,Integrated Gas,13195.0,1120552.0
2025-07-15,AST-046,3.06,Preventive,Planned,Africa,Upstream,12968.0,884550.0
2025-07-15,AST-048,1.71,Inspection,Planned,Africa,Chemicals & Products,2561.0,164975.0
2025-07-16,AST-001,9.53,Corrective,Planned,India,Upstream,7602.67,626317.33
2025-07-16,AST-002,2.08,Preventive,Planned,North America,Upstream,5031.0,412092.0
2025-07-16,AST-009,3.81,Preventive,Planned,Europe,Upstream,6616.0,404104.0
2025-07-16,AST-012,3.28,Preventive,Planned,Africa,Upstream,15835.0,1232398.0
2025-07-16,AST-013,12.47,Corrective,Unplanned,North America,Upstream,47211.0,3664332.0
2025-07-16,AST-017,39.0,Preventive,Unplanned,Middle East,Chemicals & Products,94182.0,7433508.5
2025-07-16,AST-020,7.24,Corrective,Unplanned,China,Chemicals & Products,17547.0,1248284.0
2025-07-16,AST-021,2.51,Turnaround,Planned,Middle East,Chemicals & Products,12574.0,1023001.0
2025-07-16,AST-025,6.19,Corrective,Unplanned,North America,Upstream,37648.0,2954273.0
2025-07-16,AST-028,8.57,Inspection,Unplanned,North America,Integrated Gas,20030.0,1452697.0
2025-07-16,AST-032,2.93,Corrective,Planned,Europe,Upstream,10137.0,643203.0
2025-07-16,AST-034,5.79,Turnaround,Planned,Middle East,Upstream,9378.0,785311.0
2025-07-16,AST-036,3.32,Corrective,Planned,India,Integrated Gas,12872.0,887972.0
2025-07-16,AST-038,6.1,Corrective,Planned,North America,Integrated Gas,8015.0,615317.5
2025-07-16,AST-040,1.11,Corrective,Planned,Middle East,Integrated Gas,2284.0,178947.0
2025-07-16,AST-046,4.32,Corrective,Planned,Africa,Upstream,8584.0,614455.5
2025-07-16,AST-048,1.88,Preventive,Planned,Africa,Chemicals & Products,2603.0,194372.0
2025-07-17,AST-003,1.84,Preventive,Planned,Middle East,Upstream,8874.0,737828.0
2025-07-17,AST-004,1.99,Inspection,Planned,China,Upstream,7760.0,600136.0
2025-07-17,AST-006,22.36,Turnaround,Unplanned,Africa,Integrated Gas,111738.0,8017447.0
2025-07-17,AST-007,4.19,Inspection,Planned,India,Chemicals & Products,14545.0,1099422.0
2025-07-17,AST-009,6.35,Preventive,Planned,Europe,Upstream,12635.0,991082.0
2025-07-17,AST-019,2.84,Corrective,Planned,Africa,Upstream,7676.0,591450.0
2025-07-17,AST-023,13.53,Inspection,Unplanned,Europe,Upstream,8145.0,646193.5
2025-07-17,AST-025,12.17,Corrective,Planned,North America,Upstream,35030.5,2542824.5
2025-07-17,AST-026,11.99,Corrective,Planned,Middle East,Upstream,72257.0,4443687.0
2025-07-17,AST-028,9.27,Corrective,Unplanned,North America,Integrated Gas,22801.0,1754284.0
2025-07-17,AST-031,2.13,Corrective,Planned,China,Integrated Gas,10134.0,682457.0
2025-07-17,AST-036,5.26,Turnaround,Planned,India,Integrated Gas,18269.0,1165483.0
2025-07-17,AST-037,2.26,Preventive,Planned,Africa,Upstream,4253.0,288199.0
2025-07-17,AST-038,4.46,Corrective,Planned,North America,Integrated Gas,5540.0,422853.0
2025-07-17,AST-045,1.54,Preventive,Planned,India,Upstream,5678.0,419007.0
2025-07-17,AST-050,25.43,Preventive,Planned,North America,Upstream,38436.0,2573370.0
2025-07-18,AST-001,17.83,Preventive,Unplanned,India,Upstream,51710.0,3523478.0
2025-07-18,AST-006,7.42,Preventive,Unplanned,Africa,Integrated Gas,30205.0,2047602.0
2025-07-18,AST-008,0.19,Preventive,Planned,North America,Upstream,874.0,68397.0
2025-07-18,AST-009,5.16,Preventive,Planned,Europe,Upstream,8138.0,683233.0
2025-07-18,AST-018,5.04,Preventive,Planned,India,Integrated Gas,17079.0,1272101.0
2025-07-18,AST-023,29.09,Preventive,Planned,Europe,Upstream,21749.0,1698716.5
2025-07-18,AST-024,8.77,Preventive,Unplanned,Africa,Integrated Gas,15567.0,1268007.0
2025-07-18,AST-026,9.13,Corrective,Planned,Middle East,Upstream,26816.0,2060678.5
2025-07-18,AST-029,1.42,Corrective,Planned,Middle East,Integrated Gas,8838.0,552507.0
2025-07-18,AST-030,1.2,Preventive,Planned,China,Integrated Gas,5529.0,364328.0
2025-07-18,AST-034,1.73,Inspection,Planned,Middle East,Upstream,2345.0,147466.0
2025-07-18,AST-040,1.09,Preventive,Planned,Middle East,Integrated Gas,2109.0,141726.0
2025-07-18,AST-044,2.62,Inspection,Planned,China,Upstream,8171.0,579664.0
2025-07-18,AST-050,10.57,Preventive,Unplanned,North America,Upstream,11976.0,902763.0
2025-07-19,AST-002,19.47,Preventive,Unplanned,North America,Upstream,56678.0,4608239.0
2025-07-19,AST-004,1.67,Preventive,Planned,China,Upstream,5230.0,354253.0
2025-07-19,AST-007,0.81,Corrective,Planned,India,Chemicals & Products,2159.0,184814.0
2025-07-19,AST-018,13.22,Turnaround,Unplanned,India,Integrated Gas,46070.0,3118318.0
2025-07-19,AST-027,8.68,Corrective,Planned,China,Upstream,20842.0,1454102.5
2025-07-19,AST-032,5.14,Preventive,Unplanned,Europe,Upstream,18825.0,1515301.0
2025-07-19,AST-033,13.69,Preventive,Planned,India,Integrated Gas,15579.5,1135478.0
2025-07-19,AST-038,8.45,Preventive,Unplanned,North America,Integrated Gas,25635.0,1819478.0
2025-07-20,AST-004,0.36,Corrective,Planned,China,Upstream,1670.0,130062.0
2025-07-20,AST-005,2.21,Preventive,Planned,China,Integrated Gas,14040.0,975781.0
2025-07-20,AST-007,2.34,Corrective,Planned,India,Chemicals & Products,8707.0,544599.0
2025-07-20,AST-009,7.33,Preventive,Unplanned,Europe,Upstream,11396.0,791912.0
2025-07-20,AST-011,2.05,Preventive,Planned,Middle East,Upstream,3084.0,225346.0
2025-07-20,AST-015,16.46,Corrective,Planned,North America,Integrated Gas,22208.67,1668418.67
2025-07-20,AST-024,1.63,Turnaround,Unplanned,Africa,Integrated Gas,2891.0,224077.0
2025-07-20,AST-028,9.05,Corrective,Planned,North America,Integrated Gas,10824.0,810654.5
2025-07-20,AST-029,4.94,Corrective,Planned,Middle East,Integrated Gas,30729.0,2170332.0
2025-07-20,AST-037,6.79,Corrective,Planned,Africa,Upstream,6982.0,498628.0
2025-07-20,AST-038,25.64,Corrective,Planned,North America,Integrated Gas,30786.5,2176058.0
2025-07-20,AST-039,0.84,Corrective,Planned,Europe,Integrated Gas,3378.0,207035.0
2025-07-20,AST-044,23.73,Inspection,Planned,China,Upstream,30231.67,1989031.0
2025-07-20,AST-045,4.36,Corrective,Planned,India,Upstream,17232.0,1079885.0
2025-07-20,AST-046,3.6,Corrective,Planned,Africa,Upstream,15447.0,1015335.0
2025-07-20,AST-048,1.24,Corrective,Planned,Africa,Chemicals & Products,1411.0,119338.0
2025-07-20,AST-049,3.21,Preventive,Planned,North America,Upstream,11598.0,928870.0
2025-07-21,AST-002,5.49,Preventive,Planned,North America,Upstream,5265.67,381255.33
2025-07-21,AST-004,2.69,Preventive,Planned,China,Upstream,10101.0,724215.0
2025-07-21,AST-006,5.16,Corrective,Planned,Africa,Integrated Gas,13051.5,838558.5
2025-07-21,AST-008,4.52,Corrective,Planned,North America,Upstream,22830.0,1419417.0
2025-07-21,AST-009,1.68,Preventive,Planned,Europe,Upstream,3659.0,249917.0
2025-07-21,AST-017,2.35,Corrective,Planned,Middle East,Chemicals & Products,9368.0,601115.0
2025-07-21,AST-019,7.74,Preventive,Planned,Africa,Upstream,26465.0,1922225.0
2025-07-21,AST-026,0.65,Inspection,Planned,Middle East,Upstream,4640.0,326255.0
2025-07-21,AST-027,0.7,Corrective,Planned,China,Upstream,3467.0,270993.0
2025-07-21,AST-033,4.27,Corrective,Planned,India,Integrated Gas,10112.0,754072.0
2025-07-21,AST-036,9.09,Corrective,Planned,India,Integrated Gas,29214.0,2180774.0
2025-07-21,AST-037,4.97,Preventive,Planned,Africa,Upstream,8702.0,627598.0
2025-07-21,AST-042,3.28,Inspection,Planned,North America,Integrated Gas,19288.0,1470828.0
2025-07-21,AST-044,3.0,Corrective,Planned,China,Upstream,12435.0,804835.0
2025-07-22,AST-008,8.88,Preventive,Unplanned,North America,Upstream,22351.5,1519895.0
2025-07-22,AST-010,12.7,Preventive,Unplanned,India,Upstream,14629.0,1001091.0
2025-07-22,AST-013,9.99,Corrective,Unplanned,North America,Upstream,40735.0,2632574.0
2025-07-22,AST-015,5.13,Corrective,Unplanned,North America,Integrated Gas,22250.0,1412947.0
2025-07-22,AST-016,9.05,Corrective,Planned,North America,Upstream,8353.5,653000.5
2025-07-22,AST-018,1.87,Corrective,Planned,India,Integrated Gas,5912.0,403509.0
2025-07-22,AST-024,13.95,Preventive,Unplanned,Africa,Integrated Gas,20479.0,1496488.0
2025-07-22,AST-025,2.62,Turnaround,Unplanned,North America,Upstream,14418.0,1047328.0
2025-07-22,AST-031,11.75,Inspection,Unplanned,China,Integrated Gas,47323.0,2881044.0
2025-07-22,AST-034,6.26,Corrective,Planned,Middle East,Upstream,4887.5,359169.5
2025-07-22,AST-035,1.6,Corrective,Planned,Africa,Upstream,4325.0,338866.0
2025-07-22,AST-036,18.15,Preventive,Planned,India,Integrated Gas,66637.0,4916018.0
2025-07-22,AST-041,0.87,Corrective,Planned,India,Integrated Gas,6284.0,405142.0
2025-07-22,AST-042,19.22,Preventive,Planned,North America,Integrated Gas,50531.0,3387283.0
2025-07-22,AST-047,9.06,Preventive,Planned,China,Upstream,13961.0,1050741.0
2025-07-23,AST-002,4.87,Preventive,Unplanned,North America,Upstream,13036.0,894939.0
2025-07-23,AST-007,3.26,Corrective,Planned,India,Chemicals & Products,9843.0,700374.0
2025-07-23,AST-013,4.2,Preventive,Planned,North America,Upstream,13567.0,1044695.0
2025-07-23,AST-016,2.19,Preventive,Planned,North America,Upstream,3680.0,256524.0
2025-07-23,AST-018,4.6,Preventive,Planned,India,Integrated Gas,14766.0,1038627.0
2025-07-23,AST-019,1.1,Preventive,Planned,Africa,Upstream,3254.0,211463.0
2025-07-23,AST-021,5.72,Corrective,Planned,Middle East,Chemicals & Products,25327.0,1930309.0
2025-07-23,AST-023,3.21,Preventive,Planned,Europe,Upstream,5258.0,341105.0
2025-07-23,AST-027,7.76,Corrective,Unplanned,China,Upstream,39025.0,2443162.0
2025-07-23,AST-031,3.63,Corrective,Planned,China,Integrated Gas,14686.0,1046339.0
2025-07-23,AST-033,0.57,Preventive,Planned,India,Integrated Gas,1434.0,119457.0
2025-07-23,AST-039,0.89,Preventive,Planned,Europe,Integrated Gas,2681.0,185019.0
2025-07-23,AST-041,10.7,Corrective,Unplanned,India,Integrated Gas,47042.0,3620675.0
2025-07-23,AST-043,2.14,Corrective,Planned,North America,Upstream,9692.0,762894.0
2025-07-23,AST-044,1.89,Preventive,Planned,China,Upstream,6245.0,530202.0
2025-07-23,AST-047,1.62,Inspection,Planned,China,Upstream,9128.0,693800.0
2025-07-23,AST-050,0.99,Turnaround,Planned,North America,Upstream,1099.0,82938.0
2025-07-24,AST-008,6.33,Turnaround,Planned,North America,Upstream,35112.0,2400642.0
2025-07-24,AST-010,5.45,Preventive,Planned,India,Upstream,2948.0,219985.0
2025-07-24,AST-012,1.03,Preventive,Planned,Africa,Upstream,5317.0,350411.0
2025-07-24,AST-018,4.09,Preventive,Planned,India,Integrated Gas,14073.0,781136.0
2025-07-24,AST-023,17.38,Preventive,Unplanned,Europe,Upstream,24797.0,1702507.0
2025-07-24,AST-027,19.11,Corrective,Planned,China,Upstream,49374.5,4015717.0
2025-07-24,AST-032,19.16,Corrective,Unplanned,Europe,Upstream,51059.0,3045848.0
2025-07-24,AST-033,14.47,Corrective,Planned,India,Integrated Gas,17485.0,1264769.0
2025-07-24,AST-043,8.24,Corrective,Planned,North America,Upstream,23883.5,1649535.5
2025-07-24,AST-044,1.31,Preventive,Planned,China,Upstream,4802.0,294372.0
2025-07-24,AST-049,2.21,Inspection,Planned,North America,Upstream,7632.0,502538.0
2025-07-25,AST-002,6.89,Corrective,Unplanned,North America,Upstream,15260.0,1217104.0
2025-07-25,AST-004,2.53,Corrective,Planned,China,Upstream,9042.0,641335.0
2025-07-25,AST-016,3.9,Preventive,Planned,North America,Upstream,8282.0,558912.0
2025-07-25,AST-019,18.99,Preventive,Planned,Africa,Upstream,21400.0,1644735.0
2025-07-25,AST-020,23.0,Corrective,Planned,China,Chemicals & Products,19176.33,1500796.33
2025-07-25,AST-024,6.52,Corrective,Planned,Africa,Integrated Gas,8411.0,676993.0
2025-07-25,AST-025,4.36,Preventive,Planned,North America,Upstream,12331.5,840986.5
2025-07-25,AST-026,1.07,Preventive,Planned,Middle East,Upstream,4953.0,348129.0
2025-07-25,AST-030,7.13,Preventive,Planned,China,Integrated Gas,45760.0,3398252.0
2025-07-25,AST-034,5.45,Inspection,Planned,Middle East,Upstream,3778.5,272335.0
2025-07-25,AST-035,5.46,Corrective,Unplanned,Africa,Upstream,29780.0,2150764.0
2025-07-25,AST-048,3.12,Turnaround,Planned,Africa,Chemicals & Products,4480.0,363143.0
2025-07-26,AST-003,13.77,Turnaround,Planned,Middle East,Upstream,57433.0,3870300.0
2025-07-26,AST-005,6.59,Preventive,Planned,China,Integrated Gas,16843.0,1237738.5
2025-07-26,AST-008,1.96,Corrective,Planned,North America,Upstream,10483.0,760629.0
2025-07-26,AST-009,2.67,Inspection,Planned,Europe,Upstream,5053.0,387910.0
2025-07-26,AST-010,3.92,Inspection,Unplanned,India,Upstream,3577.0,252071.0
2025-07-26,AST-022,0.47,Corrective,Planned,China,Upstream,1034.0,77039.0
2025-07-26,AST-024,8.31,Corrective,Planned,Africa,Integrated Gas,7100.0,489076.0
2025-07-26,AST-027,1.68,Corrective,Planned,China,Upstream,6971.0,445490.0
2025-07-26,AST-030,29.56,Corrective,Unplanned,China,Integrated Gas,153852.0,11277418.0
2025-07-26,AST-031,5.39,Corrective,Planned,China,Integrated Gas,8497.33,646583.67
2025-07-26,AST-032,4.26,Preventive,Planned,Europe,Upstream,15388.0,924124.0
2025-07-26,AST-033,2.25,Corrective,Planned,India,Integrated Gas,4454.0,342977.0
2025-07-26,AST-035,7.73,Corrective,Unplanned,Africa,Upstream,50137.0,3449300.0
2025-07-26,AST-037,7.24,Inspection,Planned,Africa,Upstream,15759.0,1335703.0
2025-07-26,AST-038,4.08,Preventive,Planned,North America,Integrated Gas,10211.0,622293.0
2025-07-26,AST-045,1.58,Preventive,Planned,India,Upstream,7239.0,470907.0
2025-07-26,AST-046,1.31,Preventive,Planned,Africa,Upstream,6080.0,547444.0
2025-07-26,AST-047,4.98,Inspection,Planned,China,Upstream,10714.5,737678.5
2025-07-26,AST-048,6.6,Corrective,Unplanned,Africa,Chemicals & Products,8023.0,614649.0
2025-07-26,AST-049,5.71,Preventive,Planned,North America,Upstream,16743.0,1327127.0
2025-07-26,AST-050,2.42,Corrective,Planned,North America,Upstream,1164.0,88864.5
2025-07-27,AST-005,8.12,Preventive,Unplanned,China,Integrated Gas,46287.0,3415279.0
2025-07-27,AST-006,25.34,Corrective,Planned,Africa,Integrated Gas,63599.5,3630086.5
2025-07-27,AST-011,4.9,Corrective,Planned,Middle East,Upstream,6532.0,485597.0
2025-07-27,AST-023,1.81,Corrective,Planned,Europe,Upstream,3052.0,187344.0
2025-07-27,AST-024,7.28,Turnaround,Planned,Africa,Integrated Gas,10772.0,755033.0
2025-07-27,AST-029,5.48,Preventive,Planned,Middle East,Integrated Gas,32451.0,2183047.0
2025-07-27,AST-031,18.68,Corrective,Planned,China,Integrated Gas,47083.5,3445242.5
2025-07-27,AST-032,4.74,Corrective,Planned,Europe,Upstream,14491.0,1109398.0
2025-07-27,AST-033,3.19,Preventive,Planned,India,Integrated Gas,7945.0,563704.0
2025-07-27,AST-036,0.41,Inspection,Planned,India,Integrated Gas,1370.0,99630.0
2025-07-27,AST-048,7.42,Corrective,Unplanned,Africa,Chemicals & Products,12509.0,969244.0
2025-07-28,AST-001,8.06,Preventive,Planned,India,Upstream,19184.0,1425424.0
2025-07-28,AST-003,7.93,Inspection,Planned,Middle East,Upstream,33939.0,2379142.0
2025-07-28,AST-004,10.65,Preventive,Unplanned,China,Upstream,40751.0,2852482.0
2025-07-28,AST-012,3.67,Corrective,Planned,Africa,Upstream,18609.0,1173013.0
2025-07-28,AST-016,8.88,Preventive,Planned,North America,Upstream,18180.0,1097211.0
2025-07-28,AST-019,7.59,Corrective,Unplanned,Africa,Upstream,21553.0,1624668.0
2025-07-28,AST-026,2.9,Inspection,Planned,Middle East,Upstream,15449.0,1195327.0
2025-07-28,AST-027,11.76,Preventive,Planned,China,Upstream,62603.0,4407730.0
2025-07-28,AST-030,6.37,Preventive,Unplanned,China,Integrated Gas,29792.0,2308102.0
2025-07-28,AST-031,2.21,Turnaround,Planned,China,Integrated Gas,11620.0,792004.0
2025-07-28,AST-034,8.2,Preventive,Planned,Middle East,Upstream,11809.0,847275.0
2025-07-28,AST-037,3.23,Inspection,Planned,Africa,Upstream,5468.0,357545.0
2025-07-28,AST-046,5.31,Preventive,Planned,Africa,Upstream,19687.0,1456221.0
2025-07-29,AST-005,6.12,Corrective,Planned,China,Integrated Gas,28655.0,2075910.0
2025-07-29,AST-006,12.21,Preventive,Unplanned,Africa,Integrated Gas,65407.0,5042013.0
2025-07-29,AST-009,6.35,Preventive,Unplanned,Europe,Upstream,11020.0,809727.0
2025-07-29,AST-015,30.59,Corrective,Planned,North America,Integrated Gas,50219.0,3632910.5
2025-07-29,AST-018,18.48,Corrective,Planned,India,Integrated Gas,30369.5,2053960.5
2025-07-29,AST-020,0.9,Corrective,Planned,China,Chemicals & Products,2567.0,159871.0
2025-07-29,AST-026,3.44,Preventive,Unplanned,Middle East,Upstream,20461.0,1323690.0
2025-07-29,AST-034,0.97,Preventive,Planned,Middle East,Upstream,1522.0,110200.0
2025-07-29,AST-036,21.11,Inspection,Planned,India,Integrated Gas,36679.0,2446218.0
2025-07-29,AST-041,5.4,Preventive,Planned,India,Integrated Gas,14651.0,1127147.5
2025-07-29,AST-043,9.42,Corrective,Planned,North America,Upstream,22581.0,1711490.5
2025-07-30,AST-001,1.04,Preventive,Planned,India,Upstream,2204.0,157580.0
2025-07-30,AST-003,7.92,Corrective,Unplanned,Middle East,Upstream,35320.0,2761260.0
2025-07-30,AST-004,3.22,Inspection,Planned,China,Upstream,12525.0,987224.0
2025-07-30,AST-008,5.54,Preventive,Planned,North America,Upstream,16570.5,1263634.5
2025-07-30,AST-010,32.78,Preventive,Unplanned,India,Upstream,18380.5,1273746.0
2025-07-30,AST-012,5.28,Inspection,Unplanned,Africa,Upstream,24404.0,1918067.0
2025-07-30,AST-015,8.31,Corrective,Planned,North America,Integrated Gas,15119.0,1135992.5
2025-07-30,AST-024,2.59,Preventive,Planned,Africa,Integrated Gas,3540.0,238046.0
2025-07-30,AST-029,5.97,Inspection,Planned,Middle East,Integrated Gas,19824.5,1421729.5
2025-07-30,AST-030,4.2,Preventive,Planned,China,Integrated Gas,18826.0,1139666.0
2025-07-30,AST-031,9.31,Corrective,Planned,China,Integrated Gas,20597.5,1634603.0
2025-07-30,AST-033,2.54,Corrective,Planned,India,Integrated Gas,2613.5,181856.5
2025-07-30,AST-036,7.59,Inspection,Unplanned,India,Integrated Gas,28168.0,2290972.0
2025-07-30,AST-043,9.36,Preventive,Planned,North America,Upstream,43512.0,3314265.0
2025-07-30,AST-047,2.11,Turnaround,Planned,China,Upstream,9609.0,697085.0
2025-07-31,AST-001,7.6,Preventive,Planned,India,Upstream,22580.0,1716502.0
2025-07-31,AST-003,4.74,Preventive,Planned,Middle East,Upstream,20472.0,1489268.0
2025-07-31,AST-005,21.59,Preventive,Unplanned,China,Integrated Gas,121550.0,8018909.0
2025-07-31,AST-006,5.09,Preventive,Planned,Africa,Integrated Gas,25546.0,1455153.0
2025-07-31,AST-007,13.85,Corrective,Planned,India,Chemicals & Products,21090.5,1308386.0
2025-07-31,AST-008,1.64,Inspection,Planned,North America,Upstream,9587.0,694924.0
2025-07-31,AST-009,1.5,Preventive,Planned,Europe,Upstream,2373.0,168898.0
2025-07-31,AST-010,2.94,Inspection,Unplanned,India,Upstream,2556.0,183784.0
2025-07-31,AST-013,3.18,Preventive,Planned,North America,Upstream,13084.0,942189.0
2025-07-31,AST-015,1.69,Inspection,Planned,North America,Integrated Gas,4916.0,375166.0
2025-07-31,AST-018,0.93,Corrective,Planned,India,Integrated Gas,3769.0,242530.0
2025-07-31,AST-019,5.77,Preventive,Planned,Africa,Upstream,17482.0,1262608.0
2025-07-31,AST-020,2.85,Preventive,Unplanned,China,Chemicals & Products,6804.0,472305.0
2025-07-31,AST-025,1.92,Preventive,Planned,North America,Upstream,12827.0,860701.0
2025-07-31,AST-027,11.94,Inspection,Unplanned,China,Upstream,57385.0,4595277.0
2025-07-31,AST-028,15.67,Preventive,Planned,North America,Integrated Gas,17862.5,1344684.0
2025-07-31,AST-032,4.84,Inspection,Planned,Europe,Upstream,16082.0,1073685.0
2025-07-31,AST-034,3.18,Corrective,Planned,Middle East,Upstream,4683.0,396004.0
2025-07-31,AST-039,3.45,Inspection,Planned,Europe,Integrated Gas,12365.0,733813.0
2025-07-31,AST-042,11.04,Corrective,Unplanned,North America,Integrated Gas,54957.0,3870682.0
2025-07-31,AST-043,1.54,Turnaround,Planned,North America,Upstream,7043.0,488392.0
2025-07-31,AST-044,2.2,Turnaround,Planned,China,Upstream,7268.0,534961.0
2025-07-31,AST-045,38.81,Corrective,Unplanned,India,Upstream,151065.0,9441900.0
2025-07-31,AST-050,6.02,Preventive,Unplanned,North America,Upstream,6309.0,433214.0
2025-08-01,AST-005,6.25,Turnaround,Planned,China,Integrated Gas,15685.0,1165453.5
2025-08-01,AST-008,8.11,Preventive,Unplanned,North America,Upstream,50221.0,3068506.0
2025-08-01,AST-010,1.16,Preventive,Planned,India,Upstream,1302.0,87295.0
2025-08-01,AST-012,5.79,Corrective,Planned,Africa,Upstream,13695.0,916503.0
2025-08-01,AST-014,0.87,Turnaround,Planned,North America,Upstream,1623.0,96829.0
2025-08-01,AST-015,9.57,Preventive,Planned,North America,Integrated Gas,34681.0,2425431.0
2025-08-01,AST-017,8.17,Corrective,Unplanned,Middle East,Chemicals & Products,45020.0,3335566.0
2025-08-01,AST-019,0.97,Preventive,Planned,Africa,Upstream,3380.0,277105.0
2025-08-01,AST-020,10.26,Inspection,Planned,China,Chemicals & Products,13087.5,960750.5
2025-08-01,AST-027,2.41,Corrective,Planned,China,Upstream,11950.0,873533.0
2025-08-01,AST-028,16.07,Preventive,Unplanned,North America,Integrated Gas,11869.67,847498.0
2025-08-01,AST-030,0.68,Preventive,Planned,China,Integrated Gas,3386.0,224177.0
2025-08-01,AST-031,0.4,Turnaround,Planned,China,Integrated Gas,1976.0,130341.0
2025-08-01,AST-035,6.08,Preventive,Planned,Africa,Upstream,21180.5,1568047.5
2025-08-01,AST-041,1.18,Inspection,Planned,India,Integrated Gas,6731.0,514007.0
2025-08-01,AST-042,17.34,Corrective,Planned,North America,Integrated Gas,30174.33,2059311.67
2025-08-01,AST-047,1.52,Inspection,Planned,China,Upstream,6836.0,479874.0
2025-08-01,AST-049,1.82,Preventive,Planned,North America,Upstream,5916.0,346268.0
2025-08-01,AST-050,5.72,Preventive,Unplanned,North America,Upstream,5243.0,445827.0
2025-08-02,AST-002,6.14,Corrective,Planned,North America,Upstream,13810.0,1035327.0
2025-08-02,AST-006,5.74,Corrective,Planned,Africa,Integrated Gas,21891.0,1579474.0
2025-08-02,AST-007,1.68,Corrective,Planned,India,Chemicals & Products,5448.0,372959.0
2025-08-02,AST-012,11.18,Inspection,Planned,Africa,Upstream,28805.0,2215571.5
2025-08-02,AST-028,11.51,Turnaround,Planned,North America,Integrated Gas,28651.0,1800043.0
2025-08-02,AST-029,6.35,Preventive,Planned,Middle East,Integrated Gas,49501.0,3318420.0
2025-08-02,AST-030,13.6,Corrective,Planned,China,Integrated Gas,34444.5,2687572.5
2025-08-02,AST-035,0.49,Corrective,Planned,Africa,Upstream,3469.0,255260.0
2025-08-02,AST-040,12.27,Corrective,Planned,Middle East,Integrated Gas,7230.33,469920.0
2025-08-02,AST-041,1.81,Inspection,Planned,India,Integrated Gas,11827.0,922836.0
2025-08-02,AST-042,4.39,Inspection,Planned,North America,Integrated Gas,24468.0,1711535.0
2025-08-02,AST-049,13.4,Corrective,Planned,North America,Upstream,21055.5,1578565.0
2025-08-02,AST-050,0.69,Inspection,Planned,North America,Upstream,756.0,51991.0
2025-08-03,AST-002,1.31,Preventive,Planned,North America,Upstream,2974.0,210475.0
2025-08-03,AST-006,1.43,Corrective,Unplanned,Africa,Integrated Gas,7744.0,462701.0
2025-08-03,AST-013,5.64,Turnaround,Unplanned,North America,Upstream,19645.0,1549566.0
2025-08-03,AST-021,8.55,Preventive,Planned,Middle East,Chemicals & Products,35613.0,2483866.0
2025-08-03,AST-025,8.23,Preventive,Planned,North America,Upstream,29640.0,1906048.5
2025-08-03,AST-027,31.57,Preventive,Unplanned,China,Upstream,161880.0,12112014.0
2025-08-03,AST-036,3.81,Preventive,Planned,India,Integrated Gas,14298.0,1090177.0
2025-08-03,AST-038,5.79,Preventive,Planned,North America,Integrated Gas,15620.0,1302653.0
2025-08-03,AST-039,0.62,Preventive,Planned,Europe,Integrated Gas,2376.0,183787.0
2025-08-03,AST-040,6.98,Corrective,Planned,Middle East,Integrated Gas,14232.0,1127366.0
2025-08-03,AST-045,10.22,Preventive,Planned,India,Upstream,40505.0,2977644.0
2025-08-04,AST-001,3.32,Corrective,Planned,India,Upstream,9408.0,724418.0
2025-08-04,AST-002,3.3,Corrective,Planned,North America,Upstream,7914.0,646534.0
2025-08-04,AST-004,7.06,Inspection,Planned,China,Upstream,27163.0,1892033.0
2025-08-04,AST-005,0.53,Corrective,Planned,China,Integrated Gas,3070.0,187316.0
2025-08-04,AST-007,24.44,Corrective,Planned,India,Chemicals & Products,35719.5,2435932.0
2025-08-04,AST-011,8.11,Corrective,Planned,Middle East,Upstream,10201.0,662391.0
2025-08-04,AST-013,18.27,Inspection,Planned,North America,Upstream,36798.5,2924297.0
2025-08-04,AST-015,19.06,Preventive,Planned,North America,Integrated Gas,21743.67,1393526.67
2025-08-04,AST-017,5.2,Preventive,Planned,Middle East,Chemicals & Products,24018.0,1903149.0
2025-08-04,AST-025,9.77,Corrective,Unplanned,North America,Upstream,59929.0,3795536.0
2025-08-04,AST-026,2.63,Preventive,Planned,Middle East,Upstream,15183.0,1051316.0
2025-08-04,AST-033,2.55,Preventive,Planned,India,Integrated Gas,8042.0,644344.0
2025-08-04,AST-042,3.61,Inspection,Planned,North America,Integrated Gas,17315.0,1264809.0
2025-08-04,AST-043,21.58,Corrective,Unplanned,North America,Upstream,112132.0,8322624.0
2025-08-04,AST-044,19.68,Corrective,Unplanned,China,Upstream,72100.0,4671993.0
2025-08-04,AST-046,0.78,Corrective,Planned,Africa,Upstream,3579.0,247067.0
2025-08-05,AST-004,2.29,Preventive,Planned,China,Upstream,7842.0,504022.0
2025-08-05,AST-010,6.85,Preventive,Planned,India,Upstream,8046.0,587036.0
2025-08-05,AST-015,4.93,Preventive,Planned,North America,Integrated Gas,19242.0,1547556.0
2025-08-05,AST-016,21.96,Preventive,Unplanned,North America,Upstream,12602.33,877449.33
2025-08-05,AST-019,3.98,Preventive,Planned,Africa,Upstream,13803.0,1178239.0
2025-08-05,AST-022,19.84,Preventive,Unplanned,China,Upstream,67308.0,4518629.0
2025-08-05,AST-023,5.32,Corrective,Planned,Europe,Upstream,7729.0,515421.0
2025-08-05,AST-025,2.36,Inspection,Planned,North America,Upstream,13484.0,1062043.0
2025-08-05,AST-037,3.94,Preventive,Planned,Africa,Upstream,6338.0,497045.0
2025-08-05,AST-040,1.42,Preventive,Planned,Middle East,Integrated Gas,2601.0,170657.0
2025-08-05,AST-042,5.59,Preventive,Planned,North America,Integrated Gas,13666.5,894470.0
2025-08-05,AST-047,22.98,Corrective,Planned,China,Upstream,45436.0,3069664.0
2025-08-05,AST-049,18.42,Corrective,Planned,North America,Upstream,57469.0,4756125.0
2025-08-05,AST-050,1.65,Preventive,Planned,North America,Upstream,2066.0,133700.0
2025-08-06,AST-004,3.32,Preventive,Planned,China,Upstream,10922.0,709031.0
2025-08-06,AST-009,5.56,Corrective,Unplanned,Europe,Upstream,11506.0,774508.0
2025-08-06,AST-015,8.47,Corrective,Planned,North America,Integrated Gas,34023.0,2788423.0
2025-08-06,AST-018,4.26,Preventive,Planned,India,Integrated Gas,15236.0,1093698.0
2025-08-06,AST-021,6.91,Corrective,Planned,Middle East,Chemicals & Products,15435.0,1103908.0
2025-08-06,AST-023,2.23,Preventive,Planned,Europe,Upstream,3297.0,251893.0
2025-08-06,AST-025,4.68,Corrective,Unplanned,North America,Upstream,33620.0,2458700.0
2025-08-06,AST-026,27.48,Turnaround,Planned,Middle East,Upstream,70093.0,4837402.0
2025-08-06,AST-029,1.17,Corrective,Planned,Middle East,Integrated Gas,8425.0,628886.0
2025-08-06,AST-036,3.76,Corrective,Planned,India,Integrated Gas,11677.0,842246.0
2025-08-06,AST-040,9.34,Preventive,Planned,Middle East,Integrated Gas,8070.5,581573.5
2025-08-06,AST-041,3.59,Corrective,Planned,India,Integrated Gas,19420.0,1417511.0
2025-08-06,AST-044,12.25,Preventive,Unplanned,China,Upstream,50443.0,3170221.0
2025-08-06,AST-047,24.17,Preventive,Planned,China,Upstream,51317.5,4059763.5
2025-08-06,AST-049,2.17,Corrective,Planned,North America,Upstream,7541.0,626870.0
2025-08-07,AST-001,6.58,Preventive,Planned,India,Upstream,18681.0,1167188.0
2025-08-07,AST-004,1.66,Inspection,Planned,China,Upstream,6582.0,477651.0
2025-08-07,AST-007,7.07,Preventive,Unplanned,India,Chemicals & Products,21286.0,1431985.0
2025-08-07,AST-009,9.48,Inspection,Unplanned,Europe,Upstream,16462.0,1068229.0
2025-08-07,AST-019,5.19,Corrective,Planned,Africa,Upstream,16012.0,1203398.0
2025-08-07,AST-020,2.8,Inspection,Planned,China,Chemicals & Products,7396.0,545463.0
2025-08-07,AST-021,3.76,Inspection,Planned,Middle East,Chemicals & Products,18315.0,1294275.0
2025-08-07,AST-027,7.78,Preventive,Planned,China,Upstream,33007.0,2074457.0
2025-08-07,AST-029,3.79,Corrective,Planned,Middle East,Integrated Gas,25972.0,1589821.0
2025-08-07,AST-030,19.28,Inspection,Unplanned,China,Integrated Gas,102814.0,6549482.0
2025-08-07,AST-033,3.14,Preventive,Unplanned,India,Integrated Gas,8124.0,607739.0
2025-08-07,AST-035,0.67,Preventive,Planned,Africa,Upstream,3677.0,279918.0
2025-08-07,AST-036,2.6,Inspection,Planned,India,Integrated Gas,8328.0,524460.0
2025-08-07,AST-039,1.73,Inspection,Planned,Europe,Integrated Gas,8773.0,639523.0
2025-08-07,AST-045,5.79,Corrective,Planned,India,Upstream,26387.0,1689480.0
2025-08-07,AST-046,39.32,Preventive,Unplanned,Africa,Upstream,72086.0,4878856.0
2025-08-07,AST-047,6.16,Corrective,Planned,China,Upstream,12831.5,857336.0
2025-08-08,AST-007,1.98,Preventive,Planned,India,Chemicals & Products,5374.0,358579.0
2025-08-08,AST-011,3.1,Corrective,Planned,Middle East,Upstream,3786.0,259122.0
2025-08-08,AST-016,6.04,Corrective,Planned,North America,Upstream,9379.0,791018.0
2025-08-08,AST-017,9.69,Turnaround,Planned,Middle East,Chemicals & Products,53000.0,4249009.0
2025-08-08,AST-030,4.23,Corrective,Planned,China,Integrated Gas,18193.0,1320427.0
2025-08-08,AST-031,2.82,Turnaround,Planned,China,Integrated Gas,12324.0,812656.0
2025-08-08,AST-035,1.65,Corrective,Planned,Africa,Upstream,10093.0,654117.0
2025-08-08,AST-041,1.65,Preventive,Planned,India,Integrated Gas,7440.0,487385.0
2025-08-08,AST-049,2.45,Corrective,Planned,North America,Upstream,7682.0,592157.0
2025-08-09,AST-004,10.21,Preventive,Unplanned,China,Upstream,34193.0,2545495.0
2025-08-09,AST-006,3.47,Inspection,Planned,Africa,Integrated Gas,15219.0,935736.0
2025-08-09,AST-009,13.69,Preventive,Planned,Europe,Upstream,8994.0,642292.0
2025-08-09,AST-010,2.06,Preventive,Planned,India,Upstream,2162.0,155066.0
2025-08-09,AST-011,5.21,Corrective,Planned,Middle East,Upstream,5873.0,461139.0
2025-08-09,AST-013,4.7,Corrective,Planned,North America,Upstream,17541.0,1238065.0
2025-08-09,AST-018,12.62,Preventive,Planned,India,Integrated Gas,13156.33,882828.33
2025-08-09,AST-019,2.59,Preventive,Planned,Africa,Upstream,8060.0,552672.0
2025-08-09,AST-021,1.11,Corrective,Planned,Middle East,Chemicals & Products,5455.0,377077.0
2025-08-09,AST-030,9.54,Preventive,Planned,China,Integrated Gas,47620.0,3127256.0
2025-08-09,AST-033,6.2,Corrective,Planned,India,Integrated Gas,15224.0,1011931.0
2025-08-09,AST-036,6.71,Inspection,Unplanned,India,Integrated Gas,22913.0,1835022.0
2025-08-09,AST-037,1.64,Preventive,Planned,Africa,Upstream,3596.0,259237.0
2025-08-09,AST-044,0.75,Preventive,Planned,China,Upstream,2122.0,154987.0
2025-08-09,AST-048,4.49,Inspection,Planned,Africa,Chemicals & Products,5737.0,354573.0
2025-08-09,AST-049,8.52,Turnaround,Planned,North America,Upstream,23014.0,1580927.0
2025-08-10,AST-002,19.63,Preventive,Unplanned,North America,Upstream,46528.0,3425962.0
2025-08-10,AST-007,29.97,Preventive,Unplanned,India,Chemicals & Products,45060.0,3551161.0
2025-08-10,AST-011,4.76,Inspection,Planned,Middle East,Upstream,7071.0,506716.0
2025-08-10,AST-012,5.78,Preventive,Planned,Africa,Upstream,28197.0,1752958.0
2025-08-10,AST-029,0.8,Corrective,Planned,Middle East,Integrated Gas,4488.0,349740.0
2025-08-10,AST-033,5.41,Preventive,Planned,India,Integrated Gas,13941.0,1158600.0
2025-08-10,AST-038,2.85,Inspection,Planned,North America,Integrated Gas,7597.0,599099.0
2025-08-10,AST-039,7.53,Turnaround,Planned,Europe,Integrated Gas,32125.0,2309293.0
2025-08-10,AST-045,5.74,Preventive,Planned,India,Upstream,28533.0,2087215.0
2025-08-10,AST-048,2.99,Corrective,Planned,Africa,Chemicals & Products,3886.0,257508.0
2025-08-11,AST-001,45.43,Preventive,Planned,India,Upstream,56345.5,4178250.0
2025-08-11,AST-006,8.14,Preventive,Planned,Africa,Integrated Gas,29400.0,2283662.0
2025-08-11,AST-009,2.01,Corrective,Planned,Europe,Upstream,3893.0,268904.0
2025-08-11,AST-014,7.09,Corrective,Unplanned,North America,Upstream,15203.0,896142.0
2025-08-11,AST-018,1.48,Preventive,Planned,India,Integrated Gas,5611.0,480597.0
2025-08-11,AST-020,6.78,Inspection,Planned,China,Chemicals & Products,14298.0,908670.0
2025-08-11,AST-021,5.6,Inspection,Unplanned,Middle East,Chemicals & Products,27112.0,2046155.0
2025-08-11,AST-022,20.98,Preventive,Unplanned,China,Upstream,20196.33,1305135.67
2025-08-11,AST-023,2.18,Preventive,Planned,Europe,Upstream,1576.5,110156.5
2025-08-11,AST-028,5.43,Corrective,Planned,North America,Integrated Gas,14235.0,852634.0
2025-08-11,AST-032,3.11,Corrective,Planned,Europe,Upstream,9076.0,564056.0
2025-08-11,AST-034,18.24,Corrective,Planned,Middle East,Upstream,13099.5,911821.5
2025-08-11,AST-035,3.24,Corrective,Planned,Africa,Upstream,19356.0,1467237.0
2025-08-11,AST-037,0.15,Inspection,Planned,Africa,Upstream,263.0,19944.0
2025-08-11,AST-040,7.84,Preventive,Planned,Middle East,Integrated Gas,15540.0,989709.0
2025-08-11,AST-043,0.99,Corrective,Planned,North America,Upstream,5582.0,350893.0
2025-08-11,AST-046,37.51,Corrective,Unplanned,Africa,Upstream,163988.0,13933850.0
2025-08-11,AST-050,4.09,Inspection,Planned,North America,Upstream,5102.0,380975.0
2025-08-12,AST-002,3.78,Corrective,Unplanned,North America,Upstream,10561.0,709975.0
2025-08-12,AST-003,2.61,Preventive,Planned,Middle East,Upstream,13785.0,974858.0
2025-08-12,AST-004,3.83,Preventive,Planned,China,Upstream,15544.0,1239855.0
2025-08-12,AST-007,2.63,Preventive,Planned,India,Chemicals & Products,8076.0,542248.0
2025-08-12,AST-011,3.08,Preventive,Planned,Middle East,Upstream,4695.0,307453.0
2025-08-12,AST-012,7.25,Preventive,Planned,Africa,Upstream,16833.5,1201520.0
2025-08-12,AST-013,3.04,Preventive,Planned,North America,Upstream,9659.0,734213.0
2025-08-12,AST-015,4.46,Inspection,Planned,North America,Integrated Gas,18808.0,1517239.0
2025-08-12,AST-024,4.12,Turnaround,Planned,Africa,Integrated Gas,6504.0,458709.0
2025-08-12,AST-026,3.01,Preventive,Planned,Middle East,Upstream,14701.0,1072377.0
2025-08-12,AST-027,1.57,Preventive,Planned,China,Upstream,7954.0,647739.0
2025-08-12,AST-029,9.92,Preventive,Unplanned,Middle East,Integrated Gas,53785.0,4232229.0
2025-08-12,AST-034,6.97,Preventive,Unplanned,Middle East,Upstream,10288.0,755479.0
2025-08-12,AST-035,5.79,Corrective,Planned,Africa,Upstream,32753.0,2107579.0
2025-08-12,AST-038,6.65,Corrective,Planned,North America,Integrated Gas,17202.0,1376308.0
2025-08-12,AST-043,11.29,Corrective,Unplanned,North America,Upstream,56249.0,3638224.0
2025-08-12,AST-046,5.1,Corrective,Planned,Africa,Upstream,20383.0,1594403.0
2025-08-12,AST-047,14.59,Corrective,Planned,China,Upstream,32463.0,2510052.0
2025-08-12,AST-050,0.86,Preventive,Planned,North America,Upstream,1078.0,81404.0
2025-08-13,AST-001,3.77,Preventive,Planned,India,Upstream,9651.0,627337.0
2025-08-13,AST-007,19.7,Inspection,Planned,India,Chemicals & Products,33128.5,2531354.5
2025-08-13,AST-009,2.43,Preventive,Planned,Europe,Upstream,4774.0,343736.0
2025-08-13,AST-017,0.45,Preventive,Planned,Middle East,Chemicals & Products,2022.0,129620.0
2025-08-13,AST-018,1.66,Inspection,Planned,India,Integrated Gas,5849.0,450576.0
2025-08-13,AST-021,10.1,Corrective,Planned,Middle East,Chemicals & Products,19906.0,1332921.0
2025-08-13,AST-022,12.58,Preventive,Planned,China,Upstream,36652.0,2700812.0
2025-08-13,AST-034,1.42,Corrective,Planned,Middle East,Upstream,2446.0,170760.0
2025-08-13,AST-039,16.55,Inspection,Unplanned,Europe,Integrated Gas,58847.0,4182261.0
2025-08-13,AST-042,3.91,Preventive,Planned,North America,Integrated Gas,17465.0,1014887.0
2025-08-13,AST-044,19.37,Turnaround,Planned,China,Upstream,56595.0,3882897.0
2025-08-14,AST-014,28.12,Corrective,Unplanned,North America,Upstream,27962.5,1884656.0
2025-08-14,AST-015,6.83,Turnaround,Planned,North America,Integrated Gas,22037.0,1352824.0
2025-08-14,AST-016,0.91,Corrective,Planned,North America,Upstream,1664.0,114576.0
2025-08-14,AST-017,12.91,Preventive,Unplanned,Middle East,Chemicals & Products,65947.0,4584138.0
2025-08-14,AST-022,4.38,Turnaround,Planned,China,Upstream,11850.0,744168.0
2025-08-14,AST-023,2.68,Preventive,Planned,Europe,Upstream,3737.0,236902.0
2025-08-14,AST-024,5.89,Corrective,Planned,Africa,Integrated Gas,11076.0,764034.0
2025-08-14,AST-025,2.96,Preventive,Planned,North America,Upstream,19678.0,1606580.0
2025-08-14,AST-026,5.23,Corrective,Planned,Middle East,Upstream,28790.0,2174278.0
2025-08-14,AST-029,17.47,Preventive,Planned,Middle East,Integrated Gas,57173.0,3803633.5
2025-08-14,AST-031,2.02,Preventive,Planned,China,Integrated Gas,9909.0,723331.0
2025-08-14,AST-033,4.64,Corrective,Planned,India,Integrated Gas,13058.0,928366.0
2025-08-14,AST-034,6.56,Preventive,Planned,Middle East,Upstream,9664.0,633105.0
2025-08-14,AST-035,3.86,Preventive,Planned,Africa,Upstream,12667.0,896664.0
2025-08-14,AST-036,15.51,Preventive,Unplanned,India,Integrated Gas,51285.0,4029177.0
2025-08-14,AST-042,2.69,Corrective,Planned,North America,Integrated Gas,7605.5,603567.0
2025-08-15,AST-002,4.95,Preventive,Planned,North America,Upstream,12057.0,791992.0
2025-08-15,AST-006,2.07,Preventive,Planned,Africa,Integrated Gas,10862.0,864921.0
2025-08-15,AST-009,12.0,Preventive,Unplanned,Europe,Upstream,23030.0,1549777.0
2025-08-15,AST-012,2.11,Preventive,Planned,Africa,Upstream,10313.0,766229.0
2025-08-15,AST-013,0.91,Turnaround,Planned,North America,Upstream,2954.0,218953.0
2025-08-15,AST-018,5.37,Preventive,Planned,India,Integrated Gas,17005.0,1304806.0
2025-08-15,AST-022,0.8,Corrective,Planned,China,Upstream,2502.0,175197.0
2025-08-15,AST-025,2.81,Turnaround,Unplanned,North America,Upstream,16755.0,1080988.0
2025-08-15,AST-027,1.53,Corrective,Planned,China,Upstream,7440.0,605603.0
2025-08-15,AST-028,5.66,Corrective,Planned,North America,Integrated Gas,12986.0,923854.0
2025-08-15,AST-029,12.81,Preventive,Planned,Middle East,Integrated Gas,39633.0,2834286.0
2025-08-15,AST-033,4.32,Preventive,Planned,India,Integrated Gas,9639.0,711561.0
2025-08-15,AST-034,1.95,Corrective,Planned,Middle East,Upstream,3234.0,245538.0
2025-08-15,AST-039,9.57,Turnaround,Planned,Europe,Integrated Gas,40981.0,3258255.0
2025-08-15,AST-040,5.83,Turnaround,Planned,Middle East,Integrated Gas,3366.67,257847.0
2025-08-15,AST-043,1.55,Inspection,Planned,North America,Upstream,7052.0,459044.0
2025-08-15,AST-050,3.55,Preventive,Planned,North America,Upstream,3742.0,244723.0
2025-08-16,AST-007,2.22,Turnaround,Planned,India,Chemicals & Products,7235.0,474638.0
2025-08-16,AST-012,1.44,Preventive,Planned,Africa,Upstream,7152.0,449352.0
2025-08-16,AST-013,4.67,Corrective,Planned,North America,Upstream,8005.0,587432.0
2025-08-16,AST-019,6.0,Preventive,Unplanned,Africa,Upstream,21745.0,1340452.0
2025-08-16,AST-021,3.17,Preventive,Planned,Middle East,Chemicals & Products,12520.0,990914.0
2025-08-16,AST-027,0.27,Corrective,Planned,China,Upstream,1282.0,84323.0
2025-08-16,AST-029,2.89,Preventive,Planned,Middle East,Integrated Gas,15001.0,1029099.0
2025-08-16,AST-033,6.53,Preventive,Planned,India,Integrated Gas,13602.0,885656.0
2025-08-16,AST-035,0.88,Preventive,Planned,Africa,Upstream,5561.0,410110.0
2025-08-16,AST-037,6.03,Corrective,Planned,Africa,Upstream,4722.0,325353.0
2025-08-16,AST-040,2.9,Corrective,Planned,Middle East,Integrated Gas,5968.0,437261.0
2025-08-16,AST-044,4.05,Preventive,Planned,China,Upstream,14193.0,960943.0
2025-08-16,AST-045,3.04,Corrective,Planned,India,Upstream,6232.0,452780.5
2025-08-17,AST-002,11.04,Inspection,Unplanned,North America,Upstream,30573.0,2094375.0
2025-08-17,AST-007,25.3,Corrective,Planned,India,Chemicals & Products,46706.0,3173785.5
2025-08-17,AST-010,2.02,Corrective,Planned,India,Upstream,2549.0,197492.0
2025-08-17,AST-014,4.74,Corrective,Planned,North America,Upstream,8724.0,645559.0
2025-08-17,AST-016,36.26,Corrective,Planned,North America,Upstream,32188.5,2136410.0
2025-08-17,AST-019,17.44,Inspection,Unplanned,Africa,Upstream,60007.0,3748034.0
2025-08-17,AST-022,2.88,Inspection,Planned,China,Upstream,8419.0,553597.0
2025-08-17,AST-028,8.18,Corrective,Planned,North America,Integrated Gas,23335.0,1805489.0
2025-08-17,AST-030,2.43,Corrective,Planned,China,Integrated Gas,11226.0,846663.0
2025-08-17,AST-032,3.75,Inspection,Planned,Europe,Upstream,10732.0,804028.0
2025-08-17,AST-033,5.56,Preventive,Planned,India,Integrated Gas,11663.0,814593.0
2025-08-17,AST-034,2.14,Inspection,Planned,Middle East,Upstream,3118.0,199522.0
2025-08-17,AST-035,8.79,Preventive,Planned,Africa,Upstream,41991.0,2612456.0
2025-08-17,AST-038,3.22,Corrective,Planned,North America,Integrated Gas,7872.0,521272.0
2025-08-17,AST-040,6.61,Preventive,Unplanned,Middle East,Integrated Gas,13435.0,852849.0
2025-08-17,AST-047,1.95,Preventive,Planned,China,Upstream,7012.0,500347.0
2025-08-17,AST-048,4.52,Inspection,Planned,Africa,Chemicals & Products,5621.0,435331.0
2025-08-17,AST-050,18.11,Preventive,Planned,North America,Upstream,9320.0,699458.0
2025-08-18,AST-003,6.16,Corrective,Planned,Middle East,Upstream,25361.0,2140250.0
2025-08-18,AST-007,4.23,Inspection,Planned,India,Chemicals & Products,13684.0,908707.0
2025-08-18,AST-011,2.41,Preventive,Planned,Middle East,Upstream,3088.0,189996.0
2025-08-18,AST-014,2.41,Turnaround,Planned,North America,Upstream,3884.0,256081.0
2025-08-18,AST-015,10.85,Corrective,Planned,North America,Integrated Gas,18776.5,1306181.0
2025-08-18,AST-017,18.92,Corrective,Planned,Middle East,Chemicals & Products,47962.0,3400523.5
2025-08-18,AST-018,16.08,Preventive,Unplanned,India,Integrated Gas,56741.0,3753324.0
2025-08-18,AST-019,5.16,Corrective,Planned,Africa,Upstream,14390.0,1084143.0
2025-08-18,AST-020,2.43,Preventive,Planned,China,Chemicals & Products,6314.0,492207.0
2025-08-18,AST-022,7.16,Corrective,Planned,China,Upstream,10368.0,708012.0
2025-08-18,AST-031,5.74,Preventive,Planned,China,Integrated Gas,25136.0,1621821.0
2025-08-18,AST-033,9.08,Corrective,Unplanned,India,Integrated Gas,26972.0,1749316.0
2025-08-18,AST-044,4.24,Corrective,Planned,China,Upstream,14671.0,1105852.0
2025-08-18,AST-049,19.13,Turnaround,Unplanned,North America,Upstream,51263.0,3296768.0
2025-08-19,AST-008,7.31,Preventive,Planned,North America,Upstream,44001.0,3316734.0
2025-08-19,AST-009,2.28,Preventive,Planned,Europe,Upstream,4438.0,317295.0
2025-08-19,AST-013,8.33,Corrective,Planned,North America,Upstream,14986.0,1069978.5
2025-08-19,AST-015,1.77,Corrective,Planned,North America,Integrated Gas,7555.0,521864.0
2025-08-19,AST-017,5.25,Preventive,Unplanned,Middle East,Chemicals & Products,27089.0,2162324.0
2025-08-19,AST-022,5.87,Corrective,Planned,China,Upstream,17501.0,1059444.0
2025-08-19,AST-023,2.97,Corrective,Planned,Europe,Upstream,3650.0,239547.0
2025-08-19,AST-029,21.27,Inspection,Unplanned,Middle East,Integrated Gas,136328.0,10129535.0
2025-08-19,AST-031,9.99,Corrective,Unplanned,China,Integrated Gas,44987.0,2672296.0
2025-08-19,AST-034,4.63,Preventive,Planned,Middle East,Upstream,7454.0,618413.0
2025-08-19,AST-035,5.37,Preventive,Planned,Africa,Upstream,33361.0,2511166.0
2025-08-19,AST-037,2.57,Inspection,Planned,Africa,Upstream,5425.0,360571.0
2025-08-19,AST-038,4.21,Preventive,Planned,North America,Integrated Gas,9923.0,642849.0
2025-08-19,AST-044,5.49,Preventive,Planned,China,Upstream,20597.0,1313216.0
2025-08-19,AST-050,6.78,Turnaround,Planned,North America,Upstream,7935.0,588589.0
2025-08-20,AST-003,7.34,Preventive,Planned,Middle East,Upstream,30739.0,2035190.0
2025-08-20,AST-010,1.93,Preventive,Planned,India,Upstream,2419.0,166330.0
2025-08-20,AST-011,7.98,Preventive,Unplanned,Middle East,Upstream,9775.0,752714.0
2025-08-20,AST-013,4.87,Preventive,Planned,North America,Upstream,14215.0,883454.0
2025-08-20,AST-016,3.63,Inspection,Planned,North America,Upstream,5632.0,380494.0
2025-08-20,AST-021,9.62,Corrective,Planned,Middle East,Chemicals & Products,19721.0,1639120.0
2025-08-20,AST-022,6.23,Inspection,Planned,China,Upstream,15394.0,1042382.0
2025-08-20,AST-023,1.2,Preventive,Planned,Europe,Upstream,1556.0,125727.0
2025-08-20,AST-025,3.43,Turnaround,Planned,North America,Upstream,18564.0,1300495.0
2025-08-20,AST-026,2.64,Corrective,Planned,Middle East,Upstream,15127.0,920889.0
2025-08-20,AST-028,5.64,Preventive,Planned,North America,Integrated Gas,14110.0,887460.0
2025-08-20,AST-031,30.12,Corrective,Planned,China,Integrated Gas,69883.5,4903259.0
2025-08-20,AST-032,0.36,Inspection,Planned,Europe,Upstream,1220.0,77558.0
2025-08-20,AST-033,8.44,Corrective,Unplanned,India,Integrated Gas,21264.0,1557700.0
2025-08-20,AST-036,15.9,Corrective,Planned,India,Integrated Gas,29131.0,2036351.0
2025-08-20,AST-038,0.73,Preventive,Planned,North America,Integrated Gas,1601.0,116247.0
2025-08-20,AST-042,12.77,Preventive,Unplanned,North America,Integrated Gas,68501.0,5011699.0
2025-08-20,AST-046,9.4,Preventive,Planned,Africa,Upstream,34541.0,2271144.0
2025-08-20,AST-047,23.74,Preventive,Planned,China,Upstream,65667.0,4401898.0
2025-08-20,AST-048,3.38,Corrective,Planned,Africa,Chemicals & Products,5573.0,368661.0
2025-08-20,AST-049,1.13,Corrective,Planned,North America,Upstream,3166.0,232641.0
2025-08-21,AST-001,4.36,Preventive,Unplanned,India,Upstream,10239.0,803710.0
2025-08-21,AST-002,6.35,Corrective,Unplanned,North America,Upstream,18805.0,1282539.0
2025-08-21,AST-007,15.02,Turnaround,Unplanned,India,Chemicals & Products,42237.0,3510191.0
2025-08-21,AST-010,3.4,Preventive,Planned,India,Upstream,3116.0,228639.0
2025-08-21,AST-014,24.4,Corrective,Planned,North America,Upstream,15317.33,1092893.0
2025-08-21,AST-017,6.93,Preventive,Planned,Middle East,Chemicals & Products,35976.0,2691198.0
2025-08-21,AST-019,2.85,Preventive,Planned,Africa,Upstream,6693.0,424425.0
2025-08-21,AST-020,6.44,Preventive,Planned,China,Chemicals & Products,15196.0,1010868.0
2025-08-21,AST-021,11.87,Preventive,Planned,Middle East,Chemicals & Products,49774.0,3326329.0
2025-08-21,AST-029,3.3,Inspection,Planned,Middle East,Integrated Gas,21648.0,1672750.0
2025-08-21,AST-033,3.58,Corrective,Unplanned,India,Integrated Gas,8646.0,577076.0
2025-08-21,AST-035,1.55,Inspection,Planned,Africa,Upstream,7063.0,577101.0
2025-08-21,AST-036,8.15,Preventive,Unplanned,India,Integrated Gas,28423.0,2074860.0
2025-08-21,AST-045,4.62,Corrective,Planned,India,Upstream,10953.0,684411.0
2025-08-21,AST-046,5.52,Corrective,Planned,Africa,Upstream,11378.0,736572.0
2025-08-21,AST-047,2.15,Inspection,Planned,China,Upstream,9390.0,699910.0
2025-08-21,AST-049,5.17,Inspection,Planned,North America,Upstream,17339.0,1113292.0
2025-08-22,AST-004,3.21,Preventive,Planned,China,Upstream,12614.0,946667.0
2025-08-22,AST-007,7.28,Corrective,Planned,India,Chemicals & Products,22964.0,1514327.0
2025-08-22,AST-008,6.97,Inspection,Planned,North America,Upstream,18579.0,1211616.5
2025-08-22,AST-011,4.38,Preventive,Planned,Middle East,Upstream,7544.0,563291.0
2025-08-22,AST-017,5.38,Preventive,Unplanned,Middle East,Chemicals & Products,23715.0,1916581.0
2025-08-22,AST-020,3.24,Turnaround,Planned,China,Chemicals & Products,7967.0,651442.0
2025-08-22,AST-028,2.94,Corrective,Planned,North America,Integrated Gas,7196.0,564354.0
2025-08-22,AST-031,4.8,Turnaround,Planned,China,Integrated Gas,20652.0,1286493.0
2025-08-22,AST-032,13.08,Inspection,Planned,Europe,Upstream,25281.0,1617974.5
2025-08-22,AST-036,5.35,Preventive,Planned,India,Integrated Gas,8878.5,657583.0
2025-08-22,AST-037,1.78,Preventive,Planned,Africa,Upstream,3735.0,250309.0
2025-08-22,AST-039,4.77,Preventive,Planned,Europe,Integrated Gas,17590.0,1309857.0
2025-08-22,AST-042,3.12,Preventive,Planned,North America,Integrated Gas,17735.0,1277281.0
2025-08-22,AST-044,2.62,Inspection,Planned,China,Upstream,7745.0,484831.0
2025-08-22,AST-047,5.04,Corrective,Planned,China,Upstream,21118.0,1365149.0
2025-08-22,AST-048,15.14,Inspection,Unplanned,Africa,Chemicals & Products,22625.0,1619911.0
2025-08-22,AST-050,6.25,Inspection,Unplanned,North America,Upstream,6904.0,533294.0
2025-08-23,AST-001,17.87,Corrective,Unplanned,India,Upstream,40604.0,2567505.0
2025-08-23,AST-012,2.04,Corrective,Planned,Africa,Upstream,9841.0,785189.0
2025-08-23,AST-013,6.46,Preventive,Unplanned,North America,Upstream,21826.0,1612118.0
2025-08-23,AST-014,2.43,Corrective,Planned,North America,Upstream,1967.0,134381.5
2025-08-23,AST-021,3.13,Inspection,Planned,Middle East,Chemicals & Products,15915.0,943846.0
2025-08-23,AST-023,4.13,Preventive,Planned,Europe,Upstream,6429.0,439636.0
2025-08-23,AST-024,19.55,Corrective,Planned,Africa,Integrated Gas,15371.0,1051228.0
2025-08-23,AST-027,2.98,Turnaround,Planned,China,Upstream,15078.0,1168618.0
2025-08-23,AST-033,3.47,Corrective,Unplanned,India,Integrated Gas,10549.0,838150.0
2025-08-23,AST-034,0.16,Preventive,Planned,Middle East,Upstream,210.0,15866.0
2025-08-23,AST-040,21.68,Inspection,Unplanned,Middle East,Integrated Gas,37451.0,2947755.0
2025-08-23,AST-042,12.28,Preventive,Unplanned,North America,Integrated Gas,69999.0,4773572.0
2025-08-23,AST-046,5.75,Preventive,Planned,Africa,Upstream,21978.0,1553577.0
2025-08-23,AST-049,1.44,Preventive,Planned,North America,Upstream,4387.0,313255.0
2025-08-24,AST-003,5.62,Preventive,Planned,Middle East,Upstream,10807.5,728177.0
2025-08-24,AST-014,0.83,Preventive,Planned,North America,Upstream,1242.0,100580.0
2025-08-24,AST-016,18.79,Turnaround,Unplanned,North America,Upstream,29871.0,2072940.0
2025-08-24,AST-021,16.59,Preventive,Planned,Middle East,Chemicals & Products,34830.5,2547870.5
2025-08-24,AST-023,9.12,Turnaround,Planned,Europe,Upstream,12080.0,788663.0
2025-08-24,AST-028,8.61,Inspection,Unplanned,North America,Integrated Gas,18245.0,1377855.0
2025-08-24,AST-031,0.33,Preventive,Planned,China,Integrated Gas,1630.0,110242.0
2025-08-24,AST-036,13.02,Preventive,Planned,India,Integrated Gas,21856.5,1531302.0
2025-08-24,AST-039,16.87,Preventive,Unplanned,Europe,Integrated Gas,66203.0,4162388.0
2025-08-24,AST-048,1.79,Preventive,Planned,Africa,Chemicals & Products,2237.0,167055.0
2025-08-25,AST-001,3.18,Preventive,Planned,India,Upstream,8784.0,625951.0
2025-08-25,AST-011,5.52,Preventive,Planned,Middle East,Upstream,8390.0,578542.0
2025-08-25,AST-015,3.05,Corrective,Planned,North America,Integrated Gas,5628.0,433494.0
2025-08-25,AST-016,1.96,Inspection,Planned,North America,Upstream,3212.0,210285.0
2025-08-25,AST-020,4.53,Turnaround,Planned,China,Chemicals & Products,11939.0,931432.0
2025-08-25,AST-023,1.52,Inspection,Planned,Europe,Upstream,2358.0,146510.0
2025-08-25,AST-024,4.4,Corrective,Planned,Africa,Integrated Gas,3176.5,221097.5
2025-08-25,AST-025,11.54,Corrective,Unplanned,North America,Upstream,65778.0,4197777.0
2025-08-25,AST-027,4.97,Preventive,Planned,China,Upstream,26849.0,1742398.0
2025-08-25,AST-028,3.72,Inspection,Planned,North America,Integrated Gas,7294.0,486850.0
2025-08-25,AST-032,19.07,Preventive,Planned,Europe,Upstream,21706.0,1642871.0
2025-08-25,AST-035,0.38,Corrective,Planned,Africa,Upstream,2286.0,178355.0
2025-08-25,AST-036,7.99,Preventive,Planned,India,Integrated Gas,13599.5,898676.0
2025-08-25,AST-042,1.01,Inspection,Planned,North America,Integrated Gas,6329.0,398368.0
2025-08-25,AST-047,6.32,Inspection,Planned,China,Upstream,16975.5,1177192.0
2025-08-26,AST-009,2.42,Preventive,Planned,Europe,Upstream,4480.0,294653.0
2025-08-26,AST-012,7.3,Preventive,Planned,Africa,Upstream,34713.0,2776909.0
2025-08-26,AST-014,24.77,Corrective,Planned,North America,Upstream,21502.5,1609080.0
2025-08-26,AST-020,4.74,Preventive,Planned,China,Chemicals & Products,10727.0,738909.0
2025-08-26,AST-022,2.51,Corrective,Planned,China,Upstream,5691.0,449334.0
2025-08-26,AST-026,23.19,Inspection,Unplanned,Middle East,Upstream,120570.0,6989831.0
2025-08-26,AST-029,3.67,Inspection,Planned,Middle East,Integrated Gas,20972.0,1561010.0
2025-08-26,AST-030,5.17,Preventive,Unplanned,China,Integrated Gas,30590.0,1975456.0
2025-08-26,AST-031,5.87,Corrective,Unplanned,China,Integrated Gas,22950.0,1661996.0
2025-08-26,AST-034,4.04,Preventive,Planned,Middle East,Upstream,5358.0,405435.0
2025-08-26,AST-036,1.55,Corrective,Planned,India,Integrated Gas,4989.0,351796.0
2025-08-26,AST-038,13.49,Turnaround,Planned,North America,Integrated Gas,30386.0,2170634.0
2025-08-26,AST-042,6.03,Corrective,Planned,North America,Integrated Gas,22477.0,1518746.0
2025-08-26,AST-049,6.67,Inspection,Planned,North America,Upstream,20483.0,1304895.0
2025-08-27,AST-004,38.61,Corrective,Planned,China,Upstream,72677.0,5320735.5
2025-08-27,AST-005,1.47,Preventive,Planned,China,Integrated Gas,6268.0,413409.0
2025-08-27,AST-013,2.94,Corrective,Planned,North America,Upstream,9096.0,578847.0
2025-08-27,AST-016,4.2,Corrective,Planned,North America,Upstream,6163.0,383375.0
2025-08-27,AST-017,23.53,Preventive,Unplanned,Middle East,Chemicals & Products,110203.0,6534916.0
2025-08-27,AST-026,7.81,Preventive,Planned,Middle East,Upstream,49938.0,3371518.0
2025-08-27,AST-028,20.01,Preventive,Unplanned,North America,Integrated Gas,57008.0,4178121.0
2025-08-27,AST-029,1.93,Preventive,Planned,Middle East,Integrated Gas,9896.0,624929.0
2025-08-27,AST-030,6.73,Inspection,Unplanned,China,Integrated Gas,36848.0,2361786.0
2025-08-27,AST-032,1.66,Turnaround,Planned,Europe,Upstream,6459.0,483924.0
2025-08-27,AST-033,5.06,Turnaround,Planned,India,Integrated Gas,14028.0,1070636.0
2025-08-27,AST-034,7.28,Corrective,Planned,Middle East,Upstream,8614.0,605091.0
2025-08-27,AST-036,1.08,Preventive,Planned,India,Integrated Gas,3934.0,338510.0
2025-08-27,AST-038,4.23,Preventive,Planned,North America,Integrated Gas,11034.0,837900.0
2025-08-27,AST-042,4.64,Corrective,Planned,North America,Integrated Gas,20936.0,1414805.0
2025-08-27,AST-043,0.18,Corrective,Planned,North America,Upstream,793.0,65330.0
2025-08-27,AST-045,0.12,Preventive,Planned,India,Upstream,555.0,44155.0
2025-08-27,AST-046,0.76,Corrective,Planned,Africa,Upstream,3462.0,267912.0
2025-08-27,AST-048,1.38,Turnaround,Planned,Africa,Chemicals & Products,1913.0,139264.0
2025-08-27,AST-050,5.52,Inspection,Planned,North America,Upstream,7319.0,529185.0
2025-08-28,AST-003,5.47,Corrective,Unplanned,Middle East,Upstream,29625.0,2208703.0
2025-08-28,AST-005,2.64,Turnaround,Planned,China,Integrated Gas,11716.0,884322.0
2025-08-28,AST-009,4.61,Preventive,Unplanned,Europe,Upstream,8709.0,608634.0
2025-08-28,AST-012,27.89,Corrective,Planned,Africa,Upstream,64163.5,4440310.5
2025-08-28,AST-013,0.56,Preventive,Planned,North America,Upstream,1911.0,133356.0
2025-08-28,AST-019,4.18,Corrective,Unplanned,Africa,Upstream,11158.0,730876.0
2025-08-28,AST-020,0.91,Corrective,Planned,China,Chemicals & Products,2068.0,136813.0
2025-08-28,AST-025,2.5,Preventive,Planned,North America,Upstream,15183.0,945968.0
2025-08-28,AST-028,0.47,Corrective,Planned,North America,Integrated Gas,918.0,68138.0
2025-08-28,AST-030,0.86,Preventive,Planned,China,Integrated Gas,5254.0,334373.0
2025-08-28,AST-044,5.69,Preventive,Planned,China,Upstream,9247.0,682239.5
2025-08-28,AST-049,0.1,Corrective,Planned,North America,Upstream,319.0,22895.0
2025-08-29,AST-009,28.04,Corrective,Planned,Europe,Upstream,23470.5,1495486.5
2025-08-29,AST-011,9.91,Preventive,Planned,Middle East,Upstream,12499.0,967190.0
2025-08-29,AST-015,9.78,Inspection,Unplanned,North America,Integrated Gas,43180.0,2934256.0
2025-08-29,AST-023,3.21,Corrective,Planned,Europe,Upstream,5125.0,388425.0
2025-08-29,AST-031,2.67,Corrective,Planned,China,Integrated Gas,12230.0,785665.0
2025-08-29,AST-032,2.59,Corrective,Planned,Europe,Upstream,7536.0,567986.0
2025-08-29,AST-038,3.92,Corrective,Planned,North America,Integrated Gas,8344.0,542712.0
2025-08-29,AST-040,13.09,Corrective,Unplanned,Middle East,Integrated Gas,27498.0,1890677.0
2025-08-29,AST-041,3.65,Turnaround,Planned,India,Integrated Gas,19697.0,1347289.0
2025-08-29,AST-044,0.96,Turnaround,Planned,China,Upstream,3104.0,207233.0
2025-08-29,AST-046,2.48,Preventive,Planned,Africa,Upstream,12289.0,866604.0
2025-08-30,AST-014,13.03,Preventive,Unplanned,North America,Upstream,7301.33,486516.67
2025-08-30,AST-018,8.42,Corrective,Planned,India,Integrated Gas,32133.0,2249879.0
2025-08-30,AST-023,1.9,Preventive,Planned,Europe,Upstream,1210.5,101692.5
2025-08-30,AST-027,1.39,Preventive,Planned,China,Upstream,6914.0,483976.0
2025-08-30,AST-028,3.51,Inspection,Planned,North America,Integrated Gas,10448.0,655819.0
2025-08-30,AST-047,2.61,Preventive,Planned,China,Upstream,10575.0,824179.0
2025-08-31,AST-011,0.33,Preventive,Planned,Middle East,Upstream,510.0,35568.0
2025-08-31,AST-018,1.06,Corrective,Planned,India,Integrated Gas,3327.0,224419.0
2025-08-31,AST-019,18.78,Corrective,Unplanned,Africa,Upstream,53929.0,3427301.0
2025-08-31,AST-022,14.09,Corrective,Planned,China,Upstream,38372.0,2807241.0
2025-08-31,AST-023,6.32,Preventive,Planned,Europe,Upstream,9380.0,660514.0
2025-08-31,AST-025,1.71,Corrective,Planned,North America,Upstream,11838.0,859178.0
2025-08-31,AST-026,5.51,Preventive,Unplanned,Middle East,Upstream,27228.0,2128057.0
2025-08-31,AST-027,7.12,Inspection,Planned,China,Upstream,29703.0,2185755.0
2025-08-31,AST-031,24.31,Preventive,Unplanned,China,Integrated Gas,122189.0,9825583.0
2025-08-31,AST-033,3.05,Corrective,Planned,India,Integrated Gas,8153.0,606938.0
2025-08-31,AST-047,9.17,Corrective,Planned,China,Upstream,20543.0,1508577.5
2025-08-31,AST-050,7.03,Corrective,Planned,North America,Upstream,3750.0,280055.0
2025-09-01,AST-001,22.68,Inspection,Planned,India,Upstream,30535.5,2006253.0
2025-09-01,AST-007,6.87,Preventive,Planned,India,Chemicals & Products,9558.5,739239.0
2025-09-01,AST-010,11.22,Corrective,Planned,India,Upstream,11847.0,885827.0
2025-09-01,AST-011,1.91,Inspection,Planned,Middle East,Upstream,2369.0,155374.0
2025-09-01,AST-014,8.81,Corrective,Unplanned,North America,Upstream,15336.0,985742.0
2025-09-01,AST-017,26.79,Preventive,Planned,Middle East,Chemicals & Products,70108.0,4944147.5
2025-09-01,AST-019,1.22,Preventive,Planned,Africa,Upstream,3452.0,280180.0
2025-09-01,AST-028,10.83,Corrective,Planned,North America,Integrated Gas,24137.0,1731645.0
2025-09-01,AST-029,4.08,Inspection,Planned,Middle East,Integrated Gas,14225.0,938305.5
2025-09-01,AST-032,0.68,Turnaround,Planned,Europe,Upstream,2720.0,214381.0
2025-09-01,AST-033,4.49,Corrective,Planned,India,Integrated Gas,10502.0,800869.0
2025-09-01,AST-034,1.42,Corrective,Planned,Middle East,Upstream,2022.0,127464.0
2025-09-01,AST-039,3.35,Turnaround,Planned,Europe,Integrated Gas,16998.0,1198975.0
2025-09-01,AST-040,6.61,Preventive,Planned,Middle East,Integrated Gas,13921.0,841569.0
2025-09-01,AST-044,25.53,Preventive,Planned,China,Upstream,45012.5,3203341.5
2025-09-01,AST-050,14.67,Corrective,Planned,North America,Upstream,9442.5,688344.5
2025-09-02,AST-002,8.47,Inspection,Unplanned,North America,Upstream,24934.0,1603694.0
2025-09-02,AST-005,2.37,Preventive,Planned,China,Integrated Gas,11315.0,854653.0
2025-09-02,AST-009,3.5,Corrective,Planned,Europe,Upstream,6843.0,422962.0
2025-09-02,AST-013,8.48,Turnaround,Planned,North America,Upstream,29927.0,2083792.0
2025-09-02,AST-015,6.89,Corrective,Planned,North America,Integrated Gas,25200.0,1877886.0
2025-09-02,AST-020,2.89,Inspection,Planned,China,Chemicals & Products,7524.0,620074.0
2025-09-02,AST-026,7.42,Preventive,Planned,Middle East,Upstream,56254.0,3361966.0
2025-09-02,AST-029,6.91,Inspection,Planned,Middle East,Integrated Gas,22672.5,1467636.0
2025-09-02,AST-032,1.64,Preventive,Planned,Europe,Upstream,5597.0,384183.0
2025-09-02,AST-034,6.55,Preventive,Planned,Middle East,Upstream,8636.0,695170.0
2025-09-02,AST-037,2.13,Turnaround,Planned,Africa,Upstream,4495.0,310891.0
2025-09-02,AST-039,4.41,Preventive,Planned,Europe,Integrated Gas,16734.0,1228976.0
2025-09-02,AST-040,0.68,Turnaround,Planned,Middle East,Integrated Gas,1303.0,78053.0
2025-09-02,AST-046,4.02,Preventive,Planned,Africa,Upstream,20061.0,1348184.0
2025-09-02,AST-049,28.4,Preventive,Unplanned,North America,Upstream,89437.0,6687120.0
2025-09-03,AST-004,2.36,Preventive,Planned,China,Upstream,10867.0,802938.0
2025-09-03,AST-005,7.64,Corrective,Planned,China,Integrated Gas,44327.0,2762957.0
2025-09-03,AST-007,7.99,Preventive,Planned,India,Chemicals & Products,24036.0,1929637.0
2025-09-03,AST-010,8.11,Preventive,Unplanned,India,Upstream,7478.0,553259.0
2025-09-03,AST-011,14.63,Turnaround,Unplanned,Middle East,Upstream,22731.0,1630243.0
2025-09-03,AST-014,3.14,Preventive,Planned,North America,Upstream,5250.0,387912.0
2025-09-03,AST-015,2.69,Inspection,Planned,North America,Integrated Gas,10065.0,685548.0
2025-09-03,AST-016,9.46,Preventive,Planned,North America,Upstream,14095.0,1024624.0
2025-09-03,AST-020,3.84,Preventive,Planned,China,Chemicals & Products,8644.0,650197.0
2025-09-03,AST-021,1.3,Turnaround,Planned,Middle East,Chemicals & Products,5441.0,329572.0
2025-09-03,AST-027,7.45,Corrective,Planned,China,Upstream,17918.5,1272397.5
2025-09-03,AST-028,2.96,Preventive,Unplanned,North America,Integrated Gas,6355.0,452224.0
2025-09-03,AST-029,4.17,Preventive,Planned,Middle East,Integrated Gas,27241.0,1862892.0
2025-09-03,AST-032,4.45,Preventive,Planned,Europe,Upstream,16228.0,1156892.0
2025-09-03,AST-039,21.27,Corrective,Unplanned,Europe,Integrated Gas,100690.0,5921037.0
2025-09-03,AST-040,18.35,Inspection,Unplanned,Middle East,Integrated Gas,37783.0,2915509.0
2025-09-03,AST-049,8.86,Inspection,Planned,North America,Upstream,23919.0,1584547.0
2025-09-04,AST-006,1.58,Turnaround,Planned,Africa,Integrated Gas,7308.0,529983.0
2025-09-04,AST-009,5.3,Corrective,Planned,Europe,Upstream,4560.5,294648.0
2025-09-04,AST-013,0.9,Corrective,Planned,North America,Upstream,2474.0,190346.0
2025-09-04,AST-014,3.36,Preventive,Planned,North America,Upstream,3115.0,218769.5
2025-09-04,AST-029,14.74,Preventive,Unplanned,Middle East,Integrated Gas,94223.0,7453018.0
2025-09-04,AST-033,12.13,Corrective,Planned,India,Integrated Gas,14778.0,1047276.5
2025-09-04,AST-034,6.29,Inspection,Planned,Middle East,Upstream,6979.0,411448.0
2025-09-04,AST-036,4.6,Inspection,Planned,India,Integrated Gas,8043.5,619474.0
2025-09-05,AST-001,6.51,Preventive,Planned,India,Upstream,7338.0,545420.0
2025-09-05,AST-005,5.1,Preventive,Planned,China,Integrated Gas,23486.0,1748740.0
2025-09-05,AST-006,5.34,Preventive,Planned,Africa,Integrated Gas,21987.0,1762326.0
2025-09-05,AST-008,2.78,Inspection,Unplanned,North America,Upstream,16363.0,1072058.0
2025-09-05,AST-011,1.26,Inspection,Planned,Middle East,Upstream,1707.0,107004.0
2025-09-05,AST-013,4.25,Preventive,Planned,North America,Upstream,14290.0,1044015.0
2025-09-05,AST-016,7.19,Preventive,Planned,North America,Upstream,13512.0,861605.0
2025-09-05,AST-017,2.27,Inspection,Planned,Middle East,Chemicals & Products,5700.5,449772.0
2025-09-05,AST-019,15.79,Turnaround,Unplanned,Africa,Upstream,57891.0,3589514.0
2025-09-05,AST-021,7.09,Preventive,Unplanned,Middle East,Chemicals & Products,30222.0,2226551.0
2025-09-05,AST-022,6.79,Inspection,Planned,China,Upstream,9162.0,602706.5
2025-09-05,AST-023,4.22,Corrective,Planned,Europe,Upstream,4967.0,347781.0
2025-09-05,AST-024,0.54,Inspection,Planned,Africa,Integrated Gas,874.0,56875.0
2025-09-05,AST-028,3.75,Corrective,Planned,North America,Integrated Gas,7931.0,443522.0
2025-09-05,AST-030,6.88,Preventive,Planned,China,Integrated Gas,36803.0,2966064.0
2025-09-05,AST-037,2.08,Preventive,Planned,Africa,Upstream,4156.0,280768.0
2025-09-05,AST-039,0.57,Preventive,Planned,Europe,Integrated Gas,2464.0,186967.0
2025-09-05,AST-047,8.51,Inspection,Planned,China,Upstream,36242.0,2940160.0
2025-09-05,AST-049,0.94,Inspection,Planned,North America,Upstream,3141.0,223117.0
2025-09-06,AST-001,7.0,Preventive,Unplanned,India,Upstream,17486.0,1411079.0
2025-09-06,AST-002,6.6,Preventive,Unplanned,North America,Upstream,17891.0,1338718.0
2025-09-06,AST-006,2.43,Corrective,Planned,Africa,Integrated Gas,10135.0,642716.0
2025-09-06,AST-011,1.8,Inspection,Planned,Middle East,Upstream,2215.0,134956.0
2025-09-06,AST-012,7.07,Preventive,Planned,Africa,Upstream,35804.0,2808191.0
2025-09-06,AST-015,0.63,Corrective,Planned,North America,Integrated Gas,2148.0,129588.0
2025-09-06,AST-017,3.25,Corrective,Planned,Middle East,Chemicals & Products,7557.0,512470.5
2025-09-06,AST-026,3.65,Preventive,Planned,Middle East,Upstream,24326.0,1869538.0
2025-09-06,AST-028,4.67,Preventive,Unplanned,North America,Integrated Gas,12549.0,845892.0
2025-09-06,AST-032,3.76,Corrective,Planned,Europe,Upstream,13863.0,1006385.0
2025-09-06,AST-034,5.06,Inspection,Unplanned,Middle East,Upstream,6359.0,488815.0
2025-09-06,AST-038,6.77,Corrective,Unplanned,North America,Integrated Gas,16542.0,1046847.0
2025-09-06,AST-040,3.65,Corrective,Planned,Middle East,Integrated Gas,6382.0,427260.0
2025-09-06,AST-045,5.71,Preventive,Planned,India,Upstream,12751.5,942155.0
2025-09-06,AST-047,3.63,Preventive,Planned,China,Upstream,15034.0,1003929.0
2025-09-07,AST-002,1.52,Preventive,Planned,North America,Upstream,4165.0,287366.0
2025-09-07,AST-006,14.01,Preventive,Planned,Africa,Integrated Gas,28519.5,1793438.0
2025-09-07,AST-017,1.94,Corrective,Planned,Middle East,Chemicals & Products,8170.0,541741.0
2025-09-07,AST-020,6.65,Corrective,Planned,China,Chemicals & Products,18568.0,1586661.0
2025-09-07,AST-025,4.82,Inspection,Unplanned,North America,Upstream,34412.0,2142217.0
2025-09-07,AST-026,25.59,Corrective,Unplanned,Middle East,Upstream,149219.0,11880215.0
2025-09-07,AST-027,1.8,Preventive,Planned,China,Upstream,9293.0,630580.0
2025-09-07,AST-029,5.55,Corrective,Planned,Middle East,Integrated Gas,30197.0,1905050.0
2025-09-07,AST-034,2.38,Corrective,Planned,Middle East,Upstream,3366.0,224855.0
2025-09-07,AST-037,11.42,Preventive,Planned,Africa,Upstream,25965.0,2013682.0
2025-09-07,AST-038,2.12,Corrective,Planned,North America,Integrated Gas,4343.0,336932.0
2025-09-07,AST-041,19.75,Turnaround,Unplanned,India,Integrated Gas,117529.0,9283204.0
2025-09-07,AST-043,11.8,Preventive,Planned,North America,Upstream,60999.0,3952227.0
2025-09-07,AST-045,2.1,Inspection,Planned,India,Upstream,8903.0,599932.0
2025-09-07,AST-047,9.85,Corrective,Planned,China,Upstream,19989.5,1337654.5
2025-09-07,AST-048,3.03,Turnaround,Planned,Africa,Chemicals & Products,4097.0,281754.0
2025-09-07,AST-050,7.87,Inspection,Planned,North America,Upstream,8772.0,637043.0
2025-09-08,AST-001,3.5,Inspection,Planned,India,Upstream,8941.0,568663.0
2025-09-08,AST-002,8.43,Corrective,Planned,North America,Upstream,23252.0,1439795.0
2025-09-08,AST-009,1.7,Preventive,Planned,Europe,Upstream,3253.0,238086.0
2025-09-08,AST-019,13.24,Inspection,Planned,Africa,Upstream,18656.0,1486032.0
2025-09-08,AST-020,23.3,Corrective,Planned,China,Chemicals & Products,28213.0,1741107.5
2025-09-08,AST-021,2.64,Preventive,Planned,Middle East,Chemicals & Products,10343.0,606146.0
2025-09-08,AST-024,10.32,Corrective,Planned,Africa,Integrated Gas,7149.0,513768.0
2025-09-08,AST-025,5.15,Inspection,Planned,North America,Upstream,33156.0,2343780.0
2025-09-08,AST-027,20.01,Preventive,Unplanned,China,Upstream,111178.0,7281877.0
2025-09-08,AST-031,7.24,Turnaround,Planned,China,Integrated Gas,41052.0,2722549.0
2025-09-08,AST-037,7.84,Corrective,Unplanned,Africa,Upstream,16545.0,1069971.0
2025-09-08,AST-038,2.4,Preventive,Planned,North America,Integrated Gas,6149.0,405701.0
2025-09-08,AST-045,1.02,Preventive,Planned,India,Upstream,4386.0,341344.0
2025-09-08,AST-049,1.56,Inspection,Planned,North America,Upstream,4533.0,313114.0
2025-09-09,AST-003,0.3,Preventive,Planned,Middle East,Upstream,1333.0,101926.0
2025-09-09,AST-004,6.83,Corrective,Planned,China,Upstream,25566.0,1922884.0
2025-09-09,AST-007,12.99,Preventive,Planned,India,Chemicals & Products,14401.33,985225.67
2025-09-09,AST-010,11.36,Corrective,Unplanned,India,Upstream,10971.0,810952.0
2025-09-09,AST-013,15.1,Corrective,Planned,North America,Upstream,18976.67,1385810.33
2025-09-09,AST-018,1.78,Inspection,Planned,India,Integrated Gas,5816.0,388803.0
2025-09-09,AST-025,2.24,Inspection,Planned,North America,Upstream,14971.0,1105006.0
2025-09-09,AST-026,18.11,Inspection,Planned,Middle East,Upstream,52825.5,3830814.5
2025-09-09,AST-027,2.98,Inspection,Planned,China,Upstream,15398.0,1012680.0
2025-09-09,AST-029,11.2,Corrective,Planned,Middle East,Integrated Gas,59893.0,4700774.0
2025-09-09,AST-037,7.98,Corrective,Planned,Africa,Upstream,7627.5,535318.0
2025-09-09,AST-042,6.96,Turnaround,Unplanned,North America,Integrated Gas,37267.0,2832466.0
2025-09-09,AST-043,4.82,Preventive,Planned,North America,Upstream,21677.0,1516601.0
2025-09-09,AST-045,20.88,Corrective,Unplanned,India,Upstream,97213.0,6047154.0
2025-09-09,AST-047,2.86,Inspection,Planned,China,Upstream,7339.0,481099.0
2025-09-09,AST-048,4.44,Preventive,Planned,Africa,Chemicals & Products,6051.0,437896.0
2025-09-10,AST-005,17.22,Corrective,Unplanned,China,Integrated Gas,114672.0,7368724.0
2025-09-10,AST-010,14.89,Turnaround,Planned,India,Upstream,5232.33,333684.0
2025-09-10,AST-012,6.77,Corrective,Unplanned,Africa,Upstream,39442.0,2504870.0
2025-09-10,AST-015,3.03,Preventive,Planned,North America,Integrated Gas,10704.0,730022.0
2025-09-10,AST-016,2.87,Corrective,Planned,North America,Upstream,2708.0,217095.0
2025-09-10,AST-018,8.27,Preventive,Planned,India,Integrated Gas,15424.5,1161598.0
2025-09-10,AST-027,1.82,Corrective,Planned,China,Upstream,7587.0,473684.0
2025-09-10,AST-028,7.6,Turnaround,Planned,North America,Integrated Gas,19989.0,1534775.0
2025-09-10,AST-036,7.63,Preventive,Planned,India,Integrated Gas,14238.0,1001428.0
2025-09-10,AST-037,1.71,Preventive,Planned,Africa,Upstream,3130.0,195741.0
2025-09-10,AST-038,7.79,Preventive,Unplanned,North America,Integrated Gas,18210.0,1229752.0
2025-09-10,AST-039,1.26,Corrective,Planned,Europe,Integrated Gas,6106.0,363839.0
2025-09-10,AST-042,0.46,Preventive,Planned,North America,Integrated Gas,2362.0,184931.0
2025-09-10,AST-044,10.97,Corrective,Planned,China,Upstream,15124.5,1058863.5
2025-09-10,AST-046,2.41,Preventive,Planned,Africa,Upstream,11260.0,801354.0
2025-09-10,AST-050,8.1,Preventive,Planned,North America,Upstream,9561.0,631181.0
2025-09-11,AST-005,4.84,Preventive,Unplanned,China,Integrated Gas,25344.0,1650286.0
2025-09-11,AST-006,2.13,Preventive,Planned,Africa,Integrated Gas,8563.0,568745.0
2025-09-11,AST-007,17.71,Preventive,Unplanned,India,Chemicals & Products,46642.0,2910967.0
2025-09-11,AST-008,6.12,Corrective,Planned,North America,Upstream,31465.0,2448290.0
2025-09-11,AST-014,10.19,Preventive,Planned,North America,Upstream,18479.0,1181706.0
2025-09-11,AST-022,1.7,Preventive,Planned,China,Upstream,5174.0,382401.0
2025-09-11,AST-026,8.04,Preventive,Unplanned,Middle East,Upstream,49309.0,3044497.0
2025-09-11,AST-031,9.34,Preventive,Planned,China,Integrated Gas,48851.0,3259662.0
2025-09-11,AST-032,19.76,Preventive,Unplanned,Europe,Upstream,58425.0,4002405.0
2025-09-11,AST-037,19.59,Corrective,Planned,Africa,Upstream,19606.0,1384064.5
2025-09-11,AST-043,15.84,Inspection,Unplanned,North America,Upstream,90247.0,7865336.0
2025-09-11,AST-048,2.68,Preventive,Planned,Africa,Chemicals & Products,3663.0,296058.0
2025-09-12,AST-004,1.7,Preventive,Planned,China,Upstream,5487.0,421493.0
2025-09-12,AST-007,12.32,Preventive,Planned,India,Chemicals & Products,37804.0,2837984.0
2025-09-12,AST-011,2.51,Preventive,Planned,Middle East,Upstream,3529.0,249968.0
2025-09-12,AST-014,8.32,Turnaround,Unplanned,North America,Upstream,13205.0,810357.0
2025-09-12,AST-015,0.99,Preventive,Planned,North America,Integrated Gas,3352.0,271766.0
2025-09-12,AST-016,15.08,Preventive,Unplanned,North America,Upstream,32801.0,2065500.0
2025-09-12,AST-018,4.04,Preventive,Planned,India,Integrated Gas,15501.0,891830.0
2025-09-12,AST-019,2.27,Inspection,Planned,Africa,Upstream,5784.0,447176.0
2025-09-12,AST-020,15.27,Inspection,Unplanned,China,Chemicals & Products,41792.0,3248817.0
2025-09-12,AST-025,3.53,Corrective,Planned,North America,Upstream,26381.0,2086787.0
2025-09-12,AST-034,6.73,Inspection,Unplanned,Middle East,Upstream,9517.0,607219.0
2025-09-12,AST-043,3.21,Corrective,Planned,North America,Upstream,16770.0,1263918.0
2025-09-12,AST-050,5.6,Preventive,Planned,North America,Upstream,5249.0,340645.0
2025-09-13,AST-001,2.95,Preventive,Planned,India,Upstream,7614.0,565518.0
2025-09-13,AST-003,2.36,Inspection,Planned,Middle East,Upstream,10787.0,727899.0
2025-09-13,AST-006,3.98,Corrective,Planned,Africa,Integrated Gas,15209.0,943952.0
2025-09-13,AST-008,2.54,Corrective,Planned,North America,Upstream,12283.0,935866.0
2025-09-13,AST-011,7.17,Corrective,Planned,Middle East,Upstream,5677.5,389485.5
2025-09-13,AST-012,5.66,Preventive,Planned,Africa,Upstream,30799.0,2264546.0
2025-09-13,AST-016,3.51,Corrective,Planned,North America,Upstream,5558.0,392387.0
2025-09-13,AST-022,4.1,Corrective,Planned,China,Upstream,6428.5,447933.5
2025-09-13,AST-025,0.82,Inspection,Planned,North America,Upstream,5557.0,386079.0
2025-09-13,AST-028,10.19,Corrective,Unplanned,North America,Integrated Gas,25027.0,1681946.0
2025-09-13,AST-034,1.11,Preventive,Planned,Middle East,Upstream,1349.0,87016.0
2025-09-13,AST-039,1.33,Corrective,Planned,Europe,Integrated Gas,4713.0,344143.0
2025-09-13,AST-044,0.9,Preventive,Planned,China,Upstream,2784.0,178893.0
2025-09-14,AST-003,0.41,Preventive,Planned,Middle East,Upstream,1751.0,119699.0
2025-09-14,AST-007,8.83,Preventive,Planned,India,Chemicals & Products,15012.0,1016154.5
2025-09-14,AST-016,0.93,Preventive,Planned,North America,Upstream,1472.0,97378.0
2025-09-14,AST-020,7.83,Corrective,Planned,China,Chemicals & Products,18617.0,1273641.0
2025-09-14,AST-022,13.8,Preventive,Unplanned,China,Upstream,39676.0,3023959.0
2025-09-14,AST-030,2.41,Preventive,Planned,China,Integrated Gas,13192.0,831835.0
2025-09-14,AST-031,1.57,Corrective,Unplanned,China,Integrated Gas,9203.0,663746.0
2025-09-14,AST-034,10.63,Preventive,Planned,Middle East,Upstream,7300.0,517651.0
2025-09-14,AST-035,2.46,Preventive,Planned,Africa,Upstream,13845.0,919092.0
2025-09-14,AST-038,2.32,Turnaround,Planned,North America,Integrated Gas,5956.0,493809.0
2025-09-14,AST-041,8.36,Corrective,Unplanned,India,Integrated Gas,40314.0,3264791.0
2025-09-14,AST-043,3.69,Corrective,Unplanned,North America,Upstream,15467.0,989286.0
2025-09-14,AST-048,12.16,Preventive,Planned,Africa,Chemicals & Products,8256.0,546091.0
2025-09-14,AST-049,6.77,Inspection,Planned,North America,Upstream,11074.0,871638.5
2025-09-15,AST-003,11.84,Corrective,Unplanned,Middle East,Upstream,47836.0,3185282.0
2025-09-15,AST-004,25.71,Corrective,Planned,China,Upstream,53327.5,4456241.5
2025-09-15,AST-005,5.61,Corrective,Planned,China,Integrated Gas,26590.0,1717874.0
2025-09-15,AST-007,3.6,Corrective,Planned,India,Chemicals & Products,10882.0,700709.0
2025-09-15,AST-010,1.88,Preventive,Planned,India,Upstream,1535.0,111297.0
2025-09-15,AST-012,1.44,Inspection,Planned,Africa,Upstream,6261.0,452924.0
2025-09-15,AST-016,18.84,Corrective,Planned,North America,Upstream,29400.0,2004785.0
2025-09-15,AST-018,2.48,Preventive,Planned,India,Integrated Gas,8039.0,495774.0
2025-09-15,AST-025,1.27,Inspection,Planned,North America,Upstream,8580.0,540758.0
2025-09-15,AST-026,10.55,Corrective,Planned,Middle East,Upstream,31085.5,2174599.0
2025-09-15,AST-031,5.71,Preventive,Planned,China,Integrated Gas,27027.0,1890068.0
2025-09-15,AST-033,6.36,Preventive,Planned,India,Integrated Gas,15786.0,1222013.0
2025-09-15,AST-037,11.32,Corrective,Planned,Africa,Upstream,12464.5,815758.5
2025-09-15,AST-039,17.48,Preventive,Planned,Europe,Integrated Gas,30249.5,2062829.5
2025-09-15,AST-047,1.66,Preventive,Planned,China,Upstream,8308.0,546265.0
2025-09-15,AST-049,5.12,Corrective,Planned,North America,Upstream,14152.0,1002872.0
2025-09-16,AST-001,26.86,Preventive,Unplanned,India,Upstream,59617.0,3793942.0
2025-09-16,AST-002,9.17,Corrective,Planned,North America,Upstream,11405.5,768450.0
2025-09-16,AST-007,1.11,Preventive,Planned,India,Chemicals & Products,2762.0,217960.0
2025-09-16,AST-008,3.89,Preventive,Planned,North America,Upstream,21325.0,1428058.0
2025-09-16,AST-015,3.02,Preventive,Planned,North America,Integrated Gas,5316.0,403543.5
2025-09-16,AST-018,11.94,Corrective,Planned,India,Integrated Gas,17931.5,1061287.0
2025-09-16,AST-022,20.92,Preventive,Unplanned,China,Upstream,61572.0,4457076.0
2025-09-16,AST-025,1.6,Corrective,Planned,North America,Upstream,9078.0,710922.0
2025-09-16,AST-028,11.3,Inspection,Planned,North America,Integrated Gas,13629.5,1109291.5
2025-09-16,AST-032,5.28,Corrective,Planned,Europe,Upstream,15262.0,1162532.0
2025-09-16,AST-040,6.43,Preventive,Planned,Middle East,Integrated Gas,5205.0,389078.5
2025-09-16,AST-043,4.37,Preventive,Planned,North America,Upstream,20405.0,1465090.0
2025-09-16,AST-050,3.89,Preventive,Planned,North America,Upstream,5002.0,367596.0
2025-09-17,AST-004,1.58,Preventive,Planned,China,Upstream,6427.0,455372.0
2025-09-17,AST-007,13.02,Corrective,Planned,India,Chemicals & Products,19839.5,1431939.5
2025-09-17,AST-009,12.1,Inspection,Planned,Europe,Upstream,11835.0,942985.5
2025-09-17,AST-011,3.9,Corrective,Planned,Middle East,Upstream,5303.0,416281.0
2025-09-17,AST-013,7.36,Turnaround,Planned,North America,Upstream,21134.0,1237091.0
2025-09-17,AST-016,3.17,Preventive,Planned,North America,Upstream,4541.0,271511.0
2025-09-17,AST-017,2.29,Preventive,Planned,Middle East,Chemicals & Products,11416.0,938001.0
2025-09-17,AST-019,1.61,Preventive,Planned,Africa,Upstream,5067.0,358707.0
2025-09-17,AST-021,4.02,Preventive,Planned,Middle East,Chemicals & Products,16659.0,1222245.0
2025-09-17,AST-022,3.99,Inspection,Planned,China,Upstream,10783.0,757369.0
2025-09-17,AST-026,1.37,Corrective,Planned,Middle East,Upstream,8714.0,540486.0
2025-09-17,AST-027,15.51,Corrective,Planned,China,Upstream,38140.5,2804277.0
2025-09-17,AST-029,3.0,Preventive,Planned,Middle East,Integrated Gas,18163.0,1303520.0
2025-09-17,AST-030,3.25,Inspection,Planned,China,Integrated Gas,14782.0,857611.0
2025-09-17,AST-032,6.28,Preventive,Planned,Europe,Upstream,10583.5,677743.5
2025-09-17,AST-038,2.24,Preventive,Planned,North America,Integrated Gas,5636.0,364364.0
2025-09-17,AST-048,10.89,Preventive,Unplanned,Africa,Chemicals & Products,16107.0,1030115.0
2025-09-17,AST-050,4.11,Corrective,Planned,North America,Upstream,4933.0,309529.0
2025-09-18,AST-015,2.69,Corrective,Planned,North America,Integrated Gas,5492.5,397600.0
2025-09-18,AST-017,4.28,Corrective,Planned,Middle East,Chemicals & Products,19478.0,1292586.0
2025-09-18,AST-022,5.79,Preventive,Planned,China,Upstream,17774.0,1215754.0
2025-09-18,AST-031,6.42,Preventive,Planned,China,Integrated Gas,27234.0,1804972.0
2025-09-18,AST-035,2.89,Preventive,Planned,Africa,Upstream,17469.0,1299825.0
2025-09-18,AST-037,5.02,Preventive,Planned,Africa,Upstream,8704.0,594941.0
2025-09-18,AST-039,1.7,Inspection,Planned,Europe,Integrated Gas,7206.0,529253.0
2025-09-18,AST-043,8.41,Turnaround,Planned,North America,Upstream,37374.0,2447808.0
2025-09-18,AST-047,7.28,Preventive,Planned,China,Upstream,14824.0,1035067.5
2025-09-18,AST-050,23.23,Turnaround,Unplanned,North America,Upstream,24156.0,1665032.0
2025-09-19,AST-013,1.57,Turnaround,Planned,North America,Upstream,5033.0,402539.0
2025-09-19,AST-021,1.53,Preventive,Planned,Middle East,Chemicals & Products,6574.0,420515.0
2025-09-19,AST-028,3.67,Corrective,Planned,North America,Integrated Gas,9747.0,713481.0
2025-09-19,AST-030,4.04,Preventive,Planned,China,Integrated Gas,18876.0,1234257.0
2025-09-19,AST-039,11.12,Preventive,Planned,Europe,Integrated Gas,24131.0,1807414.5
2025-09-19,AST-040,4.19,Inspection,Planned,Middle East,Integrated Gas,8501.0,619955.0
2025-09-19,AST-042,8.19,Corrective,Planned,North America,Integrated Gas,40405.0,3321510.0
2025-09-19,AST-043,1.01,Preventive,Planned,North America,Upstream,5486.0,440628.0
2025-09-19,AST-044,1.22,Turnaround,Planned,China,Upstream,3982.0,245891.0
2025-09-19,AST-046,10.06,Preventive,Unplanned,Africa,Upstream,44908.0,3061296.0
2025-09-19,AST-047,4.81,Corrective,Planned,China,Upstream,20153.0,1602312.0
2025-09-20,AST-001,1.74,Preventive,Planned,India,Upstream,3849.0,251114.0
2025-09-20,AST-010,2.19,Turnaround,Planned,India,Upstream,2177.0,162408.0
2025-09-20,AST-014,3.51,Corrective,Planned,North America,Upstream,3116.0,257116.5
2025-09-20,AST-020,5.55,Preventive,Planned,China,Chemicals & Products,15601.0,1203280.0
2025-09-20,AST-023,13.66,Corrective,Unplanned,Europe,Upstream,16252.0,1267167.0
2025-09-20,AST-031,2.03,Inspection,Planned,China,Integrated Gas,9565.0,747527.0
2025-09-20,AST-033,2.1,Corrective,Planned,India,Integrated Gas,5320.0,331955.0
2025-09-20,AST-034,0.72,Inspection,Planned,Middle East,Upstream,1068.0,67039.0
2025-09-20,AST-045,15.89,Corrective,Unplanned,India,Upstream,73243.0,5024184.0
2025-09-20,AST-048,1.51,Preventive,Planned,Africa,Chemicals & Products,1911.0,147246.0
2025-09-20,AST-050,4.23,Inspection,Planned,North America,Upstream,4986.0,352440.0
2025-09-21,AST-001,2.81,Turnaround,Planned,India,Upstream,8180.0,567552.0
2025-09-21,AST-006,7.67,Corrective,Planned,Africa,Integrated Gas,15162.5,953221.0
2025-09-21,AST-007,9.76,Preventive,Unplanned,India,Chemicals & Products,39081.0,2563054.0
2025-09-21,AST-009,3.83,Preventive,Planned,Europe,Upstream,9040.0,652601.0
2025-09-21,AST-012,10.49,Preventive,Planned,Africa,Upstream,49271.0,3314750.0
2025-09-21,AST-017,3.76,Preventive,Planned,Middle East,Chemicals & Products,16330.0,1264247.0
2025-09-21,AST-019,4.3,Preventive,Planned,Africa,Upstream,10878.0,692619.0
2025-09-21,AST-023,4.33,Preventive,Planned,Europe,Upstream,6502.0,495907.0
2025-09-21,AST-026,8.39,Corrective,Unplanned,Middle East,Upstream,39276.0,2731266.0
2025-09-21,AST-028,9.83,Corrective,Planned,North America,Integrated Gas,24736.0,1675044.0
2025-09-21,AST-030,2.14,Corrective,Planned,China,Integrated Gas,10322.0,768311.0
2025-09-21,AST-033,1.58,Preventive,Planned,India,Integrated Gas,3837.0,269594.0
2025-09-21,AST-043,3.34,Inspection,Planned,North America,Upstream,13185.0,835134.0
2025-09-21,AST-044,12.62,Preventive,Unplanned,China,Upstream,41235.0,2651594.0
2025-09-21,AST-050,8.15,Corrective,Planned,North America,Upstream,11232.0,759900.0
2025-09-22,AST-003,6.15,Preventive,Planned,Middle East,Upstream,31593.0,2178163.0
2025-09-22,AST-004,7.06,Corrective,Unplanned,China,Upstream,23200.0,1926825.0
2025-09-22,AST-005,2.17,Corrective,Planned,China,Integrated Gas,11980.0,871772.0
2025-09-22,AST-008,2.91,Inspection,Planned,North America,Upstream,16999.0,1163850.0
2025-09-22,AST-014,6.42,Corrective,Planned,North America,Upstream,12393.0,845630.0
2025-09-22,AST-022,16.1,Preventive,Unplanned,China,Upstream,50608.0,3646797.0
2025-09-22,AST-024,12.32,Turnaround,Unplanned,Africa,Integrated Gas,22693.0,1780206.0
2025-09-22,AST-027,5.24,Preventive,Planned,China,Upstream,24654.0,1595495.0
2025-09-22,AST-028,0.75,Turnaround,Planned,North America,Integrated Gas,2104.0,147570.0
2025-09-22,AST-032,4.34,Preventive,Planned,Europe,Upstream,14583.0,1156195.0
2025-09-22,AST-033,11.12,Corrective,Planned,India,Integrated Gas,13276.0,875382.0
2025-09-22,AST-036,11.26,Corrective,Planned,India,Integrated Gas,19923.0,1352473.5
2025-09-22,AST-037,7.79,Corrective,Planned,Africa,Upstream,4545.33,350123.33
2025-09-22,AST-044,1.41,Corrective,Planned,China,Upstream,4226.0,321507.0
2025-09-22,AST-046,1.73,Preventive,Planned,Africa,Upstream,7729.0,632279.0
2025-09-22,AST-049,10.12,Inspection,Planned,North America,Upstream,16624.5,1084595.0
2025-09-23,AST-003,2.83,Corrective,Planned,Middle East,Upstream,14187.0,936504.0
2025-09-23,AST-008,10.8,Preventive,Planned,North America,Upstream,62310.0,3862124.0
2025-09-23,AST-011,2.59,Corrective,Planned,Middle East,Upstream,1659.5,123191.0
2025-09-23,AST-012,5.89,Corrective,Planned,Africa,Upstream,32416.0,2586153.0
2025-09-23,AST-014,6.42,Inspection,Planned,North America,Upstream,9867.0,658283.0
2025-09-23,AST-022,14.92,Inspection,Planned,China,Upstream,35630.0,2469021.0
2025-09-23,AST-024,3.11,Corrective,Planned,Africa,Integrated Gas,4952.0,384298.0
2025-09-23,AST-028,12.16,Preventive,Unplanned,North America,Integrated Gas,25433.0,1940213.0
2025-09-23,AST-042,2.46,Inspection,Planned,North America,Integrated Gas,12946.0,896653.0
2025-09-23,AST-046,31.57,Corrective,Unplanned,Africa,Upstream,132205.0,8023300.0
2025-09-24,AST-003,2.93,Inspection,Planned,Middle East,Upstream,11658.0,850923.0
2025-09-24,AST-008,1.38,Preventive,Planned,North America,Upstream,8618.0,584394.0
2025-09-24,AST-009,0.32,Inspection,Planned,Europe,Upstream,526.0,36491.0
2025-09-24,AST-012,7.89,Preventive,Planned,Africa,Upstream,14259.33,1000921.0
2025-09-24,AST-013,1.5,Preventive,Planned,North America,Upstream,4881.0,327374.0
2025-09-24,AST-017,11.22,Inspection,Planned,Middle East,Chemicals & Products,25631.5,1661836.5
2025-09-24,AST-026,1.34,Turnaround,Planned,Middle East,Upstream,8124.0,594670.0
2025-09-24,AST-029,1.91,Preventive,Planned,Middle East,Integrated Gas,13457.0,910636.0
2025-09-24,AST-031,2.23,Corrective,Planned,China,Integrated Gas,10706.0,831079.0
2025-09-24,AST-035,10.82,Corrective,Planned,Africa,Upstream,34419.0,2192959.0
2025-09-24,AST-037,0.83,Preventive,Planned,Africa,Upstream,1677.0,110295.0
2025-09-24,AST-040,6.85,Inspection,Unplanned,Middle East,Integrated Gas,15219.0,1043492.0
2025-09-24,AST-041,7.66,Preventive,Unplanned,India,Integrated Gas,47460.0,3332175.0
2025-09-24,AST-046,6.61,Preventive,Planned,Africa,Upstream,28680.0,1751972.0
2025-09-24,AST-047,1.21,Corrective,Unplanned,China,Upstream,4416.0,301112.0
2025-09-24,AST-049,20.95,Preventive,Planned,North America,Upstream,39812.5,3017229.5
2025-09-24,AST-050,1.21,Preventive,Planned,North America,Upstream,1394.0,101537.0
2025-09-25,AST-003,2.68,Turnaround,Planned,Middle East,Upstream,10621.0,808309.0
2025-09-25,AST-004,4.62,Corrective,Planned,China,Upstream,14605.0,1042033.0
2025-09-25,AST-005,2.3,Preventive,Planned,China,Integrated Gas,10536.0,668515.0
2025-09-25,AST-010,5.81,Preventive,Unplanned,India,Upstream,5319.0,365122.0
2025-09-25,AST-011,2.6,Turnaround,Planned,Middle East,Upstream,3102.0,223868.0
2025-09-25,AST-017,9.2,Preventive,Planned,Middle East,Chemicals & Products,52427.0,3546556.0
2025-09-25,AST-022,4.52,Corrective,Planned,China,Upstream,6936.0,492748.0
2025-09-25,AST-029,3.11,Inspection,Planned,Middle East,Integrated Gas,18705.0,1320846.0
2025-09-25,AST-038,6.09,Preventive,Planned,North America,Integrated Gas,7333.5,532701.0
2025-09-25,AST-047,0.97,Corrective,Planned,China,Upstream,4282.0,269968.0
2025-09-25,AST-049,3.51,Inspection,Planned,North America,Upstream,11191.0,776218.0
2025-09-26,AST-002,0.96,Preventive,Planned,North America,Upstream,2132.0,139785.0
2025-09-26,AST-003,7.42,Preventive,Planned,Middle East,Upstream,16347.0,1198546.0
2025-09-26,AST-004,5.03,Preventive,Planned,China,Upstream,16389.0,1003994.0
2025-09-26,AST-006,8.8,Inspection,Planned,Africa,Integrated Gas,41993.0,2970486.0
2025-09-26,AST-010,6.7,Preventive,Planned,India,Upstream,8049.0,603494.0
2025-09-26,AST-012,4.75,Preventive,Planned,Africa,Upstream,22475.0,1614658.0
2025-09-26,AST-013,11.41,Preventive,Unplanned,North America,Upstream,36763.0,2842121.0
2025-09-26,AST-018,4.23,Corrective,Planned,India,Integrated Gas,11849.0,726460.0
2025-09-26,AST-019,1.66,Preventive,Planned,Africa,Upstream,5535.0,426623.0
2025-09-26,AST-022,3.43,Preventive,Planned,China,Upstream,10921.0,727842.0
2025-09-26,AST-024,13.95,Preventive,Planned,Africa,Integrated Gas,24536.0,1664408.0
2025-09-26,AST-025,3.81,Inspection,Unplanned,North America,Upstream,22197.0,1738030.0
2025-09-26,AST-029,1.78,Turnaround,Planned,Middle East,Integrated Gas,11850.0,799644.0
2025-09-26,AST-034,5.8,Preventive,Planned,Middle East,Upstream,7983.0,598665.0
2025-09-26,AST-037,9.95,Preventive,Unplanned,Africa,Upstream,19752.0,1707489.0
2025-09-26,AST-038,2.65,Corrective,Planned,North America,Integrated Gas,6382.0,472905.0
2025-09-26,AST-040,4.21,Preventive,Planned,Middle East,Integrated Gas,3475.5,240600.5
2025-09-26,AST-042,2.31,Inspection,Planned,North America,Integrated Gas,11474.0,825056.0
2025-09-26,AST-043,2.92,Preventive,Planned,North America,Upstream,15361.0,1011851.0
2025-09-26,AST-044,4.98,Corrective,Planned,China,Upstream,17121.0,1270808.0
2025-09-26,AST-045,6.39,Preventive,Unplanned,India,Upstream,28006.0,1801029.0
2025-09-26,AST-047,6.1,Turnaround,Unplanned,China,Upstream,29002.0,2181609.0
2025-09-26,AST-049,2.25,Inspection,Planned,North America,Upstream,6438.0,492240.0
2025-09-27,AST-005,1.78,Corrective,Planned,China,Integrated Gas,8817.0,665763.0
2025-09-27,AST-008,5.12,Inspection,Unplanned,North America,Upstream,28803.0,2091177.0
2025-09-27,AST-011,2.46,Corrective,Planned,Middle East,Upstream,3201.0,213264.0
2025-09-27,AST-014,1.55,Preventive,Planned,North America,Upstream,2891.0,187339.0
2025-09-27,AST-022,4.15,Inspection,Planned,China,Upstream,6047.5,430461.5
2025-09-27,AST-027,2.93,Corrective,Planned,China,Upstream,15520.0,1203594.0
2025-09-27,AST-029,3.82,Preventive,Planned,Middle East,Integrated Gas,23780.0,1731139.0
2025-09-27,AST-034,4.26,Preventive,Planned,Middle East,Upstream,5276.0,346808.0
2025-09-27,AST-036,7.97,Preventive,Planned,India,Integrated Gas,26019.0,2081922.0
2025-09-27,AST-038,6.56,Corrective,Planned,North America,Integrated Gas,14405.0,1053982.0
2025-09-27,AST-041,1.86,Preventive,Planned,India,Integrated Gas,10363.0,794671.0
2025-09-27,AST-044,2.45,Preventive,Planned,China,Upstream,8682.0,595671.0
2025-09-27,AST-048,14.93,Preventive,Planned,Africa,Chemicals & Products,8948.5,573865.5
2025-09-28,AST-001,5.25,Turnaround,Unplanned,India,Upstream,12003.0,945628.0
2025-09-28,AST-004,1.46,Corrective,Planned,China,Upstream,6109.0,403333.0
2025-09-28,AST-006,3.17,Preventive,Planned,Africa,Integrated Gas,16709.0,1140335.0
2025-09-28,AST-008,2.01,Corrective,Planned,North America,Upstream,10243.0,720699.0
2025-09-28,AST-010,1.27,Turnaround,Planned,India,Upstream,1417.0,100242.0
2025-09-28,AST-013,1.33,Inspection,Planned,North America,Upstream,5115.0,337115.0
2025-09-28,AST-017,6.92,Preventive,Planned,Middle East,Chemicals & Products,36371.0,2290444.0
2025-09-28,AST-023,2.92,Corrective,Planned,Europe,Upstream,4253.0,311517.0
2025-09-28,AST-024,8.8,Preventive,Planned,Africa,Integrated Gas,5622.0,389888.5
2025-09-28,AST-025,4.63,Preventive,Planned,North America,Upstream,14550.0,1081848.0
2025-09-28,AST-029,1.74,Preventive,Planned,Middle East,Integrated Gas,11065.0,840839.0
2025-09-28,AST-043,26.54,Inspection,Planned,North America,Upstream,56264.0,3945893.5
2025-09-28,AST-045,16.12,Corrective,Unplanned,India,Upstream,71596.0,4552330.0
2025-09-29,AST-002,11.08,Preventive,Unplanned,North America,Upstream,24523.0,1550257.0
2025-09-29,AST-008,4.56,Turnaround,Planned,North America,Upstream,23929.0,1785362.0
2025-09-29,AST-009,7.26,Preventive,Unplanned,Europe,Upstream,14749.0,1230123.0
2025-09-29,AST-013,7.94,Preventive,Planned,North America,Upstream,12936.0,838714.0
2025-09-29,AST-015,1.31,Corrective,Planned,North America,Integrated Gas,4771.0,404464.0
2025-09-29,AST-017,9.22,Corrective,Planned,Middle East,Chemicals & Products,51619.0,3623237.0
2025-09-29,AST-018,4.14,Inspection,Planned,India,Integrated Gas,13439.0,1053149.0
2025-09-29,AST-026,10.01,Corrective,Planned,Middle East,Upstream,62133.0,4156471.0
2025-09-29,AST-027,1.14,Corrective,Unplanned,China,Upstream,5643.0,349717.0
2025-09-29,AST-031,2.52,Inspection,Planned,China,Integrated Gas,10689.0,718398.0
2025-09-29,AST-036,2.32,Preventive,Planned,India,Integrated Gas,5978.0,502411.0
2025-09-29,AST-037,4.37,Corrective,Planned,Africa,Upstream,9242.0,599154.0
2025-09-29,AST-041,4.95,Corrective,Planned,India,Integrated Gas,28415.0,2258253.0
2025-09-29,AST-047,3.52,Preventive,Planned,China,Upstream,18647.0,1399750.0
2025-09-29,AST-049,3.74,Inspection,Planned,North America,Upstream,11033.0,843880.0
2025-09-30,AST-003,2.91,Preventive,Planned,Middle East,Upstream,11894.0,735166.0
2025-09-30,AST-004,4.98,Corrective,Planned,China,Upstream,20441.0,1565992.0
2025-09-30,AST-005,2.76,Preventive,Planned,China,Integrated Gas,12672.0,970446.0
2025-09-30,AST-007,43.46,Preventive,Unplanned,India,Chemicals & Products,159893.0,11574319.0
2025-09-30,AST-016,9.58,Inspection,Planned,North America,Upstream,18138.0,1148845.0
2025-09-30,AST-019,2.64,Corrective,Planned,Africa,Upstream,6758.0,395420.0
2025-09-30,AST-020,2.82,Inspection,Unplanned,China,Chemicals & Products,6312.0,419900.0
2025-09-30,AST-021,1.82,Preventive,Planned,Middle East,Chemicals & Products,7849.0,552622.0
2025-09-30,AST-023,6.52,Preventive,Planned,Europe,Upstream,8179.0,548342.0
2025-09-30,AST-024,7.95,Preventive,Planned,Africa,Integrated Gas,12243.0,791688.0
2025-09-30,AST-027,7.12,Preventive,Planned,China,Upstream,18493.0,1358647.0
2025-09-30,AST-030,2.87,Turnaround,Planned,China,Integrated Gas,12519.0,1018687.0
2025-09-30,AST-039,7.41,Inspection,Planned,Europe,Integrated Gas,29274.0,2202871.0
2025-09-30,AST-040,7.52,Corrective,Unplanned,Middle East,Integrated Gas,13394.0,1080416.0
2025-09-30,AST-046,2.15,Corrective,Planned,Africa,Upstream,9848.0,595371.0
2025-09-30,AST-049,1.12,Inspection,Planned,North America,Upstream,3125.0,192291.0
2025-10-01,AST-003,2.46,Corrective,Planned,Middle East,Upstream,10597.0,750471.0
2025-10-01,AST-004,3.73,Turnaround,Planned,China,Upstream,13711.0,913696.0
2025-10-01,AST-005,2.04,Preventive,Planned,China,Integrated Gas,10383.0,787581.0
2025-10-01,AST-007,0.72,Inspection,Planned,India,Chemicals & Products,2056.0,128022.0
2025-10-01,AST-012,0.73,Inspection,Planned,Africa,Upstream,3351.0,214742.0
2025-10-01,AST-014,3.42,Preventive,Planned,North America,Upstream,5683.0,402128.0
2025-10-01,AST-015,8.76,Preventive,Planned,North America,Integrated Gas,28525.0,2074911.0
2025-10-01,AST-018,16.05,Corrective,Unplanned,India,Integrated Gas,44545.0,3475034.0
2025-10-01,AST-019,2.85,Preventive,Planned,Africa,Upstream,7915.0,555169.0
2025-10-01,AST-022,5.34,Corrective,Unplanned,China,Upstream,14022.0,1008655.0
2025-10-01,AST-023,3.5,Inspection,Planned,Europe,Upstream,2761.0,183948.5
2025-10-01,AST-024,12.77,Inspection,Planned,Africa,Integrated Gas,10193.0,732498.0
2025-10-01,AST-028,2.86,Corrective,Planned,North America,Integrated Gas,5719.0,410652.0
2025-10-01,AST-031,8.98,Preventive,Unplanned,China,Integrated Gas,40844.0,3152764.0
2025-10-01,AST-033,3.14,Preventive,Planned,India,Integrated Gas,8589.0,623323.0
2025-10-01,AST-035,4.52,Preventive,Planned,Africa,Upstream,25518.0,1844910.0
2025-10-01,AST-038,0.46,Corrective,Planned,North America,Integrated Gas,1162.0,72490.0
2025-10-01,AST-039,3.81,Preventive,Planned,Europe,Integrated Gas,15474.0,1072886.0
2025-10-01,AST-050,3.58,Turnaround,Planned,North America,Upstream,3843.0,241985.0
2025-10-02,AST-001,3.71,Turnaround,Planned,India,Upstream,9029.0,580908.0
2025-10-02,AST-004,3.65,Corrective,Unplanned,China,Upstream,16243.0,1278168.0
2025-10-02,AST-005,8.98,Preventive,Planned,China,Integrated Gas,48222.0,3520985.0
2025-10-02,AST-007,0.91,Preventive,Planned,India,Chemicals & Products,3162.0,220681.0
2025-10-02,AST-008,0.1,Corrective,Planned,North America,Upstream,479.0,31224.0
2025-10-02,AST-013,2.39,Corrective,Planned,North America,Upstream,4398.0,317114.5
2025-10-02,AST-020,12.22,Corrective,Planned,China,Chemicals & Products,13353.5,1013858.0
2025-10-02,AST-021,4.49,Turnaround,Planned,Middle East,Chemicals & Products,20515.0,1476209.0
2025-10-02,AST-023,2.13,Corrective,Planned,Europe,Upstream,3152.0,210813.0
2025-10-02,AST-027,2.23,Corrective,Planned,China,Upstream,13577.0,1085748.0
2025-10-02,AST-032,12.48,Corrective,Unplanned,Europe,Upstream,37945.0,2620656.0
2025-10-02,AST-045,25.07,Corrective,Unplanned,India,Upstream,105220.0,8188266.0
2025-10-02,AST-046,3.08,Corrective,Planned,Africa,Upstream,11188.0,879184.0
2025-10-02,AST-048,1.22,Turnaround,Planned,Africa,Chemicals & Products,1593.0,111981.0
2025-10-03,AST-002,4.18,Corrective,Planned,North America,Upstream,10896.0,769452.0
2025-10-03,AST-015,5.96,Preventive,Planned,North America,Integrated Gas,20673.0,1546105.0
2025-10-03,AST-017,1.51,Preventive,Planned,Middle East,Chemicals & Products,7573.0,618974.0
2025-10-03,AST-019,2.1,Preventive,Planned,Africa,Upstream,6799.0,500812.0
2025-10-03,AST-030,10.91,Corrective,Planned,China,Integrated Gas,32027.0,2430729.0
2025-10-03,AST-039,9.88,Inspection,Planned,Europe,Integrated Gas,44670.0,3413059.0
2025-10-03,AST-042,6.76,Preventive,Unplanned,North America,Integrated Gas,32026.0,2500784.0
2025-10-03,AST-043,2.52,Preventive,Planned,North America,Upstream,13433.0,985138.0
2025-10-03,AST-045,8.63,Inspection,Planned,India,Upstream,17275.5,1132498.5
2025-10-04,AST-003,7.59,Corrective,Planned,Middle East,Upstream,32443.0,2043295.0
2025-10-04,AST-004,4.06,Inspection,Planned,China,Upstream,16585.0,1269093.0
2025-10-04,AST-010,1.96,Inspection,Planned,India,Upstream,1737.0,110556.0
2025-10-04,AST-011,2.04,Preventive,Planned,Middle East,Upstream,2530.0,203200.0
2025-10-04,AST-013,4.77,Preventive,Planned,North America,Upstream,17631.0,1269386.0
2025-10-04,AST-014,2.86,Corrective,Unplanned,North America,Upstream,4790.0,335466.0
2025-10-04,AST-017,1.21,Preventive,Planned,Middle East,Chemicals & Products,5031.0,309796.0
2025-10-04,AST-024,9.96,Corrective,Planned,Africa,Integrated Gas,14957.0,1084061.0
2025-10-04,AST-027,6.45,Corrective,Unplanned,China,Upstream,34832.0,2916721.0
2025-10-04,AST-029,2.4,Turnaround,Planned,Middle East,Integrated Gas,12695.0,828605.0
2025-10-04,AST-030,8.9,Corrective,Planned,China,Integrated Gas,25791.0,1833978.0
2025-10-04,AST-035,10.41,Preventive,Unplanned,Africa,Upstream,66583.0,5167082.0
2025-10-04,AST-044,25.74,Turnaround,Unplanned,China,Upstream,78797.0,4766124.0
2025-10-04,AST-049,8.75,Inspection,Planned,North America,Upstream,31731.0,2030387.0
2025-10-05,AST-001,5.13,Preventive,Planned,India,Upstream,13131.0,795629.0
2025-10-05,AST-002,2.77,Corrective,Planned,North America,Upstream,6298.0,492397.0
2025-10-05,AST-005,18.93,Corrective,Unplanned,China,Integrated Gas,90795.0,6209026.0
2025-10-05,AST-009,3.43,Inspection,Planned,Europe,Upstream,7000.0,429726.0
2025-10-05,AST-011,15.27,Corrective,Unplanned,Middle East,Upstream,16747.0,1174097.0
2025-10-05,AST-017,1.64,Corrective,Planned,Middle East,Chemicals & Products,9241.0,659696.0
2025-10-05,AST-022,7.17,Corrective,Planned,China,Upstream,20277.0,1402970.0
2025-10-05,AST-029,1.76,Preventive,Planned,Middle East,Integrated Gas,9431.0,630181.0
2025-10-05,AST-030,3.3,Corrective,Planned,China,Integrated Gas,17819.0,1230955.0
2025-10-05,AST-032,7.3,Inspection,Planned,Europe,Upstream,20388.0,1471453.0
2025-10-05,AST-034,23.59,Corrective,Unplanned,Middle East,Upstream,41345.0,2985371.0
2025-10-05,AST-043,2.17,Inspection,Planned,North America,Upstream,9924.0,763574.0
2025-10-05,AST-046,14.41,Preventive,Unplanned,Africa,Upstream,64436.0,4867352.0
2025-10-06,AST-003,0.4,Corrective,Unplanned,Middle East,Upstream,2056.0,131474.0
2025-10-06,AST-009,4.15,Corrective,Planned,Europe,Upstream,8271.0,607733.0
2025-10-06,AST-010,6.38,Preventive,Planned,India,Upstream,7117.0,470137.0
2025-10-06,AST-012,2.31,Preventive,Planned,Africa,Upstream,13745.0,1000098.0
2025-10-06,AST-024,1.93,Corrective,Planned,Africa,Integrated Gas,2469.0,162320.0
2025-10-06,AST-026,14.13,Corrective,Planned,Middle East,Upstream,43893.5,2844697.0
2025-10-06,AST-030,1.82,Preventive,Planned,China,Integrated Gas,8757.0,520905.0
2025-10-06,AST-031,0.82,Inspection,Planned,China,Integrated Gas,3666.0,265573.0
2025-10-06,AST-032,0.37,Inspection,Planned,Europe,Upstream,1060.0,66208.0
2025-10-06,AST-034,3.11,Preventive,Planned,Middle East,Upstream,5207.0,363492.0
2025-10-06,AST-036,12.0,Preventive,Unplanned,India,Integrated Gas,51888.0,3380678.0
2025-10-06,AST-040,3.97,Preventive,Planned,Middle East,Integrated Gas,7313.0,603244.0
2025-10-06,AST-044,5.09,Preventive,Planned,China,Upstream,15900.0,1127578.0
2025-10-06,AST-047,1.16,Corrective,Planned,China,Upstream,5049.0,325934.0
2025-10-06,AST-050,6.63,Corrective,Planned,North America,Upstream,3630.5,264655.0
2025-10-07,AST-003,10.24,Corrective,Unplanned,Middle East,Upstream,45557.0,3536310.0
2025-10-07,AST-008,1.48,Preventive,Planned,North America,Upstream,7521.0,573161.0
2025-10-07,AST-017,8.79,Corrective,Planned,Middle East,Chemicals & Products,45688.0,2790398.0
2025-10-07,AST-021,0.38,Corrective,Planned,Middle East,Chemicals & Products,2186.0,170099.0
2025-10-07,AST-023,9.0,Preventive,Planned,Europe,Upstream,12635.0,851383.0
2025-10-07,AST-026,2.2,Corrective,Planned,Middle East,Upstream,11207.0,892728.0
2025-10-07,AST-031,8.72,Preventive,Planned,China,Integrated Gas,16653.0,1028560.5
2025-10-07,AST-034,3.6,Inspection,Unplanned,Middle East,Upstream,4602.0,364909.0
2025-10-07,AST-036,3.04,Corrective,Planned,India,Integrated Gas,10444.0,698107.0
2025-10-08,AST-004,35.2,Corrective,Planned,China,Upstream,42932.67,2910288.33
2025-10-08,AST-005,0.83,Preventive,Planned,China,Integrated Gas,4430.0,293932.0
2025-10-08,AST-006,3.87,Preventive,Planned,Africa,Integrated Gas,17631.0,1295725.0
2025-10-08,AST-008,10.27,Corrective,Planned,North America,Upstream,30372.0,2091860.5
2025-10-08,AST-010,2.75,Corrective,Planned,India,Upstream,1373.0,85375.5
2025-10-08,AST-012,6.11,Corrective,Planned,Africa,Upstream,32944.0,2042934.0
2025-10-08,AST-018,4.9,Inspection,Planned,India,Integrated Gas,16069.0,1128310.0
2025-10-08,AST-020,1.78,Preventive,Planned,China,Chemicals & Products,5250.0,374741.0
2025-10-08,AST-024,7.19,Corrective,Planned,Africa,Integrated Gas,11985.0,868792.0
2025-10-08,AST-025,8.32,Corrective,Unplanned,North America,Upstream,59377.0,4382702.0
2025-10-08,AST-027,2.66,Preventive,Planned,China,Upstream,13881.0,983826.0
2025-10-08,AST-028,5.7,Preventive,Planned,North America,Integrated Gas,14332.0,1062912.0
2025-10-08,AST-032,11.46,Preventive,Planned,Europe,Upstream,19434.5,1416688.0
2025-10-08,AST-038,6.28,Corrective,Planned,North America,Integrated Gas,14782.0,1042268.0
2025-10-09,AST-002,3.89,Preventive,Planned,North America,Upstream,9507.0,670319.0
2025-10-09,AST-004,5.48,Inspection,Planned,China,Upstream,10547.0,719160.5
2025-10-09,AST-005,2.76,Preventive,Planned,China,Integrated Gas,12520.0,974454.0
2025-10-09,AST-007,6.67,Turnaround,Planned,India,Chemicals & Products,19751.0,1462070.0
2025-10-09,AST-011,6.29,Preventive,Planned,Middle East,Upstream,8939.0,544525.0
2025-10-09,AST-012,7.73,Turnaround,Planned,Africa,Upstream,16956.5,1211171.0
2025-10-09,AST-018,15.88,Corrective,Planned,India,Integrated Gas,53166.0,3448675.0
2025-10-09,AST-023,18.14,Preventive,Unplanned,Europe,Upstream,22550.0,1433933.0
2025-10-09,AST-025,2.49,Preventive,Planned,North America,Upstream,14529.0,1113845.0
2025-10-09,AST-026,17.48,Preventive,Unplanned,Middle East,Upstream,115664.0,7372248.0
2025-10-09,AST-027,0.22,Preventive,Planned,China,Upstream,1204.0,84665.0
2025-10-09,AST-031,30.19,Preventive,Planned,China,Integrated Gas,66765.5,4440488.5
2025-10-09,AST-032,3.07,Turnaround,Planned,Europe,Upstream,9706.0,784710.0
2025-10-09,AST-033,3.35,Preventive,Planned,India,Integrated Gas,7367.0,519144.0
2025-10-09,AST-035,2.26,Corrective,Planned,Africa,Upstream,13345.0,918503.0
2025-10-09,AST-036,2.59,Preventive,Planned,India,Integrated Gas,7837.0,576460.0
2025-10-09,AST-042,0.64,Preventive,Unplanned,North America,Integrated Gas,3902.0,295849.0
2025-10-09,AST-045,11.19,Corrective,Planned,India,Upstream,44429.0,3423024.0
2025-10-09,AST-048,7.0,Inspection,Unplanned,Africa,Chemicals & Products,11701.0,894619.0
2025-10-09,AST-049,8.15,Preventive,Planned,North America,Upstream,26897.0,1923047.0
2025-10-10,AST-002,2.25,Preventive,Planned,North America,Upstream,5634.0,338355.0
2025-10-10,AST-004,2.79,Turnaround,Planned,China,Upstream,11557.0,737937.0
2025-10-10,AST-007,2.27,Turnaround,Planned,India,Chemicals & Products,6671.0,474609.0
2025-10-10,AST-009,8.6,Corrective,Planned,Europe,Upstream,16046.0,1023833.0
2025-10-10,AST-010,15.33,Turnaround,Unplanned,India,Upstream,17291.0,1123101.0
2025-10-10,AST-011,6.73,Inspection,Unplanned,Middle East,Upstream,8871.0,730400.0
2025-10-10,AST-017,22.1,Preventive,Unplanned,Middle East,Chemicals & Products,105947.0,7635979.0
2025-10-10,AST-018,1.49,Corrective,Planned,India,Integrated Gas,5340.0,367283.0
2025-10-10,AST-019,1.01,Preventive,Planned,Africa,Upstream,3081.0,239572.0
2025-10-10,AST-021,5.11,Corrective,Unplanned,Middle East,Chemicals & Products,26800.0,1581950.0
2025-10-10,AST-031,5.78,Preventive,Unplanned,China,Integrated Gas,29850.0,2119032.0
2025-10-10,AST-033,12.49,Corrective,Planned,India,Integrated Gas,14596.5,919361.5
2025-10-10,AST-036,2.08,Corrective,Planned,India,Integrated Gas,7460.0,531233.0
2025-10-10,AST-039,1.99,Turnaround,Planned,Europe,Integrated Gas,7398.0,599743.0
2025-10-10,AST-042,10.99,Inspection,Unplanned,North America,Integrated Gas,53453.0,3959989.0
2025-10-10,AST-043,17.82,Inspection,Unplanned,North America,Upstream,84709.0,5435065.0
2025-10-11,AST-003,8.76,Corrective,Planned,Middle East,Upstream,39944.0,3045846.0
2025-10-11,AST-008,2.55,Preventive,Planned,North America,Upstream,12537.0,761606.0
2025-10-11,AST-015,4.82,Preventive,Unplanned,North America,Integrated Gas,19258.0,1289866.0
2025-10-11,AST-017,0.99,Preventive,Planned,Middle East,Chemicals & Products,3885.0,264581.0
2025-10-11,AST-019,12.48,Preventive,Unplanned,Africa,Upstream,36891.0,2389738.0
2025-10-11,AST-020,4.67,Corrective,Planned,China,Chemicals & Products,11917.0,713265.0
2025-10-11,AST-028,7.52,Turnaround,Unplanned,North America,Integrated Gas,14934.0,1178909.0
2025-10-11,AST-029,5.0,Preventive,Planned,Middle East,Integrated Gas,32755.0,2123966.0
2025-10-11,AST-031,6.1,Corrective,Planned,China,Integrated Gas,16375.0,1177616.0
2025-10-11,AST-033,2.55,Preventive,Planned,India,Integrated Gas,5108.0,393171.0
2025-10-12,AST-003,10.2,Corrective,Unplanned,Middle East,Upstream,44968.0,3467687.0
2025-10-12,AST-004,3.48,Inspection,Planned,China,Upstream,15241.0,1018830.0
2025-10-12,AST-006,12.66,Preventive,Unplanned,Africa,Integrated Gas,61274.0,4627765.0
2025-10-12,AST-013,1.26,Corrective,Planned,North America,Upstream,3798.0,321137.0
2025-10-12,AST-014,1.74,Preventive,Planned,North America,Upstream,3354.0,266297.0
2025-10-12,AST-019,4.61,Corrective,Planned,Africa,Upstream,15193.0,1231090.0
2025-10-12,AST-021,8.35,Preventive,Planned,Middle East,Chemicals & Products,39477.0,2724150.0
2025-10-12,AST-025,5.4,Turnaround,Planned,North America,Upstream,32369.0,2039103.0
2025-10-12,AST-027,3.92,Corrective,Planned,China,Upstream,18341.0,1254304.0
2025-10-12,AST-044,3.28,Inspection,Planned,China,Upstream,10198.0,631758.0
2025-10-12,AST-050,13.65,Corrective,Planned,North America,Upstream,7754.5,554418.5
2025-10-13,AST-002,1.66,Preventive,Planned,North America,Upstream,4384.0,341689.0
2025-10-13,AST-005,2.7,Preventive,Planned,China,Integrated Gas,14189.0,931516.0
2025-10-13,AST-009,0.1,Preventive,Planned,Europe,Upstream,195.0,14718.0
2025-10-13,AST-015,6.52,Preventive,Unplanned,North America,Integrated Gas,23682.0,1812952.0
2025-10-13,AST-017,0.95,Preventive,Planned,Middle East,Chemicals & Products,5029.0,347486.0
2025-10-13,AST-019,6.2,Preventive,Planned,Africa,Upstream,18256.0,1285979.0
2025-10-13,AST-025,5.36,Corrective,Planned,North America,Upstream,32109.0,2166301.0
2025-10-13,AST-027,9.6,Corrective,Unplanned,China,Upstream,45181.0,3331017.0
2025-10-13,AST-030,10.08,Preventive,Planned,China,Integrated Gas,24300.0,1981352.5
2025-10-13,AST-040,3.68,Preventive,Planned,Middle East,Integrated Gas,6960.0,523383.0
2025-10-13,AST-049,1.19,Preventive,Planned,North America,Upstream,3487.0,238865.0
2025-10-14,AST-002,3.44,Preventive,Planned,North America,Upstream,8474.0,627269.0
2025-10-14,AST-024,35.26,Preventive,Unplanned,Africa,Integrated Gas,65921.0,4841660.0
2025-10-14,AST-028,1.66,Corrective,Planned,North America,Integrated Gas,3413.0,269615.0
2025-10-14,AST-031,4.98,Preventive,Planned,China,Integrated Gas,21079.0,1478014.0
2025-10-14,AST-039,5.02,Corrective,Unplanned,Europe,Integrated Gas,18318.0,1289004.0
2025-10-14,AST-040,4.41,Turnaround,Planned,Middle East,Integrated Gas,8278.0,617938.0
2025-10-14,AST-046,4.05,Corrective,Planned,Africa,Upstream,14860.0,982024.0
2025-10-14,AST-049,2.68,Corrective,Planned,North America,Upstream,8619.0,565518.0
2025-10-15,AST-008,3.48,Corrective,Planned,North America,Upstream,22631.0,1701726.0
2025-10-15,AST-010,3.37,Inspection,Planned,India,Upstream,3612.0,268088.0
2025-10-15,AST-014,5.88,Preventive,Planned,North America,Upstream,9607.0,769515.0
2025-10-15,AST-019,15.1,Corrective,Planned,Africa,Upstream,22097.5,1546101.0
2025-10-15,AST-020,2.87,Preventive,Planned,China,Chemicals & Products,7071.0,548114.0
2025-10-15,AST-023,3.73,Corrective,Planned,Europe,Upstream,5506.0,409042.0
2025-10-15,AST-029,8.59,Preventive,Unplanned,Middle East,Integrated Gas,47011.0,3821540.0
2025-10-15,AST-031,19.01,Corrective,Unplanned,China,Integrated Gas,96432.0,5807172.0
2025-10-15,AST-045,4.92,Inspection,Planned,India,Upstream,21217.0,1521908.0
2025-10-15,AST-048,1.72,Inspection,Unplanned,Africa,Chemicals & Products,2613.0,225252.0
2025-10-15,AST-050,3.26,Preventive,Planned,North America,Upstream,2818.0,204427.0
2025-10-16,AST-002,10.34,Corrective,Planned,North America,Upstream,14515.5,1147812.5
2025-10-16,AST-006,21.57,Corrective,Planned,Africa,Integrated Gas,54241.5,3646226.0
2025-10-16,AST-010,10.05,Preventive,Planned,India,Upstream,11241.0,794544.0
2025-10-16,AST-019,6.86,Corrective,Planned,Africa,Upstream,23070.0,1413492.0
2025-10-16,AST-022,4.32,Inspection,Planned,China,Upstream,6310.0,460477.0
2025-10-16,AST-027,3.51,Preventive,Unplanned,China,Upstream,18374.0,1193583.0
2025-10-16,AST-028,2.31,Preventive,Planned,North America,Integrated Gas,5956.0,490210.0
2025-10-16,AST-029,1.87,Inspection,Planned,Middle East,Integrated Gas,14800.0,1113968.0
2025-10-16,AST-030,3.73,Preventive,Planned,China,Integrated Gas,19631.0,1334699.0
2025-10-16,AST-038,6.37,Inspection,Unplanned,North America,Integrated Gas,19177.0,1297826.0
2025-10-16,AST-043,0.89,Corrective,Planned,North America,Upstream,4787.0,380709.0
2025-10-16,AST-045,16.49,Corrective,Unplanned,India,Upstream,57630.0,3541691.0
2025-10-16,AST-046,25.51,Corrective,Unplanned,Africa,Upstream,121997.0,8188714.0
2025-10-16,AST-047,7.0,Inspection,Planned,China,Upstream,29393.0,2293594.0
2025-10-17,AST-002,10.88,Inspection,Unplanned,North America,Upstream,26365.0,2044895.0
2025-10-17,AST-012,6.52,Preventive,Planned,Africa,Upstream,34420.0,2599296.0
2025-10-17,AST-013,6.4,Corrective,Planned,North America,Upstream,10155.5,675927.0
2025-10-17,AST-018,0.98,Preventive,Planned,India,Integrated Gas,3785.0,284879.0
2025-10-17,AST-020,1.02,Corrective,Planned,China,Chemicals & Products,2465.0,192403.0
2025-10-17,AST-021,11.5,Inspection,Planned,Middle East,Chemicals & Products,22977.0,1742360.5
2025-10-17,AST-025,2.9,Corrective,Planned,North America,Upstream,19767.0,1423852.0
2025-10-17,AST-027,10.59,Preventive,Unplanned,China,Upstream,53096.0,4169983.0
2025-10-17,AST-030,5.65,Corrective,Planned,China,Integrated Gas,16279.0,1254766.5
2025-10-17,AST-032,16.89,Preventive,Planned,Europe,Upstream,30267.5,2036470.5
2025-10-17,AST-033,2.94,Inspection,Planned,India,Integrated Gas,3453.5,262423.5
2025-10-17,AST-035,2.0,Corrective,Unplanned,Africa,Upstream,13038.0,960379.0
2025-10-17,AST-038,3.65,Preventive,Planned,North America,Integrated Gas,8525.0,627611.0
2025-10-17,AST-041,2.12,Preventive,Planned,India,Integrated Gas,11520.0,871178.0
2025-10-17,AST-044,16.84,Turnaround,Unplanned,China,Upstream,55825.0,3471941.0
2025-10-17,AST-046,20.07,Preventive,Unplanned,Africa,Upstream,76205.0,5735022.0
2025-10-18,AST-001,0.99,Corrective,Planned,India,Upstream,2398.0,170136.0
2025-10-18,AST-003,2.14,Preventive,Unplanned,Middle East,Upstream,9375.0,624336.0
2025-10-18,AST-007,0.98,Inspection,Planned,India,Chemicals & Products,2571.0,171990.0
2025-10-18,AST-010,11.71,Preventive,Unplanned,India,Upstream,13078.0,1001705.0
2025-10-18,AST-015,13.86,Corrective,Unplanned,North America,Integrated Gas,38111.0,2364152.0
2025-10-18,AST-019,0.29,Corrective,Planned,Africa,Upstream,1047.0,71381.0
2025-10-18,AST-026,5.32,Corrective,Planned,Middle East,Upstream,25646.0,1643732.0
2025-10-18,AST-038,2.73,Preventive,Planned,North America,Integrated Gas,6630.0,430096.0
2025-10-18,AST-039,2.96,Preventive,Planned,Europe,Integrated Gas,12213.0,725759.0
2025-10-18,AST-044,2.47,Corrective,Planned,China,Upstream,7906.0,532061.0
2025-10-18,AST-047,1.97,Turnaround,Planned,China,Upstream,7702.0,635403.0
2025-10-18,AST-050,1.48,Preventive,Planned,North America,Upstream,1859.0,151376.0
2025-10-19,AST-007,2.15,Corrective,Unplanned,India,Chemicals & Products,6535.0,415560.0
2025-10-19,AST-009,9.41,Inspection,Planned,Europe,Upstream,18771.0,1212843.0
2025-10-19,AST-011,0.35,Preventive,Planned,Middle East,Upstream,489.0,37712.0
2025-10-19,AST-012,0.87,Inspection,Planned,Africa,Upstream,4077.0,287657.0
2025-10-19,AST-017,10.7,Corrective,Planned,Middle East,Chemicals & Products,48145.0,3349728.0
2025-10-19,AST-021,42.27,Preventive,Unplanned,Middle East,Chemicals & Products,97383.0,7385684.5
2025-10-19,AST-023,26.7,Preventive,Unplanned,Europe,Upstream,27484.0,1963603.0
2025-10-19,AST-024,9.55,Corrective,Unplanned,Africa,Integrated Gas,15482.0,1159300.0
2025-10-19,AST-025,6.62,Preventive,Planned,North America,Upstream,33690.0,2725115.0
2025-10-19,AST-029,5.77,Preventive,Unplanned,Middle East,Integrated Gas,27174.0,1970942.0
2025-10-19,AST-034,8.05,Corrective,Planned,Middle East,Upstream,5246.5,395858.5
2025-10-19,AST-040,1.31,Preventive,Planned,Middle East,Integrated Gas,2660.0,188158.0
2025-10-19,AST-042,4.86,Preventive,Planned,North America,Integrated Gas,25376.0,1900790.0
2025-10-19,AST-050,16.96,Preventive,Unplanned,North America,Upstream,16996.0,1135656.0
2025-10-20,AST-004,5.17,Inspection,Planned,China,Upstream,22487.0,1505516.0
2025-10-20,AST-005,21.76,Preventive,Unplanned,China,Integrated Gas,122852.0,8224587.0
2025-10-20,AST-010,21.94,Corrective,Unplanned,India,Upstream,19690.0,1201748.0
2025-10-20,AST-011,3.4,Preventive,Planned,Middle East,Upstream,4399.0,345202.0
2025-10-20,AST-014,2.43,Preventive,Planned,North America,Upstream,4472.0,338917.0
2025-10-20,AST-016,6.81,Corrective,Planned,North America,Upstream,13067.0,1040416.0
2025-10-20,AST-021,3.28,Turnaround,Planned,Middle East,Chemicals & Products,15840.0,1262894.0
2025-10-20,AST-022,2.88,Preventive,Planned,China,Upstream,8007.0,597068.0
2025-10-20,AST-023,0.94,Preventive,Planned,Europe,Upstream,1435.0,119044.0
2025-10-20,AST-026,2.88,Inspection,Planned,Middle East,Upstream,17817.0,1418132.0
2025-10-20,AST-032,0.56,Preventive,Unplanned,Europe,Upstream,1782.0,126096.0
2025-10-20,AST-049,4.67,Preventive,Planned,North America,Upstream,17257.0,1271057.0
2025-10-20,AST-050,19.25,Preventive,Planned,North America,Upstream,12007.0,776477.0
2025-10-21,AST-007,15.03,Preventive,Unplanned,India,Chemicals & Products,41426.0,3420384.0
2025-10-21,AST-008,5.69,Corrective,Planned,North America,Upstream,32452.0,2085474.0
2025-10-21,AST-012,6.17,Turnaround,Planned,Africa,Upstream,29183.0,2244373.0
2025-10-21,AST-014,6.13,Inspection,Planned,North America,Upstream,11431.0,862425.0
2025-10-21,AST-015,12.32,Preventive,Planned,North America,Integrated Gas,23786.5,1693435.0
2025-10-21,AST-022,6.09,Preventive,Planned,China,Upstream,17208.0,1279335.0
2025-10-21,AST-024,2.6,Inspection,Planned,Africa,Integrated Gas,3854.0,265540.0
2025-10-21,AST-031,4.79,Inspection,Planned,China,Integrated Gas,21979.0,1739265.0
2025-10-21,AST-034,8.02,Inspection,Unplanned,Middle East,Upstream,10243.0,639551.0
2025-10-21,AST-035,2.32,Preventive,Planned,Africa,Upstream,15764.0,1041725.0
2025-10-21,AST-039,5.0,Inspection,Planned,Europe,Integrated Gas,20453.0,1490675.0
2025-10-21,AST-050,2.75,Turnaround,Planned,North America,Upstream,3371.0,273913.0
2025-10-22,AST-001,6.64,Inspection,Unplanned,India,Upstream,15708.0,1180636.0
2025-10-22,AST-002,4.78,Inspection,Planned,North America,Upstream,12504.0,865087.0
2025-10-22,AST-003,0.7,Turnaround,Planned,Middle East,Upstream,2743.0,232297.0
2025-10-22,AST-006,9.65,Preventive,Planned,Africa,Integrated Gas,15735.67,1101069.0
2025-10-22,AST-008,4.91,Corrective,Planned,North America,Upstream,31872.0,2168688.0
2025-10-22,AST-014,9.76,Preventive,Planned,North America,Upstream,19839.0,1552421.0
2025-10-22,AST-020,3.24,Preventive,Planned,China,Chemicals & Products,6812.0,445416.0
2025-10-22,AST-028,3.07,Turnaround,Planned,North America,Integrated Gas,6209.0,472570.0
2025-10-22,AST-029,2.28,Corrective,Planned,Middle East,Integrated Gas,13928.0,881817.0
2025-10-22,AST-031,1.41,Inspection,Planned,China,Integrated Gas,7125.0,512575.0
2025-10-22,AST-035,7.31,Corrective,Unplanned,Africa,Upstream,35171.0,2434622.0
2025-10-22,AST-040,3.98,Preventive,Planned,Middle East,Integrated Gas,8265.0,520318.0
2025-10-22,AST-049,1.47,Corrective,Planned,North America,Upstream,4460.0,305236.0
2025-10-23,AST-002,12.01,Preventive,Planned,North America,Upstream,16214.0,991001.0
2025-10-23,AST-004,4.26,Preventive,Planned,China,Upstream,17108.0,1209206.0
2025-10-23,AST-005,0.84,Preventive,Planned,China,Integrated Gas,4099.0,288529.0
2025-10-23,AST-007,11.12,Preventive,Planned,India,Chemicals & Products,34521.0,2657207.0
2025-10-23,AST-008,6.01,Corrective,Planned,North America,Upstream,28716.0,2253321.0
2025-10-23,AST-011,21.95,Preventive,Unplanned,Middle East,Upstream,30098.0,2266404.0
2025-10-23,AST-013,5.61,Corrective,Unplanned,North America,Upstream,17837.0,1266626.0
2025-10-23,AST-014,12.02,Preventive,Planned,North America,Upstream,24479.0,1587811.0
2025-10-23,AST-016,5.87,Inspection,Planned,North America,Upstream,9221.0,695495.0
2025-10-23,AST-020,2.79,Preventive,Planned,China,Chemicals & Products,7612.0,496638.0
2025-10-23,AST-023,10.73,Corrective,Planned,Europe,Upstream,8122.0,581693.0
2025-10-23,AST-024,18.35,Corrective,Planned,Africa,Integrated Gas,14540.5,1047923.5
2025-10-23,AST-025,15.09,Inspection,Planned,North America,Upstream,53951.5,3492466.5
2025-10-23,AST-030,12.32,Preventive,Unplanned,China,Integrated Gas,60495.0,4101400.0
2025-10-23,AST-040,2.5,Corrective,Planned,Middle East,Integrated Gas,5127.0,405417.0
2025-10-23,AST-041,9.27,Preventive,Planned,India,Integrated Gas,55084.0,4298524.0
2025-10-23,AST-044,4.08,Preventive,Unplanned,China,Upstream,16705.0,1011962.0
2025-10-23,AST-045,5.56,Turnaround,Planned,India,Upstream,25849.0,1896816.0
2025-10-23,AST-048,0.93,Corrective,Planned,Africa,Chemicals & Products,1356.0,108214.0
2025-10-23,AST-049,11.38,Turnaround,Unplanned,North America,Upstream,40166.0,2533942.0
2025-10-23,AST-050,10.68,Corrective,Planned,North America,Upstream,5314.0,431801.0
2025-10-24,AST-001,8.2,Preventive,Unplanned,India,Upstream,21048.0,1403084.0
2025-10-24,AST-004,7.2,Preventive,Planned,China,Upstream,28650.0,2164697.0
2025-10-24,AST-007,3.53,Preventive,Planned,India,Chemicals & Products,10168.0,645442.0
2025-10-24,AST-009,3.42,Preventive,Planned,Europe,Upstream,6271.0,474156.0
2025-10-24,AST-011,10.26,Corrective,Unplanned,Middle East,Upstream,16952.0,1262303.0
2025-10-24,AST-013,0.79,Corrective,Planned,North America,Upstream,3120.0,216504.0
2025-10-24,AST-014,0.46,Corrective,Planned,North America,Upstream,821.0,60034.0
2025-10-24,AST-016,3.94,Preventive,Planned,North America,Upstream,6878.0,534252.0
2025-10-24,AST-022,4.7,Corrective,Unplanned,China,Upstream,15283.0,1157267.0
2025-10-24,AST-026,1.79,Preventive,Planned,Middle East,Upstream,11260.0,778135.0
2025-10-24,AST-032,8.19,Preventive,Unplanned,Europe,Upstream,27279.0,1959944.0
2025-10-24,AST-034,34.41,Corrective,Unplanned,Middle East,Upstream,52249.0,4072613.0
2025-10-24,AST-042,6.81,Turnaround,Planned,North America,Integrated Gas,30175.0,2355245.0
2025-10-24,AST-045,3.27,Inspection,Planned,India,Upstream,17211.0,1250669.0
2025-10-24,AST-050,14.48,Turnaround,Planned,North America,Upstream,15084.0,1038667.0
2025-10-25,AST-001,17.53,Preventive,Unplanned,India,Upstream,43743.0,3173559.0
2025-10-25,AST-002,0.91,Turnaround,Planned,North America,Upstream,2277.0,167707.0
2025-10-25,AST-004,0.8,Corrective,Planned,China,Upstream,2944.0,222963.0
2025-10-25,AST-005,2.98,Preventive,Planned,China,Integrated Gas,13278.0,973406.0
2025-10-25,AST-008,2.48,Inspection,Planned,North America,Upstream,11439.0,778373.0
2025-10-25,AST-015,5.01,Inspection,Planned,North America,Integrated Gas,17374.0,1413218.0
2025-10-25,AST-018,2.74,Turnaround,Planned,India,Integrated Gas,9790.0,659313.0
2025-10-25,AST-020,0.86,Turnaround,Planned,China,Chemicals & Products,1954.0,130668.0
2025-10-25,AST-021,9.02,Turnaround,Unplanned,Middle East,Chemicals & Products,39874.0,2584811.0
2025-10-25,AST-024,4.67,Inspection,Planned,Africa,Integrated Gas,7372.0,597240.0
2025-10-25,AST-032,6.41,Preventive,Unplanned,Europe,Upstream,20761.0,1584911.0
2025-10-25,AST-035,2.68,Preventive,Planned,Africa,Upstream,18436.0,1187754.0
2025-10-25,AST-037,6.97,Preventive,Planned,Africa,Upstream,14097.0,935130.0
2025-10-25,AST-040,5.14,Preventive,Planned,Middle East,Integrated Gas,8614.0,570709.0
2025-10-25,AST-041,0.37,Preventive,Planned,India,Integrated Gas,1886.0,126668.0
2025-10-25,AST-043,1.01,Preventive,Planned,North America,Upstream,5478.0,421827.0
2025-10-25,AST-045,2.94,Preventive,Planned,India,Upstream,13505.0,1024048.0
2025-10-26,AST-002,11.85,Turnaround,Unplanned,North America,Upstream,29370.0,1991974.0
2025-10-26,AST-006,2.79,Corrective,Unplanned,Africa,Integrated Gas,10522.0,850593.0
2025-10-26,AST-013,5.25,Inspection,Planned,North America,Upstream,19758.0,1349766.0
2025-10-26,AST-014,11.97,Turnaround,Planned,North America,Upstream,19874.0,1627774.0
2025-10-26,AST-017,5.81,Preventive,Planned,Middle East,Chemicals & Products,28525.0,1865124.0
2025-10-26,AST-025,9.77,Preventive,Planned,North America,Upstream,28400.5,1849025.0
2025-10-26,AST-028,1.64,Corrective,Planned,North America,Integrated Gas,3454.0,257465.0
2025-10-26,AST-029,1.28,Inspection,Planned,Middle East,Integrated Gas,7864.0,605910.0
2025-10-26,AST-035,8.08,Corrective,Planned,Africa,Upstream,22420.0,1441668.5
2025-10-26,AST-041,10.63,Corrective,Planned,India,Integrated Gas,27083.5,2054220.5
2025-10-26,AST-045,1.88,Preventive,Planned,India,Upstream,7628.0,564626.0
2025-10-27,AST-004,3.81,Corrective,Planned,China,Upstream,15544.0,1203273.0
2025-10-27,AST-005,16.19,Turnaround,Planned,China,Integrated Gas,91648.0,7311265.0
2025-10-27,AST-009,3.06,Preventive,Planned,Europe,Upstream,2729.0,187810.5
2025-10-27,AST-011,7.63,Preventive,Planned,Middle East,Upstream,10481.0,659177.0
2025-10-27,AST-012,1.27,Corrective,Planned,Africa,Upstream,5240.0,389464.0
2025-10-27,AST-017,9.89,Inspection,Planned,Middle East,Chemicals & Products,50099.0,3678288.0
2025-10-27,AST-022,7.27,Preventive,Planned,China,Upstream,21497.0,1547390.0
2025-10-27,AST-025,4.13,Corrective,Planned,North America,Upstream,20812.0,1717291.0
2025-10-27,AST-028,0.3,Preventive,Planned,North America,Integrated Gas,718.0,50258.0
2025-10-27,AST-029,4.81,Preventive,Unplanned,Middle East,Integrated Gas,24238.0,1846497.0
2025-10-27,AST-034,1.09,Inspection,Planned,Middle East,Upstream,1680.0,103626.0
2025-10-27,AST-035,13.5,Inspection,Planned,Africa,Upstream,87747.0,6045000.0
2025-10-27,AST-038,0.66,Inspection,Planned,North America,Integrated Gas,1467.0,109916.0
2025-10-27,AST-040,5.62,Corrective,Planned,Middle East,Integrated Gas,11624.0,890626.0
2025-10-27,AST-043,9.86,Preventive,Planned,North America,Upstream,40015.0,2861605.0
2025-10-27,AST-044,2.41,Preventive,Planned,China,Upstream,7691.0,534935.0
2025-10-27,AST-045,2.84,Preventive,Planned,India,Upstream,13346.0,905995.0
2025-10-27,AST-050,3.8,Corrective,Planned,North America,Upstream,3917.0,288957.0
2025-10-28,AST-005,4.3,Preventive,Planned,China,Integrated Gas,20771.0,1299568.0
2025-10-28,AST-006,1.36,Corrective,Planned,Africa,Integrated Gas,5573.0,436187.0
2025-10-28,AST-007,1.67,Preventive,Planned,India,Chemicals & Products,5939.0,487955.0
2025-10-28,AST-008,3.45,Inspection,Planned,North America,Upstream,21454.0,1443730.0
2025-10-28,AST-009,0.55,Inspection,Planned,Europe,Upstream,1116.0,79936.0
2025-10-28,AST-011,12.55,Inspection,Unplanned,Middle East,Upstream,18299.0,1163574.0
2025-10-28,AST-013,1.83,Preventive,Planned,North America,Upstream,6345.0,387366.0
2025-10-28,AST-014,19.94,Preventive,Planned,North America,Upstream,21348.5,1629899.5
2025-10-28,AST-015,14.94,Corrective,Planned,North America,Integrated Gas,25741.5,1860222.0
2025-10-28,AST-018,5.19,Corrective,Planned,India,Integrated Gas,17902.0,1368619.0
2025-10-28,AST-019,3.48,Preventive,Planned,Africa,Upstream,9874.0,817131.0
2025-10-28,AST-024,2.06,Preventive,Planned,Africa,Integrated Gas,3520.0,249426.0
2025-10-28,AST-025,7.37,Corrective,Planned,North America,Upstream,47648.0,3575142.0
2025-10-28,AST-027,38.61,Preventive,Planned,China,Upstream,92138.0,6922011.5
2025-10-28,AST-031,3.19,Corrective,Planned,China,Integrated Gas,17201.0,1183352.0
2025-10-28,AST-035,4.31,Preventive,Planned,Africa,Upstream,23162.0,1787767.0
2025-10-28,AST-037,2.66,Corrective,Planned,Africa,Upstream,5587.0,382090.0
2025-10-28,AST-038,13.84,Preventive,Planned,North America,Integrated Gas,32312.0,2467647.0
2025-10-28,AST-039,1.61,Preventive,Planned,Europe,Integrated Gas,6595.0,553229.0
2025-10-28,AST-040,6.22,Preventive,Planned,Middle East,Integrated Gas,10644.0,893477.0
2025-10-28,AST-047,1.22,Corrective,Planned,China,Upstream,5139.0,344049.0
2025-10-29,AST-004,9.28,Corrective,Planned,China,Upstream,31447.0,2236169.0
2025-10-29,AST-006,6.45,Preventive,Planned,Africa,Integrated Gas,29185.0,2326551.0
2025-10-29,AST-011,1.74,Preventive,Planned,Middle East,Upstream,2217.0,152102.0
2025-10-29,AST-012,3.71,Inspection,Planned,Africa,Upstream,19728.0,1313365.0
2025-10-29,AST-017,7.56,Inspection,Planned,Middle East,Chemicals & Products,18946.0,1503910.0
2025-10-29,AST-024,0.42,Inspection,Planned,Africa,Integrated Gas,713.0,57071.0
2025-10-29,AST-028,2.53,Preventive,Planned,North America,Integrated Gas,7233.0,564198.0
2025-10-29,AST-034,3.8,Corrective,Planned,Middle East,Upstream,5844.0,424394.0
2025-10-29,AST-035,16.78,Inspection,Unplanned,Africa,Upstream,99814.0,6653790.0
2025-10-29,AST-042,3.99,Preventive,Planned,North America,Integrated Gas,17912.0,1341095.0
2025-10-29,AST-043,10.1,Corrective,Planned,North America,Upstream,59494.0,4045983.0
2025-10-29,AST-048,4.49,Preventive,Planned,Africa,Chemicals & Products,5865.0,418525.0
2025-10-29,AST-050,2.1,Preventive,Planned,North America,Upstream,2332.0,183186.0
2025-10-30,AST-001,3.56,Preventive,Planned,India,Upstream,9447.0,701205.0
2025-10-30,AST-007,0.63,Inspection,Planned,India,Chemicals & Products,1701.0,112247.0
2025-10-30,AST-008,9.44,Preventive,Planned,North America,Upstream,48887.0,2837012.0
2025-10-30,AST-019,4.77,Corrective,Planned,Africa,Upstream,13193.0,1041398.0
2025-10-30,AST-023,4.76,Corrective,Planned,Europe,Upstream,5951.0,440582.0
2025-10-30,AST-024,12.99,Inspection,Unplanned,Africa,Integrated Gas,18841.0,1412002.0
2025-10-30,AST-039,0.98,Inspection,Planned,Europe,Integrated Gas,3311.0,223147.0
2025-10-30,AST-041,3.81,Inspection,Planned,India,Integrated Gas,24939.0,1741186.0
2025-10-30,AST-042,1.7,Inspection,Planned,North America,Integrated Gas,9710.0,605970.0
2025-10-30,AST-047,1.13,Preventive,Planned,China,Upstream,4747.0,414846.0
2025-10-30,AST-049,5.14,Preventive,Planned,North America,Upstream,15376.0,1000578.0
2025-10-30,AST-050,1.15,Preventive,Planned,North America,Upstream,1075.0,65113.0
2025-10-31,AST-001,1.04,Inspection,Planned,India,Upstream,2456.0,159300.0
2025-10-31,AST-003,0.88,Inspection,Planned,Middle East,Upstream,4641.0,369990.0
2025-10-31,AST-005,10.77,Corrective,Planned,China,Integrated Gas,63056.0,4535350.0
2025-10-31,AST-009,32.06,Preventive,Unplanned,Europe,Upstream,19915.0,1435755.0
2025-10-31,AST-011,17.68,Inspection,Unplanned,Middle East,Upstream,23108.0,1493440.0
2025-10-31,AST-023,5.66,Preventive,Planned,Europe,Upstream,8203.0,641263.0
2025-10-31,AST-024,8.46,Preventive,Planned,Africa,Integrated Gas,14972.0,1059178.0
2025-10-31,AST-025,17.2,Inspection,Unplanned,North America,Upstream,93714.0,7573767.0
2025-10-31,AST-030,8.74,Turnaround,Planned,China,Integrated Gas,37075.0,2662127.0
2025-10-31,AST-036,13.52,Preventive,Unplanned,India,Integrated Gas,48980.0,3107138.0
2025-10-31,AST-038,2.49,Inspection,Unplanned,North America,Integrated Gas,5796.0,407084.0
2025-10-31,AST-039,0.84,Corrective,Unplanned,Europe,Integrated Gas,3333.0,278059.0
2025-10-31,AST-044,1.79,Corrective,Planned,China,Upstream,5135.0,401550.0
2025-10-31,AST-046,10.16,Corrective,Planned,Africa,Upstream,21678.5,1388658.0
2025-10-31,AST-047,3.43,Preventive,Planned,China,Upstream,15183.0,1142154.0
2025-10-31,AST-050,8.71,Corrective,Unplanned,North America,Upstream,8608.0,640192.0
2025-11-01,AST-001,1.18,Corrective,Planned,India,Upstream,2377.0,174300.0
2025-11-01,AST-002,2.28,Corrective,Planned,North America,Upstream,5949.0,441705.0
2025-11-01,AST-009,1.53,Corrective,Planned,Europe,Upstream,3233.0,207931.0
2025-11-01,AST-025,5.94,Corrective,Planned,North America,Upstream,43048.0,3217040.0
2025-11-01,AST-030,11.98,Preventive,Unplanned,China,Integrated Gas,66932.0,4825421.0
2025-11-01,AST-032,7.61,Preventive,Planned,Europe,Upstream,26364.0,1905940.0
2025-11-01,AST-038,2.25,Preventive,Planned,North America,Integrated Gas,5219.0,356108.0
2025-11-01,AST-041,72.0,Preventive,Unplanned,India,Integrated Gas,357594.0,27990688.0
2025-11-01,AST-045,1.33,Preventive,Planned,India,Upstream,4960.0,373391.0
2025-11-01,AST-049,2.57,Corrective,Planned,North America,Upstream,7962.0,529226.0
2025-11-01,AST-050,1.77,Inspection,Planned,North America,Upstream,2253.0,146875.0
2025-11-02,AST-002,2.62,Inspection,Planned,North America,Upstream,6944.0,481748.0
2025-11-02,AST-004,4.42,Preventive,Unplanned,China,Upstream,17679.0,1150273.0
2025-11-02,AST-005,1.03,Preventive,Planned,China,Integrated Gas,5664.0,375576.0
2025-11-02,AST-008,2.77,Corrective,Planned,North America,Upstream,16991.0,1286708.0
2025-11-02,AST-009,4.91,Inspection,Planned,Europe,Upstream,7771.0,527363.0
2025-11-02,AST-013,13.94,Preventive,Unplanned,North America,Upstream,46509.0,3577694.0
2025-11-02,AST-015,0.31,Preventive,Planned,North America,Integrated Gas,1126.0,75906.0
2025-11-02,AST-037,2.81,Preventive,Planned,Africa,Upstream,5768.0,481812.0
2025-11-02,AST-042,7.18,Preventive,Planned,North America,Integrated Gas,42554.0,3371787.0
2025-11-02,AST-047,35.95,Preventive,Unplanned,China,Upstream,126657.0,10008361.0
2025-11-02,AST-049,0.21,Preventive,Planned,North America,Upstream,561.0,41824.0
2025-11-03,AST-001,4.79,Preventive,Planned,India,Upstream,11321.0,781665.0
2025-11-03,AST-004,1.46,Inspection,Planned,China,Upstream,5982.0,483238.0
2025-11-03,AST-007,2.19,Turnaround,Planned,India,Chemicals & Products,6545.0,497596.0
2025-11-03,AST-010,2.35,Preventive,Planned,India,Upstream,2704.0,188695.0
2025-11-03,AST-011,1.4,Turnaround,Planned,Middle East,Upstream,1633.0,113075.0
2025-11-03,AST-013,5.3,Inspection,Planned,North America,Upstream,21754.0,1659207.0
2025-11-03,AST-014,7.31,Turnaround,Planned,North America,Upstream,15311.0,1066872.0
2025-11-03,AST-015,9.21,Corrective,Planned,North America,Integrated Gas,35262.0,2645518.0
2025-11-03,AST-020,7.65,Inspection,Planned,China,Chemicals & Products,8887.0,589426.0
2025-11-03,AST-024,3.99,Inspection,Planned,Africa,Integrated Gas,6452.0,519849.0
2025-11-03,AST-025,13.79,Preventive,Unplanned,North America,Upstream,91923.0,6296843.0
2025-11-03,AST-028,6.93,Corrective,Planned,North America,Integrated Gas,16553.0,1246719.0
2025-11-03,AST-031,11.55,Corrective,Planned,China,Integrated Gas,61940.0,4439081.0
2025-11-03,AST-033,15.29,Corrective,Planned,India,Integrated Gas,20716.0,1674845.0
2025-11-03,AST-041,6.04,Preventive,Planned,India,Integrated Gas,32905.0,2466319.0
2025-11-03,AST-043,6.86,Preventive,Planned,North America,Upstream,27954.0,2125501.0
2025-11-03,AST-045,1.67,Preventive,Planned,India,Upstream,7400.0,501767.0
2025-11-03,AST-046,13.68,Turnaround,Planned,Africa,Upstream,55665.0,3751005.0
2025-11-04,AST-001,3.39,Turnaround,Planned,India,Upstream,10271.0,777871.0
2025-11-04,AST-002,5.82,Corrective,Planned,North America,Upstream,14086.0,1086006.0
2025-11-04,AST-003,4.26,Corrective,Planned,Middle East,Upstream,8529.0,649933.0
2025-11-04,AST-012,5.53,Inspection,Planned,Africa,Upstream,29138.0,2314396.0
2025-11-04,AST-019,1.19,Corrective,Planned,Africa,Upstream,3180.0,244873.0
2025-11-04,AST-027,2.77,Corrective,Planned,China,Upstream,11614.0,940711.0
2025-11-04,AST-030,6.84,Turnaround,Planned,China,Integrated Gas,33961.0,2056132.0
2025-11-04,AST-032,8.46,Corrective,Planned,Europe,Upstream,9642.33,707225.33
2025-11-04,AST-038,7.02,Inspection,Planned,North America,Integrated Gas,17305.0,1233968.0
2025-11-04,AST-044,2.5,Preventive,Planned,China,Upstream,8848.0,612591.0
2025-11-04,AST-048,0.69,Preventive,Planned,Africa,Chemicals & Products,920.0,75404.0
2025-11-04,AST-049,6.32,Inspection,Planned,North America,Upstream,20733.0,1528982.0
2025-11-04,AST-050,3.9,Preventive,Planned,North America,Upstream,4614.0,359449.0
2025-11-05,AST-007,11.87,Corrective,Planned,India,Chemicals & Products,17878.5,1345617.5
2025-11-05,AST-010,2.7,Inspection,Planned,India,Upstream,2777.0,195273.0
2025-11-05,AST-011,0.4,Corrective,Planned,Middle East,Upstream,537.0,39963.0
2025-11-05,AST-016,28.15,Corrective,Unplanned,North America,Upstream,47281.0,3732360.0
2025-11-05,AST-017,5.15,Preventive,Planned,Middle East,Chemicals & Products,21611.0,1562791.0
2025-11-05,AST-020,5.04,Preventive,Planned,China,Chemicals & Products,11030.0,905707.0
2025-11-05,AST-022,16.92,Inspection,Unplanned,China,Upstream,46816.0,3187455.0
2025-11-05,AST-028,7.24,Corrective,Planned,North America,Integrated Gas,9830.0,744095.0
2025-11-05,AST-035,18.03,Preventive,Unplanned,Africa,Upstream,111327.0,7929013.0
2025-11-05,AST-045,2.98,Preventive,Planned,India,Upstream,12186.0,1039239.0
2025-11-05,AST-050,10.76,Preventive,Planned,North America,Upstream,4972.0,362570.5
2025-11-06,AST-001,2.63,Inspection,Planned,India,Upstream,6840.0,519361.0
2025-11-06,AST-005,2.24,Preventive,Planned,China,Integrated Gas,11269.0,813999.0
2025-11-06,AST-007,18.37,Preventive,Planned,India,Chemicals & Products,28528.5,1950583.5
2025-11-06,AST-008,2.86,Preventive,Planned,North America,Upstream,7402.5,471270.0
2025-11-06,AST-012,4.76,Preventive,Planned,Africa,Upstream,22112.0,1452672.0
2025-11-06,AST-015,6.46,Inspection,Planned,North America,Integrated Gas,11933.0,878122.0
2025-11-06,AST-016,2.34,Preventive,Planned,North America,Upstream,3348.0,215948.0
2025-11-06,AST-017,3.46,Turnaround,Planned,Middle East,Chemicals & Products,13266.0,935198.0
2025-11-06,AST-018,5.46,Preventive,Unplanned,India,Integrated Gas,20145.0,1340312.0
2025-11-06,AST-020,3.17,Preventive,Planned,China,Chemicals & Products,6574.0,497405.0
2025-11-06,AST-021,2.09,Corrective,Planned,Middle East,Chemicals & Products,9228.0,573019.0
2025-11-06,AST-025,18.62,Corrective,Unplanned,North America,Upstream,140488.0,10725311.0
2025-11-06,AST-027,7.51,Preventive,Planned,China,Upstream,37122.0,2434984.0
2025-11-06,AST-037,3.52,Turnaround,Planned,Africa,Upstream,7816.0,608191.0
2025-11-06,AST-041,1.56,Preventive,Planned,India,Integrated Gas,8435.0,588658.0
2025-11-06,AST-044,14.44,Preventive,Planned,China,Upstream,25755.5,1765127.0
2025-11-06,AST-048,16.97,Inspection,Planned,Africa,Chemicals & Products,11514.5,849117.5
2025-11-06,AST-050,0.39,Preventive,Planned,North America,Upstream,371.0,25754.0
2025-11-07,AST-002,11.84,Preventive,Planned,North America,Upstream,31169.0,1987033.0
2025-11-07,AST-004,2.3,Corrective,Planned,China,Upstream,4563.5,302024.0
2025-11-07,AST-006,9.27,Inspection,Planned,Africa,Integrated Gas,24471.5,1984662.5
2025-11-07,AST-012,4.05,Corrective,Planned,Africa,Upstream,25100.0,1531050.0
2025-11-07,AST-013,2.82,Inspection,Unplanned,North America,Upstream,9327.0,649731.0
2025-11-07,AST-014,4.37,Corrective,Planned,North America,Upstream,8728.0,592374.0
2025-11-07,AST-021,1.71,Turnaround,Planned,Middle East,Chemicals & Products,7344.0,578328.0
2025-11-07,AST-022,2.41,Corrective,Planned,China,Upstream,7356.0,608232.0
2025-11-07,AST-025,1.43,Inspection,Planned,North America,Upstream,4092.0,334593.5
2025-11-07,AST-027,2.08,Corrective,Planned,China,Upstream,5090.5,417759.0
2025-11-07,AST-031,2.78,Corrective,Planned,China,Integrated Gas,12232.0,1029415.0
2025-11-07,AST-034,1.59,Preventive,Planned,Middle East,Upstream,2215.0,145265.0
2025-11-07,AST-036,2.96,Preventive,Unplanned,India,Integrated Gas,9924.0,667860.0
2025-11-07,AST-041,25.46,Inspection,Unplanned,India,Integrated Gas,136618.0,8461678.0
2025-11-07,AST-043,3.11,Preventive,Planned,North America,Upstream,17358.0,1329188.0
2025-11-08,AST-001,12.23,Turnaround,Planned,India,Upstream,13704.5,1102388.0
2025-11-08,AST-002,4.84,Preventive,Planned,North America,Upstream,14878.0,1130862.0
2025-11-08,AST-006,16.18,Corrective,Planned,Africa,Integrated Gas,40177.0,3228686.5
2025-11-08,AST-010,1.12,Corrective,Planned,India,Upstream,1081.0,83449.0
2025-11-08,AST-011,2.19,Corrective,Planned,Middle East,Upstream,2944.0,187170.0
2025-11-08,AST-017,1.28,Turnaround,Planned,Middle East,Chemicals & Products,5984.0,481982.0
2025-11-08,AST-020,10.8,Preventive,Planned,China,Chemicals & Products,30007.0,2279591.0
2025-11-08,AST-022,4.13,Preventive,Planned,China,Upstream,5117.5,432626.5
2025-11-08,AST-025,0.1,Preventive,Planned,North America,Upstream,649.0,41867.0
2025-11-08,AST-026,10.94,Corrective,Planned,Middle East,Upstream,30233.5,1970923.0
2025-11-08,AST-027,5.79,Preventive,Planned,China,Upstream,26050.0,1865966.0
2025-11-08,AST-030,23.97,Preventive,Unplanned,China,Integrated Gas,114158.0,7713527.0
2025-11-08,AST-032,1.95,Preventive,Planned,Europe,Upstream,6858.0,588750.0
2025-11-08,AST-033,3.6,Corrective,Planned,India,Integrated Gas,4444.5,317017.5
2025-11-08,AST-035,21.22,Inspection,Unplanned,Africa,Upstream,144168.0,8789470.0
2025-11-08,AST-038,6.25,Corrective,Unplanned,North America,Integrated Gas,17812.0,1507810.0
2025-11-08,AST-041,1.0,Turnaround,Planned,India,Integrated Gas,5896.0,415976.0
2025-11-08,AST-046,6.44,Inspection,Planned,Africa,Upstream,25558.0,1921520.0
2025-11-09,AST-003,16.24,Preventive,Unplanned,Middle East,Upstream,75327.0,5643849.0
2025-11-09,AST-005,3.53,Corrective,Planned,China,Integrated Gas,9758.0,674047.5
2025-11-09,AST-007,2.61,Corrective,Planned,India,Chemicals & Products,7797.0,606508.0
2025-11-09,AST-010,19.33,Preventive,Planned,India,Upstream,9148.0,603241.0
2025-11-09,AST-014,4.11,Corrective,Planned,North America,Upstream,6908.0,438444.0
2025-11-09,AST-020,6.4,Preventive,Planned,China,Chemicals & Products,8283.0,609078.0
2025-11-09,AST-024,2.2,Inspection,Planned,Africa,Integrated Gas,3063.0,213852.0
2025-11-09,AST-026,5.75,Turnaround,Planned,Middle East,Upstream,31343.0,2184687.0
2025-11-09,AST-028,4.75,Corrective,Planned,North America,Integrated Gas,9105.0,667246.0
2025-11-09,AST-032,4.44,Inspection,Planned,Europe,Upstream,13854.0,1125176.0
2025-11-09,AST-036,2.0,Preventive,Planned,India,Integrated Gas,6593.0,451766.0
2025-11-09,AST-042,6.54,Corrective,Planned,North America,Integrated Gas,29642.0,2339844.0
2025-11-09,AST-043,4.82,Inspection,Planned,North America,Upstream,9855.5,807639.0
2025-11-09,AST-046,9.37,Corrective,Unplanned,Africa,Upstream,31063.0,2509397.0
2025-11-09,AST-048,12.69,Corrective,Unplanned,Africa,Chemicals & Products,20254.0,1344876.0
2025-11-10,AST-007,7.82,Turnaround,Planned,India,Chemicals & Products,28216.0,1665753.0
2025-11-10,AST-014,5.07,Preventive,Unplanned,North America,Upstream,7364.0,639517.0
2025-11-10,AST-016,1.52,Preventive,Planned,North America,Upstream,2514.0,205382.0
2025-11-10,AST-021,29.99,Inspection,Planned,Middle East,Chemicals & Products,64513.0,4554085.0
2025-11-10,AST-022,19.41,Preventive,Unplanned,China,Upstream,64126.0,4540249.0
2025-11-10,AST-024,3.06,Corrective,Planned,Africa,Integrated Gas,4238.0,336219.0
2025-11-10,AST-029,8.3,Corrective,Planned,Middle East,Integrated Gas,22680.0,1505951.5
2025-11-10,AST-030,1.47,Corrective,Planned,China,Integrated Gas,7015.0,492853.0
2025-11-10,AST-031,1.27,Preventive,Planned,China,Integrated Gas,6681.0,572474.0
2025-11-10,AST-036,2.22,Preventive,Planned,India,Integrated Gas,7212.0,438702.0
2025-11-10,AST-037,0.54,Corrective,Planned,Africa,Upstream,864.0,56982.0
2025-11-10,AST-042,1.52,Preventive,Planned,North America,Integrated Gas,7639.0,529600.0
2025-11-10,AST-046,4.17,Corrective,Planned,Africa,Upstream,20331.0,1367379.0
2025-11-10,AST-047,1.27,Inspection,Planned,China,Upstream,5791.0,409503.0
2025-11-10,AST-049,5.15,Inspection,Planned,North America,Upstream,16872.0,1367141.0
2025-11-11,AST-001,6.2,Inspection,Planned,India,Upstream,17091.0,1212921.0
2025-11-11,AST-004,3.91,Corrective,Planned,China,Upstream,19091.0,1363120.0
2025-11-11,AST-005,5.25,Preventive,Planned,China,Integrated Gas,26873.0,2054095.0
2025-11-11,AST-013,13.4,Preventive,Unplanned,North America,Upstream,50718.0,3830118.0
2025-11-11,AST-014,1.89,Preventive,Planned,North America,Upstream,3383.0,235965.0
2025-11-11,AST-015,7.98,Inspection,Planned,North America,Integrated Gas,35045.0,2832206.0
2025-11-11,AST-016,0.18,Inspection,Planned,North America,Upstream,378.0,30397.0
2025-11-11,AST-022,4.64,Preventive,Planned,China,Upstream,6499.0,473605.0
2025-11-11,AST-025,0.45,Preventive,Planned,North America,Upstream,3072.0,210113.0
2025-11-11,AST-027,16.96,Corrective,Planned,China,Upstream,44836.5,3378864.5
2025-11-11,AST-029,1.84,Turnaround,Planned,Middle East,Integrated Gas,11015.0,737566.0
2025-11-11,AST-030,4.08,Corrective,Planned,China,Integrated Gas,22939.0,1405121.0
2025-11-11,AST-032,5.35,Inspection,Planned,Europe,Upstream,19230.0,1436243.0
2025-11-11,AST-034,2.34,Corrective,Planned,Middle East,Upstream,3056.0,262043.0
2025-11-11,AST-049,1.06,Turnaround,Planned,North America,Upstream,3447.0,229498.0
2025-11-12,AST-002,1.19,Turnaround,Planned,North America,Upstream,2717.0,183352.0
2025-11-12,AST-006,12.62,Corrective,Planned,Africa,Integrated Gas,29935.0,2206881.0
2025-11-12,AST-007,9.73,Corrective,Unplanned,India,Chemicals & Products,37582.0,2922823.0
2025-11-12,AST-008,14.99,Corrective,Planned,North America,Upstream,30643.67,2240870.0
2025-11-12,AST-009,1.68,Corrective,Planned,Europe,Upstream,3532.0,255959.0
2025-11-12,AST-012,6.13,Corrective,Unplanned,Africa,Upstream,26917.0,2062529.0
2025-11-12,AST-015,12.23,Preventive,Unplanned,North America,Integrated Gas,45931.0,2995495.0
2025-11-12,AST-017,4.05,Preventive,Planned,Middle East,Chemicals & Products,15328.0,1211190.0
2025-11-12,AST-021,10.99,Preventive,Unplanned,Middle East,Chemicals & Products,45752.0,2911107.0
2025-11-12,AST-025,1.32,Preventive,Planned,North America,Upstream,8789.0,716213.0
2025-11-12,AST-026,4.44,Corrective,Planned,Middle East,Upstream,25345.0,1647649.0
2025-11-12,AST-027,13.54,Corrective,Unplanned,China,Upstream,63574.0,4887315.0
2025-11-12,AST-033,4.33,Turnaround,Planned,India,Integrated Gas,10956.0,667336.0
2025-11-12,AST-047,9.3,Corrective,Unplanned,China,Upstream,38157.0,2834954.0
2025-11-13,AST-003,6.2,Corrective,Planned,Middle East,Upstream,25248.0,2017060.0
2025-11-13,AST-004,6.25,Preventive,Planned,China,Upstream,25182.0,1694277.0
2025-11-13,AST-005,14.61,Turnaround,Unplanned,China,Integrated Gas,76753.0,5738823.0
2025-11-13,AST-010,1.24,Corrective,Planned,India,Upstream,1297.0,87080.0
2025-11-13,AST-012,4.22,Preventive,Planned,Africa,Upstream,15369.0,989688.0
2025-11-13,AST-014,1.49,Preventive,Planned,North America,Upstream,2614.0,207829.0
2025-11-13,AST-015,23.47,Corrective,Planned,North America,Integrated Gas,43478.0,2938083.5
2025-11-13,AST-016,6.79,Preventive,Planned,North America,Upstream,12104.0,929464.0
2025-11-13,AST-018,24.02,Inspection,Planned,India,Integrated Gas,44341.0,3002353.5
2025-11-13,AST-019,1.73,Turnaround,Planned,Africa,Upstream,4290.0,318871.0
2025-11-13,AST-020,0.88,Inspection,Planned,China,Chemicals & Products,1931.0,141031.0
2025-11-13,AST-031,2.03,Preventive,Planned,China,Integrated Gas,9952.0,633279.0
2025-11-13,AST-039,4.13,Preventive,Planned,Europe,Integrated Gas,15487.0,1130111.0
2025-11-13,AST-041,3.03,Inspection,Planned,India,Integrated Gas,16357.0,1257336.0
2025-11-13,AST-043,10.37,Corrective,Unplanned,North America,Upstream,49102.0,3315259.0
2025-11-13,AST-048,2.59,Corrective,Planned,Africa,Chemicals & Products,3103.0,189270.0
2025-11-14,AST-003,0.3,Corrective,Planned,Middle East,Upstream,1467.0,108111.0
2025-11-14,AST-007,8.0,Turnaround,Planned,India,Chemicals & Products,13269.5,894374.5
2025-11-14,AST-013,2.11,Preventive,Planned,North America,Upstream,6034.0,396956.0
2025-11-14,AST-027,4.36,Preventive,Planned,China,Upstream,11342.0,788639.0
2025-11-14,AST-030,3.19,Preventive,Planned,China,Integrated Gas,16197.0,1311679.0
2025-11-14,AST-037,1.16,Preventive,Planned,Africa,Upstream,2113.0,172648.0
2025-11-14,AST-041,2.59,Turnaround,Planned,India,Integrated Gas,14831.0,1247276.0
2025-11-14,AST-049,3.96,Corrective,Planned,North America,Upstream,9803.0,618501.0
2025-11-15,AST-001,3.89,Inspection,Unplanned,India,Upstream,7642.0,524587.0
2025-11-15,AST-002,12.28,Inspection,Unplanned,North America,Upstream,26177.0,1634674.0
2025-11-15,AST-003,6.59,Corrective,Planned,Middle East,Upstream,13882.0,1083235.0
2025-11-15,AST-008,34.82,Corrective,Unplanned,North America,Upstream,210248.0,14440576.0
2025-11-15,AST-013,9.77,Preventive,Planned,North America,Upstream,16217.5,1316839.5
2025-11-15,AST-022,7.83,Turnaround,Planned,China,Upstream,25078.0,1648968.0
2025-11-15,AST-023,23.53,Corrective,Planned,Europe,Upstream,14836.5,1170890.0
2025-11-15,AST-026,2.94,Corrective,Planned,Middle East,Upstream,18825.0,1356547.0
2025-11-15,AST-027,4.67,Preventive,Planned,China,Upstream,23257.0,1475106.0
2025-11-15,AST-036,20.3,Preventive,Unplanned,India,Integrated Gas,56961.0,4479469.0
2025-11-15,AST-041,2.35,Inspection,Planned,India,Integrated Gas,11272.0,926855.0
2025-11-15,AST-043,5.48,Preventive,Planned,North America,Upstream,23210.0,1781796.0
2025-11-15,AST-047,3.73,Preventive,Planned,China,Upstream,10039.0,733678.0
2025-11-15,AST-048,30.72,Inspection,Unplanned,Africa,Chemicals & Products,41737.0,2799903.0
2025-11-15,AST-050,27.06,Inspection,Planned,North America,Upstream,13759.5,1001478.0
2025-11-16,AST-006,2.49,Corrective,Planned,Africa,Integrated Gas,13865.0,901143.0
2025-11-16,AST-011,6.3,Preventive,Planned,Middle East,Upstream,10202.0,769495.0
2025-11-16,AST-012,3.92,Corrective,Planned,Africa,Upstream,20695.0,1452537.0
2025-11-16,AST-020,19.08,Corrective,Planned,China,Chemicals & Products,28355.0,2131586.5
2025-11-16,AST-021,5.16,Preventive,Unplanned,Middle East,Chemicals & Products,25321.0,1836224.0
2025-11-16,AST-023,18.04,Corrective,Unplanned,Europe,Upstream,23662.0,1703892.0
2025-11-16,AST-032,17.38,Corrective,Unplanned,Europe,Upstream,58928.0,4831533.0
2025-11-16,AST-036,8.39,Corrective,Planned,India,Integrated Gas,29382.0,2333924.0
2025-11-16,AST-037,4.21,Corrective,Planned,Africa,Upstream,9205.0,701906.0
2025-11-16,AST-039,28.93,Inspection,Planned,Europe,Integrated Gas,42067.33,3084779.33
2025-11-16,AST-041,1.16,Corrective,Planned,India,Integrated Gas,6058.0,419767.0
2025-11-17,AST-002,3.04,Preventive,Planned,North America,Upstream,7772.0,586919.0
2025-11-17,AST-003,3.62,Corrective,Planned,Middle East,Upstream,18069.0,1483097.0
2025-11-17,AST-016,2.02,Preventive,Planned,North America,Upstream,4391.0,377674.0
2025-11-17,AST-020,9.36,Inspection,Planned,China,Chemicals & Products,12042.0,894700.0
2025-11-17,AST-022,7.64,Preventive,Planned,China,Upstream,21925.0,1557760.0
2025-11-17,AST-029,1.06,Preventive,Planned,Middle East,Integrated Gas,7234.0,600773.0
2025-11-17,AST-035,11.8,Preventive,Planned,Africa,Upstream,68747.0,4917502.0
2025-11-17,AST-036,1.62,Preventive,Planned,India,Integrated Gas,5066.0,332982.0
2025-11-17,AST-038,1.48,Preventive,Planned,North America,Integrated Gas,4162.0,310717.0
2025-11-17,AST-039,3.28,Corrective,Planned,Europe,Integrated Gas,15237.0,1210005.0
2025-11-17,AST-043,17.86,Inspection,Unplanned,North America,Upstream,81699.0,5689139.0
2025-11-17,AST-048,4.51,Preventive,Unplanned,Africa,Chemicals & Products,6590.0,553266.0
2025-11-17,AST-049,9.61,Preventive,Planned,North America,Upstream,13321.5,988703.5
2025-11-17,AST-050,5.61,Inspection,Planned,North America,Upstream,7048.0,485094.0
2025-11-18,AST-001,2.47,Preventive,Planned,India,Upstream,5494.0,378669.0
2025-11-18,AST-004,0.8,Preventive,Planned,China,Upstream,2836.0,179720.0
2025-11-18,AST-007,5.57,Turnaround,Planned,India,Chemicals & Products,17542.0,1384954.0
2025-11-18,AST-011,0.27,Preventive,Planned,Middle East,Upstream,405.0,27763.0
2025-11-18,AST-013,9.09,Corrective,Planned,North America,Upstream,14670.5,1134421.5
2025-11-18,AST-015,13.65,Corrective,Unplanned,North America,Integrated Gas,60858.0,4623492.0
2025-11-18,AST-020,21.49,Corrective,Planned,China,Chemicals & Products,28834.0,2109607.5
2025-11-18,AST-021,4.86,Preventive,Planned,Middle East,Chemicals & Products,19185.0,1390952.0
2025-11-18,AST-022,11.78,Preventive,Unplanned,China,Upstream,33529.0,2282654.0
2025-11-18,AST-023,9.28,Preventive,Planned,Europe,Upstream,12078.0,904041.0
2025-11-18,AST-024,3.97,Preventive,Planned,Africa,Integrated Gas,7234.0,570290.0
2025-11-18,AST-026,1.49,Inspection,Planned,Middle East,Upstream,9926.0,795177.0
2025-11-18,AST-030,5.6,Preventive,Planned,China,Integrated Gas,26549.0,1794268.0
2025-11-18,AST-044,9.71,Corrective,Planned,China,Upstream,15417.5,1219718.0
2025-11-19,AST-004,19.43,Preventive,Planned,China,Upstream,44873.0,3089327.0
2025-11-19,AST-009,1.2,Corrective,Planned,Europe,Upstream,1988.0,140586.0
2025-11-19,AST-012,1.31,Preventive,Planned,Africa,Upstream,6851.0,532332.0
2025-11-19,AST-020,8.69,Corrective,Planned,China,Chemicals & Products,25293.0,1753413.0
2025-11-19,AST-023,33.75,Inspection,Unplanned,Europe,Upstream,24229.0,1684674.0
2025-11-19,AST-026,17.06,Preventive,Planned,Middle East,Upstream,56531.5,4252898.5
2025-11-19,AST-027,2.16,Corrective,Planned,China,Upstream,11731.0,823164.0
2025-11-19,AST-028,1.92,Preventive,Planned,North America,Integrated Gas,5015.0,345908.0
2025-11-19,AST-031,13.95,Preventive,Unplanned,China,Integrated Gas,60240.0,4212712.0
2025-11-19,AST-032,2.54,Preventive,Planned,Europe,Upstream,7859.0,688267.0
2025-11-19,AST-035,3.23,Inspection,Planned,Africa,Upstream,17382.0,1227278.0
2025-11-19,AST-039,8.73,Preventive,Unplanned,Europe,Integrated Gas,35170.0,3058083.0
2025-11-19,AST-044,16.17,Preventive,Unplanned,China,Upstream,46742.0,3719380.0
2025-11-20,AST-002,15.26,Inspection,Planned,North America,Upstream,18216.5,1241753.5
2025-11-20,AST-004,4.84,Inspection,Planned,China,Upstream,16146.0,1207487.0
2025-11-20,AST-008,4.32,Corrective,Planned,North America,Upstream,23725.0,1964368.0
2025-11-20,AST-009,18.15,Preventive,Unplanned,Europe,Upstream,33852.0,2253321.0
2025-11-20,AST-015,10.35,Turnaround,Unplanned,North America,Integrated Gas,38942.0,3046798.0
2025-11-20,AST-018,4.56,Turnaround,Planned,India,Integrated Gas,14491.0,1165555.0
2025-11-20,AST-019,14.52,Corrective,Unplanned,Africa,Upstream,42785.0,3283747.0
2025-11-20,AST-021,5.37,Corrective,Planned,Middle East,Chemicals & Products,22680.0,1669848.0
2025-11-20,AST-023,3.58,Corrective,Planned,Europe,Upstream,4076.0,271626.0
2025-11-20,AST-026,3.86,Inspection,Planned,Middle East,Upstream,26641.0,1795607.0
2025-11-20,AST-035,3.67,Preventive,Planned,Africa,Upstream,24192.0,1573883.0
2025-11-20,AST-036,4.39,Preventive,Planned,India,Integrated Gas,15449.0,1189737.0
2025-11-20,AST-040,4.1,Corrective,Planned,Middle East,Integrated Gas,6809.0,582237.0
2025-11-20,AST-041,5.94,Corrective,Planned,India,Integrated Gas,35127.0,2917562.0
2025-11-20,AST-049,1.99,Corrective,Planned,North America,Upstream,6653.0,507548.0
2025-11-21,AST-001,1.88,Preventive,Planned,India,Upstream,4984.0,375328.0
2025-11-21,AST-004,1.93,Corrective,Planned,China,Upstream,9263.0,742248.0
2025-11-21,AST-006,16.8,Corrective,Planned,Africa,Integrated Gas,36531.5,3048716.0
2025-11-21,AST-008,7.1,Preventive,Planned,North America,Upstream,17077.0,1310893.5
2025-11-21,AST-013,2.78,Inspection,Planned,North America,Upstream,9571.0,665554.0
2025-11-21,AST-019,3.57,Preventive,Planned,Africa,Upstream,9307.0,680002.0
2025-11-21,AST-020,25.02,Preventive,Unplanned,China,Chemicals & Products,69748.0,5374622.0
2025-11-21,AST-027,3.82,Preventive,Planned,China,Upstream,20247.0,1663634.0
2025-11-21,AST-028,11.96,Corrective,Planned,North America,Integrated Gas,13045.0,906774.5
2025-11-21,AST-029,0.38,Turnaround,Unplanned,Middle East,Integrated Gas,2479.0,195757.0
2025-11-21,AST-034,15.1,Corrective,Unplanned,Middle East,Upstream,21171.0,1686709.0
2025-11-21,AST-037,3.0,Preventive,Planned,Africa,Upstream,6318.0,467141.0
2025-11-21,AST-038,3.25,Turnaround,Planned,North America,Integrated Gas,9521.0,636632.0
2025-11-21,AST-039,8.4,Corrective,Unplanned,Europe,Integrated Gas,33338.0,2410097.0
2025-11-21,AST-045,4.06,Preventive,Planned,India,Upstream,17344.0,1158750.0
2025-11-21,AST-046,3.89,Preventive,Planned,Africa,Upstream,15052.0,970150.0
2025-11-21,AST-047,1.76,Corrective,Planned,China,Upstream,7159.0,605255.0
2025-11-21,AST-050,2.22,Inspection,Planned,North America,Upstream,2404.0,190292.0
2025-11-22,AST-004,2.69,Preventive,Planned,China,Upstream,9323.0,612997.0
2025-11-22,AST-006,2.64,Preventive,Planned,Africa,Integrated Gas,10028.0,774770.0
2025-11-22,AST-012,30.17,Corrective,Planned,Africa,Upstream,79739.5,5814894.5
2025-11-22,AST-015,17.02,Corrective,Unplanned,North America,Integrated Gas,57317.0,3833981.0
2025-11-22,AST-026,3.86,Preventive,Planned,Middle East,Upstream,21671.0,1525692.0
2025-11-22,AST-027,5.09,Inspection,Planned,China,Upstream,19022.0,1547549.0
2025-11-22,AST-035,15.11,Preventive,Unplanned,Africa,Upstream,92254.0,7930103.0
2025-11-22,AST-037,3.21,Turnaround,Planned,Africa,Upstream,7151.0,508636.0
2025-11-22,AST-040,6.57,Preventive,Planned,Middle East,Integrated Gas,10504.0,795946.0
2025-11-22,AST-050,3.45,Preventive,Planned,North America,Upstream,3919.0,277191.0
2025-11-23,AST-001,2.02,Turnaround,Planned,India,Upstream,6068.0,468273.0
2025-11-23,AST-002,2.79,Preventive,Planned,North America,Upstream,7696.0,513969.0
2025-11-23,AST-010,2.66,Preventive,Planned,India,Upstream,2499.0,181777.0
2025-11-23,AST-011,18.57,Corrective,Unplanned,Middle East,Upstream,25121.0,1692720.0
2025-11-23,AST-013,1.74,Corrective,Planned,North America,Upstream,5616.0,504257.0
2025-11-23,AST-015,3.54,Corrective,Planned,North America,Integrated Gas,14979.0,1208815.0
2025-11-23,AST-016,11.97,Corrective,Planned,North America,Upstream,11554.5,852249.0
2025-11-23,AST-018,2.72,Preventive,Planned,India,Integrated Gas,4505.5,355332.0
2025-11-23,AST-019,3.87,Preventive,Planned,Africa,Upstream,13766.0,1218047.0
2025-11-23,AST-020,5.37,Preventive,Planned,China,Chemicals & Products,12458.0,766814.0
2025-11-23,AST-026,1.33,Turnaround,Planned,Middle East,Upstream,6236.0,465806.0
2025-11-23,AST-033,8.27,Corrective,Planned,India,Integrated Gas,18936.0,1249057.0
2025-11-23,AST-037,2.17,Turnaround,Planned,Africa,Upstream,4181.0,262344.0
2025-11-23,AST-038,11.74,Corrective,Unplanned,North America,Integrated Gas,30828.0,2301638.0
2025-11-23,AST-039,33.75,Preventive,Planned,Europe,Integrated Gas,68097.0,5032127.5
2025-11-23,AST-040,4.54,Corrective,Planned,Middle East,Integrated Gas,4598.5,351066.0
2025-11-23,AST-043,4.62,Corrective,Unplanned,North America,Upstream,19315.0,1422707.0
2025-11-23,AST-049,7.58,Corrective,Planned,North America,Upstream,12044.0,939270.0
2025-11-23,AST-050,0.48,Corrective,Planned,North America,Upstream,549.0,36033.0
2025-11-24,AST-001,1.44,Preventive,Planned,India,Upstream,3580.0,272984.0
2025-11-24,AST-010,5.2,Preventive,Planned,India,Upstream,5059.0,354907.0
2025-11-24,AST-015,4.77,Preventive,Planned,North America,Integrated Gas,20372.0,1275406.0
2025-11-24,AST-019,6.03,Preventive,Planned,Africa,Upstream,7023.0,461776.5
2025-11-24,AST-022,8.06,Corrective,Unplanned,China,Upstream,12299.5,864052.5
2025-11-24,AST-028,6.72,Inspection,Planned,North America,Integrated Gas,16167.0,1385596.0
2025-11-24,AST-029,2.2,Preventive,Planned,Middle East,Integrated Gas,14721.0,1204732.0
2025-11-24,AST-032,0.51,Preventive,Planned,Europe,Upstream,1636.0,135153.0
2025-11-24,AST-042,5.57,Corrective,Planned,North America,Integrated Gas,30277.0,2290232.0
2025-11-24,AST-043,4.06,Preventive,Planned,North America,Upstream,20392.0,1256208.0
2025-11-25,AST-004,2.88,Inspection,Planned,China,Upstream,13007.0,1018135.0
2025-11-25,AST-011,2.86,Preventive,Planned,Middle East,Upstream,4520.0,351466.0
2025-11-25,AST-014,4.48,Preventive,Planned,North America,Upstream,6921.0,495205.0
2025-11-25,AST-015,1.37,Inspection,Planned,North America,Integrated Gas,4888.0,371987.0
2025-11-25,AST-016,5.63,Preventive,Planned,North America,Upstream,8821.0,717172.0
2025-11-25,AST-020,7.37,Corrective,Unplanned,China,Chemicals & Products,17506.0,1397564.0
2025-11-25,AST-021,2.37,Corrective,Planned,Middle East,Chemicals & Products,10879.0,885648.0
2025-11-25,AST-025,20.8,Turnaround,Planned,North America,Upstream,109501.0,8025373.0
2025-11-25,AST-029,3.03,Preventive,Planned,Middle East,Integrated Gas,23547.0,1786927.0
2025-11-25,AST-033,2.2,Inspection,Planned,India,Integrated Gas,5992.0,452146.0
2025-11-25,AST-034,5.44,Corrective,Planned,Middle East,Upstream,4256.0,287518.5
2025-11-25,AST-035,7.19,Preventive,Unplanned,Africa,Upstream,37604.0,2913393.0
2025-11-25,AST-037,12.6,Inspection,Unplanned,Africa,Upstream,31370.0,2002542.0
2025-11-25,AST-040,0.36,Corrective,Planned,Middle East,Integrated Gas,698.0,49814.0
2025-11-25,AST-050,7.01,Inspection,Planned,North America,Upstream,8274.0,609122.0
2025-11-26,AST-004,10.05,Preventive,Planned,China,Upstream,41437.0,2666665.0
2025-11-26,AST-013,7.95,Preventive,Planned,North America,Upstream,31728.0,2147699.0
2025-11-26,AST-015,18.04,Corrective,Unplanned,North America,Integrated Gas,63389.0,5336370.0
2025-11-26,AST-018,2.74,Inspection,Planned,India,Integrated Gas,8685.0,702778.0
2025-11-26,AST-021,19.11,Inspection,Unplanned,Middle East,Chemicals & Products,84235.0,6048554.0
2025-11-26,AST-023,2.18,Corrective,Planned,Europe,Upstream,2978.0,238186.0
2025-11-26,AST-030,5.33,Corrective,Planned,China,Integrated Gas,30459.0,2136051.0
2025-11-26,AST-033,8.1,Preventive,Planned,India,Integrated Gas,19835.0,1471690.0
2025-11-26,AST-034,2.56,Corrective,Planned,Middle East,Upstream,4226.0,327792.0
2025-11-26,AST-042,10.54,Preventive,Planned,North America,Integrated Gas,17280.67,1293215.0
2025-11-26,AST-049,4.31,Corrective,Planned,North America,Upstream,14831.0,1259613.0
2025-11-27,AST-001,7.83,Corrective,Unplanned,India,Upstream,19980.0,1739090.0
2025-11-27,AST-007,21.56,Corrective,Unplanned,India,Chemicals & Products,73723.0,5982213.0
2025-11-27,AST-010,2.78,Preventive,Planned,India,Upstream,3390.0,242196.0
2025-11-27,AST-011,1.11,Preventive,Planned,Middle East,Upstream,1618.0,99958.0
2025-11-27,AST-023,0.43,Preventive,Planned,Europe,Upstream,523.0,37237.0
2025-11-27,AST-025,6.45,Inspection,Planned,North America,Upstream,40063.0,2980916.0
2025-11-27,AST-029,10.39,Preventive,Planned,Middle East,Integrated Gas,54937.0,3988863.0
2025-11-27,AST-038,1.7,Preventive,Planned,North America,Integrated Gas,3840.0,278715.0
2025-11-27,AST-039,5.26,Corrective,Planned,Europe,Integrated Gas,22768.0,1657981.0
2025-11-27,AST-040,10.1,Preventive,Planned,Middle East,Integrated Gas,10879.5,751790.5
2025-11-27,AST-043,2.57,Preventive,Unplanned,North America,Upstream,11068.0,854686.0
2025-11-27,AST-044,1.83,Corrective,Planned,China,Upstream,5271.0,380299.0
2025-11-27,AST-047,3.28,Corrective,Planned,China,Upstream,13856.0,1060240.0
2025-11-28,AST-002,2.46,Preventive,Planned,North America,Upstream,6149.0,487209.0
2025-11-28,AST-009,15.18,Corrective,Planned,Europe,Upstream,9685.67,630227.0
2025-11-28,AST-029,5.18,Inspection,Unplanned,Middle East,Integrated Gas,35006.0,2532238.0
2025-11-28,AST-030,3.98,Corrective,Planned,China,Integrated Gas,21566.0,1337668.0
2025-11-28,AST-032,1.79,Inspection,Planned,Europe,Upstream,5768.0,460136.0
2025-11-28,AST-033,9.6,Inspection,Unplanned,India,Integrated Gas,20860.0,1591964.0
2025-11-28,AST-038,2.17,Inspection,Planned,North America,Integrated Gas,4282.0,280025.0
2025-11-28,AST-039,14.34,Corrective,Unplanned,Europe,Integrated Gas,59010.0,4649262.0
2025-11-28,AST-040,0.99,Corrective,Planned,Middle East,Integrated Gas,1828.0,126822.0
2025-11-28,AST-044,7.77,Inspection,Planned,China,Upstream,24608.0,1818587.0
2025-11-28,AST-047,0.95,Preventive,Planned,China,Upstream,4599.0,350850.0
2025-11-29,AST-003,1.1,Corrective,Planned,Middle East,Upstream,5376.0,362918.0
2025-11-29,AST-004,3.9,Preventive,Planned,China,Upstream,8837.0,623723.5
2025-11-29,AST-009,3.95,Preventive,Planned,Europe,Upstream,7174.0,415330.0
2025-11-29,AST-014,5.79,Preventive,Planned,North America,Upstream,9501.0,700641.0
2025-11-29,AST-024,3.46,Preventive,Planned,Africa,Integrated Gas,4851.0,373454.0
2025-11-29,AST-025,7.22,Turnaround,Unplanned,North America,Upstream,53382.0,4370308.0
2025-11-29,AST-030,6.27,Preventive,Planned,China,Integrated Gas,34018.0,2459293.0
2025-11-29,AST-031,4.64,Inspection,Planned,China,Integrated Gas,18642.0,1299447.0
2025-11-29,AST-037,2.71,Inspection,Planned,Africa,Upstream,5789.0,458108.0
2025-11-29,AST-038,3.17,Preventive,Planned,North America,Integrated Gas,8123.0,586828.0
2025-11-29,AST-042,10.7,Corrective,Planned,North America,Integrated Gas,23160.0,1697126.0
2025-11-29,AST-044,2.12,Turnaround,Planned,China,Upstream,8429.0,515689.0
2025-11-30,AST-004,1.94,Corrective,Planned,China,Upstream,6009.0,408532.0
2025-11-30,AST-006,4.81,Corrective,Planned,Africa,Integrated Gas,10292.0,694788.0
2025-11-30,AST-007,1.93,Preventive,Planned,India,Chemicals & Products,5881.0,437768.0
2025-11-30,AST-010,10.04,Inspection,Planned,India,Upstream,10780.0,949338.0
2025-11-30,AST-013,17.24,Corrective,Planned,North America,Upstream,18631.67,1442122.67
2025-11-30,AST-014,7.32,Preventive,Planned,North America,Upstream,5974.0,402027.5
2025-11-30,AST-018,5.37,Inspection,Planned,India,Integrated Gas,18729.0,1268299.0
2025-11-30,AST-022,12.32,Preventive,Unplanned,China,Upstream,33864.0,2225343.0
2025-11-30,AST-027,22.43,Preventive,Planned,China,Upstream,49502.5,3592762.0
2025-11-30,AST-032,17.07,Inspection,Planned,Europe,Upstream,42408.0,3656847.0
2025-11-30,AST-034,9.53,Corrective,Planned,Middle East,Upstream,6345.5,517137.5
2025-11-30,AST-035,3.48,Inspection,Planned,Africa,Upstream,23222.0,1683667.0
2025-11-30,AST-045,3.07,Corrective,Planned,India,Upstream,7379.5,602501.5
2025-12-01,AST-003,1.49,Corrective,Planned,Middle East,Upstream,7014.0,533497.0
2025-12-01,AST-005,1.15,Corrective,Planned,China,Integrated Gas,6493.0,443050.0
2025-12-01,AST-006,5.37,Preventive,Planned,Africa,Integrated Gas,27176.0,1941449.0
2025-12-01,AST-016,10.44,Corrective,Unplanned,North America,Upstream,15338.0,1132380.0
2025-12-01,AST-021,4.29,Inspection,Planned,Middle East,Chemicals & Products,8809.5,584820.0
2025-12-01,AST-022,5.61,Preventive,Planned,China,Upstream,15949.0,1279275.0
2025-12-01,AST-026,3.63,Corrective,Planned,Middle East,Upstream,11564.0,791200.5
2025-12-01,AST-034,18.97,Inspection,Unplanned,Middle East,Upstream,34759.0,2578560.0
2025-12-01,AST-036,29.08,Inspection,Unplanned,India,Integrated Gas,82162.0,6180366.0
2025-12-01,AST-038,3.79,Corrective,Planned,North America,Integrated Gas,9864.0,808280.0
2025-12-01,AST-039,15.97,Preventive,Unplanned,Europe,Integrated Gas,61879.0,5085095.0
2025-12-01,AST-040,0.97,Corrective,Planned,Middle East,Integrated Gas,1539.0,135595.0
2025-12-01,AST-041,5.14,Preventive,Unplanned,India,Integrated Gas,31065.0,2088647.0
2025-12-01,AST-042,2.44,Preventive,Planned,North America,Integrated Gas,12553.0,926317.0
2025-12-01,AST-044,4.78,Preventive,Planned,China,Upstream,9087.5,678864.5
2025-12-01,AST-047,16.6,Corrective,Planned,China,Upstream,37947.5,2916431.5
2025-12-02,AST-001,2.44,Preventive,Planned,India,Upstream,5889.0,416176.0
2025-12-02,AST-007,6.61,Inspection,Planned,India,Chemicals & Products,9113.5,648482.5
2025-12-02,AST-009,4.55,Turnaround,Unplanned,Europe,Upstream,6816.0,534631.0
2025-12-02,AST-013,1.4,Turnaround,Planned,North America,Upstream,5271.0,443995.0
2025-12-02,AST-015,11.98,Corrective,Planned,North America,Integrated Gas,49337.0,3671646.0
2025-12-02,AST-024,7.14,Preventive,Planned,Africa,Integrated Gas,10398.0,930924.0
2025-12-02,AST-025,5.45,Preventive,Planned,North America,Upstream,16244.0,1246639.5
2025-12-02,AST-031,1.69,Inspection,Planned,China,Integrated Gas,6550.0,424736.0
2025-12-02,AST-037,2.22,Preventive,Planned,Africa,Upstream,4842.0,366505.0
2025-12-02,AST-038,11.62,Corrective,Unplanned,North America,Integrated Gas,29021.0,2218407.0
2025-12-02,AST-043,3.37,Corrective,Planned,North America,Upstream,15407.0,1283037.0
2025-12-02,AST-045,2.71,Preventive,Planned,India,Upstream,10593.0,724697.0
2025-12-02,AST-050,10.04,Corrective,Planned,North America,Upstream,5516.5,460422.5
2025-12-03,AST-001,0.43,Inspection,Planned,India,Upstream,932.0,64517.0
2025-12-03,AST-009,2.5,Preventive,Planned,Europe,Upstream,4979.0,397656.0
2025-12-03,AST-011,5.78,Preventive,Planned,Middle East,Upstream,7517.0,620379.0
2025-12-03,AST-012,3.6,Corrective,Planned,Africa,Upstream,14989.0,1101950.0
2025-12-03,AST-014,10.25,Preventive,Unplanned,North America,Upstream,17640.0,1440553.0
2025-12-03,AST-018,10.66,Corrective,Planned,India,Integrated Gas,18870.5,1452587.5
2025-12-03,AST-019,2.15,Preventive,Planned,Africa,Upstream,5636.0,372450.0
2025-12-03,AST-020,5.33,Inspection,Planned,China,Chemicals & Products,13706.0,939498.0
2025-12-03,AST-021,14.38,Turnaround,Planned,Middle East,Chemicals & Products,60913.0,4758245.0
2025-12-03,AST-023,6.4,Preventive,Planned,Europe,Upstream,8078.0,560010.0
2025-12-03,AST-028,9.63,Turnaround,Planned,North America,Integrated Gas,19157.0,1541218.0
2025-12-03,AST-030,2.86,Preventive,Planned,China,Integrated Gas,12614.0,848984.0
2025-12-03,AST-032,2.97,Turnaround,Planned,Europe,Upstream,9031.0,736233.0
2025-12-03,AST-033,6.77,Corrective,Planned,India,Integrated Gas,16568.0,1174576.0
2025-12-03,AST-035,9.77,Preventive,Planned,Africa,Upstream,27328.5,2136195.5
2025-12-03,AST-038,2.89,Corrective,Planned,North America,Integrated Gas,7900.0,615607.0
2025-12-03,AST-042,1.99,Preventive,Planned,North America,Integrated Gas,10454.0,741717.0
2025-12-03,AST-043,2.89,Inspection,Unplanned,North America,Upstream,14555.0,1055239.0
2025-12-03,AST-049,3.6,Preventive,Planned,North America,Upstream,10296.0,852542.0
2025-12-04,AST-001,7.65,Corrective,Planned,India,Upstream,21549.0,1524314.0
2025-12-04,AST-008,2.7,Preventive,Planned,North America,Upstream,12386.0,932972.0
2025-12-04,AST-009,1.53,Turnaround,Unplanned,Europe,Upstream,2592.0,188237.0
2025-12-04,AST-010,0.56,Turnaround,Planned,India,Upstream,578.0,40401.0
2025-12-04,AST-013,4.1,Inspection,Planned,North America,Upstream,15481.0,1237641.0
2025-12-04,AST-014,4.91,Preventive,Planned,North America,Upstream,8781.0,750976.0
2025-12-04,AST-018,9.16,Corrective,Unplanned,India,Integrated Gas,29408.0,2399750.0
2025-12-04,AST-019,4.34,Inspection,Planned,Africa,Upstream,15275.0,1136711.0
2025-12-04,AST-022,15.57,Corrective,Unplanned,China,Upstream,41527.0,3272381.0
2025-12-04,AST-023,3.25,Preventive,Planned,Europe,Upstream,4253.0,379177.0
2025-12-04,AST-029,5.84,Corrective,Planned,Middle East,Integrated Gas,18540.0,1395724.0
2025-12-04,AST-030,1.23,Preventive,Planned,China,Integrated Gas,6403.0,536613.0
2025-12-04,AST-034,6.28,Corrective,Planned,Middle East,Upstream,9770.0,676876.0
2025-12-04,AST-037,6.42,Inspection,Planned,Africa,Upstream,12985.0,991178.0
2025-12-04,AST-039,12.8,Preventive,Planned,Europe,Integrated Gas,29255.0,2101390.5
2025-12-04,AST-041,12.91,Corrective,Planned,India,Integrated Gas,36692.0,2460443.5
2025-12-04,AST-042,9.01,Preventive,Planned,North America,Integrated Gas,52715.0,4337179.0
2025-12-04,AST-047,13.3,Corrective,Planned,China,Upstream,18641.33,1434176.67
2025-12-04,AST-049,2.84,Preventive,Planned,North America,Upstream,10678.0,701375.0
2025-12-05,AST-001,7.15,Corrective,Planned,India,Upstream,15837.0,1415359.0
2025-12-05,AST-005,5.48,Corrective,Planned,China,Integrated Gas,30284.0,2346905.0
2025-12-05,AST-010,9.4,Preventive,Planned,India,Upstream,3562.67,272603.33
2025-12-05,AST-016,22.51,Turnaround,Planned,North America,Upstream,23616.5,1996088.0
2025-12-05,AST-018,10.71,Corrective,Planned,India,Integrated Gas,16208.5,1298289.5
2025-12-05,AST-028,2.71,Preventive,Planned,North America,Integrated Gas,5709.0,392699.0
2025-12-05,AST-030,5.76,Preventive,Planned,China,Integrated Gas,35164.0,2952793.0
2025-12-05,AST-032,13.54,Preventive,Unplanned,Europe,Upstream,42223.0,3276730.0
2025-12-05,AST-037,14.06,Corrective,Unplanned,Africa,Upstream,13602.5,923083.5
2025-12-05,AST-038,10.64,Preventive,Planned,North America,Integrated Gas,29899.0,2133480.0
2025-12-05,AST-039,2.93,Preventive,Planned,Europe,Integrated Gas,12630.0,1017361.0
2025-12-05,AST-043,1.57,Preventive,Planned,North America,Upstream,7452.0,633402.0
2025-12-05,AST-045,1.16,Turnaround,Planned,India,Upstream,5369.0,397800.0
2025-12-05,AST-048,7.96,Turnaround,Planned,Africa,Chemicals & Products,11018.0,853998.0
2025-12-05,AST-050,10.0,Preventive,Planned,North America,Upstream,5693.5,389132.0
2025-12-06,AST-005,26.74,Corrective,Planned,China,Integrated Gas,74436.5,5830321.5
2025-12-06,AST-008,2.64,Corrective,Planned,North America,Upstream,15406.0,1153130.0
2025-12-06,AST-012,2.69,Corrective,Planned,Africa,Upstream,14183.0,1100843.0
2025-12-06,AST-015,2.26,Inspection,Planned,North America,Integrated Gas,7773.0,621327.0
2025-12-06,AST-027,5.65,Preventive,Planned,China,Upstream,27612.0,2366512.0
2025-12-06,AST-028,1.31,Corrective,Planned,North America,Integrated Gas,2819.0,246060.0
2025-12-06,AST-030,1.69,Corrective,Planned,China,Integrated Gas,8155.0,661705.0
2025-12-06,AST-034,0.93,Corrective,Planned,Middle East,Upstream,1109.0,89934.0
2025-12-06,AST-037,7.57,Corrective,Planned,Africa,Upstream,17746.0,1200245.0
2025-12-06,AST-038,35.23,Preventive,Planned,North America,Integrated Gas,45461.0,3704362.0
2025-12-06,AST-039,0.89,Turnaround,Planned,Europe,Integrated Gas,4392.0,306422.0
2025-12-06,AST-044,5.24,Corrective,Planned,China,Upstream,15339.0,1046592.0
2025-12-06,AST-045,3.36,Preventive,Planned,India,Upstream,13652.0,981886.0
2025-12-06,AST-049,4.09,Corrective,Planned,North America,Upstream,16639.0,1478223.0
2025-12-07,AST-001,1.3,Corrective,Planned,India,Upstream,2597.0,215734.0
2025-12-07,AST-005,4.83,Preventive,Planned,China,Integrated Gas,12969.5,901726.5
2025-12-07,AST-006,7.16,Preventive,Planned,Africa,Integrated Gas,35327.0,2439397.0
2025-12-07,AST-011,5.37,Corrective,Unplanned,Middle East,Upstream,7225.0,633478.0
2025-12-07,AST-014,4.38,Corrective,Planned,North America,Upstream,7877.0,543217.0
2025-12-07,AST-015,6.78,Inspection,Planned,North America,Integrated Gas,32146.0,2250840.0
2025-12-07,AST-016,0.97,Corrective,Planned,North America,Upstream,1752.0,120462.0
2025-12-07,AST-017,3.2,Turnaround,Planned,Middle East,Chemicals & Products,14930.0,1221685.0
2025-12-07,AST-020,0.99,Preventive,Planned,China,Chemicals & Products,1869.0,135402.0
2025-12-07,AST-022,3.41,Inspection,Planned,China,Upstream,4652.5,379289.0
2025-12-07,AST-026,15.63,Corrective,Planned,Middle East,Upstream,97490.0,6676950.0
2025-12-07,AST-027,6.33,Preventive,Planned,China,Upstream,32866.0,2540435.0
2025-12-07,AST-029,3.77,Corrective,Planned,Middle East,Integrated Gas,25035.0,2067167.0
2025-12-07,AST-031,11.13,Preventive,Planned,China,Integrated Gas,58227.0,4360735.0
2025-12-07,AST-032,2.93,Corrective,Planned,Europe,Upstream,10826.0,809001.0
2025-12-07,AST-038,1.54,Corrective,Planned,North America,Integrated Gas,4375.0,301554.0
2025-12-07,AST-040,11.28,Preventive,Unplanned,Middle East,Integrated Gas,18501.0,1411838.0
2025-12-07,AST-042,1.99,Turnaround,Planned,North America,Integrated Gas,9066.0,579836.0
2025-12-07,AST-044,7.67,Preventive,Planned,China,Upstream,23657.0,1864026.0
2025-12-07,AST-047,1.86,Inspection,Planned,China,Upstream,8302.0,625991.0
2025-12-07,AST-048,8.5,Preventive,Planned,Africa,Chemicals & Products,6002.5,452870.0
2025-12-08,AST-007,3.71,Preventive,Planned,India,Chemicals & Products,8544.0,629732.0
2025-12-08,AST-009,7.37,Inspection,Planned,Europe,Upstream,14923.0,1026403.0
2025-12-08,AST-017,3.93,Inspection,Planned,Middle East,Chemicals & Products,17572.0,1409984.0
2025-12-08,AST-018,5.03,Corrective,Planned,India,Integrated Gas,15125.0,1259191.0
2025-12-08,AST-019,2.02,Preventive,Planned,Africa,Upstream,6275.0,462932.0
2025-12-08,AST-020,3.58,Inspection,Planned,China,Chemicals & Products,9077.0,606100.0
2025-12-08,AST-022,0.67,Inspection,Planned,China,Upstream,2214.0,179988.0
2025-12-08,AST-024,4.18,Inspection,Planned,Africa,Integrated Gas,6449.0,534100.0
2025-12-08,AST-025,0.84,Preventive,Planned,North America,Upstream,6715.0,548098.0
2025-12-08,AST-026,2.78,Corrective,Planned,Middle East,Upstream,15628.0,1339942.0
2025-12-08,AST-029,4.84,Corrective,Planned,Middle East,Integrated Gas,33002.0,2421007.0
2025-12-08,AST-034,5.8,Corrective,Planned,Middle East,Upstream,8936.0,753051.0
2025-12-08,AST-035,3.69,Preventive,Planned,Africa,Upstream,22929.0,1714497.0
2025-12-08,AST-040,3.14,Corrective,Planned,Middle East,Integrated Gas,6223.0,502233.0
2025-12-08,AST-045,10.58,Preventive,Planned,India,Upstream,50746.0,3805709.0
2025-12-09,AST-001,12.52,Preventive,Unplanned,India,Upstream,26302.0,2210639.0
2025-12-09,AST-004,2.88,Preventive,Planned,China,Upstream,10353.0,729015.0
2025-12-09,AST-010,8.16,Corrective,Planned,India,Upstream,8334.0,648298.0
2025-12-09,AST-012,15.03,Preventive,Unplanned,Africa,Upstream,68325.0,5086519.0
2025-12-09,AST-016,0.54,Corrective,Planned,North America,Upstream,848.0,69415.0
2025-12-09,AST-025,30.03,Inspection,Unplanned,North America,Upstream,218655.0,15315937.0
2025-12-09,AST-032,0.77,Corrective,Planned,Europe,Upstream,2562.0,187794.0
2025-12-09,AST-034,2.24,Preventive,Planned,Middle East,Upstream,2972.0,238926.0
2025-12-09,AST-038,4.54,Corrective,Planned,North America,Integrated Gas,14200.0,1052521.0
2025-12-09,AST-039,3.49,Preventive,Planned,Europe,Integrated Gas,13624.0,997871.0
2025-12-09,AST-040,3.17,Corrective,Planned,Middle East,Integrated Gas,5609.0,441956.0
2025-12-09,AST-041,1.8,Corrective,Planned,India,Integrated Gas,9694.0,842610.0
2025-12-10,AST-004,3.16,Preventive,Planned,China,Upstream,11820.0,1036038.0
2025-12-10,AST-006,3.23,Preventive,Planned,Africa,Integrated Gas,14617.0,1267986.0
2025-12-10,AST-008,9.69,Corrective,Planned,North America,Upstream,28013.0,2280815.0
2025-12-10,AST-009,13.5,Inspection,Unplanned,Europe,Upstream,25380.0,1756936.0
2025-12-10,AST-010,1.08,Corrective,Planned,India,Upstream,1202.0,98325.0
2025-12-10,AST-011,6.72,Inspection,Planned,Middle East,Upstream,5413.0,455355.0
2025-12-10,AST-030,6.35,Corrective,Planned,China,Integrated Gas,30664.0,2013290.0
2025-12-10,AST-031,3.08,Corrective,Planned,China,Integrated Gas,15367.0,1308613.0
2025-12-10,AST-034,12.1,Corrective,Unplanned,Middle East,Upstream,15211.0,1073163.0
2025-12-10,AST-035,5.66,Inspection,Planned,Africa,Upstream,16806.5,1129480.5
2025-12-10,AST-037,8.59,Preventive,Unplanned,Africa,Upstream,16550.0,1271028.0
2025-12-10,AST-039,5.39,Corrective,Planned,Europe,Integrated Gas,10217.5,733277.0
2025-12-10,AST-040,2.04,Preventive,Planned,Middle East,Integrated Gas,3315.0,268439.0
2025-12-10,AST-048,27.35,Corrective,Unplanned,Africa,Chemicals & Products,37638.0,2866683.0
2025-12-10,AST-049,5.01,Inspection,Planned,North America,Upstream,16264.0,1269556.0
2025-12-10,AST-050,3.24,Preventive,Planned,North America,Upstream,3410.0,254798.0
2025-12-11,AST-007,6.88,Inspection,Planned,India,Chemicals & Products,10825.5,690349.0
2025-12-11,AST-008,5.07,Corrective,Planned,North America,Upstream,25543.0,2065198.0
2025-12-11,AST-009,24.73,Preventive,Planned,Europe,Upstream,18829.5,1440914.0
2025-12-11,AST-011,4.11,Preventive,Planned,Middle East,Upstream,5309.0,383095.0
2025-12-11,AST-013,3.05,Preventive,Planned,North America,Upstream,10620.0,763582.0
2025-12-11,AST-016,4.06,Inspection,Planned,North America,Upstream,7595.0,605481.0
2025-12-11,AST-021,1.2,Inspection,Planned,Middle East,Chemicals & Products,6596.0,461404.0
2025-12-11,AST-023,1.39,Preventive,Planned,Europe,Upstream,2243.0,144837.0
2025-12-11,AST-027,3.18,Preventive,Planned,China,Upstream,15987.0,1197621.0
2025-12-11,AST-029,29.45,Corrective,Unplanned,Middle East,Integrated Gas,203106.0,16933350.0
2025-12-11,AST-031,4.01,Preventive,Planned,China,Integrated Gas,16641.0,1275853.0
2025-12-11,AST-032,7.87,Corrective,Planned,Europe,Upstream,13175.0,982627.5
2025-12-11,AST-033,1.06,Turnaround,Planned,India,Integrated Gas,2642.0,183773.0
2025-12-11,AST-035,4.78,Inspection,Planned,Africa,Upstream,29878.0,2002823.0
2025-12-11,AST-039,2.83,Inspection,Planned,Europe,Integrated Gas,14355.0,1068533.0
2025-12-11,AST-043,4.67,Turnaround,Planned,North America,Upstream,20365.0,1528738.0
2025-12-11,AST-045,2.75,Corrective,Planned,India,Upstream,13320.0,893172.0
2025-12-11,AST-046,16.1,Preventive,Planned,Africa,Upstream,34737.5,2686687.5
2025-12-11,AST-049,2.8,Inspection,Planned,North America,Upstream,8187.0,674942.0
2025-12-12,AST-007,1.65,Preventive,Planned,India,Chemicals & Products,4283.0,365291.0
2025-12-12,AST-008,5.44,Preventive,Unplanned,North America,Upstream,31520.0,2004597.0
2025-12-12,AST-019,2.64,Turnaround,Planned,Africa,Upstream,9381.0,755877.0
2025-12-12,AST-021,7.46,Corrective,Unplanned,Middle East,Chemicals & Products,30771.0,2558002.0
2025-12-12,AST-023,7.05,Preventive,Planned,Europe,Upstream,10880.0,846913.0
2025-12-12,AST-025,5.07,Turnaround,Planned,North America,Upstream,35293.0,2795984.0
2025-12-12,AST-029,3.24,Corrective,Planned,Middle East,Integrated Gas,18254.0,1525392.0
2025-12-12,AST-031,10.32,Inspection,Planned,China,Integrated Gas,51092.0,3398687.0
2025-12-12,AST-034,1.94,Preventive,Planned,Middle East,Upstream,2908.0,248098.0
2025-12-12,AST-035,2.49,Preventive,Planned,Africa,Upstream,15907.0,1318332.0
2025-12-12,AST-036,2.44,Turnaround,Planned,India,Integrated Gas,8165.0,685163.0
2025-12-12,AST-042,11.06,Corrective,Planned,North America,Integrated Gas,19694.33,1498218.67
2025-12-12,AST-044,5.93,Preventive,Planned,China,Upstream,17843.0,1272070.0
2025-12-12,AST-045,4.41,Preventive,Planned,India,Upstream,17951.0,1500894.0
2025-12-12,AST-049,4.27,Preventive,Unplanned,North America,Upstream,12014.0,936408.0
2025-12-13,AST-003,7.17,Preventive,Planned,Middle East,Upstream,40327.0,2789753.0
2025-12-13,AST-026,13.75,Inspection,Planned,Middle East,Upstream,39744.5,3215078.5
2025-12-13,AST-034,37.84,Preventive,Unplanned,Middle East,Upstream,61452.0,5216047.0
2025-12-13,AST-038,15.48,Corrective,Planned,North America,Integrated Gas,20164.5,1348350.0
2025-12-13,AST-047,3.54,Preventive,Planned,China,Upstream,15732.0,1139722.0
2025-12-13,AST-050,17.18,Preventive,Planned,North America,Upstream,9624.5,606631.0
2025-12-14,AST-006,15.61,Corrective,Planned,Africa,Integrated Gas,37450.5,3093373.5
2025-12-14,AST-011,0.92,Corrective,Planned,Middle East,Upstream,1238.0,103958.0
2025-12-14,AST-013,3.73,Preventive,Planned,North America,Upstream,10656.0,756832.0
2025-12-14,AST-017,5.22,Corrective,Planned,Middle East,Chemicals & Products,11886.0,909429.5
2025-12-14,AST-025,6.75,Preventive,Planned,North America,Upstream,40875.0,3172998.0
2025-12-14,AST-027,3.25,Corrective,Planned,China,Upstream,17018.0,1219204.0
2025-12-14,AST-033,6.76,Turnaround,Planned,India,Integrated Gas,17029.0,1188802.0
2025-12-14,AST-038,3.38,Corrective,Planned,North America,Integrated Gas,9633.0,830814.0
2025-12-14,AST-042,5.37,Preventive,Planned,North America,Integrated Gas,23848.0,1604025.0
2025-12-14,AST-044,1.81,Inspection,Planned,China,Upstream,5402.0,373996.0
2025-12-14,AST-047,1.46,Corrective,Planned,China,Upstream,6211.0,518957.0
2025-12-14,AST-048,3.6,Corrective,Planned,Africa,Chemicals & Products,5728.0,396390.0
2025-12-15,AST-002,10.65,Preventive,Planned,North America,Upstream,26081.0,2054713.0
2025-12-15,AST-006,11.05,Corrective,Planned,Africa,Integrated Gas,15973.67,1135883.67
2025-12-15,AST-009,4.17,Preventive,Planned,Europe,Upstream,6224.0,457228.0
2025-12-15,AST-016,0.97,Corrective,Planned,North America,Upstream,1451.0,98357.0
2025-12-15,AST-021,7.14,Inspection,Unplanned,Middle East,Chemicals & Products,29423.0,2232292.0
2025-12-15,AST-023,10.26,Preventive,Planned,Europe,Upstream,7060.5,464091.0
2025-12-15,AST-027,4.76,Inspection,Planned,China,Upstream,10957.5,797837.0
2025-12-15,AST-030,3.21,Corrective,Planned,China,Integrated Gas,17547.0,1491185.0
2025-12-15,AST-034,1.56,Preventive,Planned,Middle East,Upstream,2465.0,169222.0
2025-12-15,AST-036,5.78,Preventive,Planned,India,Integrated Gas,18112.0,1330933.0
2025-12-15,AST-040,0.15,Turnaround,Planned,Middle East,Integrated Gas,279.0,24218.0
2025-12-16,AST-002,1.99,Preventive,Planned,North America,Upstream,5635.0,389158.0
2025-12-16,AST-019,9.19,Corrective,Unplanned,Africa,Upstream,23012.0,1636127.0
2025-12-16,AST-020,5.0,Preventive,Planned,China,Chemicals & Products,10941.0,856030.0
2025-12-16,AST-021,22.2,Preventive,Unplanned,Middle East,Chemicals & Products,104970.0,8570829.0
2025-12-16,AST-027,1.4,Corrective,Planned,China,Upstream,7122.0,630705.0
2025-12-16,AST-033,21.18,Corrective,Planned,India,Integrated Gas,22291.5,1629089.0
2025-12-16,AST-035,0.77,Preventive,Planned,Africa,Upstream,4577.0,315194.0
2025-12-16,AST-036,38.45,Inspection,Planned,India,Integrated Gas,59682.5,4261682.5
2025-12-16,AST-038,2.43,Preventive,Planned,North America,Integrated Gas,6481.0,476818.0
2025-12-16,AST-042,22.46,Preventive,Planned,North America,Integrated Gas,57498.5,4927933.5
2025-12-16,AST-047,11.8,Corrective,Planned,China,Upstream,54969.0,3540061.0
2025-12-17,AST-003,2.02,Inspection,Planned,Middle East,Upstream,9551.0,795358.0
2025-12-17,AST-014,15.36,Turnaround,Planned,North America,Upstream,13502.5,1026001.5
2025-12-17,AST-015,11.5,Turnaround,Unplanned,North America,Integrated Gas,46840.0,3772487.0
2025-12-17,AST-016,2.92,Preventive,Planned,North America,Upstream,5481.0,416837.0
2025-12-17,AST-020,1.1,Corrective,Planned,China,Chemicals & Products,2623.0,185917.0
2025-12-17,AST-021,0.69,Inspection,Planned,Middle East,Chemicals & Products,2885.0,241127.0
2025-12-17,AST-026,3.09,Corrective,Planned,Middle East,Upstream,16468.0,1274127.0
2025-12-17,AST-035,3.11,Preventive,Planned,Africa,Upstream,19614.0,1452035.0
2025-12-17,AST-037,6.2,Preventive,Unplanned,Africa,Upstream,14229.0,1217105.0
2025-12-17,AST-038,3.16,Preventive,Planned,North America,Integrated Gas,9342.0,744069.0
2025-12-17,AST-041,1.11,Preventive,Planned,India,Integrated Gas,5408.0,414252.0
2025-12-17,AST-043,28.73,Corrective,Unplanned,North America,Upstream,167643.0,13481114.0
2025-12-17,AST-044,13.15,Inspection,Unplanned,China,Upstream,51876.0,3550306.0
2025-12-17,AST-045,1.19,Preventive,Planned,India,Upstream,5099.0,345917.0
2025-12-17,AST-048,4.72,Inspection,Planned,Africa,Chemicals & Products,3250.5,258678.5
2025-12-18,AST-004,1.07,Inspection,Planned,China,Upstream,3773.0,308403.0
2025-12-18,AST-005,2.44,Preventive,Planned,China,Integrated Gas,13684.0,909453.0
2025-12-18,AST-009,5.33,Inspection,Unplanned,Europe,Upstream,8922.0,734809.0
2025-12-18,AST-017,2.97,Corrective,Unplanned,Middle East,Chemicals & Products,15878.0,1172287.0
2025-12-18,AST-018,5.98,Turnaround,Planned,India,Integrated Gas,21139.0,1485288.0
2025-12-18,AST-023,4.36,Inspection,Planned,Europe,Upstream,5270.0,386990.0
2025-12-18,AST-026,11.73,Corrective,Unplanned,Middle East,Upstream,74837.0,5220034.0
2025-12-18,AST-027,4.02,Preventive,Planned,China,Upstream,21429.0,1434516.0
2025-12-18,AST-034,0.79,Preventive,Planned,Middle East,Upstream,1108.0,86435.0
2025-12-18,AST-035,7.32,Preventive,Unplanned,Africa,Upstream,45443.0,3497512.0
2025-12-18,AST-039,1.87,Corrective,Planned,Europe,Integrated Gas,8003.0,616133.0
2025-12-18,AST-040,11.38,Preventive,Planned,Middle East,Integrated Gas,21431.0,1617520.0
2025-12-18,AST-041,17.47,Preventive,Unplanned,India,Integrated Gas,125572.0,8597669.0
2025-12-18,AST-042,12.03,Preventive,Unplanned,North America,Integrated Gas,65346.0,4497736.0
2025-12-18,AST-043,1.38,Corrective,Planned,North America,Upstream,8445.0,621336.0
2025-12-18,AST-045,2.51,Preventive,Planned,India,Upstream,11988.0,976994.0
2025-12-18,AST-048,29.32,Preventive,Unplanned,Africa,Chemicals & Products,39529.0,3340188.0
2025-12-18,AST-050,13.11,Corrective,Planned,North America,Upstream,7250.5,564946.0
2025-12-19,AST-002,4.81,Preventive,Planned,North America,Upstream,11410.0,825763.0
2025-12-19,AST-006,12.38,Corrective,Planned,Africa,Integrated Gas,30373.5,2320574.5
2025-12-19,AST-011,2.45,Corrective,Planned,Middle East,Upstream,2946.0,226761.0
2025-12-19,AST-013,2.11,Inspection,Planned,North America,Upstream,6854.0,540641.0
2025-12-19,AST-015,5.78,Preventive,Planned,North America,Integrated Gas,19134.0,1410780.0
2025-12-19,AST-016,3.56,Preventive,Planned,North America,Upstream,3202.5,256626.5
2025-12-19,AST-017,13.84,Corrective,Planned,Middle East,Chemicals & Products,36603.5,3046720.0
2025-12-19,AST-018,2.02,Preventive,Planned,India,Integrated Gas,6529.0,551004.0
2025-12-19,AST-019,14.07,Corrective,Planned,Africa,Upstream,19349.0,1497115.0
2025-12-19,AST-020,2.73,Preventive,Planned,China,Chemicals & Products,7246.0,616386.0
2025-12-19,AST-024,6.23,Preventive,Planned,Africa,Integrated Gas,8294.0,683173.0
2025-12-19,AST-025,15.46,Preventive,Unplanned,North America,Upstream,106655.0,8372008.0
2025-12-19,AST-026,2.97,Inspection,Planned,Middle East,Upstream,9682.5,768999.0
2025-12-19,AST-037,6.78,Corrective,Unplanned,Africa,Upstream,16946.0,1363390.0
2025-12-20,AST-007,4.48,Turnaround,Unplanned,India,Chemicals & Products,13003.0,959590.0
2025-12-20,AST-009,0.8,Preventive,Planned,Europe,Upstream,1611.0,108485.0
2025-12-20,AST-011,3.27,Preventive,Planned,Middle East,Upstream,4717.0,392539.0
2025-12-20,AST-012,6.77,Preventive,Planned,Africa,Upstream,33837.0,2654542.0
2025-12-20,AST-013,11.01,Preventive,Planned,North America,Upstream,20202.5,1660309.5
2025-12-20,AST-017,6.31,Corrective,Planned,Middle East,Chemicals & Products,14868.5,1169075.0
2025-12-20,AST-018,7.91,Preventive,Unplanned,India,Integrated Gas,28880.0,2129899.0
2025-12-20,AST-020,9.61,Turnaround,Unplanned,China,Chemicals & Products,25165.0,1839507.0
2025-12-20,AST-027,1.68,Preventive,Planned,China,Upstream,7993.0,575879.0
2025-12-20,AST-031,5.1,Turnaround,Planned,China,Integrated Gas,24384.0,1578045.0
2025-12-20,AST-032,1.09,Inspection,Planned,Europe,Upstream,4256.0,301509.0
2025-12-20,AST-033,6.8,Corrective,Planned,India,Integrated Gas,15547.0,1009772.0
2025-12-20,AST-036,4.73,Corrective,Planned,India,Integrated Gas,9065.0,655298.5
2025-12-20,AST-041,7.55,Inspection,Unplanned,India,Integrated Gas,36392.0,2523749.0
2025-12-20,AST-042,11.56,Inspection,Planned,North America,Integrated Gas,30074.5,2327105.0
2025-12-20,AST-043,4.54,Corrective,Planned,North America,Upstream,21667.0,1903992.0
2025-12-20,AST-048,16.6,Corrective,Planned,Africa,Chemicals & Products,11185.0,812768.5
2025-12-20,AST-050,1.22,Preventive,Planned,North America,Upstream,1159.0,72455.0
2025-12-21,AST-005,0.49,Turnaround,Planned,China,Integrated Gas,2961.0,247254.0
2025-12-21,AST-009,0.91,Corrective,Planned,Europe,Upstream,2002.0,135219.0
2025-12-21,AST-010,11.81,Preventive,Planned,India,Upstream,4376.67,350239.33
2025-12-21,AST-011,3.52,Corrective,Planned,Middle East,Upstream,2312.5,181700.0
2025-12-21,AST-014,21.66,Preventive,Unplanned,North America,Upstream,41077.0,3066854.0
2025-12-21,AST-018,15.85,Preventive,Unplanned,India,Integrated Gas,54278.0,4626738.0
2025-12-21,AST-020,7.0,Turnaround,Planned,China,Chemicals & Products,20242.0,1563501.0
2025-12-21,AST-022,2.39,Turnaround,Planned,China,Upstream,6900.0,618842.0
2025-12-21,AST-025,1.14,Corrective,Planned,North America,Upstream,6264.0,500307.0
2025-12-21,AST-036,7.77,Turnaround,Planned,India,Integrated Gas,25351.0,2335942.0
2025-12-21,AST-038,1.93,Preventive,Unplanned,North America,Integrated Gas,5437.0,376038.0
2025-12-21,AST-039,5.66,Corrective,Planned,Europe,Integrated Gas,20585.0,1431756.0
2025-12-21,AST-041,2.32,Preventive,Planned,India,Integrated Gas,11807.0,780897.0
2025-12-21,AST-042,0.53,Inspection,Planned,North America,Integrated Gas,2835.0,235518.0
2025-12-21,AST-043,14.02,Preventive,Unplanned,North America,Upstream,68241.0,5693780.0
2025-12-21,AST-047,6.25,Inspection,Planned,China,Upstream,29061.0,2451317.0
2025-12-22,AST-004,12.92,Corrective,Planned,China,Upstream,51749.0,3581824.0
2025-12-22,AST-008,4.13,Preventive,Planned,North America,Upstream,25199.0,1815331.0
2025-12-22,AST-009,0.9,Preventive,Planned,Europe,Upstream,1594.0,142201.0
2025-12-22,AST-010,1.3,Preventive,Planned,India,Upstream,1158.0,80693.0
2025-12-22,AST-016,14.79,Corrective,Planned,North America,Upstream,11991.0,887919.5
2025-12-22,AST-020,5.54,Corrective,Planned,China,Chemicals & Products,13387.0,1172038.0
2025-12-22,AST-024,16.61,Corrective,Planned,Africa,Integrated Gas,13099.5,1094604.0
2025-12-22,AST-032,2.54,Preventive,Unplanned,Europe,Upstream,8366.0,568958.0
2025-12-22,AST-039,4.52,Turnaround,Planned,Europe,Integrated Gas,20009.0,1665048.0
2025-12-22,AST-040,7.5,Preventive,Planned,Middle East,Integrated Gas,4503.33,353456.33
2025-12-22,AST-041,4.93,Preventive,Planned,India,Integrated Gas,13146.5,939276.5
2025-12-22,AST-042,2.21,Preventive,Planned,North America,Integrated Gas,11758.0,954235.0
2025-12-22,AST-047,2.92,Preventive,Planned,China,Upstream,14605.0,1160273.0
2025-12-22,AST-048,4.76,Corrective,Planned,Africa,Chemicals & Products,6197.0,447166.0
2025-12-22,AST-050,0.48,Corrective,Planned,North America,Upstream,665.0,55137.0
2025-12-23,AST-007,4.05,Preventive,Planned,India,Chemicals & Products,10872.0,870323.0
2025-12-23,AST-012,12.71,Corrective,Unplanned,Africa,Upstream,63814.0,5510520.0
2025-12-23,AST-014,5.23,Turnaround,Planned,North America,Upstream,11475.0,877982.0
2025-12-23,AST-021,17.67,Inspection,Unplanned,Middle East,Chemicals & Products,80618.0,6336633.0
2025-12-23,AST-026,4.82,Preventive,Planned,Middle East,Upstream,29624.0,2114134.0
2025-12-23,AST-027,17.17,Corrective,Unplanned,China,Upstream,74588.0,6896752.0
2025-12-23,AST-029,1.38,Corrective,Planned,Middle East,Integrated Gas,7622.0,638243.0
2025-12-23,AST-030,1.52,Corrective,Planned,China,Integrated Gas,8669.0,587014.0
2025-12-23,AST-033,0.9,Turnaround,Planned,India,Integrated Gas,2253.0,184821.0
2025-12-23,AST-035,7.48,Preventive,Planned,Africa,Upstream,39495.0,3203461.0
2025-12-23,AST-041,8.1,Corrective,Planned,India,Integrated Gas,22982.0,2037443.0
2025-12-23,AST-042,37.66,Preventive,Unplanned,North America,Integrated Gas,182404.0,13689893.0
2025-12-23,AST-047,12.58,Preventive,Planned,China,Upstream,32370.5,2674440.0
2025-12-23,AST-049,5.56,Inspection,Planned,North America,Upstream,15673.0,1267598.0
2025-12-24,AST-003,2.22,Preventive,Planned,Middle East,Upstream,9711.0,665076.0
2025-12-24,AST-004,3.86,Preventive,Planned,China,Upstream,15348.0,1281332.0
2025-12-24,AST-007,17.86,Preventive,Planned,India,Chemicals & Products,26176.5,2173201.5
2025-12-24,AST-009,5.0,Corrective,Planned,Europe,Upstream,10747.0,734549.0
2025-12-24,AST-016,17.68,Inspection,Unplanned,North America,Upstream,23754.0,1646017.0
2025-12-24,AST-017,13.62,Preventive,Unplanned,Middle East,Chemicals & Products,59385.0,4963018.0
2025-12-24,AST-024,1.53,Preventive,Planned,Africa,Integrated Gas,2046.0,143209.0
2025-12-24,AST-025,5.23,Corrective,Planned,North America,Upstream,26844.0,2148582.0
2025-12-24,AST-029,10.32,Corrective,Planned,Middle East,Integrated Gas,62822.0,5246108.0
2025-12-24,AST-031,9.09,Turnaround,Unplanned,China,Integrated Gas,44037.0,3414450.0
2025-12-24,AST-032,1.02,Corrective,Planned,Europe,Upstream,4052.0,329554.0
2025-12-24,AST-036,1.52,Preventive,Planned,India,Integrated Gas,5194.0,454906.0
2025-12-24,AST-037,0.44,Preventive,Planned,Africa,Upstream,803.0,66898.0
2025-12-24,AST-038,7.05,Corrective,Unplanned,North America,Integrated Gas,22023.0,1449672.0
2025-12-24,AST-042,17.06,Preventive,Unplanned,North America,Integrated Gas,88189.0,7210703.0
2025-12-24,AST-044,2.94,Inspection,Planned,China,Upstream,4652.5,372858.5
2025-12-24,AST-046,2.95,Corrective,Planned,Africa,Upstream,14383.0,1008715.0
2025-12-24,AST-048,10.31,Corrective,Planned,Africa,Chemicals & Products,15035.0,1158849.0
2025-12-25,AST-001,2.46,Inspection,Planned,India,Upstream,6880.0,540010.0
2025-12-25,AST-004,2.47,Preventive,Planned,China,Upstream,9982.0,700092.0
2025-12-25,AST-005,4.38,Preventive,Planned,China,Integrated Gas,22661.0,1868278.0
2025-12-25,AST-006,2.56,Preventive,Planned,Africa,Integrated Gas,11759.0,857290.0
2025-12-25,AST-007,1.31,Preventive,Planned,India,Chemicals & Products,5089.0,454222.0
2025-12-25,AST-009,4.03,Preventive,Planned,Europe,Upstream,8329.0,607902.0
2025-12-25,AST-010,9.93,Corrective,Planned,India,Upstream,5953.0,432117.5
2025-12-25,AST-011,0.2,Corrective,Planned,Middle East,Upstream,309.0,22551.0
2025-12-25,AST-013,5.38,Inspection,Planned,North America,Upstream,21259.0,1926783.0
2025-12-25,AST-015,5.77,Corrective,Planned,North America,Integrated Gas,24624.0,1647112.0
2025-12-25,AST-016,14.28,Corrective,Unplanned,North America,Upstream,30813.0,2549248.0
2025-12-25,AST-020,0.4,Corrective,Planned,China,Chemicals & Products,933.0,70024.0
2025-12-25,AST-021,21.5,Corrective,Planned,Middle East,Chemicals & Products,48749.0,3651154.5
2025-12-25,AST-022,22.5,Preventive,Unplanned,China,Upstream,80675.0,6571973.0
2025-12-25,AST-030,2.07,Corrective,Planned,China,Integrated Gas,9598.0,847148.0
2025-12-25,AST-031,6.38,Preventive,Planned,China,Integrated Gas,33718.0,2643160.0
2025-12-25,AST-033,1.87,Corrective,Planned,India,Integrated Gas,5408.0,428141.0
2025-12-25,AST-047,19.49,Corrective,Planned,China,Upstream,26467.67,2156466.33
2025-12-25,AST-048,4.51,Corrective,Planned,Africa,Chemicals & Products,5280.0,379455.0
2025-12-26,AST-012,2.11,Preventive,Planned,Africa,Upstream,11032.0,743500.0
2025-12-26,AST-018,2.63,Turnaround,Planned,India,Integrated Gas,9860.0,827120.0
2025-12-26,AST-022,3.13,Preventive,Planned,China,Upstream,9753.0,837315.0
2025-12-26,AST-025,10.79,Corrective,Planned,North America,Upstream,32302.5,2471363.5
2025-12-26,AST-030,5.26,Corrective,Planned,China,Integrated Gas,25967.0,1840910.0
2025-12-26,AST-035,4.97,Preventive,Planned,Africa,Upstream,33157.0,2769210.0
2025-12-26,AST-038,4.11,Preventive,Planned,North America,Integrated Gas,13608.0,1005389.0
2025-12-26,AST-043,6.18,Preventive,Planned,North America,Upstream,27706.0,2335277.0
2025-12-26,AST-044,13.49,Corrective,Unplanned,China,Upstream,46247.0,3379525.0
2025-12-26,AST-047,6.82,Preventive,Unplanned,China,Upstream,30051.0,2002344.0
2025-12-26,AST-048,3.19,Inspection,Planned,Africa,Chemicals & Products,4760.0,320914.0
2025-12-26,AST-050,4.13,Preventive,Planned,North America,Upstream,3775.0,299272.0
2025-12-27,AST-002,2.66,Corrective,Planned,North America,Upstream,6610.0,533703.0
2025-12-27,AST-007,4.09,Preventive,Unplanned,India,Chemicals & Products,13485.0,1156331.0
2025-12-27,AST-009,4.6,Inspection,Planned,Europe,Upstream,8875.0,726319.0
2025-12-27,AST-012,2.87,Inspection,Planned,Africa,Upstream,13772.0,919558.0
2025-12-27,AST-015,4.61,Preventive,Planned,North America,Integrated Gas,15186.0,1112794.0
2025-12-27,AST-017,7.9,Preventive,Unplanned,Middle East,Chemicals & Products,43492.0,3481974.0
2025-12-27,AST-024,3.79,Corrective,Planned,Africa,Integrated Gas,2990.0,235327.0
2025-12-27,AST-027,0.78,Preventive,Planned,China,Upstream,4170.0,345665.0
2025-12-27,AST-030,9.32,Corrective,Planned,China,Integrated Gas,20511.5,1717505.5
2025-12-27,AST-033,8.12,Corrective,Planned,India,Integrated Gas,18955.0,1451770.0
2025-12-27,AST-035,4.27,Preventive,Planned,Africa,Upstream,24346.0,2066342.0
2025-12-27,AST-038,1.32,Preventive,Planned,North America,Integrated Gas,3448.0,239205.0
2025-12-28,AST-001,6.39,Turnaround,Planned,India,Upstream,18263.0,1470388.0
2025-12-28,AST-007,14.98,Corrective,Planned,India,Chemicals & Products,11750.75,965345.25
2025-12-28,AST-008,4.59,Preventive,Unplanned,North America,Upstream,28798.0,2475645.0
2025-12-28,AST-011,3.06,Preventive,Planned,Middle East,Upstream,4155.0,293903.0
2025-12-28,AST-012,16.57,Corrective,Planned,Africa,Upstream,45491.0,3810663.5
2025-12-28,AST-018,8.91,Corrective,Planned,India,Integrated Gas,14597.0,1049836.0
2025-12-28,AST-019,4.58,Corrective,Planned,Africa,Upstream,14394.0,1175515.0
2025-12-28,AST-021,34.27,Preventive,Unplanned,Middle East,Chemicals & Products,76154.5,5528884.5
2025-12-28,AST-024,10.13,Turnaround,Unplanned,Africa,Integrated Gas,15719.0,1275663.0
2025-12-28,AST-027,0.84,Turnaround,Planned,China,Upstream,3361.0,244747.0
2025-12-28,AST-032,0.59,Preventive,Planned,Europe,Upstream,1859.0,159441.0
2025-12-28,AST-044,0.45,Preventive,Planned,China,Upstream,1646.0,118764.0
2025-12-28,AST-045,2.67,Preventive,Planned,India,Upstream,12719.0,922498.0
2025-12-29,AST-001,5.85,Corrective,Planned,India,Upstream,14292.0,1071947.0
2025-12-29,AST-002,0.66,Corrective,Planned,North America,Upstream,2132.0,184023.0
2025-12-29,AST-007,4.82,Inspection,Planned,India,Chemicals & Products,13423.0,906844.0
2025-12-29,AST-009,17.95,Inspection,Planned,Europe,Upstream,18906.5,1653863.0
2025-12-29,AST-011,4.09,Preventive,Planned,Middle East,Upstream,5209.0,380245.0
2025-12-29,AST-024,4.47,Preventive,Planned,Africa,Integrated Gas,8731.0,626496.0
2025-12-29,AST-036,4.93,Turnaround,Planned,India,Integrated Gas,18415.0,1267742.0
2025-12-29,AST-039,8.44,Corrective,Planned,Europe,Integrated Gas,30165.0,2159781.0
2025-12-30,AST-002,4.07,Preventive,Planned,North America,Upstream,9880.0,626715.0
2025-12-30,AST-005,4.17,Preventive,Unplanned,China,Integrated Gas,25030.0,2111077.0
2025-12-30,AST-006,7.9,Preventive,Planned,Africa,Integrated Gas,36166.0,3251629.0
2025-12-30,AST-012,8.4,Corrective,Unplanned,Africa,Upstream,36296.0,2984318.0
2025-12-30,AST-015,13.89,Preventive,Planned,North America,Integrated Gas,25707.5,1916564.5
2025-12-30,AST-024,0.78,Corrective,Planned,Africa,Integrated Gas,623.5,46007.5
2025-12-30,AST-027,9.06,Preventive,Unplanned,China,Upstream,38750.0,2805971.0
2025-12-30,AST-035,0.35,Preventive,Planned,Africa,Upstream,1675.0,137198.0
2025-12-30,AST-039,1.79,Preventive,Planned,Europe,Integrated Gas,8230.0,595070.0
2025-12-30,AST-040,1.08,Preventive,Planned,Middle East,Integrated Gas,1919.0,169021.0
2025-12-30,AST-041,3.13,Inspection,Planned,India,Integrated Gas,17287.0,1475482.0
2025-12-30,AST-045,14.62,Preventive,Unplanned,India,Upstream,59655.0,4940479.0
2025-12-30,AST-046,2.13,Preventive,Planned,Africa,Upstream,10233.0,842109.0
2025-12-30,AST-048,27.26,Inspection,Unplanned,Africa,Chemicals & Products,34732.0,2653972.0
2025-12-30,AST-049,8.56,Corrective,Planned,North America,Upstream,23450.0,1765970.0
2025-12-31,AST-005,2.5,Inspection,Planned,China,Integrated Gas,15979.0,1267482.0
2025-12-31,AST-008,5.01,Corrective,Planned,North America,Upstream,12084.0,1013928.5
2025-12-31,AST-010,8.01,Corrective,Planned,India,Upstream,7367.0,602668.0
2025-12-31,AST-013,22.79,Inspection,Unplanned,North America,Upstream,35788.5,2848794.5
2025-12-31,AST-014,4.03,Corrective,Planned,North America,Upstream,7564.0,630815.0
2025-12-31,AST-016,9.06,Corrective,Planned,North America,Upstream,7061.0,504497.0
2025-12-31,AST-017,2.73,Preventive,Planned,Middle East,Chemicals & Products,14439.0,1109118.0
2025-12-31,AST-020,0.2,Corrective,Planned,China,Chemicals & Products,530.0,36950.0
2025-12-31,AST-023,6.32,Turnaround,Unplanned,Europe,Upstream,7479.0,665848.0
2025-12-31,AST-027,7.14,Corrective,Planned,China,Upstream,37920.0,3215558.0
2025-12-31,AST-031,14.31,Inspection,Planned,China,Integrated Gas,31979.0,2397039.5
2025-12-31,AST-033,1.3,Corrective,Planned,India,Integrated Gas,3238.0,214343.0
2025-12-31,AST-038,9.55,Preventive,Unplanned,North America,Integrated Gas,32306.0,2262845.0
2025-12-31,AST-039,7.78,Preventive,Unplanned,Europe,Integrated Gas,32906.0,2606270.0
2025-12-31,AST-046,5.45,Corrective,Planned,Africa,Upstream,25038.0,1779956.0
2025-12-31,AST-049,5.08,Inspection,Planned,North America,Upstream,15720.0,1082810.0
2025-12-31,AST-050,1.03,Preventive,Planned,North America,Upstream,1088.0,78192.0
2026-01-01,AST-002,7.99,Inspection,Planned,North America,Upstream,21765.0,1539227.0
2026-01-01,AST-011,3.32,Preventive,Planned,Middle East,Upstream,5187.0,378794.0
2026-01-01,AST-020,1.44,Preventive,Planned,China,Chemicals & Products,4089.0,324328.0
2026-01-01,AST-022,1.25,Turnaround,Planned,China,Upstream,3905.0,299359.0
2026-01-01,AST-023,8.6,Corrective,Planned,Europe,Upstream,11038.0,911251.0
2026-01-01,AST-044,5.68,Preventive,Planned,China,Upstream,18969.0,1323111.0
2026-01-01,AST-045,15.35,Preventive,Unplanned,India,Upstream,79682.0,6549002.0
2026-01-01,AST-047,5.44,Corrective,Planned,China,Upstream,12637.5,992099.5
2026-01-01,AST-049,1.03,Corrective,Planned,North America,Upstream,3729.0,313693.0
2026-01-02,AST-005,7.92,Preventive,Planned,China,Integrated Gas,42168.0,3380407.0
2026-01-02,AST-008,10.55,Corrective,Planned,North America,Upstream,49682.0,4027404.0
2026-01-02,AST-011,2.23,Preventive,Planned,Middle East,Upstream,3212.0,261768.0
2026-01-02,AST-016,9.15,Corrective,Planned,North America,Upstream,17785.0,1290093.0
2026-01-02,AST-025,7.47,Preventive,Unplanned,North America,Upstream,46594.0,4208079.0
2026-01-02,AST-027,22.26,Preventive,Planned,China,Upstream,56785.0,4583585.0
2026-01-02,AST-028,13.54,Corrective,Unplanned,North America,Integrated Gas,32787.0,2690524.0
2026-01-02,AST-033,6.59,Inspection,Planned,India,Integrated Gas,18879.0,1488116.0
2026-01-02,AST-034,3.66,Preventive,Planned,Middle East,Upstream,4554.0,334555.0
2026-01-02,AST-035,0.34,Turnaround,Planned,Africa,Upstream,2096.0,163897.0
2026-01-02,AST-037,3.33,Turnaround,Planned,Africa,Upstream,6600.0,577637.0
2026-01-02,AST-038,2.68,Preventive,Planned,North America,Integrated Gas,7961.0,568930.0
2026-01-02,AST-039,3.67,Preventive,Planned,Europe,Integrated Gas,15700.0,1168403.0
2026-01-02,AST-044,5.54,Corrective,Planned,China,Upstream,8330.0,708644.5
2026-01-02,AST-046,9.32,Corrective,Planned,Africa,Upstream,18079.0,1454115.5
2026-01-02,AST-050,6.87,Corrective,Unplanned,North America,Upstream,7540.0,583666.0
2026-01-03,AST-001,4.83,Preventive,Planned,India,Upstream,12132.0,1027382.0
2026-01-03,AST-004,5.27,Preventive,Planned,China,Upstream,19079.0,1579728.0
2026-01-03,AST-006,15.8,Corrective,Unplanned,Africa,Integrated Gas,36854.0,3127394.0
2026-01-03,AST-007,5.81,Corrective,Planned,India,Chemicals & Products,11033.0,966096.5
2026-01-03,AST-010,5.01,Preventive,Planned,India,Upstream,6389.0,599005.0
2026-01-03,AST-012,20.76,Preventive,Planned,Africa,Upstream,51233.0,3615924.5
2026-01-03,AST-015,4.48,Preventive,Planned,North America,Integrated Gas,17807.0,1372545.0
2026-01-03,AST-018,3.81,Preventive,Planned,India,Integrated Gas,13373.0,969658.0
2026-01-03,AST-021,4.91,Inspection,Planned,Middle East,Chemicals & Products,19534.0,1601304.0
2026-01-03,AST-030,1.64,Preventive,Planned,China,Integrated Gas,8272.0,670879.0
2026-01-03,AST-032,6.3,Corrective,Planned,Europe,Upstream,11367.5,827294.5
2026-01-03,AST-034,5.67,Corrective,Planned,Middle East,Upstream,8877.0,636469.0
2026-01-03,AST-046,2.02,Preventive,Planned,Africa,Upstream,10140.0,825616.0
2026-01-03,AST-047,6.09,Turnaround,Unplanned,China,Upstream,30586.0,2063606.0
2026-01-03,AST-049,36.87,Inspection,Unplanned,North America,Upstream,130564.0,9010162.0
2026-01-03,AST-050,19.09,Preventive,Unplanned,North America,Upstream,19748.0,1583181.0
2026-01-04,AST-006,7.77,Preventive,Planned,Africa,Integrated Gas,38851.0,2634422.0
2026-01-04,AST-008,12.74,Turnaround,Planned,North America,Upstream,66403.0,5025387.0
2026-01-04,AST-010,12.56,Corrective,Planned,India,Upstream,5981.0,460417.0
2026-01-04,AST-011,3.81,Corrective,Planned,Middle East,Upstream,5727.0,490220.0
2026-01-04,AST-012,2.06,Corrective,Planned,Africa,Upstream,9879.0,723250.0
2026-01-04,AST-016,2.32,Corrective,Planned,North America,Upstream,4761.0,349427.0
2026-01-04,AST-028,11.04,Corrective,Planned,North America,Integrated Gas,9514.33,737360.33
2026-01-04,AST-033,16.78,Turnaround,Planned,India,Integrated Gas,12209.67,932558.67
2026-01-04,AST-037,0.95,Preventive,Planned,Africa,Upstream,2208.0,153996.0
2026-01-04,AST-039,9.02,Preventive,Planned,Europe,Integrated Gas,20926.5,1555075.5
2026-01-04,AST-041,0.51,Corrective,Planned,India,Integrated Gas,2527.0,210818.0
2026-01-04,AST-042,15.03,Preventive,Planned,North America,Integrated Gas,75665.0,5284666.0
2026-01-04,AST-043,4.19,Preventive,Unplanned,North America,Upstream,23840.0,1741023.0
2026-01-04,AST-047,2.32,Preventive,Planned,China,Upstream,9118.0,766429.0
2026-01-05,AST-001,1.31,Inspection,Planned,India,Upstream,4134.0,362682.0
2026-01-05,AST-005,9.85,Preventive,Planned,China,Integrated Gas,58329.0,4012903.0
2026-01-05,AST-010,4.83,Preventive,Unplanned,India,Upstream,4751.0,311033.0
2026-01-05,AST-012,1.95,Preventive,Planned,Africa,Upstream,10335.0,777956.0
2026-01-05,AST-014,7.05,Preventive,Planned,North America,Upstream,14103.0,1263738.0
2026-01-05,AST-016,1.83,Corrective,Planned,North America,Upstream,3580.0,318775.0
2026-01-05,AST-017,5.71,Corrective,Planned,Middle East,Chemicals & Products,28732.0,2218906.0
2026-01-05,AST-018,19.07,Turnaround,Unplanned,India,Integrated Gas,62893.0,4941438.0
2026-01-05,AST-020,3.16,Corrective,Planned,China,Chemicals & Products,8356.0,604615.0
2026-01-05,AST-026,11.78,Preventive,Planned,Middle East,Upstream,33858.0,2900971.0
2026-01-05,AST-027,3.42,Corrective,Planned,China,Upstream,18242.0,1390040.0
2026-01-05,AST-028,4.93,Corrective,Unplanned,North America,Integrated Gas,14468.0,1015461.0
2026-01-05,AST-031,22.08,Inspection,Unplanned,China,Integrated Gas,58486.5,4732426.0
2026-01-05,AST-040,22.83,Corrective,Planned,Middle East,Integrated Gas,27361.0,2087686.5
2026-01-05,AST-041,5.76,Inspection,Planned,India,Integrated Gas,35291.0,2410241.0
2026-01-05,AST-042,4.78,Preventive,Planned,North America,Integrated Gas,27639.0,2022911.0
2026-01-05,AST-044,4.94,Corrective,Planned,China,Upstream,18188.0,1563993.0
2026-01-05,AST-048,10.17,Corrective,Planned,Africa,Chemicals & Products,7297.5,550663.5
2026-01-06,AST-009,1.47,Preventive,Planned,Europe,Upstream,2988.0,217757.0
2026-01-06,AST-010,2.46,Corrective,Planned,India,Upstream,2827.0,236515.0
2026-01-06,AST-015,14.46,Preventive,Unplanned,North America,Integrated Gas,46323.0,3681872.0
2026-01-06,AST-018,5.9,Corrective,Planned,India,Integrated Gas,10326.0,855590.0
2026-01-06,AST-021,3.23,Turnaround,Planned,Middle East,Chemicals & Products,12906.0,1015086.0
2026-01-06,AST-023,3.51,Preventive,Planned,Europe,Upstream,4895.0,387399.0
2026-01-06,AST-025,10.16,Turnaround,Unplanned,North America,Upstream,65097.0,4993727.0
2026-01-06,AST-029,4.07,Corrective,Planned,Middle East,Integrated Gas,22171.0,1629933.0
2026-01-06,AST-035,15.8,Corrective,Unplanned,Africa,Upstream,97527.0,7132893.0
2026-01-06,AST-037,5.15,Preventive,Planned,Africa,Upstream,9236.0,739332.0
2026-01-06,AST-039,6.63,Preventive,Planned,Europe,Integrated Gas,28977.0,2306243.0
2026-01-07,AST-001,2.86,Preventive,Planned,India,Upstream,5829.0,388397.0
2026-01-07,AST-006,8.93,Preventive,Planned,Africa,Integrated Gas,45473.0,3304685.0
2026-01-07,AST-009,0.62,Corrective,Planned,Europe,Upstream,1087.0,90934.0
2026-01-07,AST-011,3.69,Preventive,Planned,Middle East,Upstream,4792.0,358041.0
2026-01-07,AST-020,2.07,Preventive,Planned,China,Chemicals & Products,5264.0,381768.0
2026-01-07,AST-022,10.0,Inspection,Planned,China,Upstream,28114.0,2454532.0
2026-01-07,AST-026,33.9,Inspection,Unplanned,Middle East,Upstream,101768.0,7412931.0
2026-01-07,AST-033,24.75,Preventive,Unplanned,India,Integrated Gas,62804.0,5327300.0
2026-01-07,AST-037,1.49,Preventive,Planned,Africa,Upstream,2805.0,212246.0
2026-01-07,AST-043,5.8,Corrective,Planned,North America,Upstream,13700.0,1066763.0
2026-01-07,AST-045,1.75,Turnaround,Planned,India,Upstream,9284.0,741802.0
2026-01-07,AST-047,6.72,Preventive,Unplanned,China,Upstream,30361.0,2149801.0
2026-01-08,AST-008,5.13,Preventive,Planned,North America,Upstream,30547.0,2480970.0
2026-01-08,AST-021,1.5,Preventive,Planned,Middle East,Chemicals & Products,6489.0,473474.0
2026-01-08,AST-023,4.21,Corrective,Planned,Europe,Upstream,5585.0,489497.0
2026-01-08,AST-026,4.1,Preventive,Planned,Middle East,Upstream,24539.0,1655870.0
2026-01-08,AST-031,2.62,Corrective,Unplanned,China,Integrated Gas,12349.0,966245.0
2026-01-08,AST-033,10.77,Preventive,Planned,India,Integrated Gas,12872.5,984620.5
2026-01-08,AST-043,20.44,Turnaround,Unplanned,North America,Upstream,104730.0,8862284.0
2026-01-08,AST-046,8.98,Corrective,Planned,Africa,Upstream,39371.0,2895260.0
2026-01-08,AST-049,3.87,Preventive,Planned,North America,Upstream,11059.0,849056.0
2026-01-09,AST-005,1.74,Inspection,Planned,China,Integrated Gas,10448.0,885429.0
2026-01-09,AST-006,5.42,Inspection,Planned,Africa,Integrated Gas,23104.0,1774138.0
2026-01-09,AST-011,6.81,Inspection,Unplanned,Middle East,Upstream,8343.0,571171.0
2026-01-09,AST-014,2.57,Corrective,Planned,North America,Upstream,4638.0,336906.0
2026-01-09,AST-017,6.84,Corrective,Unplanned,Middle East,Chemicals & Products,36281.0,3075212.0
2026-01-09,AST-021,6.81,Corrective,Unplanned,Middle East,Chemicals & Products,31120.0,2185818.0
2026-01-09,AST-024,4.32,Corrective,Planned,Africa,Integrated Gas,8415.0,676620.0
2026-01-09,AST-026,16.94,Corrective,Unplanned,Middle East,Upstream,105659.0,9330304.0
2026-01-09,AST-029,26.76,Corrective,Planned,Middle East,Integrated Gas,80600.0,5457975.0
2026-01-09,AST-034,7.14,Preventive,Planned,Middle East,Upstream,5015.0,373658.5
2026-01-09,AST-035,4.45,Inspection,Unplanned,Africa,Upstream,24194.0,2013861.0
2026-01-09,AST-036,19.02,Corrective,Unplanned,India,Integrated Gas,62830.0,4569387.0
2026-01-09,AST-038,20.58,Preventive,Unplanned,North America,Integrated Gas,68136.0,5454208.0
2026-01-10,AST-004,2.31,Inspection,Planned,China,Upstream,9407.0,679380.0
2026-01-10,AST-009,4.52,Preventive,Planned,Europe,Upstream,7719.0,673162.0
2026-01-10,AST-014,3.31,Preventive,Planned,North America,Upstream,7011.0,490261.0
2026-01-10,AST-015,7.91,Inspection,Unplanned,North America,Integrated Gas,25234.0,1756689.0
2026-01-10,AST-017,1.85,Preventive,Planned,Middle East,Chemicals & Products,8212.0,635662.0
2026-01-10,AST-019,15.26,Corrective,Unplanned,Africa,Upstream,39827.0,2997174.0
2026-01-10,AST-022,8.4,Corrective,Planned,China,Upstream,13218.5,1100870.5
2026-01-10,AST-024,3.25,Corrective,Planned,Africa,Integrated Gas,4258.0,297251.0
2026-01-10,AST-025,5.07,Corrective,Planned,North America,Upstream,18353.5,1536061.5
2026-01-10,AST-026,7.09,Turnaround,Planned,Middle East,Upstream,46721.0,3882521.0
2026-01-10,AST-028,4.32,Corrective,Unplanned,North America,Integrated Gas,10989.0,782456.0
2026-01-10,AST-036,12.56,Preventive,Planned,India,Integrated Gas,41526.0,3035015.0
2026-01-10,AST-039,9.62,Inspection,Planned,Europe,Integrated Gas,22533.0,1854883.5
2026-01-10,AST-042,3.62,Inspection,Planned,North America,Integrated Gas,21380.0,1871909.0
2026-01-10,AST-043,7.98,Corrective,Planned,North America,Upstream,21613.0,1593733.0
2026-01-10,AST-045,6.26,Inspection,Planned,India,Upstream,27526.0,1915589.0
2026-01-10,AST-048,1.41,Turnaround,Planned,Africa,Chemicals & Products,1647.0,140487.0
2026-01-11,AST-010,7.25,Preventive,Planned,India,Upstream,7192.0,616012.0
2026-01-11,AST-012,28.39,Inspection,Planned,Africa,Upstream,77546.0,6631061.5
2026-01-11,AST-015,3.76,Preventive,Planned,North America,Integrated Gas,7487.0,598070.0
2026-01-11,AST-020,5.31,Corrective,Planned,China,Chemicals & Products,7418.5,654687.5
2026-01-11,AST-021,11.79,Preventive,Planned,Middle East,Chemicals & Products,59023.0,4395878.0
2026-01-11,AST-022,1.27,Preventive,Planned,China,Upstream,3297.0,250904.0
2026-01-11,AST-023,0.79,Preventive,Unplanned,Europe,Upstream,1143.0,88493.0
2026-01-11,AST-024,7.73,Inspection,Planned,Africa,Integrated Gas,5999.0,515962.0
2026-01-11,AST-026,14.75,Preventive,Planned,Middle East,Upstream,41002.0,3082112.0
2026-01-11,AST-027,5.69,Turnaround,Planned,China,Upstream,28844.0,2135973.0
2026-01-11,AST-029,2.23,Preventive,Planned,Middle East,Integrated Gas,14331.0,1138821.0
2026-01-11,AST-031,0.7,Inspection,Planned,China,Integrated Gas,4115.0,330668.0
2026-01-11,AST-034,5.69,Preventive,Unplanned,Middle East,Upstream,6829.0,550503.0
2026-01-11,AST-038,5.83,Preventive,Planned,North America,Integrated Gas,16407.0,1156360.0
2026-01-11,AST-039,6.44,Corrective,Planned,Europe,Integrated Gas,33479.0,2983442.0
2026-01-12,AST-003,2.01,Preventive,Planned,Middle East,Upstream,9372.0,812718.0
2026-01-12,AST-006,11.33,Preventive,Unplanned,Africa,Integrated Gas,44484.0,3162187.0
2026-01-12,AST-011,2.24,Preventive,Planned,Middle East,Upstream,2878.0,224229.0
2026-01-12,AST-013,6.75,Corrective,Planned,North America,Upstream,24458.0,1868411.0
2026-01-12,AST-015,1.39,Inspection,Planned,North America,Integrated Gas,2405.5,207245.5
2026-01-12,AST-019,3.85,Preventive,Unplanned,Africa,Upstream,12888.0,1211916.0
2026-01-12,AST-022,1.79,Turnaround,Planned,China,Upstream,4556.0,383880.0
2026-01-12,AST-024,2.36,Corrective,Planned,Africa,Integrated Gas,4079.0,377099.0
2026-01-12,AST-027,1.85,Inspection,Planned,China,Upstream,9663.0,812915.0
2026-01-12,AST-030,4.16,Preventive,Planned,China,Integrated Gas,22019.0,1481405.0
2026-01-12,AST-031,16.0,Preventive,Unplanned,China,Integrated Gas,73122.0,6198332.0
2026-01-12,AST-032,3.84,Preventive,Planned,Europe,Upstream,12759.0,1053205.0
2026-01-12,AST-033,11.18,Preventive,Planned,India,Integrated Gas,22895.0,1583048.0
2026-01-12,AST-044,4.0,Preventive,Planned,China,Upstream,7078.5,584606.5
2026-01-13,AST-006,3.47,Corrective,Planned,Africa,Integrated Gas,16934.0,1413491.0
2026-01-13,AST-014,9.76,Preventive,Planned,North America,Upstream,6533.0,476344.67
2026-01-13,AST-016,0.59,Preventive,Planned,North America,Upstream,1220.0,101286.0
2026-01-13,AST-019,7.97,Preventive,Unplanned,Africa,Upstream,27524.0,1809761.0
2026-01-13,AST-021,1.95,Preventive,Planned,Middle East,Chemicals & Products,8894.0,709298.0
2026-01-13,AST-022,8.83,Preventive,Planned,China,Upstream,27998.0,2259218.0
2026-01-13,AST-023,13.56,Turnaround,Unplanned,Europe,Upstream,17066.0,1335391.0
2026-01-13,AST-027,0.89,Preventive,Planned,China,Upstream,4833.0,400019.0
2026-01-13,AST-037,10.86,Preventive,Planned,Africa,Upstream,24161.0,1692565.0
2026-01-13,AST-042,7.24,Corrective,Planned,North America,Integrated Gas,39479.0,2521989.0
2026-01-13,AST-043,7.28,Preventive,Unplanned,North America,Upstream,42456.0,3034684.0
2026-01-13,AST-044,1.21,Corrective,Planned,China,Upstream,4397.0,346386.0
2026-01-14,AST-001,1.13,Preventive,Planned,India,Upstream,3145.0,242320.0
2026-01-14,AST-003,15.13,Preventive,Planned,Middle East,Upstream,35844.5,3187341.0
2026-01-14,AST-004,3.51,Preventive,Planned,China,Upstream,12386.0,909745.0
2026-01-14,AST-007,1.22,Preventive,Planned,India,Chemicals & Products,4321.0,348694.0
2026-01-14,AST-008,5.55,Corrective,Planned,North America,Upstream,28173.0,2172514.0
2026-01-14,AST-009,6.12,Preventive,Planned,Europe,Upstream,10264.0,911857.0
2026-01-14,AST-010,27.71,Corrective,Unplanned,India,Upstream,28001.0,1946593.0
2026-01-14,AST-011,2.88,Preventive,Unplanned,Middle East,Upstream,4154.0,319161.0
2026-01-14,AST-015,2.31,Corrective,Planned,North America,Integrated Gas,4902.0,404014.5
2026-01-14,AST-016,6.53,Corrective,Planned,North America,Upstream,12877.0,1062755.0
2026-01-14,AST-019,1.69,Corrective,Planned,Africa,Upstream,5511.0,486218.0
2026-01-14,AST-026,1.14,Corrective,Planned,Middle East,Upstream,7937.0,679345.0
2026-01-14,AST-028,0.15,Preventive,Planned,North America,Integrated Gas,347.0,25155.0
2026-01-14,AST-032,3.07,Inspection,Planned,Europe,Upstream,10787.0,730395.0
2026-01-14,AST-035,1.72,Turnaround,Planned,Africa,Upstream,9861.0,904288.0
2026-01-14,AST-036,7.65,Preventive,Planned,India,Integrated Gas,24974.0,1768680.0
2026-01-14,AST-041,1.46,Turnaround,Planned,India,Integrated Gas,9071.0,669261.0
2026-01-14,AST-044,3.21,Corrective,Planned,China,Upstream,11121.0,932934.0
2026-01-14,AST-045,2.6,Corrective,Planned,India,Upstream,11553.0,1104531.0
2026-01-14,AST-048,3.01,Preventive,Planned,Africa,Chemicals & Products,4049.0,286762.0
2026-01-14,AST-050,0.61,Inspection,Planned,North America,Upstream,666.0,54407.0
2026-01-15,AST-004,1.62,Corrective,Planned,China,Upstream,6116.0,472009.0
2026-01-15,AST-008,13.03,Corrective,Planned,North America,Upstream,38393.5,3454291.5
2026-01-15,AST-013,1.44,Corrective,Planned,North America,Upstream,4781.0,396284.0
2026-01-15,AST-015,7.37,Preventive,Planned,North America,Integrated Gas,14107.5,1043043.5
2026-01-15,AST-019,3.32,Corrective,Planned,Africa,Upstream,6202.0,469402.5
2026-01-15,AST-022,1.64,Preventive,Planned,China,Upstream,4641.0,352471.0
2026-01-15,AST-023,4.83,Corrective,Planned,Europe,Upstream,6909.0,566143.0
2026-01-15,AST-030,9.66,Preventive,Unplanned,China,Integrated Gas,59970.0,4575935.0
2026-01-15,AST-031,14.83,Turnaround,Unplanned,China,Integrated Gas,65597.0,5151933.0
2026-01-15,AST-032,1.18,Turnaround,Planned,Europe,Upstream,3902.0,331038.0
2026-01-15,AST-033,1.64,Corrective,Planned,India,Integrated Gas,3495.0,300263.0
2026-01-15,AST-036,0.86,Corrective,Planned,India,Integrated Gas,2755.0,223660.0
2026-01-15,AST-037,2.85,Preventive,Planned,Africa,Upstream,7000.0,600808.0
2026-01-15,AST-038,1.09,Preventive,Planned,North America,Integrated Gas,2848.0,249388.0
2026-01-15,AST-039,1.55,Inspection,Planned,Europe,Integrated Gas,6532.0,562821.0
2026-01-15,AST-042,9.05,Preventive,Unplanned,North America,Integrated Gas,44588.0,3935242.0
2026-01-15,AST-044,1.34,Turnaround,Unplanned,China,Upstream,5319.0,453690.0
2026-01-15,AST-045,7.57,Preventive,Planned,India,Upstream,32128.0,2406288.0
2026-01-15,AST-049,2.55,Preventive,Planned,North America,Upstream,8147.0,751082.0
2026-01-16,AST-009,16.29,Corrective,Unplanned,Europe,Upstream,30685.0,2825713.0
2026-01-16,AST-010,10.61,Inspection,Planned,India,Upstream,6337.0,514451.0
2026-01-16,AST-013,10.8,Preventive,Unplanned,North America,Upstream,40010.0,3019879.0
2026-01-16,AST-017,6.89,Corrective,Planned,Middle East,Chemicals & Products,37340.0,2913686.0
2026-01-16,AST-028,6.82,Preventive,Planned,North America,Integrated Gas,8116.5,698650.0
2026-01-16,AST-033,18.02,Inspection,Planned,India,Integrated Gas,45813.0,4001877.0
2026-01-16,AST-039,11.53,Corrective,Planned,Europe,Integrated Gas,57764.0,4823936.0
2026-01-16,AST-040,4.66,Inspection,Planned,Middle East,Integrated Gas,9938.0,791471.0
2026-01-16,AST-043,6.1,Preventive,Planned,North America,Upstream,35631.0,2550887.0
2026-01-16,AST-046,4.33,Preventive,Unplanned,Africa,Upstream,19967.0,1504053.0
2026-01-16,AST-047,5.0,Preventive,Unplanned,China,Upstream,23173.0,2029627.0
2026-01-17,AST-008,6.53,Inspection,Planned,North America,Upstream,41682.0,2831883.0
2026-01-17,AST-009,8.49,Corrective,Planned,Europe,Upstream,15852.0,1201380.0
2026-01-17,AST-013,16.12,Preventive,Unplanned,North America,Upstream,62178.0,4384983.0
2026-01-17,AST-015,7.01,Inspection,Unplanned,North America,Integrated Gas,26486.0,1958489.0
2026-01-17,AST-023,2.85,Inspection,Planned,Europe,Upstream,4003.0,326365.0
2026-01-17,AST-030,12.42,Corrective,Planned,China,Integrated Gas,24247.67,1708366.33
2026-01-17,AST-031,2.63,Corrective,Planned,China,Integrated Gas,12931.0,1095618.0
2026-01-17,AST-033,6.66,Corrective,Planned,India,Integrated Gas,13028.0,1144155.0
2026-01-17,AST-034,7.46,Corrective,Unplanned,Middle East,Upstream,9459.0,755593.0
2026-01-17,AST-035,4.84,Corrective,Planned,Africa,Upstream,29577.0,2520042.0
2026-01-17,AST-040,1.83,Inspection,Planned,Middle East,Integrated Gas,3348.0,237321.0
2026-01-17,AST-041,1.69,Preventive,Planned,India,Integrated Gas,9035.0,726728.0
2026-01-18,AST-003,10.24,Preventive,Unplanned,Middle East,Upstream,44049.0,3812660.0
2026-01-18,AST-006,2.77,Inspection,Unplanned,Africa,Integrated Gas,12601.0,1054666.0
2026-01-18,AST-010,6.8,Corrective,Planned,India,Upstream,7409.0,538427.0
2026-01-18,AST-012,14.17,Corrective,Unplanned,Africa,Upstream,84675.0,6089786.0
2026-01-18,AST-014,2.92,Preventive,Planned,North America,Upstream,4989.0,435749.0
2026-01-18,AST-015,3.51,Inspection,Planned,North America,Integrated Gas,11366.0,925430.0
2026-01-18,AST-016,20.26,Corrective,Unplanned,North America,Upstream,20552.0,1474856.5
2026-01-18,AST-017,8.79,Preventive,Planned,Middle East,Chemicals & Products,47231.0,3329114.0
2026-01-18,AST-018,33.04,Preventive,Unplanned,India,Integrated Gas,103887.0,7840220.0
2026-01-18,AST-024,4.44,Preventive,Planned,Africa,Integrated Gas,8402.0,734595.0
2026-01-18,AST-027,1.26,Inspection,Planned,China,Upstream,6866.0,594696.0
2026-01-18,AST-028,4.52,Turnaround,Planned,North America,Integrated Gas,10944.0,817599.0
2026-01-18,AST-029,3.58,Turnaround,Planned,Middle East,Integrated Gas,21665.0,1684370.0
2026-01-18,AST-035,1.9,Inspection,Planned,Africa,Upstream,11922.0,1025878.0
2026-01-18,AST-036,1.41,Preventive,Planned,India,Integrated Gas,6086.0,406532.0
2026-01-18,AST-037,2.55,Corrective,Planned,Africa,Upstream,4512.0,326794.0
2026-01-18,AST-039,15.21,Preventive,Unplanned,Europe,Integrated Gas,60329.0,4783156.0
2026-01-18,AST-044,0.95,Inspection,Planned,China,Upstream,2740.0,260291.0
2026-01-18,AST-047,1.22,Preventive,Planned,China,Upstream,5684.0,462245.0
2026-01-19,AST-001,11.35,Preventive,Planned,India,Upstream,15606.0,1269717.0
2026-01-19,AST-002,1.92,Preventive,Planned,North America,Upstream,4692.0,403109.0
2026-01-19,AST-008,22.33,Preventive,Unplanned,North America,Upstream,29372.5,2379472.25
2026-01-19,AST-013,7.6,Inspection,Planned,North America,Upstream,13176.5,1085708.0
2026-01-19,AST-016,3.72,Corrective,Planned,North America,Upstream,6587.0,484838.0
2026-01-19,AST-017,3.8,Turnaround,Planned,Middle East,Chemicals & Products,15697.0,1468868.0
2026-01-19,AST-020,7.09,Corrective,Unplanned,China,Chemicals & Products,18978.0,1424451.0
2026-01-19,AST-022,18.98,Preventive,Planned,China,Upstream,54339.0,4404341.0
2026-01-19,AST-028,1.8,Corrective,Planned,North America,Integrated Gas,5670.0,434534.0
2026-01-19,AST-045,6.07,Preventive,Unplanned,India,Upstream,27629.0,2307187.0
2026-01-19,AST-046,19.35,Inspection,Unplanned,Africa,Upstream,91946.0,7300144.0
2026-01-19,AST-048,7.13,Corrective,Planned,Africa,Chemicals & Products,9979.0,783032.0
2026-01-20,AST-004,12.02,Corrective,Unplanned,China,Upstream,44584.0,3237542.0
2026-01-20,AST-005,27.16,Inspection,Unplanned,China,Integrated Gas,136176.0,11141491.0
2026-01-20,AST-013,2.11,Preventive,Planned,North America,Upstream,7527.0,575658.0
2026-01-20,AST-017,6.03,Corrective,Planned,Middle East,Chemicals & Products,36163.0,2719243.0
2026-01-20,AST-020,11.24,Preventive,Planned,China,Chemicals & Products,33096.0,2263840.0
2026-01-20,AST-024,15.01,Preventive,Planned,Africa,Integrated Gas,26224.0,2109116.0
2026-01-20,AST-026,7.62,Inspection,Unplanned,Middle East,Upstream,49947.0,4165131.0
2026-01-20,AST-027,7.59,Inspection,Planned,China,Upstream,40063.0,3512133.0
2026-01-20,AST-029,7.36,Corrective,Planned,Middle East,Integrated Gas,23918.0,1899034.5
2026-01-20,AST-030,3.43,Preventive,Planned,China,Integrated Gas,22182.0,2065466.0
2026-01-20,AST-032,1.27,Corrective,Planned,Europe,Upstream,4258.0,343151.0
2026-01-20,AST-035,2.89,Preventive,Planned,Africa,Upstream,20723.0,1531463.0
2026-01-20,AST-038,0.9,Preventive,Planned,North America,Integrated Gas,2385.0,188227.0
2026-01-20,AST-042,0.97,Preventive,Planned,North America,Integrated Gas,4988.0,363586.0
2026-01-20,AST-044,6.68,Turnaround,Planned,China,Upstream,26182.0,1869924.0
2026-01-20,AST-048,6.04,Inspection,Unplanned,Africa,Chemicals & Products,6852.0,520520.0
2026-01-20,AST-050,11.34,Turnaround,Planned,North America,Upstream,5963.5,447641.0
2026-01-21,AST-006,4.08,Corrective,Planned,Africa,Integrated Gas,21770.0,1829022.0
2026-01-21,AST-009,5.21,Preventive,Planned,Europe,Upstream,4490.5,362805.0
2026-01-21,AST-020,8.03,Turnaround,Planned,China,Chemicals & Products,18975.0,1427953.0
2026-01-21,AST-022,4.15,Preventive,Planned,China,Upstream,11694.0,877219.0
2026-01-21,AST-027,9.74,Preventive,Planned,China,Upstream,49991.0,4044211.0
2026-01-21,AST-029,3.02,Preventive,Planned,Middle East,Integrated Gas,22426.0,1663263.0
2026-01-21,AST-031,2.4,Preventive,Planned,China,Integrated Gas,13667.0,1006049.0
2026-01-21,AST-034,5.47,Corrective,Planned,Middle East,Upstream,7604.0,570155.0
2026-01-21,AST-036,8.82,Inspection,Planned,India,Integrated Gas,30333.0,2654229.0
2026-01-21,AST-037,1.96,Preventive,Planned,Africa,Upstream,4352.0,364610.0
2026-01-21,AST-038,2.24,Corrective,Planned,North America,Integrated Gas,6519.0,546587.0
2026-01-21,AST-042,3.27,Preventive,Planned,North America,Integrated Gas,17719.0,1296395.0
2026-01-21,AST-044,1.93,Inspection,Planned,China,Upstream,6591.0,505609.0
2026-01-22,AST-001,13.85,Inspection,Unplanned,India,Upstream,38899.0,2925874.0
2026-01-22,AST-002,5.62,Corrective,Planned,North America,Upstream,15268.0,1313210.0
2026-01-22,AST-005,6.88,Corrective,Planned,China,Integrated Gas,40090.0,3809567.0
2026-01-22,AST-008,2.57,Corrective,Planned,North America,Upstream,7946.5,645503.0
2026-01-22,AST-012,49.93,Corrective,Unplanned,Africa,Upstream,248130.0,21291696.0
2026-01-22,AST-013,3.32,Turnaround,Planned,North America,Upstream,10338.0,807137.0
2026-01-22,AST-020,6.52,Preventive,Planned,China,Chemicals & Products,15609.0,1101922.0
2026-01-22,AST-022,6.92,Turnaround,Planned,China,Upstream,23796.0,2190318.0
2026-01-22,AST-025,1.45,Preventive,Planned,North America,Upstream,9550.0,858460.0
2026-01-22,AST-033,2.82,Preventive,Planned,India,Integrated Gas,7888.0,629955.0
2026-01-22,AST-040,7.1,Corrective,Planned,Middle East,Integrated Gas,15039.0,1059531.0
2026-01-22,AST-041,6.8,Corrective,Planned,India,Integrated Gas,19959.0,1646527.5
2026-01-22,AST-044,17.92,Preventive,Unplanned,China,Upstream,65026.0,5267253.0
2026-01-22,AST-045,2.78,Corrective,Planned,India,Upstream,7076.5,544704.5
2026-01-22,AST-047,14.13,Preventive,Planned,China,Upstream,38197.5,3283435.0
2026-01-22,AST-049,2.68,Corrective,Planned,North America,Upstream,9212.0,634130.0
2026-01-23,AST-001,18.77,Preventive,Unplanned,India,Upstream,44051.0,3347483.0
2026-01-23,AST-005,0.71,Preventive,Planned,China,Integrated Gas,4151.0,335149.0
2026-01-23,AST-006,13.45,Corrective,Unplanned,Africa,Integrated Gas,57303.0,3830381.0
2026-01-23,AST-010,10.74,Preventive,Planned,India,Upstream,5754.5,459709.5
2026-01-23,AST-011,11.74,Corrective,Planned,Middle East,Upstream,8153.5,636698.5
2026-01-23,AST-013,14.91,Turnaround,Unplanned,North America,Upstream,62084.0,4537422.0
2026-01-23,AST-015,3.82,Preventive,Planned,North America,Integrated Gas,16736.0,1469221.0
2026-01-23,AST-016,15.51,Preventive,Unplanned,North America,Upstream,21815.0,1867536.0
2026-01-23,AST-017,1.9,Preventive,Unplanned,Middle East,Chemicals & Products,7704.0,561538.0
2026-01-23,AST-021,4.49,Inspection,Planned,Middle East,Chemicals & Products,23998.0,2150594.0
2026-01-23,AST-035,3.7,Turnaround,Planned,Africa,Upstream,26153.0,1927227.0
2026-01-23,AST-043,1.95,Corrective,Planned,North America,Upstream,10134.0,893277.0
2026-01-23,AST-050,1.45,Corrective,Planned,North America,Upstream,1680.0,123078.0
2026-01-24,AST-001,1.4,Preventive,Planned,India,Upstream,3133.0,208989.0
2026-01-24,AST-003,2.12,Corrective,Planned,Middle East,Upstream,10469.0,780356.0
2026-01-24,AST-004,22.52,Corrective,Unplanned,China,Upstream,96491.0,6797699.0
2026-01-24,AST-007,30.61,Preventive,Planned,India,Chemicals & Products,32105.67,2447739.67
2026-01-24,AST-016,1.91,Turnaround,Planned,North America,Upstream,3553.0,255266.0
2026-01-24,AST-020,2.46,Corrective,Planned,China,Chemicals & Products,5911.0,437703.0
2026-01-24,AST-024,7.04,Corrective,Planned,Africa,Integrated Gas,6313.0,473737.5
2026-01-24,AST-025,8.43,Inspection,Planned,North America,Upstream,30430.0,2254057.0
2026-01-24,AST-027,1.5,Preventive,Planned,China,Upstream,6877.0,605697.0
2026-01-24,AST-029,3.16,Corrective,Planned,Middle East,Integrated Gas,21592.0,1783246.0
2026-01-24,AST-032,17.8,Corrective,Unplanned,Europe,Upstream,58087.0,4804489.0
2026-01-24,AST-035,2.01,Corrective,Planned,Africa,Upstream,12966.0,953316.0
2026-01-24,AST-041,3.64,Corrective,Planned,India,Integrated Gas,22779.0,2122007.0
2026-01-24,AST-042,7.2,Preventive,Planned,North America,Integrated Gas,33844.0,2402544.0
2026-01-24,AST-044,3.09,Preventive,Planned,China,Upstream,11693.0,1017955.0
2026-01-24,AST-045,16.41,Turnaround,Planned,India,Upstream,23649.67,1923045.0
2026-01-24,AST-046,4.9,Turnaround,Planned,Africa,Upstream,20321.0,1472601.0
2026-01-24,AST-047,9.19,Corrective,Planned,China,Upstream,20101.0,1631696.5
2026-01-24,AST-049,1.92,Preventive,Planned,North America,Upstream,6400.0,504920.0
2026-01-25,AST-003,5.18,Corrective,Planned,Middle East,Upstream,20925.0,1588574.0
2026-01-25,AST-009,2.42,Corrective,Planned,Europe,Upstream,5689.0,489127.0
2026-01-25,AST-010,14.96,Corrective,Planned,India,Upstream,9541.0,852327.0
2026-01-25,AST-014,7.67,Preventive,Planned,North America,Upstream,15564.0,1041885.0
2026-01-25,AST-015,1.28,Preventive,Planned,North America,Integrated Gas,4872.0,434694.0
2026-01-25,AST-018,1.61,Inspection,Planned,India,Integrated Gas,5677.0,487996.0
2026-01-25,AST-020,2.52,Preventive,Planned,China,Chemicals & Products,6807.0,594400.0
2026-01-25,AST-028,1.54,Preventive,Planned,North America,Integrated Gas,3684.0,279700.0
2026-01-25,AST-030,17.3,Corrective,Planned,China,Integrated Gas,42387.5,3165501.5
2026-01-25,AST-032,12.34,Turnaround,Unplanned,Europe,Upstream,37147.0,3520439.0
2026-01-25,AST-037,17.17,Corrective,Planned,Africa,Upstream,19674.5,1382529.0
2026-01-25,AST-038,23.58,Preventive,Unplanned,North America,Integrated Gas,21427.67,1688344.0
2026-01-25,AST-044,3.27,Corrective,Planned,China,Upstream,12674.0,1133048.0
2026-01-25,AST-046,9.87,Preventive,Planned,Africa,Upstream,42615.0,3410117.0
2026-01-25,AST-050,1.18,Corrective,Unplanned,North America,Upstream,1321.0,105295.0
2026-01-26,AST-001,0.53,Corrective,Planned,India,Upstream,1517.0,126273.0
2026-01-26,AST-002,5.35,Preventive,Planned,North America,Upstream,12373.0,847590.0
2026-01-26,AST-003,26.54,Preventive,Unplanned,Middle East,Upstream,105077.0,9336686.0
2026-01-26,AST-005,3.09,Preventive,Planned,China,Integrated Gas,19748.0,1600446.0
2026-01-26,AST-006,1.64,Corrective,Planned,Africa,Integrated Gas,9177.0,673277.0
2026-01-26,AST-014,21.19,Preventive,Unplanned,North America,Upstream,38617.0,3006233.0
2026-01-26,AST-016,3.77,Inspection,Planned,North America,Upstream,3284.0,258031.0
2026-01-26,AST-018,4.6,Corrective,Planned,India,Integrated Gas,15086.0,1169462.0
2026-01-26,AST-022,14.03,Preventive,Planned,China,Upstream,14500.67,1185937.67
2026-01-26,AST-023,24.7,Corrective,Unplanned,Europe,Upstream,31879.0,2502701.0
2026-01-26,AST-028,8.69,Preventive,Planned,North America,Integrated Gas,21211.0,1996430.0
2026-01-26,AST-032,8.25,Corrective,Unplanned,Europe,Upstream,29687.0,2533917.0
2026-01-26,AST-033,7.04,Preventive,Planned,India,Integrated Gas,20785.0,1789623.0
2026-01-26,AST-038,22.6,Preventive,Unplanned,North America,Integrated Gas,55834.0,4492689.0
2026-01-26,AST-039,0.82,Corrective,Planned,Europe,Integrated Gas,4266.0,304925.0
2026-01-26,AST-041,5.58,Preventive,Planned,India,Integrated Gas,34019.0,2886295.0
2026-01-26,AST-043,0.81,Corrective,Planned,North America,Upstream,4024.0,307838.0
2026-01-26,AST-046,4.58,Inspection,Planned,Africa,Upstream,18117.0,1302884.0
2026-01-26,AST-047,16.24,Preventive,Unplanned,China,Upstream,93258.0,7338213.0
2026-01-26,AST-049,18.73,Preventive,Unplanned,North America,Upstream,66425.0,5413818.0
2026-01-26,AST-050,36.48,Preventive,Unplanned,North America,Upstream,41913.0,3230331.0
2026-01-27,AST-004,6.03,Corrective,Planned,China,Upstream,24350.0,1931878.0
2026-01-27,AST-006,1.24,Preventive,Planned,Africa,Integrated Gas,5437.0,386873.0
2026-01-27,AST-009,25.68,Preventive,Unplanned,Europe,Upstream,58047.0,4827044.0
2026-01-27,AST-011,8.14,Preventive,Planned,Middle East,Upstream,15058.0,1143975.0
2026-01-27,AST-016,9.24,Preventive,Planned,North America,Upstream,18310.0,1445076.0
2026-01-27,AST-021,3.81,Inspection,Planned,Middle East,Chemicals & Products,17807.0,1308168.0
2026-01-27,AST-025,2.38,Preventive,Planned,North America,Upstream,13950.0,1049973.0
2026-01-27,AST-026,3.14,Corrective,Unplanned,Middle East,Upstream,20973.0,1463423.0
2026-01-27,AST-032,5.04,Corrective,Planned,Europe,Upstream,16859.0,1523726.0
2026-01-27,AST-033,3.98,Preventive,Unplanned,India,Integrated Gas,10713.0,829882.0
2026-01-27,AST-048,4.62,Corrective,Planned,Africa,Chemicals & Products,5477.0,457784.0
2026-01-28,AST-001,6.38,Corrective,Planned,India,Upstream,15296.0,1357392.0
2026-01-28,AST-002,2.5,Turnaround,Planned,North America,Upstream,6700.0,495778.0
2026-01-28,AST-009,2.03,Inspection,Planned,Europe,Upstream,3608.0,321178.0
2026-01-28,AST-010,7.4,Corrective,Planned,India,Upstream,7741.0,606956.0
2026-01-28,AST-011,1.34,Preventive,Planned,Middle East,Upstream,1814.0,157286.0
2026-01-28,AST-013,6.36,Preventive,Planned,North America,Upstream,24393.0,1985993.0
2026-01-28,AST-014,0.54,Turnaround,Planned,North America,Upstream,1057.0,85060.0
2026-01-28,AST-017,1.71,Preventive,Planned,Middle East,Chemicals & Products,8518.0,587413.0
2026-01-28,AST-021,2.56,Preventive,Planned,Middle East,Chemicals & Products,12738.0,1004389.0
2026-01-28,AST-023,10.9,Turnaround,Planned,Europe,Upstream,16102.0,1438952.0
2026-01-28,AST-025,6.12,Inspection,Unplanned,North America,Upstream,46550.0,4145343.0
2026-01-28,AST-037,8.19,Preventive,Planned,Africa,Upstream,15788.0,1253988.0
2026-01-28,AST-038,1.19,Corrective,Planned,North America,Integrated Gas,1719.5,136855.5
2026-01-28,AST-040,6.52,Preventive,Planned,Middle East,Integrated Gas,12263.0,922323.0
2026-01-28,AST-042,4.25,Preventive,Planned,North America,Integrated Gas,22265.0,1545769.0
2026-01-28,AST-043,7.14,Preventive,Planned,North America,Upstream,18923.0,1566645.5
2026-01-28,AST-044,2.16,Corrective,Planned,China,Upstream,7777.0,705326.0
2026-01-29,AST-001,1.41,Preventive,Planned,India,Upstream,3030.0,247296.0
2026-01-29,AST-002,10.13,Corrective,Planned,North America,Upstream,13792.0,1120192.5
2026-01-29,AST-008,13.67,Preventive,Planned,North America,Upstream,84944.0,6181968.0
2026-01-29,AST-009,2.58,Preventive,Planned,Europe,Upstream,4502.0,410321.0
2026-01-29,AST-018,2.03,Preventive,Planned,India,Integrated Gas,7716.0,660474.0
2026-01-29,AST-021,0.15,Corrective,Planned,Middle East,Chemicals & Products,753.0,63080.0
2026-01-29,AST-023,0.45,Corrective,Planned,Europe,Upstream,631.0,42660.0
2026-01-29,AST-030,21.43,Corrective,Planned,China,Integrated Gas,50658.0,3877364.0
2026-01-29,AST-031,3.93,Inspection,Planned,China,Integrated Gas,9659.5,696346.5
2026-01-29,AST-033,8.12,Corrective,Planned,India,Integrated Gas,8887.0,722395.5
2026-01-29,AST-034,4.99,Corrective,Planned,Middle East,Upstream,3769.0,332989.0
2026-01-29,AST-043,5.64,Corrective,Planned,North America,Upstream,12502.0,925230.5
2026-01-29,AST-044,0.51,Corrective,Planned,China,Upstream,1854.0,160974.0
2026-01-29,AST-046,6.84,Preventive,Unplanned,Africa,Upstream,33807.0,2965543.0
2026-01-30,AST-005,3.68,Inspection,Planned,China,Integrated Gas,23349.0,1758144.0
2026-01-30,AST-006,11.19,Corrective,Planned,Africa,Integrated Gas,29933.5,2248946.0
2026-01-30,AST-007,0.94,Corrective,Planned,India,Chemicals & Products,2849.0,228794.0
2026-01-30,AST-008,5.66,Preventive,Planned,North America,Upstream,30597.0,2614749.0
2026-01-30,AST-010,16.21,Corrective,Planned,India,Upstream,20026.0,1790583.0
2026-01-30,AST-012,13.0,Preventive,Planned,Africa,Upstream,61655.0,4237835.0
2026-01-30,AST-013,14.65,Corrective,Planned,North America,Upstream,59483.0,4257157.0
2026-01-30,AST-014,3.79,Preventive,Planned,North America,Upstream,6719.0,505438.0
2026-01-30,AST-016,3.81,Preventive,Planned,North America,Upstream,5677.0,473380.0
2026-01-30,AST-018,3.24,Corrective,Planned,India,Integrated Gas,8917.0,583878.0
2026-01-30,AST-022,21.89,Preventive,Unplanned,China,Upstream,73155.0,6043267.0
2026-01-30,AST-023,14.3,Preventive,Planned,Europe,Upstream,19195.0,1375690.0
2026-01-30,AST-025,5.34,Corrective,Planned,North America,Upstream,18504.0,1393235.0
2026-01-30,AST-039,1.09,Inspection,Unplanned,Europe,Integrated Gas,4047.0,338435.0
2026-01-30,AST-040,4.14,Preventive,Planned,Middle East,Integrated Gas,8058.0,595920.0
2026-01-30,AST-041,11.73,Inspection,Unplanned,India,Integrated Gas,74142.0,5131819.0
2026-01-31,AST-004,3.52,Corrective,Unplanned,China,Upstream,16287.0,1398937.0
2026-01-31,AST-013,2.89,Corrective,Planned,North America,Upstream,9963.0,816432.0
2026-01-31,AST-022,2.51,Preventive,Planned,China,Upstream,8474.0,704460.0
2026-01-31,AST-026,7.56,Corrective,Planned,Middle East,Upstream,44733.0,3539941.0
2026-01-31,AST-027,6.43,Preventive,Planned,China,Upstream,36537.0,3096551.0
2026-01-31,AST-028,18.47,Corrective,Planned,North America,Integrated Gas,22510.5,1963570.5
2026-01-31,AST-030,5.13,Preventive,Planned,China,Integrated Gas,26489.0,2138755.0
2026-01-31,AST-031,34.7,Turnaround,Unplanned,China,Integrated Gas,127346.0,11180563.0
2026-01-31,AST-038,4.12,Preventive,Planned,North America,Integrated Gas,11579.0,927711.0
2026-01-31,AST-043,0.69,Preventive,Planned,North America,Upstream,3872.0,340959.0
2026-01-31,AST-044,22.12,Preventive,Planned,China,Upstream,41571.5,3121148.0
2026-01-31,AST-046,11.36,Turnaround,Unplanned,Africa,Upstream,47383.0,3622328.0
2026-02-01,AST-008,3.87,Inspection,Planned,North America,Upstream,21892.0,1922076.0
2026-02-01,AST-012,8.16,Preventive,Planned,Africa,Upstream,17047.0,1504716.0
2026-02-01,AST-019,3.72,Turnaround,Unplanned,Africa,Upstream,11430.0,883420.0
2026-02-01,AST-024,6.23,Inspection,Unplanned,Africa,Integrated Gas,12029.0,980051.0
2026-02-01,AST-025,2.78,Turnaround,Planned,North America,Upstream,19204.0,1515663.0
2026-02-01,AST-029,5.33,Corrective,Planned,Middle East,Integrated Gas,41136.0,3018764.0
2026-02-01,AST-033,6.49,Preventive,Unplanned,India,Integrated Gas,16362.0,1266820.0
2026-02-01,AST-034,2.53,Preventive,Planned,Middle East,Upstream,3836.0,280543.0
2026-02-01,AST-035,7.31,Preventive,Planned,Africa,Upstream,41893.0,3546215.0
2026-02-01,AST-040,3.17,Preventive,Planned,Middle East,Integrated Gas,6095.0,525906.0
2026-02-01,AST-047,2.99,Preventive,Planned,China,Upstream,16174.0,1190711.0
2026-02-01,AST-050,7.95,Preventive,Planned,North America,Upstream,7713.0,693350.0
2026-02-02,AST-006,5.26,Corrective,Planned,Africa,Integrated Gas,20497.0,1808025.0
2026-02-02,AST-007,4.92,Turnaround,Planned,India,Chemicals & Products,15827.0,1117950.0
2026-02-02,AST-011,19.17,Turnaround,Planned,Middle East,Upstream,23007.0,1697823.0
2026-02-02,AST-016,6.59,Corrective,Planned,North America,Upstream,13091.0,940923.0
2026-02-02,AST-029,2.4,Corrective,Planned,Middle East,Integrated Gas,15423.0,1273309.0
2026-02-02,AST-031,3.51,Corrective,Planned,China,Integrated Gas,17903.0,1338090.0
2026-02-02,AST-034,2.52,Corrective,Planned,Middle East,Upstream,4031.0,376206.0
2026-02-02,AST-036,0.94,Preventive,Planned,India,Integrated Gas,3174.0,242643.0
2026-02-02,AST-038,1.85,Preventive,Planned,North America,Integrated Gas,5335.0,395375.0
2026-02-02,AST-039,2.63,Turnaround,Planned,Europe,Integrated Gas,11746.0,899063.0
2026-02-02,AST-040,10.78,Preventive,Planned,Middle East,Integrated Gas,11750.0,981431.5
2026-02-02,AST-050,22.16,Corrective,Planned,North America,Upstream,13717.0,1143062.5
2026-02-03,AST-007,3.12,Inspection,Planned,India,Chemicals & Products,12370.0,935556.0
2026-02-03,AST-012,0.84,Preventive,Planned,Africa,Upstream,4292.0,409762.0
2026-02-03,AST-020,1.97,Corrective,Planned,China,Chemicals & Products,5186.0,449847.0
2026-02-03,AST-028,4.27,Corrective,Planned,North America,Integrated Gas,11250.0,993215.0
2026-02-03,AST-029,3.9,Turnaround,Planned,Middle East,Integrated Gas,25022.0,2139279.0
2026-02-03,AST-031,13.42,Turnaround,Planned,China,Integrated Gas,66748.0,5427955.0
2026-02-03,AST-033,4.19,Preventive,Planned,India,Integrated Gas,12293.0,941972.0
2026-02-03,AST-037,7.6,Preventive,Planned,Africa,Upstream,17888.0,1321897.0
2026-02-03,AST-038,13.29,Preventive,Unplanned,North America,Integrated Gas,42494.0,3448065.0
2026-02-03,AST-040,14.92,Preventive,Unplanned,Middle East,Integrated Gas,24873.0,1824181.0
2026-02-03,AST-042,6.02,Preventive,Planned,North America,Integrated Gas,37209.0,2908077.0
2026-02-03,AST-044,12.64,Preventive,Unplanned,China,Upstream,46372.0,3382756.0
2026-02-03,AST-046,8.69,Corrective,Planned,Africa,Upstream,18385.0,1342683.0
2026-02-03,AST-047,14.87,Preventive,Unplanned,China,Upstream,80997.0,7404381.0
2026-02-03,AST-050,6.67,Corrective,Unplanned,North America,Upstream,6704.0,618216.0
2026-02-04,AST-003,13.05,Preventive,Planned,Middle East,Upstream,70671.0,5763201.0
2026-02-04,AST-005,26.87,Corrective,Unplanned,China,Integrated Gas,146653.0,14126859.0
2026-02-04,AST-008,3.94,Corrective,Planned,North America,Upstream,26935.0,2024129.0
2026-02-04,AST-009,8.09,Inspection,Planned,Europe,Upstream,7049.5,515828.5
2026-02-04,AST-017,15.07,Inspection,Planned,Middle East,Chemicals & Products,34417.5,3014184.0
2026-02-04,AST-023,2.66,Inspection,Planned,Europe,Upstream,4551.0,355379.0
2026-02-04,AST-024,7.09,Preventive,Planned,Africa,Integrated Gas,11189.0,802481.0
2026-02-04,AST-025,2.86,Preventive,Planned,North America,Upstream,16948.0,1389638.0
2026-02-04,AST-027,3.37,Preventive,Planned,China,Upstream,22120.0,1963694.0
2026-02-04,AST-028,1.53,Corrective,Planned,North America,Integrated Gas,3514.0,308917.0
2026-02-04,AST-030,6.16,Inspection,Planned,China,Integrated Gas,10912.0,896256.67
2026-02-04,AST-036,7.1,Corrective,Planned,India,Integrated Gas,23964.0,1835484.0
2026-02-04,AST-039,1.77,Corrective,Planned,Europe,Integrated Gas,8764.0,784525.0
2026-02-05,AST-003,6.24,Preventive,Planned,Middle East,Upstream,28056.0,2419994.0
2026-02-05,AST-004,4.04,Preventive,Planned,China,Upstream,16552.0,1122221.0
2026-02-05,AST-006,2.96,Corrective,Planned,Africa,Integrated Gas,16265.0,1506645.0
2026-02-05,AST-008,0.9,Preventive,Planned,North America,Upstream,4166.0,333526.0
2026-02-05,AST-009,3.89,Corrective,Planned,Europe,Upstream,6532.0,477417.0
2026-02-05,AST-022,8.3,Preventive,Unplanned,China,Upstream,22873.0,1723377.0
2026-02-05,AST-031,8.82,Corrective,Planned,China,Integrated Gas,42035.0,3295071.0
2026-02-05,AST-035,0.7,Inspection,Planned,Africa,Upstream,4193.0,381024.0
2026-02-05,AST-039,2.6,Inspection,Planned,Europe,Integrated Gas,9973.0,721799.0
2026-02-05,AST-042,26.7,Preventive,Planned,North America,Integrated Gas,65189.5,4655270.5
2026-02-05,AST-044,4.13,Preventive,Planned,China,Upstream,14548.0,1086174.0
2026-02-05,AST-050,4.61,Corrective,Planned,North America,Upstream,5356.0,440858.0
2026-02-06,AST-003,0.33,Corrective,Planned,Middle East,Upstream,1822.0,139853.0
2026-02-06,AST-004,10.11,Corrective,Unplanned,China,Upstream,43690.0,3786910.0
2026-02-06,AST-006,18.52,Preventive,Planned,Africa,Integrated Gas,27666.0,2088003.67
2026-02-06,AST-009,1.19,Turnaround,Planned,Europe,Upstream,2164.0,181413.0
2026-02-06,AST-012,2.73,Turnaround,Planned,Africa,Upstream,13850.0,1194532.0
2026-02-06,AST-014,7.53,Preventive,Unplanned,North America,Upstream,13230.0,1112739.0
2026-02-06,AST-016,11.32,Corrective,Planned,North America,Upstream,10318.5,845175.5
2026-02-06,AST-025,10.36,Preventive,Planned,North America,Upstream,68746.0,6245204.0
2026-02-06,AST-026,6.22,Preventive,Planned,Middle East,Upstream,34752.0,3220673.0
2026-02-06,AST-027,4.03,Corrective,Unplanned,China,Upstream,17604.0,1581885.0
2026-02-06,AST-029,5.36,Corrective,Planned,Middle East,Integrated Gas,38842.0,2988251.0
2026-02-06,AST-032,9.09,Inspection,Planned,Europe,Upstream,34426.0,2520295.0
2026-02-06,AST-036,10.89,Preventive,Unplanned,India,Integrated Gas,47831.0,3984684.0
2026-02-06,AST-038,1.67,Turnaround,Planned,North America,Integrated Gas,4078.0,331910.0
2026-02-06,AST-042,5.99,Inspection,Planned,North America,Integrated Gas,25433.0,1824932.0
2026-02-06,AST-046,2.24,Corrective,Planned,Africa,Upstream,9408.0,868850.0
2026-02-07,AST-004,25.38,Corrective,Unplanned,China,Upstream,59149.0,4721604.0
2026-02-07,AST-008,6.59,Turnaround,Planned,North America,Upstream,39041.0,3251066.0
2026-02-07,AST-013,3.16,Corrective,Planned,North America,Upstream,10702.0,829494.0
2026-02-07,AST-014,14.27,Inspection,Planned,North America,Upstream,30864.0,2535381.0
2026-02-07,AST-016,8.15,Preventive,Unplanned,North America,Upstream,13962.0,1204651.0
2026-02-07,AST-021,2.32,Inspection,Planned,Middle East,Chemicals & Products,9511.0,796246.0
2026-02-07,AST-030,23.95,Corrective,Planned,China,Integrated Gas,40739.0,3226770.33
2026-02-07,AST-032,6.57,Preventive,Planned,Europe,Upstream,24159.0,2192946.0
2026-02-07,AST-039,3.69,Inspection,Planned,Europe,Integrated Gas,16777.0,1460818.0
2026-02-07,AST-044,2.63,Preventive,Planned,China,Upstream,8513.0,760457.0
2026-02-07,AST-045,2.25,Preventive,Planned,India,Upstream,11491.0,950659.0
2026-02-08,AST-005,1.08,Preventive,Planned,China,Integrated Gas,6678.0,542687.0
2026-02-08,AST-009,1.51,Preventive,Planned,Europe,Upstream,3300.0,241420.0
2026-02-08,AST-010,9.5,Preventive,Planned,India,Upstream,10191.0,893294.0
2026-02-08,AST-014,5.76,Corrective,Unplanned,North America,Upstream,11068.0,778486.0
2026-02-08,AST-015,45.87,Corrective,Planned,North America,Integrated Gas,79673.5,7074644.0
2026-02-08,AST-019,4.24,Preventive,Planned,Africa,Upstream,14407.0,1143539.0
2026-02-08,AST-032,19.42,Preventive,Unplanned,Europe,Upstream,62641.0,5259270.0
2026-02-08,AST-035,3.15,Inspection,Planned,Africa,Upstream,18445.0,1666572.0
2026-02-08,AST-037,2.49,Preventive,Planned,Africa,Upstream,5671.0,398786.0
2026-02-08,AST-038,2.04,Preventive,Planned,North America,Integrated Gas,6199.0,455308.0
2026-02-08,AST-040,4.9,Corrective,Unplanned,Middle East,Integrated Gas,9665.0,835586.0
2026-02-08,AST-044,3.54,Corrective,Planned,China,Upstream,12018.0,941766.0
2026-02-09,AST-007,21.24,Corrective,Planned,India,Chemicals & Products,34108.5,3030018.0
2026-02-09,AST-008,4.44,Preventive,Planned,North America,Upstream,27340.0,2283152.0
2026-02-09,AST-009,12.48,Corrective,Planned,Europe,Upstream,12768.5,1168721.0
2026-02-09,AST-012,9.19,Corrective,Planned,Africa,Upstream,22679.5,1970606.0
2026-02-09,AST-013,6.02,Corrective,Planned,North America,Upstream,22303.0,1987856.0
2026-02-09,AST-016,10.46,Turnaround,Planned,North America,Upstream,17177.0,1309296.0
2026-02-09,AST-017,20.24,Preventive,Unplanned,Middle East,Chemicals & Products,88553.0,7128649.0
2026-02-09,AST-018,13.34,Preventive,Planned,India,Integrated Gas,23232.5,2070764.0
2026-02-09,AST-023,4.81,Inspection,Planned,Europe,Upstream,7265.0,596580.0
2026-02-09,AST-029,2.02,Preventive,Planned,Middle East,Integrated Gas,13279.0,1010866.0
2026-02-09,AST-033,2.26,Turnaround,Planned,India,Integrated Gas,5540.0,489648.0
2026-02-09,AST-044,5.33,Inspection,Planned,China,Upstream,15545.0,1290629.0
2026-02-09,AST-045,5.85,Corrective,Planned,India,Upstream,22723.0,1634251.0
2026-02-09,AST-046,21.42,Corrective,Planned,Africa,Upstream,51183.5,4715201.5
2026-02-10,AST-002,7.71,Corrective,Planned,North America,Upstream,9797.0,852296.0
2026-02-10,AST-003,1.05,Corrective,Planned,Middle East,Upstream,4602.0,319803.0
2026-02-10,AST-005,1.18,Corrective,Planned,China,Integrated Gas,7101.0,534686.0
2026-02-10,AST-008,5.98,Preventive,Planned,North America,Upstream,33117.0,2390898.0
2026-02-10,AST-011,9.3,Corrective,Planned,Middle East,Upstream,12823.0,1234533.0
2026-02-10,AST-021,7.59,Corrective,Planned,Middle East,Chemicals & Products,35667.0,2724563.0
2026-02-10,AST-023,6.21,Corrective,Planned,Europe,Upstream,7605.0,568695.0
2026-02-10,AST-025,22.01,Preventive,Unplanned,North America,Upstream,141423.0,9886337.0
2026-02-10,AST-030,0.52,Preventive,Planned,China,Integrated Gas,2568.0,232114.0
2026-02-10,AST-032,6.69,Preventive,Planned,Europe,Upstream,24655.0,1833056.0
2026-02-10,AST-037,1.56,Preventive,Unplanned,Africa,Upstream,3026.0,292726.0
2026-02-10,AST-038,6.52,Preventive,Planned,North America,Integrated Gas,14926.0,1183554.0
2026-02-10,AST-039,2.56,Preventive,Planned,Europe,Integrated Gas,12066.0,839860.0
2026-02-10,AST-041,8.34,Preventive,Unplanned,India,Integrated Gas,44556.0,3616815.0
2026-02-10,AST-042,5.67,Preventive,Planned,North America,Integrated Gas,29816.0,2295707.0
2026-02-11,AST-002,5.99,Corrective,Planned,North America,Upstream,14944.0,1046756.0
2026-02-11,AST-003,1.28,Turnaround,Planned,Middle East,Upstream,5459.0,397033.0
2026-02-11,AST-006,3.59,Inspection,Planned,Africa,Integrated Gas,14325.0,1060770.0
2026-02-11,AST-007,15.41,Corrective,Unplanned,India,Chemicals & Products,50990.0,4112222.0
2026-02-11,AST-012,5.87,Corrective,Planned,Africa,Upstream,28574.0,2467925.0
2026-02-11,AST-020,12.29,Preventive,Unplanned,China,Chemicals & Products,34142.0,3101964.0
2026-02-11,AST-024,1.85,Inspection,Planned,Africa,Integrated Gas,3018.0,237311.0
2026-02-11,AST-025,8.58,Preventive,Planned,North America,Upstream,59137.0,4328432.0
2026-02-11,AST-029,8.5,Corrective,Unplanned,Middle East,Integrated Gas,50557.0,4354711.0
2026-02-11,AST-031,6.52,Preventive,Unplanned,China,Integrated Gas,30681.0,2136411.0
2026-02-11,AST-032,1.43,Corrective,Planned,Europe,Upstream,5137.0,466055.0
2026-02-11,AST-040,3.5,Inspection,Planned,Middle East,Integrated Gas,7626.0,553492.0
2026-02-12,AST-001,7.11,Preventive,Planned,India,Upstream,17172.0,1235681.0
2026-02-12,AST-002,3.57,Corrective,Planned,North America,Upstream,9274.0,842597.0
2026-02-12,AST-003,19.74,Corrective,Planned,Middle East,Upstream,52927.0,4796985.5
2026-02-12,AST-006,20.6,Preventive,Planned,Africa,Integrated Gas,33100.33,2871056.0
2026-02-12,AST-017,10.91,Corrective,Unplanned,Middle East,Chemicals & Products,50210.0,3598557.0
2026-02-12,AST-019,4.01,Corrective,Planned,Africa,Upstream,10607.0,813011.0
2026-02-12,AST-021,2.58,Corrective,Planned,Middle East,Chemicals & Products,5059.0,408324.0
2026-02-12,AST-024,5.58,Corrective,Planned,Africa,Integrated Gas,10394.0,791487.0
2026-02-12,AST-027,2.14,Corrective,Planned,China,Upstream,10094.0,787085.0
2026-02-12,AST-028,2.31,Corrective,Planned,North America,Integrated Gas,6933.0,514557.0
2026-02-12,AST-029,3.18,Corrective,Planned,Middle East,Integrated Gas,19521.0,1708161.0
2026-02-12,AST-034,1.15,Preventive,Planned,Middle East,Upstream,1535.0,138349.0
2026-02-12,AST-039,4.21,Preventive,Planned,Europe,Integrated Gas,16248.0,1487045.0
2026-02-12,AST-042,0.81,Corrective,Planned,North America,Integrated Gas,5025.0,394194.0
2026-02-12,AST-046,5.4,Corrective,Planned,Africa,Upstream,23027.0,1854532.0
2026-02-12,AST-048,1.01,Inspection,Planned,Africa,Chemicals & Products,1237.0,114264.0
2026-02-12,AST-049,2.78,Preventive,Planned,North America,Upstream,9131.0,751127.0
2026-02-12,AST-050,5.67,Corrective,Planned,North America,Upstream,3230.0,269715.5
2026-02-13,AST-002,7.31,Preventive,Planned,North America,Upstream,21274.0,1463757.0
2026-02-13,AST-003,4.98,Corrective,Planned,Middle East,Upstream,22776.0,1976831.0
2026-02-13,AST-004,13.6,Inspection,Planned,China,Upstream,27756.5,2117705.0
2026-02-13,AST-008,8.21,Corrective,Planned,North America,Upstream,51881.0,4541525.0
2026-02-13,AST-012,6.19,Preventive,Planned,Africa,Upstream,32986.0,2787000.0
2026-02-13,AST-013,3.58,Corrective,Planned,North America,Upstream,11979.0,936757.0
2026-02-13,AST-014,4.77,Corrective,Planned,North America,Upstream,7768.0,684925.0
2026-02-13,AST-015,1.81,Inspection,Planned,North America,Integrated Gas,6701.0,555982.0
2026-02-13,AST-020,5.86,Turnaround,Planned,China,Chemicals & Products,19996.0,1763737.0
2026-02-13,AST-023,4.36,Corrective,Planned,Europe,Upstream,8057.0,664850.0
2026-02-13,AST-024,6.2,Inspection,Planned,Africa,Integrated Gas,11546.0,878254.0
2026-02-13,AST-030,4.98,Preventive,Planned,China,Integrated Gas,27593.0,2564861.0
2026-02-13,AST-034,2.26,Corrective,Planned,Middle East,Upstream,3422.0,276973.0
2026-02-13,AST-035,15.79,Inspection,Planned,Africa,Upstream,34796.33,3032008.33
2026-02-13,AST-039,3.08,Inspection,Unplanned,Europe,Integrated Gas,15559.0,1177749.0
2026-02-13,AST-042,5.09,Corrective,Unplanned,North America,Integrated Gas,28856.0,2248352.0
2026-02-13,AST-044,3.76,Corrective,Planned,China,Upstream,12875.0,915385.0
2026-02-13,AST-045,4.98,Inspection,Unplanned,India,Upstream,23437.0,1937173.0
2026-02-13,AST-047,1.84,Preventive,Planned,China,Upstream,7282.0,633854.0
2026-02-14,AST-002,3.0,Preventive,Planned,North America,Upstream,7555.0,576014.0
2026-02-14,AST-003,23.82,Corrective,Planned,Middle East,Upstream,63461.0,5263888.5
2026-02-14,AST-005,11.36,Corrective,Unplanned,China,Integrated Gas,61407.0,4579088.0
2026-02-14,AST-008,7.56,Corrective,Unplanned,North America,Upstream,48796.0,3757957.0
2026-02-14,AST-010,0.87,Preventive,Planned,India,Upstream,951.0,66900.0
2026-02-14,AST-011,6.86,Preventive,Planned,Middle East,Upstream,11134.0,902826.0
2026-02-14,AST-013,8.14,Preventive,Unplanned,North America,Upstream,33556.0,2531946.0
2026-02-14,AST-014,14.33,Preventive,Unplanned,North America,Upstream,23187.0,1653322.0
2026-02-14,AST-015,5.68,Corrective,Planned,North America,Integrated Gas,10265.5,884583.5
2026-02-14,AST-017,2.87,Preventive,Planned,Middle East,Chemicals & Products,12962.0,1044745.0
2026-02-14,AST-023,7.04,Corrective,Planned,Europe,Upstream,9815.0,838195.0
2026-02-14,AST-026,3.72,Corrective,Planned,Middle East,Upstream,20008.0,1786436.0
2026-02-14,AST-027,4.94,Inspection,Planned,China,Upstream,22006.0,1705469.0
2026-02-14,AST-040,4.01,Preventive,Planned,Middle East,Integrated Gas,7850.0,606553.0
2026-02-14,AST-042,2.66,Corrective,Planned,North America,Integrated Gas,14131.0,1087578.0
2026-02-14,AST-045,3.75,Turnaround,Planned,India,Upstream,15804.0,1292709.0
2026-02-14,AST-047,10.55,Corrective,Planned,China,Upstream,49548.0,3502756.0
2026-02-14,AST-048,17.08,Inspection,Planned,Africa,Chemicals & Products,12111.5,1020072.0
2026-02-15,AST-002,3.37,Inspection,Unplanned,North America,Upstream,9044.0,617247.0
2026-02-15,AST-003,13.02,Preventive,Planned,Middle East,Upstream,62149.0,4577371.0
2026-02-15,AST-005,6.34,Corrective,Planned,China,Integrated Gas,35428.0,2540815.0
2026-02-15,AST-009,1.41,Corrective,Planned,Europe,Upstream,2831.0,217921.0
2026-02-15,AST-016,2.28,Inspection,Planned,North America,Upstream,4853.0,408525.0
2026-02-15,AST-026,28.43,Corrective,Unplanned,Middle East,Upstream,182979.0,15397647.0
2026-02-15,AST-029,4.88,Inspection,Planned,Middle East,Integrated Gas,17050.0,1296430.5
2026-02-15,AST-034,5.21,Inspection,Planned,Middle East,Upstream,7178.0,589695.0
2026-02-15,AST-036,0.5,Inspection,Planned,India,Integrated Gas,1949.0,180018.0
2026-02-15,AST-043,3.82,Preventive,Planned,North America,Upstream,20214.0,1841509.0
2026-02-15,AST-045,2.89,Preventive,Planned,India,Upstream,14382.0,1051443.0
2026-02-16,AST-005,0.88,Inspection,Planned,China,Integrated Gas,4247.0,345483.0
2026-02-16,AST-011,3.1,Inspection,Planned,Middle East,Upstream,4154.0,369512.0
2026-02-16,AST-012,5.67,Corrective,Unplanned,Africa,Upstream,31059.0,2337018.0
2026-02-16,AST-013,5.6,Turnaround,Planned,North America,Upstream,23056.0,1686223.0
2026-02-16,AST-017,2.7,Turnaround,Planned,Middle East,Chemicals & Products,15598.0,1201003.0
2026-02-16,AST-019,11.92,Preventive,Unplanned,Africa,Upstream,41453.0,3102174.0
2026-02-16,AST-023,1.88,Corrective,Planned,Europe,Upstream,3069.0,241110.0
2026-02-16,AST-024,1.97,Corrective,Planned,Africa,Integrated Gas,1620.5,134190.5
2026-02-16,AST-025,5.66,Corrective,Planned,North America,Upstream,40287.0,2983697.0
2026-02-16,AST-026,10.13,Corrective,Unplanned,Middle East,Upstream,56562.0,5046620.0
2026-02-16,AST-033,11.27,Preventive,Planned,India,Integrated Gas,24570.0,2246451.0
2026-02-16,AST-034,6.66,Corrective,Planned,Middle East,Upstream,9456.0,793556.0
2026-02-16,AST-037,2.37,Preventive,Planned,Africa,Upstream,4878.0,336367.0
2026-02-16,AST-040,19.34,Preventive,Unplanned,Middle East,Integrated Gas,38386.0,3210841.0
2026-02-16,AST-041,4.17,Inspection,Planned,India,Integrated Gas,25111.0,2024438.0
2026-02-16,AST-047,4.44,Preventive,Planned,China,Upstream,10522.0,793061.5
2026-02-16,AST-048,10.94,Corrective,Unplanned,Africa,Chemicals & Products,18769.0,1695307.0
2026-02-17,AST-005,0.42,Preventive,Planned,China,Integrated Gas,2755.0,228733.0
2026-02-17,AST-007,7.82,Preventive,Planned,India,Chemicals & Products,21855.0,1908638.0
2026-02-17,AST-011,6.43,Corrective,Planned,Middle East,Upstream,8823.0,770732.0
2026-02-17,AST-013,3.03,Preventive,Planned,North America,Upstream,11107.0,794510.0
2026-02-17,AST-019,2.84,Preventive,Planned,Africa,Upstream,10304.0,742403.0
2026-02-17,AST-021,27.66,Preventive,Planned,Middle East,Chemicals & Products,43373.67,3444826.67
2026-02-17,AST-022,27.64,Inspection,Unplanned,China,Upstream,90442.0,7947355.0
2026-02-17,AST-026,2.91,Preventive,Planned,Middle East,Upstream,21063.0,1804011.0
2026-02-17,AST-027,6.45,Turnaround,Unplanned,China,Upstream,32805.0,2803018.0
2026-02-17,AST-029,18.6,Corrective,Planned,Middle East,Integrated Gas,110525.0,9411549.0
2026-02-17,AST-030,13.62,Preventive,Unplanned,China,Integrated Gas,78130.0,5938826.0
2026-02-17,AST-033,19.97,Preventive,Planned,India,Integrated Gas,26336.5,2358890.0
2026-02-17,AST-042,3.81,Corrective,Planned,North America,Integrated Gas,17252.0,1609563.0
2026-02-17,AST-047,1.74,Turnaround,Planned,China,Upstream,8429.0,761833.0
2026-02-17,AST-050,1.28,Corrective,Planned,North America,Upstream,1456.0,105567.0
2026-02-18,AST-002,1.67,Corrective,Planned,North America,Upstream,5265.0,445962.0
2026-02-18,AST-007,1.95,Inspection,Planned,India,Chemicals & Products,6194.0,526085.0
2026-02-18,AST-010,0.95,Inspection,Planned,India,Upstream,862.0,73276.0
2026-02-18,AST-024,2.22,Corrective,Planned,Africa,Integrated Gas,3859.0,333051.0
2026-02-18,AST-028,0.9,Corrective,Planned,North America,Integrated Gas,2167.0,175183.0
2026-02-18,AST-032,13.58,Inspection,Unplanned,Europe,Upstream,42512.0,3103170.0
2026-02-18,AST-033,4.25,Turnaround,Planned,India,Integrated Gas,11082.0,822155.0
2026-02-18,AST-035,2.77,Inspection,Planned,Africa,Upstream,10034.5,796663.0
2026-02-18,AST-043,0.48,Preventive,Planned,North America,Upstream,2463.0,204640.0
2026-02-18,AST-044,2.0,Corrective,Planned,China,Upstream,7167.0,603436.0
2026-02-19,AST-002,6.53,Turnaround,Planned,North America,Upstream,17458.0,1248082.0
2026-02-19,AST-004,21.46,Preventive,Planned,China,Upstream,32649.0,2522301.67
2026-02-19,AST-007,5.08,Preventive,Planned,India,Chemicals & Products,20174.0,1666097.0
2026-02-19,AST-009,39.67,Inspection,Unplanned,Europe,Upstream,41623.0,3526070.0
2026-02-19,AST-018,4.12,Preventive,Planned,India,Integrated Gas,15755.0,1427513.0
2026-02-19,AST-019,11.56,Corrective,Unplanned,Africa,Upstream,32263.0,2549574.0
2026-02-19,AST-022,0.92,Preventive,Planned,China,Upstream,2405.0,182669.0
2026-02-19,AST-024,1.54,Corrective,Planned,Africa,Integrated Gas,2201.0,183486.0
2026-02-19,AST-025,1.39,Turnaround,Planned,North America,Upstream,7737.0,612793.0
2026-02-19,AST-030,4.32,Preventive,Unplanned,China,Integrated Gas,26265.0,1971092.0
2026-02-19,AST-031,4.0,Preventive,Planned,China,Integrated Gas,19215.0,1586649.0
2026-02-19,AST-033,18.03,Preventive,Unplanned,India,Integrated Gas,50578.0,4152012.0
2026-02-19,AST-038,4.45,Corrective,Planned,North America,Integrated Gas,12523.0,931662.0
2026-02-19,AST-039,8.03,Preventive,Planned,Europe,Integrated Gas,37211.0,2875487.0
2026-02-19,AST-040,11.54,Preventive,Planned,Middle East,Integrated Gas,10401.0,818830.5
2026-02-19,AST-041,4.5,Turnaround,Unplanned,India,Integrated Gas,27348.0,2015026.0
2026-02-19,AST-044,7.85,Inspection,Planned,China,Upstream,26626.0,2237293.0
2026-02-19,AST-047,16.39,Corrective,Planned,China,Upstream,40798.5,3192201.0
2026-02-19,AST-048,1.74,Turnaround,Unplanned,Africa,Chemicals & Products,2501.0,227730.0
2026-02-20,AST-004,4.12,Preventive,Planned,China,Upstream,19656.0,1437875.0
2026-02-20,AST-005,18.31,Corrective,Planned,China,Integrated Gas,52914.5,4542042.5
2026-02-20,AST-007,5.11,Inspection,Planned,India,Chemicals & Products,9216.5,662555.0
2026-02-20,AST-010,10.59,Preventive,Unplanned,India,Upstream,12189.0,975514.0
2026-02-20,AST-013,7.59,Inspection,Planned,North America,Upstream,24702.0,1879989.0
2026-02-20,AST-019,4.94,Preventive,Planned,Africa,Upstream,16176.0,1465696.0
2026-02-20,AST-021,5.42,Preventive,Planned,Middle East,Chemicals & Products,13148.5,1152108.0
2026-02-20,AST-022,4.34,Corrective,Planned,China,Upstream,12412.0,1049151.0
2026-02-20,AST-025,2.4,Corrective,Planned,North America,Upstream,16792.0,1296498.0
2026-02-20,AST-026,0.25,Corrective,Planned,Middle East,Upstream,1711.0,129250.0
2026-02-20,AST-028,1.45,Inspection,Planned,North America,Integrated Gas,3535.0,281428.0
2026-02-20,AST-029,20.91,Preventive,Unplanned,Middle East,Integrated Gas,118042.0,8281830.0
2026-02-20,AST-033,2.03,Preventive,Planned,India,Integrated Gas,5039.0,457604.0
2026-02-20,AST-034,0.74,Preventive,Planned,Middle East,Upstream,1065.0,85581.0
2026-02-20,AST-035,0.42,Preventive,Planned,Africa,Upstream,2133.0,179653.0
2026-02-20,AST-037,3.36,Preventive,Planned,Africa,Upstream,6185.0,525271.0
2026-02-20,AST-040,3.56,Preventive,Unplanned,Middle East,Integrated Gas,6489.0,476037.0
2026-02-20,AST-041,6.06,Corrective,Planned,India,Integrated Gas,36804.0,3272631.0
2026-02-20,AST-043,5.79,Corrective,Unplanned,North America,Upstream,38271.0,3188021.0
2026-02-20,AST-044,5.83,Preventive,Planned,China,Upstream,17451.0,1251646.0
2026-02-20,AST-048,9.76,Corrective,Planned,Africa,Chemicals & Products,7363.5,605992.0
2026-02-20,AST-050,2.86,Preventive,Planned,North America,Upstream,3230.0,282043.0
2026-02-21,AST-002,8.97,Preventive,Planned,North America,Upstream,22569.0,1650938.0
2026-02-21,AST-006,16.65,Preventive,Planned,Africa,Integrated Gas,39652.0,2929640.0
2026-02-21,AST-007,5.02,Corrective,Planned,India,Chemicals & Products,15870.0,1384520.0
2026-02-21,AST-010,3.75,Preventive,Planned,India,Upstream,2017.5,189251.5
2026-02-21,AST-011,12.73,Preventive,Unplanned,Middle East,Upstream,22271.0,1800623.0
2026-02-21,AST-015,3.45,Corrective,Planned,North America,Integrated Gas,14206.0,1205925.0
2026-02-21,AST-022,4.68,Inspection,Planned,China,Upstream,15832.0,1361455.0
2026-02-21,AST-024,9.48,Preventive,Unplanned,Africa,Integrated Gas,13836.0,1198006.0
2026-02-21,AST-034,3.99,Preventive,Planned,Middle East,Upstream,5625.0,450084.0
2026-02-21,AST-035,7.46,Preventive,Planned,Africa,Upstream,26632.5,1935497.0
2026-02-21,AST-039,0.67,Preventive,Unplanned,Europe,Integrated Gas,2626.0,193776.0
2026-02-21,AST-043,5.69,Preventive,Planned,North America,Upstream,14712.5,1227658.5
2026-02-21,AST-044,1.95,Corrective,Planned,China,Upstream,3155.5,265126.5
2026-02-21,AST-046,1.24,Turnaround,Planned,Africa,Upstream,6549.0,590957.0
2026-02-21,AST-050,11.85,Corrective,Unplanned,North America,Upstream,14494.0,996600.0
2026-02-22,AST-007,2.65,Inspection,Planned,India,Chemicals & Products,8383.0,601621.0
2026-02-22,AST-008,5.41,Corrective,Planned,North America,Upstream,13804.0,1134287.0
2026-02-22,AST-012,1.91,Preventive,Planned,Africa,Upstream,9722.0,681333.0
2026-02-22,AST-024,2.46,Preventive,Planned,Africa,Integrated Gas,4123.0,319791.0
2026-02-22,AST-025,4.53,Preventive,Planned,North America,Upstream,36701.0,2516706.0
2026-02-22,AST-026,8.58,Preventive,Planned,Middle East,Upstream,56263.0,4460804.0
2026-02-22,AST-029,16.98,Turnaround,Unplanned,Middle East,Integrated Gas,112009.0,10119663.0
2026-02-22,AST-031,2.2,Corrective,Planned,China,Integrated Gas,11935.0,929248.0
2026-02-22,AST-035,3.98,Corrective,Planned,Africa,Upstream,26566.0,2214198.0
2026-02-22,AST-038,0.53,Inspection,Planned,North America,Integrated Gas,1528.0,108551.0
2026-02-22,AST-043,12.17,Corrective,Planned,North America,Upstream,32758.0,2692699.5
2026-02-22,AST-045,1.19,Preventive,Planned,India,Upstream,5102.0,425782.0
2026-02-22,AST-046,4.16,Corrective,Planned,Africa,Upstream,20183.0,1512608.0
2026-02-22,AST-050,5.37,Inspection,Planned,North America,Upstream,6472.0,470245.0
2026-02-23,AST-005,18.02,Corrective,Unplanned,China,Integrated Gas,107232.0,8505243.0
2026-02-23,AST-010,3.5,Preventive,Planned,India,Upstream,3519.0,290040.0
2026-02-23,AST-011,2.07,Corrective,Planned,Middle East,Upstream,3147.0,272240.0
2026-02-23,AST-017,9.85,Corrective,Planned,Middle East,Chemicals & Products,21660.5,1955596.5
2026-02-23,AST-021,3.05,Inspection,Planned,Middle East,Chemicals & Products,11610.0,885038.0
2026-02-23,AST-023,2.89,Preventive,Planned,Europe,Upstream,4361.0,386508.0
2026-02-23,AST-024,12.46,Corrective,Planned,Africa,Integrated Gas,8035.0,740159.0
2026-02-23,AST-025,8.86,Corrective,Unplanned,North America,Upstream,58816.0,4276638.0
2026-02-23,AST-026,10.94,Inspection,Planned,Middle East,Upstream,67572.0,6136234.0
2026-02-23,AST-029,13.63,Inspection,Unplanned,Middle East,Integrated Gas,91918.0,7502327.0
2026-02-23,AST-030,11.93,Inspection,Unplanned,China,Integrated Gas,58480.0,5065458.0
2026-02-23,AST-032,2.91,Preventive,Planned,Europe,Upstream,12044.0,944208.0
2026-02-23,AST-035,3.37,Preventive,Planned,Africa,Upstream,17607.0,1608451.0
2026-02-23,AST-044,8.25,Preventive,Planned,China,Upstream,32098.0,2488457.0
2026-02-23,AST-048,1.72,Turnaround,Planned,Africa,Chemicals & Products,2264.0,168196.0
2026-02-23,AST-049,0.63,Corrective,Planned,North America,Upstream,2070.0,154366.0
2026-02-24,AST-003,5.15,Preventive,Planned,Middle East,Upstream,23512.0,2094330.0
2026-02-24,AST-005,4.01,Turnaround,Planned,China,Integrated Gas,24450.0,2158537.0
2026-02-24,AST-006,24.95,Preventive,Unplanned,Africa,Integrated Gas,129680.0,9688527.0
2026-02-24,AST-017,3.94,Preventive,Planned,Middle East,Chemicals & Products,16072.0,1446846.0
2026-02-24,AST-026,13.79,Turnaround,Planned,Middle East,Upstream,46457.0,3969311.0
2026-02-24,AST-033,11.66,Preventive,Unplanned,India,Integrated Gas,30759.0,2290902.0
2026-02-24,AST-034,0.65,Preventive,Planned,Middle East,Upstream,999.0,86599.0
2026-02-24,AST-036,4.14,Preventive,Planned,India,Integrated Gas,16152.0,1280354.0
2026-02-24,AST-038,10.06,Corrective,Unplanned,North America,Integrated Gas,26135.0,2292596.0
2026-02-24,AST-039,0.14,Corrective,Planned,Europe,Integrated Gas,552.0,39169.0
2026-02-25,AST-006,12.72,Preventive,Planned,Africa,Integrated Gas,55086.0,5094494.0
2026-02-25,AST-008,5.58,Preventive,Planned,North America,Upstream,28677.0,2105132.0
2026-02-25,AST-009,6.75,Preventive,Planned,Europe,Upstream,12015.0,877676.0
2026-02-25,AST-013,6.77,Preventive,Planned,North America,Upstream,22369.0,1612329.0
2026-02-25,AST-014,4.64,Corrective,Planned,North America,Upstream,7811.0,619118.0
2026-02-25,AST-015,11.33,Preventive,Unplanned,North America,Integrated Gas,47029.0,3588184.0
2026-02-25,AST-019,3.22,Corrective,Planned,Africa,Upstream,10086.0,733087.0
2026-02-25,AST-022,4.73,Preventive,Planned,China,Upstream,16201.0,1408296.0
2026-02-25,AST-026,16.15,Preventive,Unplanned,Middle East,Upstream,101809.0,7826042.0
2026-02-25,AST-031,2.76,Preventive,Planned,China,Integrated Gas,13034.0,993845.0
2026-02-25,AST-034,2.22,Turnaround,Planned,Middle East,Upstream,3549.0,328691.0
2026-02-25,AST-042,2.66,Inspection,Planned,North America,Integrated Gas,13015.0,1186990.0
2026-02-25,AST-047,9.66,Turnaround,Planned,China,Upstream,36796.0,2656104.0
2026-02-26,AST-010,5.25,Corrective,Planned,India,Upstream,5698.0,405769.0
2026-02-26,AST-011,5.06,Corrective,Planned,Middle East,Upstream,4351.0,324768.0
2026-02-26,AST-013,4.6,Preventive,Planned,North America,Upstream,16185.0,1407174.0
2026-02-26,AST-014,3.77,Corrective,Planned,North America,Upstream,6792.0,579291.0
2026-02-26,AST-019,13.58,Corrective,Unplanned,Africa,Upstream,52957.0,4771022.0
2026-02-26,AST-024,14.79,Corrective,Planned,Africa,Integrated Gas,11920.5,1017450.5
2026-02-26,AST-026,6.29,Preventive,Planned,Middle East,Upstream,20577.0,1608990.0
2026-02-26,AST-027,7.74,Corrective,Planned,China,Upstream,33610.0,2873203.0
2026-02-26,AST-030,13.31,Corrective,Unplanned,China,Integrated Gas,70655.0,5539375.0
2026-02-26,AST-033,10.31,Inspection,Unplanned,India,Integrated Gas,22797.0,1689988.0
2026-02-26,AST-036,4.86,Inspection,Planned,India,Integrated Gas,8039.5,623127.5
2026-02-26,AST-041,30.49,Corrective,Unplanned,India,Integrated Gas,87902.0,6934196.5
2026-02-26,AST-047,12.85,Preventive,Planned,China,Upstream,27851.0,2071738.5
2026-02-27,AST-001,1.79,Corrective,Planned,India,Upstream,4452.0,312813.0
2026-02-27,AST-002,8.8,Corrective,Planned,North America,Upstream,22544.0,1715899.0
2026-02-27,AST-005,3.9,Preventive,Planned,China,Integrated Gas,22920.0,1845554.0
2026-02-27,AST-010,1.36,Preventive,Unplanned,India,Upstream,1398.0,118215.0
2026-02-27,AST-012,8.25,Corrective,Planned,Africa,Upstream,41287.0,3355541.0
2026-02-27,AST-015,10.12,Preventive,Unplanned,North America,Integrated Gas,42623.0,3308117.0
2026-02-27,AST-016,9.88,Preventive,Planned,North America,Upstream,8307.5,629417.0
2026-02-27,AST-025,8.77,Inspection,Planned,North America,Upstream,52915.0,4636465.0
2026-02-27,AST-028,2.9,Inspection,Planned,North America,Integrated Gas,8734.0,757115.0
2026-02-27,AST-030,18.24,Preventive,Unplanned,China,Integrated Gas,52688.5,4048453.5
2026-02-27,AST-035,4.44,Corrective,Planned,Africa,Upstream,25726.0,2178225.0
2026-02-27,AST-038,9.13,Corrective,Planned,North America,Integrated Gas,30045.0,2294915.0
2026-02-27,AST-040,8.83,Preventive,Planned,Middle East,Integrated Gas,8220.5,675200.0
2026-02-27,AST-043,5.78,Corrective,Unplanned,North America,Upstream,26758.0,2452286.0
2026-02-27,AST-046,13.11,Preventive,Planned,Africa,Upstream,20662.33,1471894.33
2026-02-27,AST-047,18.16,Inspection,Unplanned,China,Upstream,75980.0,6632688.0
2026-02-27,AST-048,1.91,Corrective,Planned,Africa,Chemicals & Products,2776.0,247510.0
2026-02-28,AST-013,1.49,Preventive,Planned,North America,Upstream,5388.0,396366.0
2026-02-28,AST-017,3.8,Preventive,Planned,Middle East,Chemicals & Products,22712.0,1911514.0
2026-02-28,AST-018,2.36,Preventive,Planned,India,Integrated Gas,8759.0,794710.0
2026-02-28,AST-019,8.35,Turnaround,Unplanned,Africa,Upstream,25561.0,2360418.0
2026-02-28,AST-020,2.84,Preventive,Planned,China,Chemicals & Products,8412.0,662706.0
2026-02-28,AST-023,6.5,Corrective,Planned,Europe,Upstream,9962.0,724934.0
2026-02-28,AST-028,8.25,Preventive,Planned,North America,Integrated Gas,20053.0,1466321.0
2026-02-28,AST-029,2.96,Corrective,Planned,Middle East,Integrated Gas,21924.0,2126927.0
2026-02-28,AST-039,4.91,Preventive,Planned,Europe,Integrated Gas,20976.0,1947040.0
2026-02-28,AST-045,2.01,Preventive,Planned,India,Upstream,8462.0,648565.0
2026-03-01,AST-001,5.54,Preventive,Planned,India,Upstream,14635.0,1217877.0
2026-03-01,AST-014,7.66,Preventive,Unplanned,North America,Upstream,13939.0,1262668.0
2026-03-01,AST-016,3.58,Corrective,Planned,North America,Upstream,6612.0,592094.0
2026-03-01,AST-020,1.69,Corrective,Planned,China,Chemicals & Products,2317.5,190653.0
2026-03-01,AST-022,0.74,Corrective,Planned,China,Upstream,2443.0,201893.0
2026-03-01,AST-024,0.75,Preventive,Planned,Africa,Integrated Gas,1245.0,92707.0
2026-03-01,AST-026,42.84,Preventive,Planned,Middle East,Upstream,140708.5,10343157.5
2026-03-01,AST-031,1.11,Preventive,Planned,China,Integrated Gas,5011.0,430504.0
2026-03-01,AST-032,0.93,Preventive,Planned,Europe,Upstream,4010.0,286889.0
2026-03-01,AST-035,6.39,Preventive,Unplanned,Africa,Upstream,40331.0,3330293.0
2026-03-01,AST-042,12.05,Corrective,Unplanned,North America,Integrated Gas,55109.0,4895991.0
2026-03-01,AST-044,3.45,Inspection,Planned,China,Upstream,11330.0,828264.0
2026-03-01,AST-045,4.29,Corrective,Planned,India,Upstream,21306.0,1956334.0
2026-03-01,AST-049,2.02,Preventive,Planned,North America,Upstream,6778.0,467987.0
2026-03-02,AST-001,8.2,Preventive,Planned,India,Upstream,21031.0,1589179.0
2026-03-02,AST-005,0.18,Preventive,Planned,China,Integrated Gas,956.0,81664.0
2026-03-02,AST-010,1.68,Corrective,Planned,India,Upstream,1549.0,143936.0
2026-03-02,AST-011,1.92,Corrective,Unplanned,Middle East,Upstream,3163.0,267159.0
2026-03-02,AST-014,1.31,Preventive,Planned,North America,Upstream,2108.0,172219.0
2026-03-02,AST-015,3.89,Corrective,Planned,North America,Integrated Gas,16091.0,1141552.0
2026-03-02,AST-016,10.63,Preventive,Unplanned,North America,Upstream,21437.0,1874827.0
2026-03-02,AST-019,2.23,Preventive,Planned,Africa,Upstream,6779.0,528834.0
2026-03-02,AST-022,1.3,Corrective,Planned,China,Upstream,4485.0,345350.0
2026-03-02,AST-032,29.98,Inspection,Unplanned,Europe,Upstream,100999.0,8145849.0
2026-03-02,AST-035,2.38,Corrective,Planned,Africa,Upstream,16724.0,1230646.0
2026-03-02,AST-036,13.55,Preventive,Planned,India,Integrated Gas,48786.0,4245867.0
2026-03-02,AST-037,3.1,Turnaround,Planned,Africa,Upstream,5994.0,545046.0
2026-03-02,AST-038,2.25,Corrective,Planned,North America,Integrated Gas,6461.0,485594.0
2026-03-02,AST-044,9.29,Corrective,Planned,China,Upstream,35590.0,2865774.0
2026-03-02,AST-049,2.69,Preventive,Unplanned,North America,Upstream,9205.0,713655.0
2026-03-02,AST-050,14.15,Preventive,Planned,North America,Upstream,17558.0,1571038.0
2026-03-03,AST-001,3.17,Corrective,Planned,India,Upstream,3738.0,297151.0
2026-03-03,AST-003,1.82,Corrective,Planned,Middle East,Upstream,8595.0,614888.0
2026-03-03,AST-005,1.89,Corrective,Planned,China,Integrated Gas,5366.5,474297.0
2026-03-03,AST-008,5.01,Inspection,Unplanned,North America,Upstream,29659.0,2079711.0
2026-03-03,AST-011,10.63,Preventive,Unplanned,Middle East,Upstream,17967.0,1319945.0
2026-03-03,AST-012,3.87,Preventive,Planned,Africa,Upstream,23628.0,2083835.0
2026-03-03,AST-013,3.55,Inspection,Planned,North America,Upstream,13420.0,1016178.0
2026-03-03,AST-020,2.66,Preventive,Planned,China,Chemicals & Products,8169.0,579357.0
2026-03-03,AST-024,17.18,Inspection,Unplanned,Africa,Integrated Gas,25328.0,1973937.0
2026-03-03,AST-031,1.38,Turnaround,Planned,China,Integrated Gas,7005.0,546977.0
2026-03-03,AST-032,6.3,Turnaround,Planned,Europe,Upstream,23863.0,2102627.0
2026-03-03,AST-033,3.69,Preventive,Planned,India,Integrated Gas,8652.0,697165.0
2026-03-03,AST-038,4.75,Corrective,Planned,North America,Integrated Gas,6085.5,487055.0
2026-03-03,AST-040,5.74,Corrective,Planned,Middle East,Integrated Gas,11995.0,985442.0
2026-03-03,AST-042,17.69,Corrective,Planned,North America,Integrated Gas,57085.5,4401331.0
2026-03-03,AST-043,7.14,Corrective,Planned,North America,Upstream,39128.0,3309009.0
2026-03-03,AST-045,3.34,Corrective,Planned,India,Upstream,17292.0,1426070.0
2026-03-03,AST-048,14.72,Corrective,Planned,Africa,Chemicals & Products,9323.5,700440.0
2026-03-04,AST-005,1.15,Corrective,Planned,China,Integrated Gas,5170.0,464227.0
2026-03-04,AST-011,10.27,Corrective,Planned,Middle East,Upstream,8237.5,627338.0
2026-03-04,AST-012,36.83,Corrective,Unplanned,Africa,Upstream,105008.5,7537944.5
2026-03-04,AST-014,6.18,Preventive,Planned,North America,Upstream,11362.0,878841.0
2026-03-04,AST-015,1.25,Preventive,Planned,North America,Integrated Gas,5968.0,460276.0
2026-03-04,AST-021,12.36,Preventive,Unplanned,Middle East,Chemicals & Products,57724.0,4449113.0
2026-03-04,AST-022,11.48,Preventive,Planned,China,Upstream,17441.0,1281282.0
2026-03-04,AST-023,1.73,Turnaround,Planned,Europe,Upstream,2889.0,239001.0
2026-03-04,AST-024,4.89,Inspection,Planned,Africa,Integrated Gas,7844.0,604751.0
2026-03-04,AST-026,3.2,Corrective,Planned,Middle East,Upstream,10012.0,857361.0
2026-03-04,AST-032,5.42,Preventive,Planned,Europe,Upstream,8271.0,573242.5
2026-03-04,AST-039,1.1,Preventive,Planned,Europe,Integrated Gas,5008.0,440851.0
2026-03-04,AST-047,4.82,Preventive,Unplanned,China,Upstream,25776.0,2249743.0
2026-03-04,AST-050,1.33,Preventive,Planned,North America,Upstream,1637.0,125304.0
2026-03-05,AST-003,10.38,Corrective,Planned,Middle East,Upstream,27997.0,2481618.5
2026-03-05,AST-008,1.24,Corrective,Planned,North America,Upstream,6948.0,500637.0
2026-03-05,AST-013,0.26,Turnaround,Planned,North America,Upstream,974.0,66534.0
2026-03-05,AST-015,6.66,Turnaround,Unplanned,North America,Integrated Gas,20107.0,1548380.0
2026-03-05,AST-019,7.83,Preventive,Planned,Africa,Upstream,13429.5,1041390.5
2026-03-05,AST-025,3.99,Preventive,Planned,North America,Upstream,25787.0,2230870.0
2026-03-05,AST-026,1.17,Preventive,Planned,Middle East,Upstream,7861.0,600105.0
2026-03-05,AST-027,12.76,Preventive,Planned,China,Upstream,19272.0,1570077.67
2026-03-05,AST-033,6.52,Preventive,Unplanned,India,Integrated Gas,14476.0,1356679.0
2026-03-05,AST-036,22.12,Preventive,Planned,India,Integrated Gas,28115.67,2249829.33
2026-03-05,AST-039,6.13,Corrective,Planned,Europe,Integrated Gas,29155.0,2150217.0
2026-03-05,AST-040,7.02,Preventive,Planned,Middle East,Integrated Gas,13201.0,1218848.0
2026-03-05,AST-042,5.05,Preventive,Planned,North America,Integrated Gas,28310.0,2256463.0
2026-03-05,AST-043,3.47,Corrective,Planned,North America,Upstream,18142.0,1637885.0
2026-03-05,AST-049,1.34,Preventive,Planned,North America,Upstream,4497.0,326752.0
2026-03-06,AST-001,5.11,Turnaround,Planned,India,Upstream,13314.0,1168216.0
2026-03-06,AST-002,4.37,Preventive,Planned,North America,Upstream,12436.0,1030498.0
2026-03-06,AST-008,6.38,Corrective,Planned,North America,Upstream,38182.0,3008244.0
2026-03-06,AST-009,5.37,Preventive,Planned,Europe,Upstream,9740.0,756581.0
2026-03-06,AST-013,3.74,Corrective,Planned,North America,Upstream,13164.0,1002091.0
2026-03-06,AST-016,3.61,Corrective,Planned,North America,Upstream,6959.0,571134.0
2026-03-06,AST-017,9.41,Preventive,Planned,Middle East,Chemicals & Products,27732.0,2379719.0
2026-03-06,AST-022,9.09,Turnaround,Planned,China,Upstream,23510.0,2117920.0
2026-03-06,AST-023,0.68,Turnaround,Planned,Europe,Upstream,875.0,73543.0
2026-03-06,AST-024,6.4,Corrective,Planned,Africa,Integrated Gas,11849.0,1071477.0
2026-03-06,AST-033,3.17,Corrective,Planned,India,Integrated Gas,8679.0,732027.0
2026-03-06,AST-034,6.35,Corrective,Planned,Middle East,Upstream,9870.0,672290.0
2026-03-06,AST-039,1.98,Preventive,Planned,Europe,Integrated Gas,8433.0,598814.0
2026-03-06,AST-041,0.81,Preventive,Planned,India,Integrated Gas,4815.0,469039.0
2026-03-06,AST-042,0.5,Inspection,Planned,North America,Integrated Gas,2390.0,212160.0
2026-03-06,AST-043,8.5,Preventive,Unplanned,North America,Upstream,45270.0,3649231.0
2026-03-06,AST-045,3.68,Corrective,Planned,India,Upstream,15741.0,1273161.0
2026-03-06,AST-048,2.36,Preventive,Planned,Africa,Chemicals & Products,3118.0,257951.0
2026-03-07,AST-005,4.74,Preventive,Planned,China,Integrated Gas,24143.0,2116263.0
2026-03-07,AST-006,9.16,Corrective,Unplanned,Africa,Integrated Gas,42858.0,3973297.0
2026-03-07,AST-017,0.36,Preventive,Planned,Middle East,Chemicals & Products,1503.0,134438.0
2026-03-07,AST-022,7.41,Inspection,Planned,China,Upstream,9779.0,710173.5
2026-03-07,AST-023,14.4,Corrective,Planned,Europe,Upstream,11949.0,860739.5
2026-03-07,AST-036,5.34,Preventive,Planned,India,Integrated Gas,21095.0,1703438.0
2026-03-07,AST-039,2.42,Turnaround,Planned,Europe,Integrated Gas,8900.0,699933.0
2026-03-07,AST-042,2.98,Corrective,Unplanned,North America,Integrated Gas,15779.0,1197383.0
2026-03-07,AST-043,16.09,Inspection,Planned,North America,Upstream,38831.5,3288516.0
2026-03-07,AST-044,13.64,Preventive,Planned,China,Upstream,24167.0,1868685.5
2026-03-07,AST-045,9.47,Preventive,Unplanned,India,Upstream,35833.0,2433894.0
2026-03-07,AST-046,3.83,Turnaround,Planned,Africa,Upstream,20065.0,1418759.0
2026-03-07,AST-048,1.09,Preventive,Unplanned,Africa,Chemicals & Products,1801.0,150584.0
2026-03-07,AST-049,2.66,Turnaround,Planned,North America,Upstream,8792.0,655748.0
2026-03-08,AST-002,6.95,Preventive,Planned,North America,Upstream,16924.0,1328477.0
2026-03-08,AST-003,10.05,Corrective,Planned,Middle East,Upstream,49706.0,4084440.0
2026-03-08,AST-004,1.99,Preventive,Planned,China,Upstream,10608.0,799813.0
2026-03-08,AST-006,3.41,Preventive,Planned,Africa,Integrated Gas,8106.0,617694.0
2026-03-08,AST-008,2.41,Inspection,Planned,North America,Upstream,15470.0,1459083.0
2026-03-08,AST-012,16.25,Preventive,Planned,Africa,Upstream,90645.0,8082056.0
2026-03-08,AST-014,20.28,Corrective,Planned,North America,Upstream,19640.5,1888644.5
2026-03-08,AST-019,3.4,Preventive,Planned,Africa,Upstream,10535.0,938994.0
2026-03-08,AST-024,4.44,Corrective,Planned,Africa,Integrated Gas,8010.0,557761.0
2026-03-08,AST-031,4.26,Corrective,Planned,China,Integrated Gas,24277.0,1709245.0
2026-03-08,AST-036,0.6,Corrective,Planned,India,Integrated Gas,2338.0,204926.0
2026-03-08,AST-041,0.21,Corrective,Planned,India,Integrated Gas,1143.0,89821.0
2026-03-08,AST-043,5.93,Corrective,Planned,North America,Upstream,34963.0,3203763.0
2026-03-08,AST-046,11.57,Corrective,Unplanned,Africa,Upstream,50357.0,4357900.0
2026-03-08,AST-048,5.93,Preventive,Planned,Africa,Chemicals & Products,8455.0,633649.0
2026-03-09,AST-009,12.81,Preventive,Planned,Europe,Upstream,25278.0,1878439.0
2026-03-09,AST-014,1.66,Turnaround,Planned,North America,Upstream,2986.0,227440.0
2026-03-09,AST-019,3.26,Corrective,Planned,Africa,Upstream,9728.0,680924.0
2026-03-09,AST-024,2.17,Inspection,Planned,Africa,Integrated Gas,3932.0,347597.0
2026-03-09,AST-025,3.83,Turnaround,Planned,North America,Upstream,23333.0,2217850.0
2026-03-09,AST-027,1.59,Preventive,Planned,China,Upstream,7090.0,563451.0
2026-03-09,AST-031,3.73,Preventive,Planned,China,Integrated Gas,17392.0,1298511.0
2026-03-09,AST-035,23.38,Inspection,Planned,Africa,Upstream,72034.0,5575884.5
2026-03-09,AST-040,2.46,Preventive,Planned,Middle East,Integrated Gas,5434.0,485208.0
2026-03-09,AST-041,2.16,Inspection,Planned,India,Integrated Gas,15307.0,1345913.0
2026-03-09,AST-043,3.09,Corrective,Planned,North America,Upstream,19072.0,1408414.0
2026-03-09,AST-045,3.01,Preventive,Unplanned,India,Upstream,14393.0,1207800.0
2026-03-09,AST-047,1.27,Preventive,Planned,China,Upstream,6642.0,526867.0
2026-03-10,AST-002,6.07,Preventive,Planned,North America,Upstream,15357.0,1290689.0
2026-03-10,AST-003,2.09,Preventive,Planned,Middle East,Upstream,9328.0,891583.0
2026-03-10,AST-007,5.95,Corrective,Unplanned,India,Chemicals & Products,18084.0,1454604.0
2026-03-10,AST-012,6.95,Preventive,Planned,Africa,Upstream,19732.0,1595692.0
2026-03-10,AST-014,7.44,Corrective,Planned,North America,Upstream,17444.0,1435558.0
2026-03-10,AST-015,41.75,Preventive,Unplanned,North America,Integrated Gas,185687.0,13289493.0
2026-03-10,AST-021,4.97,Corrective,Planned,Middle East,Chemicals & Products,23502.0,1809547.0
2026-03-10,AST-023,13.22,Preventive,Unplanned,Europe,Upstream,18092.0,1311171.0
2026-03-10,AST-025,1.95,Corrective,Planned,North America,Upstream,11823.0,993009.0
2026-03-10,AST-026,7.93,Corrective,Planned,Middle East,Upstream,52779.0,4601666.0
2026-03-10,AST-028,0.72,Corrective,Planned,North America,Integrated Gas,1721.0,118112.0
2026-03-10,AST-029,22.18,Inspection,Planned,Middle East,Integrated Gas,71421.5,5207708.0
2026-03-10,AST-031,0.82,Preventive,Planned,China,Integrated Gas,4365.0,340135.0
2026-03-10,AST-032,4.09,Corrective,Planned,Europe,Upstream,13475.0,1121227.0
2026-03-10,AST-036,5.37,Preventive,Unplanned,India,Integrated Gas,21738.0,1821857.0
2026-03-10,AST-038,0.26,Turnaround,Planned,North America,Integrated Gas,764.0,65044.0
2026-03-10,AST-039,6.75,Preventive,Planned,Europe,Integrated Gas,14010.5,1132662.0
2026-03-10,AST-040,0.92,Turnaround,Planned,Middle East,Integrated Gas,2136.0,193652.0
2026-03-10,AST-044,2.54,Preventive,Planned,China,Upstream,8534.0,658154.0
2026-03-11,AST-001,6.14,Corrective,Planned,India,Upstream,13033.0,1151181.0
2026-03-11,AST-008,2.3,Turnaround,Planned,North America,Upstream,12353.0,1148734.0
2026-03-11,AST-009,0.62,Inspection,Planned,Europe,Upstream,1134.0,93852.0
2026-03-11,AST-012,8.7,Preventive,Unplanned,Africa,Upstream,41024.0,3566854.0
2026-03-11,AST-016,2.87,Corrective,Planned,North America,Upstream,5736.0,476212.0
2026-03-11,AST-023,8.21,Preventive,Unplanned,Europe,Upstream,12532.0,954342.0
2026-03-11,AST-024,2.27,Inspection,Planned,Africa,Integrated Gas,4176.0,365989.0
2026-03-11,AST-026,12.18,Inspection,Unplanned,Middle East,Upstream,83552.0,6103112.0
2026-03-11,AST-028,10.51,Preventive,Planned,North America,Integrated Gas,8267.67,628618.33
2026-03-11,AST-031,2.76,Preventive,Planned,China,Integrated Gas,14170.0,1284782.0
2026-03-11,AST-037,11.63,Corrective,Planned,Africa,Upstream,13484.0,1198948.5
2026-03-11,AST-043,1.96,Preventive,Planned,North America,Upstream,7964.0,652953.0
2026-03-11,AST-046,3.39,Turnaround,Planned,Africa,Upstream,12771.0,932248.0
2026-03-11,AST-047,9.62,Preventive,Planned,China,Upstream,27297.5,2048512.0
2026-03-11,AST-049,6.07,Corrective,Planned,North America,Upstream,20082.0,1728167.0
2026-03-12,AST-001,1.39,Inspection,Planned,India,Upstream,3222.0,237767.0
2026-03-12,AST-002,7.22,Preventive,Planned,North America,Upstream,8114.0,612481.0
2026-03-12,AST-004,4.3,Preventive,Planned,China,Upstream,19392.0,1800564.0
2026-03-12,AST-007,1.33,Corrective,Planned,India,Chemicals & Products,4256.0,380776.0
2026-03-12,AST-010,18.15,Inspection,Planned,India,Upstream,9207.0,746649.5
2026-03-12,AST-013,0.19,Turnaround,Planned,North America,Upstream,783.0,75165.0
2026-03-12,AST-019,5.22,Corrective,Planned,Africa,Upstream,18017.0,1602068.0
2026-03-12,AST-020,1.82,Corrective,Planned,China,Chemicals & Products,4681.0,363564.0
2026-03-12,AST-028,4.28,Preventive,Planned,North America,Integrated Gas,9141.0,769973.0
2026-03-12,AST-042,19.67,Preventive,Unplanned,North America,Integrated Gas,117883.0,8634943.0
2026-03-12,AST-045,0.5,Inspection,Planned,India,Upstream,2469.0,224436.0
2026-03-13,AST-002,31.84,Preventive,Unplanned,North America,Upstream,86582.0,6656667.0
2026-03-13,AST-005,4.54,Preventive,Planned,China,Integrated Gas,23428.0,1815474.0
2026-03-13,AST-007,1.64,Preventive,Planned,India,Chemicals & Products,5840.0,486671.0
2026-03-13,AST-009,3.71,Corrective,Planned,Europe,Upstream,7494.0,616904.0
2026-03-13,AST-011,2.66,Corrective,Planned,Middle East,Upstream,4090.0,333806.0
2026-03-13,AST-016,7.51,Preventive,Unplanned,North America,Upstream,14988.0,1224921.0
2026-03-13,AST-017,4.11,Inspection,Planned,Middle East,Chemicals & Products,11806.0,870093.5
2026-03-13,AST-018,4.24,Corrective,Planned,India,Integrated Gas,14056.0,1195276.0
2026-03-13,AST-024,4.31,Corrective,Planned,Africa,Integrated Gas,3234.0,271350.5
2026-03-13,AST-028,0.87,Corrective,Planned,North America,Integrated Gas,1776.0,133600.0
2026-03-13,AST-031,8.04,Preventive,Planned,China,Integrated Gas,45676.0,3721449.0
2026-03-13,AST-033,1.6,Corrective,Planned,India,Integrated Gas,2062.5,169265.5
2026-03-13,AST-034,17.24,Preventive,Unplanned,Middle East,Upstream,25200.0,2012657.0
2026-03-13,AST-036,14.03,Corrective,Planned,India,Integrated Gas,27631.0,2443502.5
2026-03-13,AST-039,16.79,Preventive,Planned,Europe,Integrated Gas,38514.0,2984887.5
2026-03-13,AST-042,2.47,Inspection,Planned,North America,Integrated Gas,14956.0,1351652.0
2026-03-13,AST-045,5.69,Turnaround,Planned,India,Upstream,26697.0,2148330.0
2026-03-13,AST-050,2.3,Turnaround,Planned,North America,Upstream,2745.0,215372.0
2026-03-14,AST-002,6.56,Preventive,Planned,North America,Upstream,21013.0,1519875.0
2026-03-14,AST-006,16.65,Preventive,Planned,Africa,Integrated Gas,68840.0,5038750.0
2026-03-14,AST-010,2.97,Preventive,Planned,India,Upstream,2922.0,263412.0
2026-03-14,AST-017,0.1,Turnaround,Planned,Middle East,Chemicals & Products,465.0,33719.0
2026-03-14,AST-018,6.07,Preventive,Planned,India,Integrated Gas,9096.5,688390.0
2026-03-14,AST-019,6.94,Preventive,Planned,Africa,Upstream,16331.0,1223462.0
2026-03-14,AST-021,6.74,Turnaround,Planned,Middle East,Chemicals & Products,29382.0,2315714.0
2026-03-14,AST-023,15.54,Corrective,Unplanned,Europe,Upstream,22106.0,2022925.0
2026-03-14,AST-027,27.16,Preventive,Unplanned,China,Upstream,131868.0,11285938.0
2026-03-14,AST-032,5.3,Preventive,Planned,Europe,Upstream,18973.0,1589650.0
2026-03-14,AST-041,5.8,Corrective,Planned,India,Integrated Gas,35505.0,3067615.0
2026-03-14,AST-048,5.64,Turnaround,Planned,Africa,Chemicals & Products,8821.0,646134.0
2026-03-15,AST-002,11.34,Corrective,Planned,North America,Upstream,26031.0,2053221.0
2026-03-15,AST-003,2.22,Inspection,Planned,Middle East,Upstream,11359.0,883082.0
2026-03-15,AST-005,1.04,Preventive,Planned,China,Integrated Gas,5123.0,453400.0
2026-03-15,AST-006,2.24,Corrective,Planned,Africa,Integrated Gas,12174.0,1052922.0
2026-03-15,AST-007,9.26,Preventive,Planned,India,Chemicals & Products,26974.0,2224898.0
2026-03-15,AST-010,25.53,Preventive,Planned,India,Upstream,15424.0,1259999.0
2026-03-15,AST-011,16.64,Preventive,Unplanned,Middle East,Upstream,24795.0,1906362.0
2026-03-15,AST-015,2.75,Preventive,Planned,North America,Integrated Gas,10038.0,864673.0
2026-03-15,AST-018,4.64,Corrective,Planned,India,Integrated Gas,14834.0,1115655.0
2026-03-15,AST-021,1.58,Corrective,Planned,Middle East,Chemicals & Products,7416.0,696050.0
2026-03-15,AST-022,0.4,Inspection,Planned,China,Upstream,992.0,67892.0
2026-03-15,AST-023,3.23,Preventive,Planned,Europe,Upstream,4341.0,316218.0
2026-03-15,AST-027,5.41,Preventive,Planned,China,Upstream,29624.0,2137094.0
2026-03-15,AST-032,7.27,Preventive,Planned,Europe,Upstream,27089.0,2462421.0
2026-03-15,AST-037,1.46,Corrective,Planned,Africa,Upstream,3320.0,288239.0
2026-03-15,AST-041,0.4,Preventive,Planned,India,Integrated Gas,2921.0,212381.0
2026-03-15,AST-043,3.25,Preventive,Planned,North America,Upstream,15363.0,1231476.0
2026-03-15,AST-045,3.73,Corrective,Planned,India,Upstream,16098.0,1407930.0
2026-03-16,AST-001,1.65,Turnaround,Planned,India,Upstream,4814.0,416259.0
2026-03-16,AST-003,5.33,Preventive,Planned,Middle East,Upstream,24062.0,2039343.0
2026-03-16,AST-004,2.99,Corrective,Unplanned,China,Upstream,11734.0,833293.0
2026-03-16,AST-008,9.08,Inspection,Planned,North America,Upstream,57538.0,4393392.0
2026-03-16,AST-009,4.16,Inspection,Planned,Europe,Upstream,8582.0,655560.0
2026-03-16,AST-011,1.77,Inspection,Planned,Middle East,Upstream,2905.0,231032.0
2026-03-16,AST-012,1.84,Corrective,Planned,Africa,Upstream,9042.0,650771.0
2026-03-16,AST-013,4.33,Preventive,Planned,North America,Upstream,18568.0,1596245.0
2026-03-16,AST-018,4.75,Preventive,Planned,India,Integrated Gas,17011.0,1439426.0
2026-03-16,AST-019,2.66,Preventive,Planned,Africa,Upstream,10256.0,936041.0
2026-03-16,AST-020,4.56,Turnaround,Planned,China,Chemicals & Products,13095.0,1034506.0
2026-03-16,AST-021,19.31,Preventive,Unplanned,Middle East,Chemicals & Products,118288.0,10224855.0
2026-03-16,AST-022,3.04,Preventive,Planned,China,Upstream,10668.0,910235.0
2026-03-16,AST-023,3.07,Corrective,Unplanned,Europe,Upstream,4821.0,370590.0
2026-03-16,AST-025,9.35,Inspection,Unplanned,North America,Upstream,58632.0,4850999.0
2026-03-16,AST-028,4.5,Inspection,Planned,North America,Integrated Gas,10334.0,752494.0
2026-03-16,AST-034,7.84,Inspection,Planned,Middle East,Upstream,12884.0,1109535.0
2026-03-16,AST-038,1.81,Corrective,Planned,North America,Integrated Gas,4880.0,435649.0
2026-03-16,AST-043,13.14,Corrective,Planned,North America,Upstream,20021.33,1457800.67
2026-03-17,AST-001,0.1,Preventive,Planned,India,Upstream,235.0,21482.0
2026-03-17,AST-002,5.61,Corrective,Planned,North America,Upstream,17710.0,1591451.0
2026-03-17,AST-005,5.61,Inspection,Planned,China,Integrated Gas,35745.0,2958979.0
2026-03-17,AST-006,10.17,Preventive,Planned,Africa,Integrated Gas,44460.0,3322119.0
2026-03-17,AST-016,3.17,Preventive,Planned,North America,Upstream,4959.0,420941.0
2026-03-17,AST-020,4.37,Corrective,Planned,China,Chemicals & Products,11470.0,1000115.0
2026-03-17,AST-021,0.89,Turnaround,Planned,Middle East,Chemicals & Products,4163.0,308270.0
2026-03-17,AST-022,1.8,Preventive,Planned,China,Upstream,5131.0,386787.0
2026-03-17,AST-024,13.98,Inspection,Unplanned,Africa,Integrated Gas,26110.0,1879259.0
2026-03-17,AST-025,8.86,Inspection,Planned,North America,Upstream,57490.0,4751759.0
2026-03-17,AST-028,5.49,Corrective,Planned,North America,Integrated Gas,10380.0,830146.0
2026-03-17,AST-029,9.07,Preventive,Planned,Middle East,Integrated Gas,62440.0,5503802.0
2026-03-17,AST-031,11.95,Preventive,Unplanned,China,Integrated Gas,68522.0,5253189.0
2026-03-17,AST-032,6.34,Preventive,Planned,Europe,Upstream,22903.0,1919376.0
2026-03-17,AST-041,10.93,Corrective,Planned,India,Integrated Gas,54454.0,4043988.0
2026-03-17,AST-044,6.0,Preventive,Planned,China,Upstream,22412.0,2162397.0
2026-03-17,AST-045,4.9,Preventive,Planned,India,Upstream,19750.0,1676029.0
2026-03-17,AST-049,4.75,Preventive,Planned,North America,Upstream,16878.0,1145148.0
2026-03-18,AST-003,17.52,Corrective,Planned,Middle East,Upstream,28398.67,2174363.33
2026-03-18,AST-004,3.16,Corrective,Planned,China,Upstream,11116.0,937474.0
2026-03-18,AST-006,3.67,Preventive,Planned,Africa,Integrated Gas,18575.0,1366122.0
2026-03-18,AST-007,1.07,Corrective,Planned,India,Chemicals & Products,4432.0,305656.0
2026-03-18,AST-008,0.91,Corrective,Planned,North America,Upstream,4834.0,401620.0
2026-03-18,AST-013,2.77,Corrective,Planned,North America,Upstream,5052.5,451715.0
2026-03-18,AST-014,1.07,Preventive,Planned,North America,Upstream,1919.0,157580.0
2026-03-18,AST-015,5.89,Preventive,Planned,North America,Integrated Gas,22534.0,1734586.0
2026-03-18,AST-018,2.73,Inspection,Planned,India,Integrated Gas,10671.0,767224.0
2026-03-18,AST-026,30.56,Inspection,Unplanned,Middle East,Upstream,101111.0,7242774.0
2026-03-18,AST-027,17.59,Preventive,Planned,China,Upstream,40555.0,3538068.0
2026-03-18,AST-031,15.78,Corrective,Unplanned,China,Integrated Gas,82677.0,7122851.0
2026-03-18,AST-035,9.05,Preventive,Planned,Africa,Upstream,29914.0,2448170.0
2026-03-18,AST-036,0.92,Inspection,Planned,India,Integrated Gas,3422.0,288473.0
2026-03-18,AST-038,4.15,Preventive,Planned,North America,Integrated Gas,10713.0,1029324.0
2026-03-18,AST-042,11.44,Inspection,Planned,North America,Integrated Gas,68554.0,6267711.0
2026-03-18,AST-043,2.46,Inspection,Planned,North America,Upstream,11120.0,922768.0
2026-03-18,AST-044,17.48,Inspection,Unplanned,China,Upstream,60443.0,5478068.0
2026-03-18,AST-046,4.86,Preventive,Planned,Africa,Upstream,22273.0,1831430.0
2026-03-18,AST-048,7.5,Corrective,Planned,Africa,Chemicals & Products,8117.0,685930.0
2026-03-19,AST-003,13.29,Preventive,Planned,Middle East,Upstream,31801.5,2681165.0
2026-03-19,AST-007,4.18,Preventive,Planned,India,Chemicals & Products,12716.0,1123474.0
2026-03-19,AST-008,1.2,Corrective,Planned,North America,Upstream,7315.0,635889.0
2026-03-19,AST-015,9.67,Preventive,Unplanned,North America,Integrated Gas,39160.0,2757585.0
2026-03-19,AST-021,5.95,Inspection,Planned,Middle East,Chemicals & Products,14754.0,1196066.5
2026-03-19,AST-022,18.18,Turnaround,Unplanned,China,Upstream,57950.0,5461654.0
2026-03-19,AST-027,2.25,Inspection,Planned,China,Upstream,12953.0,1099704.0
2026-03-19,AST-028,9.72,Corrective,Unplanned,North America,Integrated Gas,25785.0,2225708.0
2026-03-19,AST-036,4.28,Inspection,Planned,India,Integrated Gas,12111.0,1144443.0
2026-03-19,AST-038,5.32,Preventive,Planned,North America,Integrated Gas,16877.0,1496532.0
2026-03-19,AST-039,0.1,Inspection,Planned,Europe,Integrated Gas,518.0,43547.0
2026-03-19,AST-042,11.33,Corrective,Planned,North America,Integrated Gas,31190.0,2437670.5
2026-03-19,AST-044,3.36,Preventive,Unplanned,China,Upstream,11295.0,947755.0
2026-03-19,AST-046,0.95,Preventive,Planned,Africa,Upstream,4747.0,341642.0
2026-03-20,AST-001,1.82,Preventive,Planned,India,Upstream,4522.0,397327.0
2026-03-20,AST-002,23.62,Corrective,Unplanned,North America,Upstream,30533.5,2329723.0
2026-03-20,AST-005,9.6,Turnaround,Planned,China,Integrated Gas,29041.5,2219635.5
2026-03-20,AST-011,0.97,Corrective,Planned,Middle East,Upstream,1668.0,118531.0
2026-03-20,AST-012,3.0,Inspection,Planned,Africa,Upstream,16662.0,1397852.0
2026-03-20,AST-014,10.53,Corrective,Planned,North America,Upstream,21925.0,1580035.0
2026-03-20,AST-016,4.31,Corrective,Planned,North America,Upstream,3919.5,342609.5
2026-03-20,AST-017,6.53,Preventive,Planned,Middle East,Chemicals & Products,31764.0,2541853.0
2026-03-20,AST-018,0.58,Preventive,Planned,India,Integrated Gas,2160.0,176983.0
2026-03-20,AST-021,1.45,Inspection,Planned,Middle East,Chemicals & Products,6376.0,495233.0
2026-03-20,AST-025,7.93,Corrective,Unplanned,North America,Upstream,52777.0,4667594.0
2026-03-20,AST-026,2.4,Preventive,Unplanned,Middle East,Upstream,15441.0,1180599.0
2026-03-20,AST-028,4.39,Preventive,Planned,North America,Integrated Gas,11097.0,823022.0
2026-03-20,AST-036,3.14,Corrective,Planned,India,Integrated Gas,12223.0,1167262.0
2026-03-20,AST-038,8.18,Corrective,Planned,North America,Integrated Gas,21434.0,1918647.0
2026-03-20,AST-041,16.25,Preventive,Planned,India,Integrated Gas,109313.0,9693567.0
2026-03-20,AST-043,6.06,Preventive,Planned,North America,Upstream,18545.0,1475419.5
2026-03-20,AST-049,13.52,Preventive,Unplanned,North America,Upstream,51193.0,4059401.0
2026-03-21,AST-002,3.58,Preventive,Planned,North America,Upstream,11038.0,987093.0
2026-03-21,AST-004,0.78,Corrective,Planned,China,Upstream,3210.0,289873.0
2026-03-21,AST-009,1.81,Preventive,Planned,Europe,Upstream,3611.0,282786.0
2026-03-21,AST-010,1.65,Corrective,Planned,India,Upstream,1757.0,148623.0
2026-03-21,AST-012,0.91,Inspection,Planned,Africa,Upstream,5253.0,472291.0
2026-03-21,AST-017,15.02,Preventive,Unplanned,Middle East,Chemicals & Products,81590.0,7002708.0
2026-03-21,AST-024,12.16,Preventive,Planned,Africa,Integrated Gas,6317.0,516282.0
2026-03-21,AST-028,1.76,Preventive,Planned,North America,Integrated Gas,4260.0,371782.0
2026-03-21,AST-033,2.49,Preventive,Planned,India,Integrated Gas,5773.0,432460.0
2026-03-21,AST-042,3.48,Preventive,Planned,North America,Integrated Gas,17052.0,1499220.0
2026-03-21,AST-046,3.13,Preventive,Planned,Africa,Upstream,13581.0,1082322.0
2026-03-21,AST-050,14.83,Preventive,Planned,North America,Upstream,9828.0,756459.5
2026-03-22,AST-003,10.7,Corrective,Unplanned,Middle East,Upstream,54938.0,4991329.0
2026-03-22,AST-005,22.2,Inspection,Unplanned,China,Integrated Gas,126568.0,10658474.0
2026-03-22,AST-007,3.35,Corrective,Planned,India,Chemicals & Products,11444.0,1041359.0
2026-03-22,AST-010,1.79,Corrective,Planned,India,Upstream,2049.0,156979.0
2026-03-22,AST-012,4.3,Preventive,Planned,Africa,Upstream,11261.0,938144.5
2026-03-22,AST-013,2.74,Preventive,Planned,North America,Upstream,8731.0,639594.0
2026-03-22,AST-014,3.16,Corrective,Planned,North America,Upstream,6251.0,449915.0
2026-03-22,AST-021,2.7,Corrective,Planned,Middle East,Chemicals & Products,12296.0,858359.0
2026-03-22,AST-024,6.36,Preventive,Planned,Africa,Integrated Gas,9862.0,722613.0
2026-03-22,AST-038,5.13,Corrective,Planned,North America,Integrated Gas,13230.0,1192330.0
2026-03-22,AST-049,6.86,Corrective,Planned,North America,Upstream,24655.0,2098712.0
2026-03-22,AST-050,5.46,Corrective,Planned,North America,Upstream,3141.5,241868.5
2026-03-23,AST-002,4.42,Inspection,Planned,North America,Upstream,13040.0,1226899.0
2026-03-23,AST-003,2.24,Corrective,Planned,Middle East,Upstream,12429.0,947405.0
2026-03-23,AST-006,2.56,Preventive,Planned,Africa,Integrated Gas,12010.0,1132360.0
2026-03-23,AST-011,8.98,Corrective,Unplanned,Middle East,Upstream,14915.0,1080728.0
2026-03-23,AST-014,0.1,Corrective,Planned,North America,Upstream,179.0,14436.0
2026-03-23,AST-020,16.68,Corrective,Unplanned,China,Chemicals & Products,50624.0,4390365.0
2026-03-23,AST-022,12.46,Preventive,Planned,China,Upstream,19265.0,1599738.0
2026-03-23,AST-023,0.47,Corrective,Planned,Europe,Upstream,733.0,54830.0
2026-03-23,AST-024,10.71,Preventive,Planned,Africa,Integrated Gas,16433.0,1245374.0
2026-03-23,AST-027,12.48,Turnaround,Planned,China,Upstream,72511.0,6188529.0
2026-03-23,AST-028,2.98,Preventive,Planned,North America,Integrated Gas,7688.0,674850.0
2026-03-23,AST-033,24.89,Preventive,Planned,India,Integrated Gas,34765.0,2795744.0
2026-03-23,AST-040,4.56,Inspection,Planned,Middle East,Integrated Gas,8497.0,738097.0
2026-03-23,AST-041,1.07,Preventive,Unplanned,India,Integrated Gas,5587.0,450123.0
2026-03-23,AST-043,2.0,Corrective,Planned,North America,Upstream,9506.0,687338.0
2026-03-23,AST-045,6.2,Corrective,Planned,India,Upstream,32103.0,2424547.0
2026-03-24,AST-006,6.43,Preventive,Planned,Africa,Integrated Gas,28675.0,2104144.0
2026-03-24,AST-008,4.54,Corrective,Planned,North America,Upstream,11635.0,903311.5
2026-03-24,AST-009,8.02,Turnaround,Planned,Europe,Upstream,16424.0,1441290.0
2026-03-24,AST-012,0.45,Inspection,Planned,Africa,Upstream,2157.0,206613.0
2026-03-24,AST-015,1.82,Preventive,Planned,North America,Integrated Gas,7293.0,616656.0
2026-03-24,AST-021,3.84,Inspection,Planned,Middle East,Chemicals & Products,16404.0,1315165.0
2026-03-24,AST-023,1.69,Corrective,Planned,Europe,Upstream,2506.0,205850.0
2026-03-24,AST-040,34.85,Turnaround,Unplanned,Middle East,Integrated Gas,78708.0,6514504.0
2026-03-24,AST-043,5.23,Turnaround,Planned,North America,Upstream,23787.0,1914132.0
2026-03-24,AST-044,4.75,Preventive,Unplanned,China,Upstream,16220.0,1298665.0
2026-03-24,AST-049,6.28,Preventive,Planned,North America,Upstream,22676.0,2028856.0
2026-03-25,AST-002,1.78,Corrective,Planned,North America,Upstream,4848.0,417668.0
2026-03-25,AST-005,11.04,Corrective,Planned,China,Integrated Gas,70356.0,5820119.0
2026-03-25,AST-010,7.92,Preventive,Planned,India,Upstream,10060.0,903684.0
2026-03-25,AST-011,3.42,Corrective,Planned,Middle East,Upstream,6135.0,536621.0
2026-03-25,AST-013,3.21,Preventive,Planned,North America,Upstream,10331.0,910682.0
2026-03-25,AST-018,15.21,Preventive,Planned,India,Integrated Gas,27606.0,2236427.0
2026-03-25,AST-023,2.47,Preventive,Planned,Europe,Upstream,3970.0,363932.0
2026-03-25,AST-027,5.74,Inspection,Planned,China,Upstream,31793.0,2685895.0
2026-03-25,AST-028,6.19,Preventive,Planned,North America,Integrated Gas,13914.0,970741.0
2026-03-25,AST-029,14.64,Preventive,Unplanned,Middle East,Integrated Gas,106881.0,8175115.0
2026-03-25,AST-033,19.73,Corrective,Planned,India,Integrated Gas,28025.5,2191573.5
2026-03-25,AST-045,1.93,Preventive,Planned,India,Upstream,8852.0,695248.0
2026-03-25,AST-046,8.74,Corrective,Planned,Africa,Upstream,41716.0,3981950.0
2026-03-25,AST-049,2.35,Corrective,Planned,North America,Upstream,3639.5,295684.0
2026-03-25,AST-050,2.6,Corrective,Planned,North America,Upstream,3124.0,264043.0
2026-03-26,AST-003,8.28,Corrective,Planned,Middle East,Upstream,41359.0,3202215.0
2026-03-26,AST-004,5.96,Turnaround,Unplanned,China,Upstream,31405.0,2595584.0
2026-03-26,AST-014,11.04,Corrective,Unplanned,North America,Upstream,20299.0,1634976.0
2026-03-26,AST-024,1.68,Corrective,Planned,Africa,Integrated Gas,3419.0,294102.0
2026-03-26,AST-029,6.15,Preventive,Planned,Middle East,Integrated Gas,41781.0,3651654.0
2026-03-26,AST-032,3.09,Corrective,Planned,Europe,Upstream,11329.0,1047855.0
2026-03-26,AST-041,3.78,Preventive,Planned,India,Integrated Gas,22706.0,2127728.0
2026-03-26,AST-043,11.69,Preventive,Unplanned,North America,Upstream,53526.0,4450234.0
2026-03-26,AST-044,4.48,Inspection,Planned,China,Upstream,14339.0,1086470.0
2026-03-26,AST-047,5.01,Preventive,Planned,China,Upstream,20557.0,1549268.0
2026-03-27,AST-001,4.46,Corrective,Planned,India,Upstream,10432.0,994889.0
2026-03-27,AST-003,1.87,Corrective,Planned,Middle East,Upstream,8503.0,784442.0
2026-03-27,AST-004,2.56,Corrective,Planned,China,Upstream,9565.0,736609.0
2026-03-27,AST-006,2.16,Preventive,Planned,Africa,Integrated Gas,13110.0,1075821.0
2026-03-27,AST-008,1.33,Corrective,Planned,North America,Upstream,7855.0,720823.0
2026-03-27,AST-009,0.43,Corrective,Planned,Europe,Upstream,995.0,79513.0
2026-03-27,AST-014,13.72,Turnaround,Unplanned,North America,Upstream,23890.0,1891593.0
2026-03-27,AST-015,2.03,Preventive,Planned,North America,Integrated Gas,8702.0,796139.0
2026-03-27,AST-017,2.59,Inspection,Planned,Middle East,Chemicals & Products,11324.0,948578.0
2026-03-27,AST-018,3.55,Corrective,Unplanned,India,Integrated Gas,10594.0,822193.0
2026-03-27,AST-026,7.94,Inspection,Planned,Middle East,Upstream,26402.0,2296208.5
2026-03-27,AST-031,0.99,Preventive,Planned,China,Integrated Gas,4995.0,364521.0
2026-03-27,AST-036,1.92,Inspection,Planned,India,Integrated Gas,5952.0,483355.0
2026-03-27,AST-038,1.84,Preventive,Planned,North America,Integrated Gas,4032.0,298063.0
2026-03-27,AST-039,9.64,Corrective,Planned,Europe,Integrated Gas,48180.0,4228502.0
2026-03-27,AST-040,4.38,Preventive,Planned,Middle East,Integrated Gas,9012.0,664957.0
2026-03-27,AST-041,0.91,Inspection,Planned,India,Integrated Gas,5564.0,455758.0
2026-03-27,AST-043,5.27,Preventive,Planned,North America,Upstream,23087.0,1677031.0
2026-03-27,AST-048,4.11,Inspection,Planned,Africa,Chemicals & Products,6890.0,610417.0
2026-03-27,AST-050,3.64,Corrective,Unplanned,North America,Upstream,4500.0,382101.0
2026-03-28,AST-008,8.56,Corrective,Planned,North America,Upstream,43175.0,3106819.0
2026-03-28,AST-011,9.81,Corrective,Unplanned,Middle East,Upstream,14563.0,1263064.0
2026-03-28,AST-015,3.13,Inspection,Planned,North America,Integrated Gas,12133.0,860644.0
2026-03-28,AST-031,10.79,Corrective,Planned,China,Integrated Gas,24316.0,2160621.5
2026-03-28,AST-035,0.49,Preventive,Planned,Africa,Upstream,3079.0,258935.0
2026-03-28,AST-036,1.6,Inspection,Planned,India,Integrated Gas,6474.0,554786.0
2026-03-28,AST-037,3.44,Preventive,Unplanned,Africa,Upstream,6791.0,589871.0
2026-03-28,AST-039,2.41,Turnaround,Unplanned,Europe,Integrated Gas,10609.0,804018.0
2026-03-28,AST-042,8.49,Inspection,Unplanned,North America,Integrated Gas,43479.0,3744590.0
2026-03-29,AST-006,5.18,Preventive,Planned,Africa,Integrated Gas,19502.0,1560319.0
2026-03-29,AST-007,4.01,Preventive,Planned,India,Chemicals & Products,13855.0,1138863.0
2026-03-29,AST-013,12.22,Corrective,Unplanned,North America,Upstream,51631.0,4588099.0
2026-03-29,AST-014,2.58,Preventive,Planned,North America,Upstream,6229.0,440945.0
2026-03-29,AST-020,0.96,Turnaround,Planned,China,Chemicals & Products,2940.0,249944.0
2026-03-29,AST-026,3.57,Corrective,Unplanned,Middle East,Upstream,23688.0,1851576.0
2026-03-29,AST-029,65.89,Preventive,Unplanned,Middle East,Integrated Gas,217131.0,18368370.0
2026-03-29,AST-032,17.89,Corrective,Planned,Europe,Upstream,33069.0,3104906.5
2026-03-29,AST-040,2.95,Corrective,Planned,Middle East,Integrated Gas,5698.0,491775.0
2026-03-29,AST-042,6.0,Preventive,Planned,North America,Integrated Gas,30177.0,2564642.0
2026-03-29,AST-044,1.33,Corrective,Planned,China,Upstream,4100.0,376369.0
2026-03-29,AST-045,36.28,Preventive,Unplanned,India,Upstream,183842.0,12806822.0
2026-03-30,AST-001,3.31,Turnaround,Planned,India,Upstream,7899.0,614307.0
2026-03-30,AST-004,6.32,Preventive,Planned,China,Upstream,12131.5,1001364.0
2026-03-30,AST-005,1.11,Preventive,Planned,China,Integrated Gas,5530.0,403953.0
2026-03-30,AST-011,1.76,Inspection,Planned,Middle East,Upstream,1193.0,102339.0
2026-03-30,AST-017,1.42,Corrective,Planned,Middle East,Chemicals & Products,7650.0,623564.0
2026-03-30,AST-023,2.27,Corrective,Planned,Europe,Upstream,3272.0,241577.0
2026-03-30,AST-028,0.98,Turnaround,Planned,North America,Integrated Gas,2553.0,213948.0
2026-03-30,AST-031,0.26,Preventive,Planned,China,Integrated Gas,1494.0,121427.0
2026-03-30,AST-038,3.89,Preventive,Planned,North America,Integrated Gas,10271.0,766980.0
2026-03-30,AST-042,13.93,Preventive,Unplanned,North America,Integrated Gas,91484.0,6198822.0
2026-03-30,AST-043,17.86,Turnaround,Unplanned,North America,Upstream,83278.0,5911254.0
2026-03-30,AST-045,2.23,Preventive,Planned,India,Upstream,11051.0,1031641.0
2026-03-30,AST-050,6.89,Corrective,Unplanned,North America,Upstream,6288.0,459353.0
2026-03-31,AST-002,35.9,Corrective,Unplanned,North America,Upstream,48916.5,3634050.0
2026-03-31,AST-003,4.94,Corrective,Planned,Middle East,Upstream,10026.0,821688.0
2026-03-31,AST-007,3.17,Preventive,Planned,India,Chemicals & Products,9494.0,856243.0
2026-03-31,AST-015,27.91,Preventive,Planned,North America,Integrated Gas,54383.5,4209167.0
2026-03-31,AST-016,6.12,Turnaround,Unplanned,North America,Upstream,10621.0,929706.0
2026-03-31,AST-018,3.16,Inspection,Planned,India,Integrated Gas,9423.0,769984.0
2026-03-31,AST-019,1.79,Preventive,Planned,Africa,Upstream,5118.0,462801.0
2026-03-31,AST-022,4.94,Corrective,Planned,China,Upstream,13591.0,1149674.0
2026-03-31,AST-023,5.69,Corrective,Planned,Europe,Upstream,8027.0,678712.0
2026-03-31,AST-036,30.42,Corrective,Unplanned,India,Integrated Gas,114425.0,8310672.0
2026-03-31,AST-039,5.15,Inspection,Planned,Europe,Integrated Gas,8378.67,575193.0
2026-03-31,AST-043,8.41,Turnaround,Unplanned,North America,Upstream,54198.0,4356407.0
2026-03-31,AST-048,16.7,Corrective,Unplanned,Africa,Chemicals & Products,24868.0,1776194.0
2026-04-01,AST-001,0.52,Corrective,Planned,India,Upstream,1141.0,90543.0
2026-04-01,AST-002,2.94,Preventive,Planned,North America,Upstream,7819.0,582850.0
2026-04-01,AST-004,16.34,Preventive,Unplanned,China,Upstream,69236.0,6307630.0
2026-04-01,AST-006,7.89,Turnaround,Planned,Africa,Integrated Gas,34973.0,2946749.0
2026-04-01,AST-008,0.34,Corrective,Planned,North America,Upstream,2060.0,155165.0
2026-04-01,AST-015,1.07,Preventive,Planned,North America,Integrated Gas,5071.0,379456.0
2026-04-01,AST-016,6.03,Preventive,Planned,North America,Upstream,10401.0,745954.0
2026-04-01,AST-029,24.89,Corrective,Planned,Middle East,Integrated Gas,54956.67,4668735.0
2026-04-01,AST-035,3.78,Corrective,Planned,Africa,Upstream,24062.0,1931734.0
2026-04-01,AST-038,1.25,Corrective,Planned,North America,Integrated Gas,3353.0,322060.0
2026-04-01,AST-040,21.58,Corrective,Unplanned,Middle East,Integrated Gas,35550.0,3347404.0
2026-04-01,AST-045,2.78,Inspection,Planned,India,Upstream,13659.0,1254594.0
2026-04-01,AST-046,5.61,Corrective,Planned,Africa,Upstream,27694.0,2013969.0
2026-04-01,AST-048,2.45,Inspection,Planned,Africa,Chemicals & Products,3788.0,322447.0
2026-04-01,AST-050,17.73,Preventive,Planned,North America,Upstream,12103.0,1038930.5
2026-04-02,AST-006,0.26,Preventive,Planned,Africa,Integrated Gas,1209.0,110284.0
2026-04-02,AST-015,2.85,Preventive,Planned,North America,Integrated Gas,9162.0,675105.0
2026-04-02,AST-016,5.81,Preventive,Planned,North America,Upstream,10889.0,769219.0
2026-04-02,AST-021,5.5,Corrective,Planned,Middle East,Chemicals & Products,25952.0,2380238.0
2026-04-02,AST-024,10.06,Corrective,Unplanned,Africa,Integrated Gas,18317.0,1314888.0
2026-04-02,AST-029,6.02,Preventive,Planned,Middle East,Integrated Gas,35202.0,3156659.0
2026-04-02,AST-033,15.77,Corrective,Planned,India,Integrated Gas,17949.0,1390081.0
2026-04-02,AST-035,9.69,Inspection,Planned,Africa,Upstream,30542.5,2595850.0
2026-04-02,AST-036,6.38,Preventive,Planned,India,Integrated Gas,22663.0,1952587.0
2026-04-02,AST-038,1.76,Preventive,Planned,North America,Integrated Gas,4409.0,321614.0
2026-04-02,AST-039,2.18,Inspection,Planned,Europe,Integrated Gas,10699.0,850308.0
2026-04-02,AST-041,7.7,Preventive,Planned,India,Integrated Gas,22344.0,1792480.5
2026-04-02,AST-047,2.56,Corrective,Planned,China,Upstream,16324.0,1331970.0
2026-04-02,AST-049,10.12,Preventive,Planned,North America,Upstream,39016.0,2862327.0
2026-04-03,AST-005,4.46,Preventive,Planned,China,Integrated Gas,21737.0,1722624.0
2026-04-03,AST-008,3.61,Inspection,Planned,North America,Upstream,22195.0,1896287.0
2026-04-03,AST-009,5.88,Turnaround,Planned,Europe,Upstream,12632.0,984409.0
2026-04-03,AST-012,6.2,Preventive,Planned,Africa,Upstream,36736.0,3045345.0
2026-04-03,AST-014,9.35,Inspection,Planned,North America,Upstream,9074.5,767646.5
2026-04-03,AST-015,0.46,Corrective,Planned,North America,Integrated Gas,1738.0,167803.0
2026-04-03,AST-028,15.37,Preventive,Unplanned,North America,Integrated Gas,43584.0,3889432.0
2026-04-03,AST-031,7.5,Corrective,Unplanned,China,Integrated Gas,41645.0,2959466.0
2026-04-03,AST-033,21.66,Corrective,Unplanned,India,Integrated Gas,56758.0,5029534.0
2026-04-03,AST-035,3.81,Preventive,Planned,Africa,Upstream,22765.0,1586160.0
2026-04-04,AST-001,6.51,Turnaround,Planned,India,Upstream,19055.0,1683171.0
2026-04-04,AST-007,3.85,Corrective,Planned,India,Chemicals & Products,12580.0,1006631.0
2026-04-04,AST-008,8.74,Corrective,Unplanned,North America,Upstream,52651.0,4269150.0
2026-04-04,AST-010,1.64,Preventive,Planned,India,Upstream,1740.0,153768.0
2026-04-04,AST-011,0.84,Corrective,Planned,Middle East,Upstream,1258.0,86241.0
2026-04-04,AST-017,19.92,Corrective,Unplanned,Middle East,Chemicals & Products,101361.0,7394022.0
2026-04-04,AST-018,4.5,Preventive,Planned,India,Integrated Gas,14255.0,1157638.0
2026-04-04,AST-021,5.98,Corrective,Unplanned,Middle East,Chemicals & Products,29464.0,2205736.0
2026-04-04,AST-022,5.2,Inspection,Planned,China,Upstream,14150.0,994285.0
2026-04-04,AST-027,6.95,Preventive,Unplanned,China,Upstream,42426.0,3461338.0
2026-04-04,AST-029,16.79,Turnaround,Unplanned,Middle East,Integrated Gas,32408.33,2877396.67
2026-04-04,AST-032,0.86,Preventive,Planned,Europe,Upstream,2708.0,210520.0
2026-04-04,AST-036,2.45,Corrective,Planned,India,Integrated Gas,4120.5,327449.0
2026-04-04,AST-043,2.31,Turnaround,Planned,North America,Upstream,11416.0,931914.0
2026-04-04,AST-045,7.15,Corrective,Planned,India,Upstream,19450.0,1793280.5
2026-04-04,AST-046,19.28,Preventive,Planned,Africa,Upstream,47436.0,4189383.0
2026-04-04,AST-047,1.41,Preventive,Planned,China,Upstream,6055.0,481348.0
2026-04-05,AST-007,5.16,Corrective,Planned,India,Chemicals & Products,16059.0,1415525.0
2026-04-05,AST-013,50.64,Corrective,Planned,North America,Upstream,88094.5,6808557.0
2026-04-05,AST-016,31.79,Corrective,Planned,North America,Upstream,19604.33,1719938.67
2026-04-05,AST-019,7.51,Preventive,Planned,Africa,Upstream,24889.0,2239314.0
2026-04-05,AST-024,3.96,Preventive,Planned,Africa,Integrated Gas,6330.0,553886.0
2026-04-05,AST-031,14.8,Corrective,Unplanned,China,Integrated Gas,84189.0,6162510.0
2026-04-05,AST-033,13.32,Corrective,Unplanned,India,Integrated Gas,35041.0,3108827.0
2026-04-05,AST-044,6.78,Preventive,Unplanned,China,Upstream,20500.0,1768990.0
2026-04-05,AST-047,4.07,Turnaround,Unplanned,China,Upstream,18268.0,1611266.0
2026-04-05,AST-048,5.76,Corrective,Planned,Africa,Chemicals & Products,4537.0,349023.0
2026-04-05,AST-050,5.03,Corrective,Planned,North America,Upstream,3471.0,265099.0
2026-04-06,AST-012,5.5,Preventive,Planned,Africa,Upstream,26279.0,2039893.0
2026-04-06,AST-017,2.88,Turnaround,Planned,Middle East,Chemicals & Products,13993.0,1190583.0
2026-04-06,AST-018,9.3,Turnaround,Planned,India,Integrated Gas,27895.0,2276930.0
2026-04-06,AST-019,15.95,Inspection,Unplanned,Africa,Upstream,46424.0,3649475.0
2026-04-06,AST-026,3.67,Preventive,Planned,Middle East,Upstream,25911.0,2077526.0
2026-04-06,AST-030,3.74,Preventive,Planned,China,Integrated Gas,17554.0,1308520.0
2026-04-06,AST-032,0.1,Turnaround,Planned,Europe,Upstream,420.0,31733.0
2026-04-06,AST-034,16.76,Corrective,Planned,Middle East,Upstream,12641.0,1032587.0
2026-04-06,AST-037,6.92,Corrective,Planned,Africa,Upstream,6840.5,589959.5
2026-04-06,AST-041,1.91,Preventive,Unplanned,India,Integrated Gas,12682.0,1079520.0
2026-04-06,AST-043,0.99,Turnaround,Planned,North America,Upstream,5079.0,477704.0
2026-04-06,AST-046,1.28,Turnaround,Planned,Africa,Upstream,5752.0,454607.0
2026-04-07,AST-001,8.8,Inspection,Unplanned,India,Upstream,17526.0,1474786.0
2026-04-07,AST-002,7.95,Preventive,Planned,North America,Upstream,22514.0,1939030.0
2026-04-07,AST-003,4.39,Corrective,Planned,Middle East,Upstream,20008.0,1838648.0
2026-04-07,AST-006,6.67,Turnaround,Unplanned,Africa,Integrated Gas,30495.0,2923541.0
2026-04-07,AST-009,1.82,Preventive,Planned,Europe,Upstream,3210.0,283540.0
2026-04-07,AST-011,3.14,Inspection,Planned,Middle East,Upstream,4808.0,414713.0
2026-04-07,AST-016,15.05,Preventive,Unplanned,North America,Upstream,11847.5,946615.5
2026-04-07,AST-017,16.22,Corrective,Unplanned,Middle East,Chemicals & Products,92078.0,7261118.0
2026-04-07,AST-019,3.03,Corrective,Planned,Africa,Upstream,10833.0,876123.0
2026-04-07,AST-020,7.82,Preventive,Planned,China,Chemicals & Products,21974.0,1589432.0
2026-04-07,AST-023,1.72,Preventive,Planned,Europe,Upstream,2195.0,199225.0
2026-04-07,AST-028,4.61,Corrective,Planned,North America,Integrated Gas,12021.0,1053658.0
2026-04-07,AST-035,5.45,Corrective,Planned,Africa,Upstream,32514.0,2827367.0
2026-04-07,AST-037,7.64,Inspection,Planned,Africa,Upstream,7804.5,699579.0
2026-04-07,AST-044,1.43,Corrective,Planned,China,Upstream,5132.0,465794.0
2026-04-07,AST-045,3.51,Inspection,Planned,India,Upstream,17862.0,1580622.0
2026-04-07,AST-046,10.99,Corrective,Planned,Africa,Upstream,25399.0,2036566.0
2026-04-07,AST-048,10.92,Preventive,Unplanned,Africa,Chemicals & Products,17089.0,1296804.0
2026-04-07,AST-050,2.89,Inspection,Planned,North America,Upstream,3744.0,338865.0
2026-04-08,AST-003,3.87,Preventive,Planned,Middle East,Upstream,18294.0,1366735.0
2026-04-08,AST-004,2.77,Preventive,Planned,China,Upstream,10767.0,816021.0
2026-04-08,AST-006,11.11,Preventive,Unplanned,Africa,Integrated Gas,48550.0,4039633.0
2026-04-08,AST-008,4.56,Inspection,Planned,North America,Upstream,13924.0,1181509.0
2026-04-08,AST-011,6.92,Turnaround,Unplanned,Middle East,Upstream,10200.0,862905.0
2026-04-08,AST-021,9.4,Corrective,Planned,Middle East,Chemicals & Products,21614.5,1614574.0
2026-04-08,AST-028,1.58,Preventive,Planned,North America,Integrated Gas,3305.0,252147.0
2026-04-08,AST-029,6.59,Corrective,Unplanned,Middle East,Integrated Gas,41568.0,3655443.0
2026-04-08,AST-034,2.77,Corrective,Planned,Middle East,Upstream,3867.0,335772.0
2026-04-08,AST-035,1.95,Corrective,Planned,Africa,Upstream,12976.0,1121227.0
2026-04-08,AST-036,1.45,Preventive,Planned,India,Integrated Gas,5550.0,392299.0
2026-04-08,AST-037,17.33,Preventive,Unplanned,Africa,Upstream,36110.0,2937697.0
2026-04-08,AST-040,8.97,Corrective,Unplanned,Middle East,Integrated Gas,17375.0,1444896.0
2026-04-08,AST-041,11.6,Preventive,Planned,India,Integrated Gas,70952.0,6003172.0
2026-04-08,AST-048,18.38,Turnaround,Unplanned,Africa,Chemicals & Products,28027.0,2298036.0
2026-04-08,AST-049,0.14,Corrective,Planned,North America,Upstream,474.0,43032.0
2026-04-09,AST-001,6.76,Preventive,Planned,India,Upstream,16460.0,1431950.0
2026-04-09,AST-003,4.92,Corrective,Planned,Middle East,Upstream,21182.0,1567071.0
2026-04-09,AST-007,3.82,Turnaround,Planned,India,Chemicals & Products,16037.0,1199012.0
2026-04-09,AST-009,5.91,Preventive,Planned,Europe,Upstream,12557.0,976445.0
2026-04-09,AST-012,5.5,Preventive,Planned,Africa,Upstream,31008.0,2511496.0
2026-04-09,AST-017,2.06,Turnaround,Planned,Middle East,Chemicals & Products,9756.0,900193.0
2026-04-09,AST-021,23.12,Corrective,Planned,Middle East,Chemicals & Products,55890.5,4329425.5
2026-04-09,AST-023,18.79,Preventive,Unplanned,Europe,Upstream,30316.0,2743895.0
2026-04-09,AST-025,3.12,Corrective,Planned,North America,Upstream,21465.0,1653672.0
2026-04-09,AST-028,2.76,Preventive,Planned,North America,Integrated Gas,7420.0,662883.0
2026-04-09,AST-030,2.15,Preventive,Unplanned,China,Integrated Gas,13434.0,1177600.0
2026-04-09,AST-037,20.67,Inspection,Unplanned,Africa,Upstream,42703.0,3002015.0
2026-04-09,AST-040,9.01,Corrective,Planned,Middle East,Integrated Gas,9155.0,699009.5
2026-04-09,AST-047,6.07,Inspection,Planned,China,Upstream,28499.0,2356486.0
2026-04-09,AST-049,11.76,Inspection,Planned,North America,Upstream,19990.5,1748114.5
2026-04-10,AST-001,18.82,Inspection,Unplanned,India,Upstream,40523.0,3301598.0
2026-04-10,AST-005,6.21,Preventive,Planned,China,Integrated Gas,33724.0,3172393.0
2026-04-10,AST-006,0.46,Preventive,Planned,Africa,Integrated Gas,1909.0,151676.0
2026-04-10,AST-007,4.64,Inspection,Planned,India,Chemicals & Products,17224.0,1491925.0
2026-04-10,AST-011,1.23,Preventive,Planned,Middle East,Upstream,2213.0,204804.0
2026-04-10,AST-012,0.59,Inspection,Planned,Africa,Upstream,2695.0,219410.0
2026-04-10,AST-019,7.6,Turnaround,Planned,Africa,Upstream,25474.0,1993787.0
2026-04-10,AST-020,18.76,Preventive,Planned,China,Chemicals & Products,22803.0,1701936.0
2026-04-10,AST-021,1.86,Preventive,Planned,Middle East,Chemicals & Products,10140.0,805871.0
2026-04-10,AST-022,3.11,Inspection,Planned,China,Upstream,10131.0,870038.0
2026-04-10,AST-023,5.5,Preventive,Planned,Europe,Upstream,3994.5,338734.5
2026-04-10,AST-024,4.76,Preventive,Planned,Africa,Integrated Gas,5887.0,528648.0
2026-04-10,AST-027,16.41,Preventive,Unplanned,China,Upstream,86044.0,7331939.0
2026-04-10,AST-030,6.39,Preventive,Planned,China,Integrated Gas,20493.0,1698586.0
2026-04-10,AST-031,8.26,Inspection,Planned,China,Integrated Gas,43751.0,3033216.0
2026-04-10,AST-032,3.84,Turnaround,Planned,Europe,Upstream,14173.0,1189168.0
2026-04-10,AST-043,4.52,Preventive,Unplanned,North America,Upstream,27189.0,2166434.0
2026-04-10,AST-044,9.9,Corrective,Unplanned,China,Upstream,35347.0,2764491.0
2026-04-10,AST-046,25.41,Corrective,Unplanned,Africa,Upstream,112565.0,9272636.0
2026-04-10,AST-047,10.37,Corrective,Planned,China,Upstream,55617.0,4863977.0
2026-04-10,AST-049,8.48,Preventive,Unplanned,North America,Upstream,27707.0,2298988.0
2026-04-10,AST-050,3.63,Preventive,Planned,North America,Upstream,4290.0,328541.0
2026-04-11,AST-009,26.65,Corrective,Unplanned,Europe,Upstream,24217.5,1744707.5
2026-04-11,AST-011,15.73,Preventive,Unplanned,Middle East,Upstream,27479.0,2414984.0
2026-04-11,AST-012,1.95,Preventive,Planned,Africa,Upstream,10188.0,787087.0
2026-04-11,AST-014,5.4,Preventive,Planned,North America,Upstream,11458.0,960199.0
2026-04-11,AST-015,5.74,Corrective,Planned,North America,Integrated Gas,24668.0,2326854.0
2026-04-11,AST-019,10.63,Inspection,Unplanned,Africa,Upstream,36432.0,2948998.0
2026-04-11,AST-023,2.7,Corrective,Planned,Europe,Upstream,4342.0,340492.0
2026-04-11,AST-032,1.01,Turnaround,Planned,Europe,Upstream,3308.0,281199.0
2026-04-11,AST-039,2.53,Inspection,Planned,Europe,Integrated Gas,12573.0,923358.0
2026-04-12,AST-002,5.89,Corrective,Planned,North America,Upstream,15361.0,1137995.0
2026-04-12,AST-004,8.12,Corrective,Planned,China,Upstream,16662.0,1396187.5
2026-04-12,AST-005,2.86,Preventive,Planned,China,Integrated Gas,18538.0,1775752.0
2026-04-12,AST-007,5.72,Corrective,Unplanned,India,Chemicals & Products,18621.0,1784359.0
2026-04-12,AST-010,1.81,Corrective,Planned,India,Upstream,2130.0,197331.0
2026-04-12,AST-013,3.1,Inspection,Planned,North America,Upstream,8994.0,681909.0
2026-04-12,AST-016,6.15,Preventive,Planned,North America,Upstream,6373.0,481806.5
2026-04-12,AST-020,18.52,Turnaround,Planned,China,Chemicals & Products,40579.0,3637652.0
2026-04-12,AST-022,3.52,Preventive,Planned,China,Upstream,9633.0,704483.0
2026-04-12,AST-023,1.49,Corrective,Planned,Europe,Upstream,2395.0,185229.0
2026-04-12,AST-024,5.15,Inspection,Planned,Africa,Integrated Gas,10027.0,777890.0
2026-04-12,AST-030,2.75,Inspection,Planned,China,Integrated Gas,16737.0,1287624.0
2026-04-12,AST-041,20.08,Preventive,Unplanned,India,Integrated Gas,113669.0,8359931.0
2026-04-12,AST-048,0.88,Preventive,Planned,Africa,Chemicals & Products,1367.0,116927.0
2026-04-13,AST-001,7.9,Corrective,Planned,India,Upstream,17563.0,1468481.0
2026-04-13,AST-002,13.42,Inspection,Planned,North America,Upstream,17843.5,1666971.0
2026-04-13,AST-003,3.66,Corrective,Planned,Middle East,Upstream,17588.0,1372131.0
2026-04-13,AST-013,4.1,Corrective,Planned,North America,Upstream,17109.0,1501090.0
2026-04-13,AST-014,2.82,Corrective,Planned,North America,Upstream,5063.0,433022.0
2026-04-13,AST-015,3.79,Preventive,Planned,North America,Integrated Gas,14417.0,1147590.0
2026-04-13,AST-021,9.62,Preventive,Unplanned,Middle East,Chemicals & Products,44533.0,4178695.0
2026-04-13,AST-024,11.54,Preventive,Unplanned,Africa,Integrated Gas,17048.0,1269460.0
2026-04-13,AST-025,5.74,Preventive,Planned,North America,Upstream,45622.0,4050325.0
2026-04-13,AST-027,4.59,Preventive,Planned,China,Upstream,12595.5,938017.0
2026-04-13,AST-029,14.19,Corrective,Planned,Middle East,Integrated Gas,43854.0,3538528.0
2026-04-13,AST-030,3.16,Inspection,Unplanned,China,Integrated Gas,18398.0,1324197.0
2026-04-13,AST-031,3.57,Inspection,Planned,China,Integrated Gas,14763.0,1457597.0
2026-04-13,AST-034,10.75,Corrective,Planned,Middle East,Upstream,13537.0,927162.0
2026-04-13,AST-038,3.06,Preventive,Planned,North America,Integrated Gas,9072.0,827355.0
2026-04-13,AST-039,9.27,Preventive,Planned,Europe,Integrated Gas,38874.0,3744333.0
2026-04-13,AST-042,10.76,Corrective,Planned,North America,Integrated Gas,72411.0,6345371.0
2026-04-13,AST-047,2.03,Corrective,Unplanned,China,Upstream,8375.0,719739.0
2026-04-13,AST-049,7.99,Corrective,Planned,North America,Upstream,25366.0,2170135.0
2026-04-13,AST-050,2.52,Preventive,Planned,North America,Upstream,2860.0,195289.0
2026-04-14,AST-009,0.79,Preventive,Planned,Europe,Upstream,1478.0,129307.0
2026-04-14,AST-013,7.44,Corrective,Planned,North America,Upstream,14519.5,1149037.5
2026-04-14,AST-014,26.86,Preventive,Planned,North America,Upstream,48168.0,3781797.0
2026-04-14,AST-016,3.86,Preventive,Planned,North America,Upstream,3639.0,290548.5
2026-04-14,AST-020,8.19,Inspection,Planned,China,Chemicals & Products,11185.0,903498.5
2026-04-14,AST-023,7.01,Preventive,Planned,Europe,Upstream,10642.0,795364.0
2026-04-14,AST-026,0.69,Preventive,Planned,Middle East,Upstream,4163.0,299519.0
2026-04-14,AST-030,7.9,Preventive,Unplanned,China,Integrated Gas,48169.0,3769841.0
2026-04-14,AST-036,19.83,Corrective,Unplanned,India,Integrated Gas,68647.0,5758262.0
2026-04-14,AST-042,0.94,Preventive,Planned,North America,Integrated Gas,5647.0,415033.0
2026-04-14,AST-043,6.88,Corrective,Planned,North America,Upstream,44149.0,3932331.0
2026-04-14,AST-045,8.91,Corrective,Planned,India,Upstream,37344.0,3273612.0
2026-04-14,AST-046,1.57,Corrective,Planned,Africa,Upstream,7095.0,461825.0
2026-04-15,AST-002,6.46,Inspection,Planned,North America,Upstream,16967.0,1617810.0
2026-04-15,AST-005,6.4,Preventive,Planned,China,Integrated Gas,33327.0,2466909.0
2026-04-15,AST-013,4.47,Inspection,Planned,North America,Upstream,16477.0,1492975.0
2026-04-15,AST-016,1.51,Corrective,Planned,North America,Upstream,2775.0,241768.0
2026-04-15,AST-018,13.17,Inspection,Planned,India,Integrated Gas,42804.0,3233012.0
2026-04-15,AST-019,16.4,Corrective,Unplanned,Africa,Upstream,48965.0,4229043.0
2026-04-15,AST-027,4.75,Corrective,Planned,China,Upstream,29718.0,2650646.0
2026-04-15,AST-028,6.21,Corrective,Unplanned,North America,Integrated Gas,15574.0,1145331.0
2026-04-15,AST-030,6.34,Corrective,Unplanned,China,Integrated Gas,32067.0,2439829.0
2026-04-15,AST-033,6.53,Corrective,Planned,India,Integrated Gas,8751.0,695811.5
2026-04-15,AST-035,3.5,Corrective,Planned,Africa,Upstream,22007.0,1736542.0
2026-04-15,AST-036,5.49,Preventive,Planned,India,Integrated Gas,16801.0,1250191.0
2026-04-15,AST-037,14.98,Preventive,Unplanned,Africa,Upstream,39026.0,2910940.0
2026-04-15,AST-041,0.62,Turnaround,Planned,India,Integrated Gas,3505.0,286075.0
2026-04-15,AST-048,18.38,Corrective,Unplanned,Africa,Chemicals & Products,29235.0,2691545.0
2026-04-16,AST-004,11.99,Corrective,Planned,China,Upstream,23447.5,1854329.5
2026-04-16,AST-011,2.13,Preventive,Unplanned,Middle East,Upstream,3719.0,284820.0
2026-04-16,AST-012,13.99,Corrective,Planned,Africa,Upstream,33293.5,2788870.0
2026-04-16,AST-017,0.72,Inspection,Planned,Middle East,Chemicals & Products,3717.0,331915.0
2026-04-16,AST-020,3.24,Preventive,Planned,China,Chemicals & Products,8171.0,734353.0
2026-04-16,AST-022,7.47,Corrective,Planned,China,Upstream,9625.0,731596.5
2026-04-16,AST-024,26.57,Corrective,Planned,Africa,Integrated Gas,25467.5,2244794.5
2026-04-16,AST-025,7.21,Turnaround,Unplanned,North America,Upstream,42318.0,3067716.0
2026-04-16,AST-026,4.13,Corrective,Planned,Middle East,Upstream,12121.5,960854.5
2026-04-16,AST-039,2.79,Preventive,Planned,Europe,Integrated Gas,12656.0,1090621.0
2026-04-16,AST-041,4.25,Turnaround,Planned,India,Integrated Gas,27140.0,2241908.0
2026-04-16,AST-045,4.43,Corrective,Planned,India,Upstream,20461.0,1540613.0
2026-04-17,AST-005,14.19,Preventive,Unplanned,China,Integrated Gas,73933.0,6913730.0
2026-04-17,AST-007,3.68,Inspection,Planned,India,Chemicals & Products,10558.0,845901.0
2026-04-17,AST-008,4.42,Preventive,Planned,North America,Upstream,29443.0,2351440.0
2026-04-17,AST-011,16.71,Corrective,Planned,Middle East,Upstream,13310.5,1160649.5
2026-04-17,AST-015,12.3,Corrective,Planned,North America,Integrated Gas,26597.5,2098095.5
2026-04-17,AST-017,3.99,Turnaround,Planned,Middle East,Chemicals & Products,20411.0,1616049.0
2026-04-17,AST-018,1.74,Inspection,Planned,India,Integrated Gas,7281.0,526464.0
2026-04-17,AST-020,2.91,Turnaround,Planned,China,Chemicals & Products,7035.0,592362.0
2026-04-17,AST-031,2.03,Corrective,Planned,China,Integrated Gas,12614.0,897877.0
2026-04-17,AST-036,3.97,Inspection,Planned,India,Integrated Gas,16455.0,1474934.0
2026-04-17,AST-042,1.84,Corrective,Unplanned,North America,Integrated Gas,9250.0,804287.0
2026-04-17,AST-044,9.65,Inspection,Unplanned,China,Upstream,27505.0,1912463.0
2026-04-17,AST-046,3.88,Preventive,Planned,Africa,Upstream,18518.0,1663238.0
2026-04-17,AST-049,5.41,Turnaround,Unplanned,North America,Upstream,19317.0,1838913.0
2026-04-18,AST-001,2.66,Preventive,Planned,India,Upstream,7362.0,651366.0
2026-04-18,AST-004,1.67,Preventive,Planned,China,Upstream,5909.0,418257.0
2026-04-18,AST-005,39.67,Inspection,Planned,China,Integrated Gas,100500.0,8271255.5
2026-04-18,AST-006,2.84,Corrective,Planned,Africa,Integrated Gas,12125.0,929612.0
2026-04-18,AST-008,20.43,Inspection,Unplanned,North America,Upstream,104149.0,7695796.0
2026-04-18,AST-013,6.2,Preventive,Planned,North America,Upstream,22219.0,1813548.0
2026-04-18,AST-015,1.28,Corrective,Planned,North America,Integrated Gas,4603.0,346018.0
2026-04-18,AST-018,1.64,Corrective,Planned,India,Integrated Gas,5831.0,434010.0
2026-04-18,AST-020,3.39,Preventive,Planned,China,Chemicals & Products,8850.0,657324.0
2026-04-18,AST-024,5.65,Corrective,Planned,Africa,Integrated Gas,9235.0,744781.0
2026-04-18,AST-026,13.29,Corrective,Planned,Middle East,Upstream,44078.0,3333858.0
2026-04-18,AST-033,3.51,Turnaround,Planned,India,Integrated Gas,8618.0,580385.0
2026-04-18,AST-038,6.69,Turnaround,Planned,North America,Integrated Gas,21295.0,1608896.0
2026-04-18,AST-041,7.52,Preventive,Planned,India,Integrated Gas,40152.0,3220316.0
2026-04-18,AST-047,1.72,Preventive,Planned,China,Upstream,9500.0,731908.0
2026-04-18,AST-049,2.48,Corrective,Planned,North America,Upstream,7387.0,570415.0
2026-04-19,AST-001,5.29,Turnaround,Planned,India,Upstream,13008.0,1174921.0
2026-04-19,AST-002,13.97,Preventive,Unplanned,North America,Upstream,34661.0,2713816.0
2026-04-19,AST-005,8.11,Preventive,Planned,China,Integrated Gas,40266.0,3736841.0
2026-04-19,AST-010,14.41,Corrective,Unplanned,India,Upstream,12903.0,1235464.0
2026-04-19,AST-012,8.46,Preventive,Planned,Africa,Upstream,42449.0,3389737.0
2026-04-19,AST-016,0.34,Preventive,Planned,North America,Upstream,556.0,46791.0
2026-04-19,AST-021,16.81,Corrective,Planned,Middle East,Chemicals & Products,86756.0,6178113.0
2026-04-19,AST-023,5.16,Preventive,Planned,Europe,Upstream,6797.0,466362.0
2026-04-19,AST-032,14.21,Corrective,Unplanned,Europe,Upstream,55339.0,4291790.0
2026-04-19,AST-034,12.16,Corrective,Unplanned,Middle East,Upstream,20550.0,1743502.0
2026-04-19,AST-037,0.55,Preventive,Planned,Africa,Upstream,1222.0,103836.0
2026-04-19,AST-038,9.12,Preventive,Planned,North America,Integrated Gas,12350.5,1060029.5
2026-04-19,AST-046,22.24,Preventive,Unplanned,Africa,Upstream,85486.0,7994983.0
2026-04-20,AST-004,3.22,Corrective,Unplanned,China,Upstream,11713.0,1064919.0
2026-04-20,AST-005,1.33,Turnaround,Planned,China,Integrated Gas,7084.0,634227.0
2026-04-20,AST-008,4.55,Preventive,Planned,North America,Upstream,23219.0,1808408.0
2026-04-20,AST-013,8.69,Corrective,Planned,North America,Upstream,34405.0,2786974.0
2026-04-20,AST-017,1.29,Corrective,Unplanned,Middle East,Chemicals & Products,6425.0,496003.0
2026-04-20,AST-020,4.49,Preventive,Planned,China,Chemicals & Products,11506.0,1067839.0
2026-04-20,AST-021,2.09,Corrective,Planned,Middle East,Chemicals & Products,8031.0,770323.0
2026-04-20,AST-025,2.58,Preventive,Planned,North America,Upstream,14843.0,1179851.0
2026-04-20,AST-041,21.69,Preventive,Unplanned,India,Integrated Gas,127276.0,11552333.0
2026-04-20,AST-044,16.65,Preventive,Unplanned,China,Upstream,63398.0,4291029.0
2026-04-20,AST-048,6.12,Preventive,Planned,Africa,Chemicals & Products,3873.0,316037.0
2026-04-20,AST-050,10.94,Corrective,Unplanned,North America,Upstream,12435.0,1153343.0
2026-04-21,AST-001,10.39,Inspection,Planned,India,Upstream,11814.5,1050706.0
2026-04-21,AST-010,5.5,Preventive,Planned,India,Upstream,6266.0,433428.0
2026-04-21,AST-017,0.96,Corrective,Planned,Middle East,Chemicals & Products,5482.0,461914.0
2026-04-21,AST-020,5.82,Preventive,Planned,China,Chemicals & Products,16758.0,1175445.0
2026-04-21,AST-031,5.77,Corrective,Planned,China,Integrated Gas,35904.0,3063294.0
2026-04-21,AST-035,3.01,Corrective,Planned,Africa,Upstream,16835.0,1485468.0
2026-04-21,AST-043,4.93,Corrective,Planned,North America,Upstream,30322.0,2242153.0
2026-04-21,AST-048,3.07,Corrective,Planned,Africa,Chemicals & Products,4516.0,377501.0
2026-04-21,AST-050,33.88,Preventive,Unplanned,North America,Upstream,44005.0,3281106.0
2026-04-22,AST-002,3.52,Preventive,Planned,North America,Upstream,9585.0,726602.0
2026-04-22,AST-004,2.38,Corrective,Planned,China,Upstream,11168.0,1009424.0
2026-04-22,AST-006,3.66,Turnaround,Unplanned,Africa,Integrated Gas,19238.0,1518920.0
2026-04-22,AST-007,13.44,Preventive,Unplanned,India,Chemicals & Products,36271.0,2624917.0
2026-04-22,AST-013,15.09,Preventive,Unplanned,North America,Upstream,52169.0,3952411.0
2026-04-22,AST-014,7.61,Corrective,Planned,North America,Upstream,13641.0,1283939.0
2026-04-22,AST-015,3.61,Preventive,Planned,North America,Integrated Gas,15291.0,1090261.0
2026-04-22,AST-018,8.39,Inspection,Planned,India,Integrated Gas,30077.0,2409784.0
2026-04-22,AST-021,3.71,Inspection,Planned,Middle East,Chemicals & Products,19325.0,1590453.0
2026-04-22,AST-023,5.81,Preventive,Planned,Europe,Upstream,4657.5,372811.5
2026-04-22,AST-028,1.95,Preventive,Planned,North America,Integrated Gas,5726.0,504343.0
2026-04-22,AST-041,10.13,Corrective,Unplanned,India,Integrated Gas,60640.0,5705964.0
2026-04-22,AST-048,6.53,Corrective,Planned,Africa,Chemicals & Products,7887.0,593479.0
2026-04-23,AST-011,5.66,Corrective,Planned,Middle East,Upstream,3843.0,329054.5
2026-04-23,AST-020,0.89,Inspection,Planned,China,Chemicals & Products,2347.0,187422.0
2026-04-23,AST-021,2.43,Inspection,Unplanned,Middle East,Chemicals & Products,12293.0,1080831.0
2026-04-23,AST-025,11.44,Inspection,Planned,North America,Upstream,35732.0,2897077.5
2026-04-23,AST-027,3.06,Preventive,Planned,China,Upstream,16005.0,1428648.0
2026-04-23,AST-031,5.93,Corrective,Planned,China,Integrated Gas,31705.0,2355796.0
2026-04-23,AST-032,4.38,Turnaround,Planned,Europe,Upstream,14509.0,1012974.0
2026-04-23,AST-034,5.81,Corrective,Planned,Middle East,Upstream,10238.0,750272.0
2026-04-23,AST-035,2.66,Preventive,Planned,Africa,Upstream,8090.0,661431.5
2026-04-23,AST-037,11.48,Preventive,Planned,Africa,Upstream,11227.5,862068.0
2026-04-23,AST-040,11.79,Preventive,Planned,Middle East,Integrated Gas,20830.0,1739444.0
2026-04-24,AST-002,14.05,Preventive,Planned,North America,Upstream,17770.0,1505720.0
2026-04-24,AST-004,24.86,Turnaround,Unplanned,China,Upstream,98581.0,8069414.0
2026-04-24,AST-005,4.23,Turnaround,Planned,China,Integrated Gas,22925.0,2017523.0
2026-04-24,AST-007,15.71,Inspection,Planned,India,Chemicals & Products,53409.0,4470180.0
2026-04-24,AST-008,10.41,Corrective,Unplanned,North America,Upstream,59883.0,5181859.0
2026-04-24,AST-011,1.0,Turnaround,Planned,Middle East,Upstream,1385.0,107707.0
2026-04-24,AST-016,2.35,Inspection,Planned,North America,Upstream,3754.0,331841.0
2026-04-24,AST-025,13.68,Inspection,Unplanned,North America,Upstream,84830.0,6158996.0
2026-04-24,AST-027,4.23,Corrective,Planned,China,Upstream,18876.0,1401227.0
2026-04-24,AST-029,9.82,Preventive,Planned,Middle East,Integrated Gas,33580.0,2455271.5
2026-04-24,AST-033,3.97,Preventive,Planned,India,Integrated Gas,9392.0,696792.0
2026-04-24,AST-037,7.16,Inspection,Planned,Africa,Upstream,12472.0,937922.0
2026-04-24,AST-040,1.98,Preventive,Planned,Middle East,Integrated Gas,3338.0,297286.0
2026-04-24,AST-043,10.81,Corrective,Planned,North America,Upstream,27796.5,2368841.0
2026-04-24,AST-046,6.46,Preventive,Unplanned,Africa,Upstream,26255.0,2299793.0
2026-04-24,AST-047,3.96,Preventive,Planned,China,Upstream,21433.0,1656307.0
2026-04-25,AST-004,7.94,Inspection,Planned,China,Upstream,39603.0,2939745.0
2026-04-25,AST-008,3.03,Corrective,Planned,North America,Upstream,20633.0,1689582.0
2026-04-25,AST-016,12.48,Preventive,Planned,North America,Upstream,21907.0,1731310.0
2026-04-25,AST-017,6.21,Preventive,Unplanned,Middle East,Chemicals & Products,36384.0,3156885.0
2026-04-25,AST-018,2.73,Corrective,Planned,India,Integrated Gas,8098.0,663021.0
2026-04-25,AST-022,0.93,Preventive,Planned,China,Upstream,2987.0,233708.0
2026-04-25,AST-031,11.85,Preventive,Unplanned,China,Integrated Gas,70330.0,5906254.0
2026-04-25,AST-039,14.64,Preventive,Unplanned,Europe,Integrated Gas,60475.0,4586062.0
2026-04-25,AST-040,1.56,Preventive,Planned,Middle East,Integrated Gas,2987.0,210295.0
2026-04-25,AST-045,3.79,Corrective,Planned,India,Upstream,8523.0,692681.0
2026-04-25,AST-047,0.97,Preventive,Planned,China,Upstream,4446.0,352212.0
2026-04-26,AST-004,4.11,Preventive,Planned,China,Upstream,17273.0,1478508.0
2026-04-26,AST-008,2.68,Preventive,Planned,North America,Upstream,18024.0,1655069.0
2026-04-26,AST-009,2.36,Turnaround,Planned,Europe,Upstream,3947.0,344168.0
2026-04-26,AST-010,16.64,Preventive,Planned,India,Upstream,5949.67,493774.67
2026-04-26,AST-012,1.33,Preventive,Planned,Africa,Upstream,8318.0,747327.0
2026-04-26,AST-015,2.42,Inspection,Planned,North America,Integrated Gas,10115.0,784513.0
2026-04-26,AST-016,13.36,Corrective,Planned,North America,Upstream,26196.0,2059020.0
2026-04-26,AST-020,8.58,Corrective,Planned,China,Chemicals & Products,24973.0,1876865.0
2026-04-26,AST-021,4.94,Corrective,Planned,Middle East,Chemicals & Products,26511.0,2382840.0
2026-04-26,AST-028,1.66,Preventive,Planned,North America,Integrated Gas,4321.0,313439.0
2026-04-26,AST-033,11.83,Corrective,Planned,India,Integrated Gas,26403.0,2227594.0
2026-04-26,AST-038,18.64,Corrective,Planned,North America,Integrated Gas,15908.0,1278656.33
2026-04-26,AST-044,8.43,Preventive,Planned,China,Upstream,24616.0,1818560.0
2026-04-26,AST-046,1.92,Turnaround,Planned,Africa,Upstream,9751.0,844666.0
2026-04-27,AST-001,1.64,Inspection,Planned,India,Upstream,3575.0,255443.0
2026-04-27,AST-006,24.39,Turnaround,Unplanned,Africa,Integrated Gas,110636.0,9483642.0
2026-04-27,AST-007,3.24,Preventive,Planned,India,Chemicals & Products,11436.0,867239.0
2026-04-27,AST-009,27.38,Corrective,Unplanned,Europe,Upstream,45137.0,3532822.0
2026-04-27,AST-012,8.99,Corrective,Planned,Africa,Upstream,26120.0,1975800.0
2026-04-27,AST-014,4.52,Corrective,Planned,North America,Upstream,7930.0,682017.0
2026-04-27,AST-015,2.83,Corrective,Planned,North America,Integrated Gas,11724.0,849161.0
2026-04-27,AST-019,4.14,Preventive,Planned,Africa,Upstream,13943.0,1156210.0
2026-04-27,AST-021,5.08,Preventive,Unplanned,Middle East,Chemicals & Products,21432.0,1509274.0
2026-04-27,AST-024,5.43,Preventive,Planned,Africa,Integrated Gas,9810.0,875027.0
2026-04-27,AST-025,4.7,Corrective,Planned,North America,Upstream,27673.0,2156544.0
2026-04-27,AST-027,4.52,Turnaround,Planned,China,Upstream,28440.0,2279407.0
2026-04-27,AST-030,1.42,Preventive,Planned,China,Integrated Gas,6394.0,484322.0
2026-04-27,AST-037,4.12,Corrective,Planned,Africa,Upstream,9903.0,720932.0
2026-04-27,AST-044,17.29,Corrective,Planned,China,Upstream,30910.5,2316201.0
2026-04-27,AST-047,14.07,Corrective,Planned,China,Upstream,29558.0,2188981.0
2026-04-28,AST-005,2.81,Corrective,Planned,China,Integrated Gas,15508.0,1462366.0
2026-04-28,AST-008,0.18,Corrective,Planned,North America,Upstream,962.0,70982.0
2026-04-28,AST-010,4.33,Preventive,Unplanned,India,Upstream,4129.0,280817.0
2026-04-28,AST-015,1.86,Inspection,Planned,North America,Integrated Gas,6894.0,647243.0
2026-04-28,AST-023,1.09,Corrective,Planned,Europe,Upstream,1472.0,119816.0
2026-04-28,AST-033,2.54,Corrective,Planned,India,Integrated Gas,5650.0,531938.0
2026-04-28,AST-037,11.82,Inspection,Unplanned,Africa,Upstream,22961.0,1626085.0
2026-04-28,AST-043,4.66,Preventive,Planned,North America,Upstream,11687.0,838821.0
2026-04-28,AST-047,2.48,Inspection,Planned,China,Upstream,14358.0,1363655.0
2026-04-28,AST-050,14.66,Preventive,Unplanned,North America,Upstream,17693.0,1612903.0
2026-04-29,AST-007,2.32,Preventive,Planned,India,Chemicals & Products,6871.0,558742.0
2026-04-29,AST-008,4.94,Corrective,Planned,North America,Upstream,26853.0,2277972.0
2026-04-29,AST-009,10.69,Corrective,Planned,Europe,Upstream,10566.5,900153.0
2026-04-29,AST-011,3.36,Corrective,Planned,Middle East,Upstream,2339.0,187869.0
2026-04-29,AST-013,2.37,Inspection,Planned,North America,Upstream,7427.0,546273.0
2026-04-29,AST-015,2.73,Corrective,Planned,North America,Integrated Gas,12896.0,952542.0
2026-04-29,AST-016,9.37,Corrective,Planned,North America,Upstream,8523.0,627675.5
2026-04-29,AST-017,8.68,Preventive,Planned,Middle East,Chemicals & Products,41817.0,3486938.0
2026-04-29,AST-018,0.82,Inspection,Planned,India,Integrated Gas,2895.0,220749.0
2026-04-29,AST-027,7.75,Preventive,Planned,China,Upstream,43340.0,3103520.0
2026-04-29,AST-030,24.89,Preventive,Planned,China,Integrated Gas,80363.5,6702845.0
2026-04-29,AST-031,5.59,Inspection,Planned,China,Integrated Gas,32441.0,2642714.0
2026-04-29,AST-035,3.33,Preventive,Planned,Africa,Upstream,19909.0,1498217.0
2026-04-29,AST-036,8.29,Corrective,Unplanned,India,Integrated Gas,33077.0,2883656.0
2026-04-29,AST-037,1.76,Preventive,Planned,Africa,Upstream,2918.0,201972.0
2026-04-29,AST-038,14.68,Corrective,Unplanned,North America,Integrated Gas,45977.0,3976330.0
2026-04-29,AST-040,6.33,Corrective,Planned,Middle East,Integrated Gas,13186.0,1121931.0
2026-04-29,AST-044,4.49,Corrective,Planned,China,Upstream,13307.0,1212618.0
2026-04-29,AST-050,0.98,Preventive,Planned,North America,Upstream,1071.0,83852.0
2026-04-30,AST-002,1.45,Preventive,Planned,North America,Upstream,4505.0,379435.0
2026-04-30,AST-005,7.6,Preventive,Unplanned,China,Integrated Gas,46190.0,3684069.0
2026-04-30,AST-006,1.88,Corrective,Planned,Africa,Integrated Gas,11987.0,851375.0
2026-04-30,AST-012,2.68,Preventive,Planned,Africa,Upstream,13478.0,1154600.0
2026-04-30,AST-013,2.49,Preventive,Planned,North America,Upstream,7974.0,680792.0
2026-04-30,AST-018,7.44,Turnaround,Planned,India,Integrated Gas,29665.0,2030951.0
2026-04-30,AST-021,3.04,Preventive,Planned,Middle East,Chemicals & Products,15523.0,1289767.0
2026-04-30,AST-022,5.34,Inspection,Planned,China,Upstream,16622.0,1439532.0
2026-04-30,AST-024,12.62,Preventive,Planned,Africa,Integrated Gas,10664.5,852591.5
2026-04-30,AST-033,13.08,Turnaround,Unplanned,India,Integrated Gas,28690.0,2451404.0
2026-04-30,AST-037,4.05,Turnaround,Planned,Africa,Upstream,8695.0,583556.0
2026-04-30,AST-045,3.5,Preventive,Planned,India,Upstream,14467.0,1204948.0
2026-05-01,AST-011,4.1,Inspection,Planned,Middle East,Upstream,6468.0,496257.0
2026-05-01,AST-013,31.73,Corrective,Planned,North America,Upstream,32240.75,2366016.5
2026-05-01,AST-014,7.34,Turnaround,Planned,North America,Upstream,14261.0,1097150.0
2026-05-01,AST-019,13.51,Corrective,Planned,Africa,Upstream,20189.5,1482184.0
2026-05-01,AST-027,9.7,Inspection,Planned,China,Upstream,50582.0,4213227.0
2026-05-01,AST-028,6.67,Corrective,Planned,North America,Integrated Gas,16907.0,1232814.0
2026-05-01,AST-029,9.33,Preventive,Unplanned,Middle East,Integrated Gas,53531.0,4005284.0
2026-05-01,AST-040,5.4,Corrective,Planned,Middle East,Integrated Gas,8674.0,679656.0
2026-05-01,AST-043,9.24,Preventive,Planned,North America,Upstream,50561.0,4850348.0
2026-05-01,AST-045,26.21,Preventive,Unplanned,India,Upstream,128260.0,10081776.0
2026-05-01,AST-047,8.62,Turnaround,Unplanned,China,Upstream,41540.0,3605240.0
2026-05-02,AST-003,3.02,Corrective,Planned,Middle East,Upstream,6903.5,514056.5
2026-05-02,AST-005,4.23,Inspection,Planned,China,Integrated Gas,29620.0,2146894.0
2026-05-02,AST-015,5.04,Preventive,Unplanned,North America,Integrated Gas,16393.0,1387616.0
2026-05-02,AST-020,1.77,Preventive,Planned,China,Chemicals & Products,5761.0,539026.0
2026-05-02,AST-022,5.03,Preventive,Planned,China,Upstream,13944.0,1190244.0
2026-05-02,AST-025,5.15,Inspection,Planned,North America,Upstream,33791.0,2901899.0
2026-05-02,AST-033,15.8,Inspection,Unplanned,India,Integrated Gas,41402.0,3626771.0
2026-05-02,AST-041,3.47,Turnaround,Planned,India,Integrated Gas,22098.0,1684431.0
2026-05-02,AST-043,7.18,Preventive,Unplanned,North America,Upstream,32809.0,2571978.0
2026-05-02,AST-045,2.71,Corrective,Planned,India,Upstream,11589.0,726139.0
2026-05-02,AST-048,5.99,Corrective,Planned,Africa,Chemicals & Products,9301.0,668900.0
2026-05-02,AST-050,1.57,Inspection,Planned,North America,Upstream,2223.0,151091.0
2026-05-03,AST-005,5.65,Corrective,Planned,China,Integrated Gas,30782.0,2350131.0
2026-05-03,AST-006,17.58,Preventive,Planned,Africa,Integrated Gas,27950.67,2189500.67
2026-05-03,AST-009,1.47,Inspection,Planned,Europe,Upstream,3107.0,247541.0
2026-05-03,AST-012,2.02,Preventive,Planned,Africa,Upstream,9978.0,822078.0
2026-05-03,AST-024,0.45,Turnaround,Planned,Africa,Integrated Gas,676.0,57013.0
2026-05-03,AST-029,27.54,Preventive,Unplanned,Middle East,Integrated Gas,153149.0,12975022.0
2026-05-03,AST-034,2.87,Inspection,Planned,Middle East,Upstream,4363.0,379132.0
2026-05-03,AST-037,11.77,Preventive,Unplanned,Africa,Upstream,23431.0,2032616.0
2026-05-03,AST-042,3.24,Turnaround,Planned,North America,Integrated Gas,17805.0,1499253.0
2026-05-03,AST-043,8.61,Preventive,Unplanned,North America,Upstream,46125.0,3510478.0
2026-05-03,AST-044,20.22,Inspection,Planned,China,Upstream,40497.0,3366600.0
2026-05-03,AST-045,5.41,Preventive,Planned,India,Upstream,24489.0,2175793.0
2026-05-03,AST-050,4.85,Preventive,Planned,North America,Upstream,2974.5,225830.5
2026-05-04,AST-004,7.68,Corrective,Planned,China,Upstream,17164.0,1290478.0
2026-05-04,AST-008,6.32,Preventive,Unplanned,North America,Upstream,43087.0,3544324.0
2026-05-04,AST-012,6.13,Corrective,Planned,Africa,Upstream,14975.5,1131729.0
2026-05-04,AST-015,8.95,Preventive,Unplanned,North America,Integrated Gas,34061.0,3101597.0
2026-05-04,AST-017,10.34,Preventive,Planned,Middle East,Chemicals & Products,47942.0,3798450.0
2026-05-04,AST-019,3.03,Corrective,Planned,Africa,Upstream,9123.0,806789.0
2026-05-04,AST-027,18.26,Corrective,Planned,China,Upstream,47259.5,3733940.0
2026-05-04,AST-028,8.61,Turnaround,Planned,North America,Integrated Gas,25269.0,1825764.0
2026-05-04,AST-029,4.66,Corrective,Planned,Middle East,Integrated Gas,32691.0,2413459.0
2026-05-04,AST-038,2.67,Inspection,Planned,North America,Integrated Gas,6273.0,557785.0
2026-05-04,AST-041,10.93,Inspection,Planned,India,Integrated Gas,37151.5,2829964.5
2026-05-04,AST-042,3.7,Preventive,Planned,North America,Integrated Gas,19332.0,1459578.0
2026-05-04,AST-044,10.24,Inspection,Planned,China,Upstream,29064.0,2236234.0
2026-05-05,AST-002,12.01,Preventive,Unplanned,North America,Upstream,37632.0,3089441.0
2026-05-05,AST-003,5.85,Corrective,Planned,Middle East,Upstream,30092.0,2508798.0
2026-05-05,AST-004,14.44,Preventive,Unplanned,China,Upstream,65265.0,5516844.0
2026-05-05,AST-005,2.83,Preventive,Planned,China,Integrated Gas,14302.0,1101055.0
2026-05-05,AST-007,2.31,Corrective,Planned,India,Chemicals & Products,6900.0,484021.0
2026-05-05,AST-009,2.15,Preventive,Planned,Europe,Upstream,3837.0,327788.0
2026-05-05,AST-019,1.51,Corrective,Planned,Africa,Upstream,4383.0,328010.0
2026-05-05,AST-021,7.92,Preventive,Unplanned,Middle East,Chemicals & Products,32851.0,2642354.0
2026-05-05,AST-031,5.66,Corrective,Planned,China,Integrated Gas,36276.0,2672005.0
2026-05-05,AST-036,4.18,Preventive,Planned,India,Integrated Gas,13115.0,1035460.0
2026-05-05,AST-037,7.9,Preventive,Planned,Africa,Upstream,15914.0,1366706.0
2026-05-05,AST-038,2.33,Inspection,Planned,North America,Integrated Gas,6632.0,485878.0
2026-05-05,AST-047,3.68,Corrective,Unplanned,China,Upstream,16543.0,1181373.0
2026-05-06,AST-018,5.6,Corrective,Planned,India,Integrated Gas,17279.0,1312208.0
2026-05-06,AST-020,1.5,Preventive,Planned,China,Chemicals & Products,3951.0,314833.0
2026-05-06,AST-026,5.05,Preventive,Planned,Middle East,Upstream,31520.0,2355296.0
2026-05-06,AST-032,1.14,Preventive,Planned,Europe,Upstream,4106.0,328675.0
2026-05-06,AST-038,5.83,Inspection,Planned,North America,Integrated Gas,7582.5,686482.0
2026-05-06,AST-045,2.48,Turnaround,Planned,India,Upstream,11574.0,960593.0
2026-05-06,AST-050,15.71,Preventive,Planned,North America,Upstream,9905.5,855944.0
2026-05-07,AST-002,13.42,Inspection,Unplanned,North America,Upstream,39883.0,3107625.0
2026-05-07,AST-005,2.2,Preventive,Planned,China,Integrated Gas,12319.0,975309.0
2026-05-07,AST-006,2.44,Preventive,Unplanned,Africa,Integrated Gas,14078.0,1180768.0
2026-05-07,AST-009,4.4,Preventive,Planned,Europe,Upstream,9528.0,673216.0
2026-05-07,AST-013,1.01,Preventive,Planned,North America,Upstream,3967.0,299961.0
2026-05-07,AST-014,0.59,Preventive,Planned,North America,Upstream,1448.0,106951.0
2026-05-07,AST-015,2.0,Preventive,Planned,North America,Integrated Gas,8382.0,671579.0
2026-05-07,AST-017,8.32,Corrective,Planned,Middle East,Chemicals & Products,21116.0,1840298.5
2026-05-07,AST-021,7.45,Preventive,Unplanned,Middle East,Chemicals & Products,32116.0,2818794.0
2026-05-07,AST-024,9.37,Turnaround,Planned,Africa,Integrated Gas,18729.0,1520664.0
2026-05-07,AST-025,9.72,Preventive,Unplanned,North America,Upstream,57065.0,3989351.0
2026-05-07,AST-032,5.34,Turnaround,Planned,Europe,Upstream,16343.0,1358938.0
2026-05-07,AST-036,1.79,Preventive,Planned,India,Integrated Gas,6442.0,468596.0
2026-05-07,AST-041,2.83,Preventive,Planned,India,Integrated Gas,17098.0,1288875.0
2026-05-07,AST-042,4.07,Corrective,Unplanned,North America,Integrated Gas,18042.0,1296624.0
2026-05-07,AST-044,2.19,Inspection,Planned,China,Upstream,7462.0,610435.0
2026-05-07,AST-047,5.15,Preventive,Planned,China,Upstream,21093.0,1779427.0
2026-05-07,AST-049,5.97,Corrective,Planned,North America,Upstream,19425.0,1735278.0
2026-05-08,AST-005,2.14,Inspection,Planned,China,Integrated Gas,12143.0,993517.0
2026-05-08,AST-006,2.12,Corrective,Unplanned,Africa,Integrated Gas,10219.0,653410.0
2026-05-08,AST-007,4.09,Preventive,Planned,India,Chemicals & Products,13554.0,1242832.0
2026-05-08,AST-013,1.18,Corrective,Planned,North America,Upstream,3648.0,280610.0
2026-05-08,AST-014,8.71,Corrective,Planned,North America,Upstream,18503.0,1575772.0
2026-05-08,AST-015,3.78,Preventive,Planned,North America,Integrated Gas,16733.0,1511298.0
2026-05-08,AST-022,9.65,Preventive,Unplanned,China,Upstream,28261.0,2504896.0
2026-05-08,AST-025,5.21,Preventive,Planned,North America,Upstream,39575.0,3219316.0
2026-05-08,AST-027,0.61,Inspection,Planned,China,Upstream,3271.0,236322.0
2026-05-08,AST-029,7.48,Preventive,Unplanned,Middle East,Integrated Gas,49703.0,3570514.0
2026-05-08,AST-037,4.23,Corrective,Planned,Africa,Upstream,8722.0,740572.0
2026-05-08,AST-040,1.27,Inspection,Planned,Middle East,Integrated Gas,2003.0,161348.0
2026-05-08,AST-041,1.3,Corrective,Planned,India,Integrated Gas,7447.0,648752.0
2026-05-08,AST-042,12.47,Preventive,Planned,North America,Integrated Gas,35194.0,2578148.5
2026-05-08,AST-046,11.4,Corrective,Planned,Africa,Upstream,22503.0,1949629.5
2026-05-09,AST-005,1.35,Preventive,Planned,China,Integrated Gas,8437.0,736576.0
2026-05-09,AST-006,2.29,Preventive,Planned,Africa,Integrated Gas,10955.0,823667.0
2026-05-09,AST-013,3.3,Preventive,Planned,North America,Upstream,13821.0,1088198.0
2026-05-09,AST-016,8.83,Preventive,Planned,North America,Upstream,16211.0,1121993.0
2026-05-09,AST-018,13.52,Preventive,Unplanned,India,Integrated Gas,55229.0,4167468.0
2026-05-09,AST-023,3.25,Corrective,Planned,Europe,Upstream,4587.0,385993.0
2026-05-09,AST-026,0.36,Preventive,Planned,Middle East,Upstream,2427.0,181338.0
2026-05-09,AST-029,6.97,Corrective,Planned,Middle East,Integrated Gas,21459.0,1668683.0
2026-05-09,AST-032,4.5,Corrective,Unplanned,Europe,Upstream,16844.0,1285379.0
2026-05-09,AST-034,4.25,Turnaround,Planned,Middle East,Upstream,6029.0,535146.0
2026-05-09,AST-035,2.26,Inspection,Planned,Africa,Upstream,14122.0,1094714.0
2026-05-09,AST-039,4.0,Preventive,Planned,Europe,Integrated Gas,15829.0,1172227.0
2026-05-09,AST-041,2.72,Preventive,Planned,India,Integrated Gas,14181.0,1163805.0
2026-05-09,AST-042,5.47,Preventive,Planned,North America,Integrated Gas,33177.0,2521855.0
2026-05-09,AST-043,17.06,Corrective,Unplanned,North America,Upstream,102887.0,9305721.0
2026-05-09,AST-046,3.01,Corrective,Planned,Africa,Upstream,12426.0,1085122.0
2026-05-10,AST-008,1.72,Corrective,Planned,North America,Upstream,9360.0,805738.0
2026-05-10,AST-009,2.38,Preventive,Planned,Europe,Upstream,5106.0,339305.0
2026-05-10,AST-011,10.65,Preventive,Planned,Middle East,Upstream,17241.0,1404420.0
2026-05-10,AST-013,3.26,Preventive,Planned,North America,Upstream,9586.0,678832.0
2026-05-10,AST-017,1.77,Corrective,Planned,Middle East,Chemicals & Products,8042.0,628095.0
2026-05-10,AST-026,3.38,Preventive,Planned,Middle East,Upstream,22419.0,1751364.0
2026-05-10,AST-031,8.96,Preventive,Unplanned,China,Integrated Gas,38234.0,3359036.0
2026-05-10,AST-032,5.64,Preventive,Planned,Europe,Upstream,21439.0,1909196.0
2026-05-10,AST-033,12.56,Preventive,Planned,India,Integrated Gas,17821.0,1525471.0
2026-05-10,AST-034,4.21,Inspection,Planned,Middle East,Upstream,7711.0,669078.0
2026-05-10,AST-037,1.17,Preventive,Planned,Africa,Upstream,1258.5,109138.0
2026-05-10,AST-038,16.84,Preventive,Planned,North America,Integrated Gas,20327.0,1591164.5
2026-05-10,AST-041,7.51,Preventive,Planned,India,Integrated Gas,21512.0,1549236.0
2026-05-10,AST-044,2.13,Preventive,Planned,China,Upstream,7403.0,556163.0
2026-05-10,AST-047,11.19,Preventive,Planned,China,Upstream,29534.5,2340946.0
2026-05-11,AST-001,15.66,Corrective,Planned,India,Upstream,20785.0,1734370.5
2026-05-11,AST-004,1.83,Preventive,Planned,China,Upstream,7988.0,636612.0
2026-05-11,AST-005,11.63,Preventive,Unplanned,China,Integrated Gas,61754.0,5421031.0
2026-05-11,AST-006,4.36,Preventive,Planned,Africa,Integrated Gas,23191.0,1926898.0
2026-05-11,AST-011,9.23,Corrective,Planned,Middle East,Upstream,14926.0,1024463.0
2026-05-11,AST-016,1.43,Preventive,Planned,North America,Upstream,2368.0,187839.0
2026-05-11,AST-017,14.66,Preventive,Planned,Middle East,Chemicals & Products,66641.0,4954964.0
2026-05-11,AST-022,13.55,Inspection,Planned,China,Upstream,22572.0,1979464.0
2026-05-11,AST-023,16.63,Corrective,Unplanned,Europe,Upstream,25801.0,2108349.0
2026-05-11,AST-025,7.03,Preventive,Planned,North America,Upstream,41628.0,3084939.0
2026-05-11,AST-031,0.1,Preventive,Planned,China,Integrated Gas,543.0,38014.0
2026-05-11,AST-033,8.5,Corrective,Planned,India,Integrated Gas,20886.0,1785982.0
2026-05-11,AST-034,3.76,Turnaround,Planned,Middle East,Upstream,5945.0,417486.0
2026-05-11,AST-039,7.09,Inspection,Planned,Europe,Integrated Gas,15505.0,1107540.0
2026-05-11,AST-040,13.66,Turnaround,Unplanned,Middle East,Integrated Gas,29178.0,2263354.0
2026-05-11,AST-041,2.21,Corrective,Planned,India,Integrated Gas,10214.0,821437.0
2026-05-11,AST-048,6.93,Inspection,Planned,Africa,Chemicals & Products,9025.0,753711.0
2026-05-12,AST-009,2.5,Preventive,Planned,Europe,Upstream,4611.0,334755.0
2026-05-12,AST-011,11.11,Turnaround,Planned,Middle East,Upstream,14719.0,1036743.0
2026-05-12,AST-012,1.96,Preventive,Planned,Africa,Upstream,9836.0,861138.0
2026-05-12,AST-027,6.68,Preventive,Planned,China,Upstream,28667.0,2113782.0
2026-05-12,AST-032,5.57,Preventive,Planned,Europe,Upstream,21813.0,1519640.0
2026-05-12,AST-036,11.12,Corrective,Planned,India,Integrated Gas,33985.0,2532265.0
2026-05-12,AST-038,16.89,Turnaround,Unplanned,North America,Integrated Gas,45041.0,4047363.0
2026-05-12,AST-043,0.91,Preventive,Planned,North America,Upstream,4430.0,365394.0
2026-05-12,AST-044,3.65,Preventive,Planned,China,Upstream,10873.0,742271.0
2026-05-13,AST-005,4.19,Preventive,Planned,China,Integrated Gas,29223.0,2302156.0
2026-05-13,AST-009,12.8,Preventive,Unplanned,Europe,Upstream,27374.0,2114443.0
2026-05-13,AST-011,5.51,Preventive,Planned,Middle East,Upstream,4501.5,365849.5
2026-05-13,AST-015,17.84,Corrective,Planned,North America,Integrated Gas,32610.0,2375300.5
2026-05-13,AST-016,5.3,Turnaround,Planned,North America,Upstream,4552.5,345126.5
2026-05-13,AST-017,8.52,Preventive,Unplanned,Middle East,Chemicals & Products,44801.0,3489557.0
2026-05-13,AST-018,6.32,Turnaround,Planned,India,Integrated Gas,22566.0,1739250.0
2026-05-13,AST-021,4.61,Inspection,Planned,Middle East,Chemicals & Products,20428.0,1833723.0
2026-05-13,AST-027,11.04,Preventive,Unplanned,China,Upstream,58535.0,5092823.0
2026-05-13,AST-028,8.92,Corrective,Planned,North America,Integrated Gas,11473.5,979568.0
2026-05-13,AST-038,27.31,Corrective,Planned,North America,Integrated Gas,33619.5,2743261.5
2026-05-13,AST-049,20.69,Corrective,Planned,North America,Upstream,35574.0,2894098.5
2026-05-14,AST-002,5.28,Corrective,Planned,North America,Upstream,11656.0,808015.0
2026-05-14,AST-003,1.71,Preventive,Planned,Middle East,Upstream,7462.0,526679.0
2026-05-14,AST-004,2.16,Preventive,Planned,China,Upstream,10361.0,757828.0
2026-05-14,AST-007,4.29,Corrective,Planned,India,Chemicals & Products,16452.0,1176032.0
2026-05-14,AST-014,2.4,Turnaround,Planned,North America,Upstream,4698.0,338502.0
2026-05-14,AST-017,1.28,Corrective,Planned,Middle East,Chemicals & Products,5933.0,415925.0
2026-05-14,AST-027,8.57,Preventive,Planned,China,Upstream,39077.0,2835539.0
2026-05-14,AST-028,2.81,Corrective,Unplanned,North America,Integrated Gas,7281.0,540608.0
2026-05-14,AST-030,3.33,Corrective,Planned,China,Integrated Gas,17712.0,1274682.0
2026-05-14,AST-039,1.17,Corrective,Planned,Europe,Integrated Gas,5034.0,430844.0
2026-05-14,AST-040,2.39,Inspection,Planned,Middle East,Integrated Gas,3945.0,347610.0
2026-05-14,AST-041,10.98,Corrective,Planned,India,Integrated Gas,53734.0,4561117.0
2026-05-14,AST-044,0.65,Preventive,Planned,China,Upstream,2219.0,154599.0
2026-05-14,AST-046,1.82,Preventive,Planned,Africa,Upstream,6903.0,503975.0
2026-05-15,AST-001,6.91,Corrective,Planned,India,Upstream,14600.0,1001816.0
2026-05-15,AST-004,2.07,Corrective,Planned,China,Upstream,10552.0,887563.0
2026-05-15,AST-005,9.65,Corrective,Planned,China,Integrated Gas,63288.0,5467847.0
2026-05-15,AST-017,3.7,Preventive,Planned,Middle East,Chemicals & Products,19360.0,1349915.0
2026-05-15,AST-019,4.02,Inspection,Planned,Africa,Upstream,12568.0,987158.0
2026-05-15,AST-020,4.89,Preventive,Planned,China,Chemicals & Products,12031.0,891944.0
2026-05-15,AST-021,20.94,Corrective,Unplanned,Middle East,Chemicals & Products,94812.0,6734289.0
2026-05-15,AST-022,10.36,Turnaround,Unplanned,China,Upstream,33323.0,2696716.0
2026-05-15,AST-026,4.77,Preventive,Planned,Middle East,Upstream,26135.0,1910169.0
2026-05-15,AST-027,5.94,Corrective,Planned,China,Upstream,14133.5,1266110.5
2026-05-15,AST-035,9.29,Turnaround,Planned,Africa,Upstream,57731.0,4687768.0
2026-05-15,AST-036,2.41,Corrective,Planned,India,Integrated Gas,8777.0,808314.0
2026-05-15,AST-039,1.72,Corrective,Planned,Europe,Integrated Gas,7437.0,640386.0
2026-05-15,AST-042,2.76,Preventive,Planned,North America,Integrated Gas,15878.0,1232970.0
2026-05-15,AST-047,6.68,Inspection,Planned,China,Upstream,16581.0,1319784.5
2026-05-16,AST-002,1.92,Preventive,Planned,North America,Upstream,5853.0,432408.0
2026-05-16,AST-004,15.65,Preventive,Unplanned,China,Upstream,61682.0,4009807.0
2026-05-16,AST-005,14.35,Preventive,Planned,China,Integrated Gas,77401.0,5494277.0
2026-05-16,AST-009,4.37,Inspection,Planned,Europe,Upstream,7339.0,593373.0
2026-05-16,AST-010,4.85,Corrective,Planned,India,Upstream,5650.0,423516.0
2026-05-16,AST-014,2.33,Preventive,Planned,North America,Upstream,3627.0,266645.0
2026-05-16,AST-015,16.61,Preventive,Unplanned,North America,Integrated Gas,70385.0,5529050.0
2026-05-16,AST-021,4.52,Preventive,Planned,Middle East,Chemicals & Products,19498.0,1727583.0
2026-05-16,AST-022,2.3,Corrective,Planned,China,Upstream,8828.0,689502.0
2026-05-16,AST-023,0.66,Corrective,Planned,Europe,Upstream,939.0,76551.0
2026-05-16,AST-034,1.98,Inspection,Planned,Middle East,Upstream,3281.0,251044.0
2026-05-16,AST-035,24.24,Corrective,Unplanned,Africa,Upstream,144585.0,11598448.0
2026-05-16,AST-040,1.54,Corrective,Planned,Middle East,Integrated Gas,3105.0,261448.0
2026-05-16,AST-041,1.67,Corrective,Planned,India,Integrated Gas,5086.5,431725.0
2026-05-16,AST-042,3.12,Turnaround,Planned,North America,Integrated Gas,15885.0,1454709.0
2026-05-16,AST-046,1.69,Preventive,Planned,Africa,Upstream,6172.0,467869.0
2026-05-16,AST-047,2.73,Corrective,Planned,China,Upstream,6578.0,534513.5
2026-05-17,AST-002,1.2,Corrective,Planned,North America,Upstream,3083.0,219644.0
2026-05-17,AST-006,9.65,Inspection,Planned,Africa,Integrated Gas,22037.0,1952138.5
2026-05-17,AST-007,2.18,Turnaround,Planned,India,Chemicals & Products,6752.0,550339.0
2026-05-17,AST-008,17.65,Inspection,Unplanned,North America,Upstream,98089.0,8912090.0
2026-05-17,AST-011,9.08,Preventive,Unplanned,Middle East,Upstream,10641.0,960628.0
2026-05-17,AST-015,7.17,Preventive,Planned,North America,Integrated Gas,26750.0,2164685.0
2026-05-17,AST-017,3.1,Turnaround,Planned,Middle East,Chemicals & Products,14848.0,1195549.0
2026-05-17,AST-022,3.06,Preventive,Planned,China,Upstream,10214.0,709632.0
2026-05-17,AST-030,3.5,Preventive,Planned,China,Integrated Gas,17134.0,1602481.0
2026-05-17,AST-031,52.44,Preventive,Unplanned,China,Integrated Gas,295630.0,24153430.0
2026-05-17,AST-033,1.62,Preventive,Planned,India,Integrated Gas,4005.0,295455.0
2026-05-17,AST-041,2.62,Preventive,Planned,India,Integrated Gas,13638.0,1145571.0
2026-05-17,AST-043,12.38,Inspection,Planned,North America,Upstream,35624.0,3190546.5
2026-05-17,AST-050,4.46,Inspection,Planned,North America,Upstream,2438.5,187764.5
2026-05-18,AST-005,3.96,Preventive,Planned,China,Integrated Gas,23541.0,1619543.0
2026-05-18,AST-008,4.35,Preventive,Planned,North America,Upstream,30825.0,2647829.0
2026-05-18,AST-010,10.57,Preventive,Planned,India,Upstream,9496.0,697656.0
2026-05-18,AST-016,3.2,Preventive,Planned,North America,Upstream,6865.0,479813.0
2026-05-18,AST-018,5.71,Preventive,Planned,India,Integrated Gas,21484.0,1771660.0
2026-05-18,AST-022,16.96,Preventive,Unplanned,China,Upstream,57069.0,5031715.0
2026-05-18,AST-025,0.58,Preventive,Planned,North America,Upstream,3733.0,274937.0
2026-05-18,AST-029,3.71,Corrective,Planned,Middle East,Integrated Gas,30489.0,2632421.0
2026-05-18,AST-037,3.97,Preventive,Planned,Africa,Upstream,10177.0,908478.0
2026-05-18,AST-039,1.63,Preventive,Planned,Europe,Integrated Gas,7028.0,559223.0
2026-05-18,AST-046,18.58,Preventive,Unplanned,Africa,Upstream,83881.0,6553031.0
2026-05-19,AST-001,3.23,Preventive,Planned,India,Upstream,7921.0,711673.0
2026-05-19,AST-005,3.45,Turnaround,Planned,China,Integrated Gas,19653.0,1386341.0
2026-05-19,AST-008,4.24,Preventive,Planned,North America,Upstream,22606.0,2022123.0
2026-05-19,AST-015,3.98,Inspection,Planned,North America,Integrated Gas,14780.0,1304558.0
2026-05-19,AST-016,4.24,Corrective,Planned,North America,Upstream,8772.0,687775.0
2026-05-19,AST-019,1.2,Inspection,Planned,Africa,Upstream,3544.0,253537.0
2026-05-19,AST-020,1.11,Inspection,Planned,China,Chemicals & Products,3679.0,279097.0
2026-05-19,AST-022,5.86,Corrective,Planned,China,Upstream,18824.0,1481610.0
2026-05-19,AST-026,3.55,Preventive,Planned,Middle East,Upstream,22330.0,1584383.0
2026-05-19,AST-030,3.77,Preventive,Planned,China,Integrated Gas,19658.0,1497253.0
2026-05-19,AST-033,5.49,Preventive,Planned,India,Integrated Gas,15281.0,1208606.0
2026-05-19,AST-034,0.1,Preventive,Planned,Middle East,Upstream,148.0,10076.0
2026-05-19,AST-036,4.82,Corrective,Planned,India,Integrated Gas,14104.0,1197921.0
2026-05-19,AST-038,2.05,Preventive,Planned,North America,Integrated Gas,5796.0,516047.0
2026-05-19,AST-039,8.02,Corrective,Planned,Europe,Integrated Gas,38455.0,2786604.0
2026-05-19,AST-041,4.96,Preventive,Unplanned,India,Integrated Gas,25092.0,2133302.0
2026-05-19,AST-042,7.87,Preventive,Planned,North America,Integrated Gas,44394.0,3172099.0
2026-05-19,AST-047,5.45,Corrective,Planned,China,Upstream,11197.5,925159.0
2026-05-19,AST-048,4.81,Corrective,Planned,Africa,Chemicals & Products,6316.0,506044.0
2026-05-19,AST-049,3.54,Preventive,Planned,North America,Upstream,11647.0,877480.0
2026-05-20,AST-005,1.12,Preventive,Planned,China,Integrated Gas,5806.0,456519.0
2026-05-20,AST-017,15.94,Preventive,Planned,Middle East,Chemicals & Products,43088.0,3665365.0
2026-05-20,AST-021,2.34,Preventive,Planned,Middle East,Chemicals & Products,10997.0,945752.0
2026-05-20,AST-023,1.3,Preventive,Planned,Europe,Upstream,1604.0,128519.0
2026-05-20,AST-024,1.3,Preventive,Planned,Africa,Integrated Gas,1960.0,159184.0
2026-05-20,AST-030,3.74,Preventive,Planned,China,Integrated Gas,22312.0,1834423.0
2026-05-20,AST-034,7.2,Turnaround,Planned,Middle East,Upstream,9730.0,865764.0
2026-05-20,AST-038,1.51,Preventive,Planned,North America,Integrated Gas,4338.0,337711.0
2026-05-20,AST-039,1.5,Preventive,Planned,Europe,Integrated Gas,7629.0,606223.0
2026-05-20,AST-044,16.48,Inspection,Unplanned,China,Upstream,67384.0,5865341.0
2026-05-20,AST-047,1.25,Preventive,Planned,China,Upstream,6373.0,442634.0
2026-05-20,AST-048,2.82,Preventive,Planned,Africa,Chemicals & Products,4685.0,421518.0
2026-05-20,AST-049,4.5,Corrective,Planned,North America,Upstream,16091.0,1362078.0
2026-05-21,AST-001,14.44,Preventive,Unplanned,India,Upstream,40589.0,3596576.0
2026-05-21,AST-006,10.24,Corrective,Planned,Africa,Integrated Gas,45424.0,3655580.0
2026-05-21,AST-009,2.15,Preventive,Planned,Europe,Upstream,4217.0,310295.0
2026-05-21,AST-012,0.87,Turnaround,Planned,Africa,Upstream,4608.0,365497.0
2026-05-21,AST-015,1.01,Inspection,Planned,North America,Integrated Gas,3544.0,274332.0
2026-05-21,AST-017,8.14,Inspection,Planned,Middle East,Chemicals & Products,38024.0,3154320.0
2026-05-21,AST-018,10.26,Preventive,Planned,India,Integrated Gas,38436.0,3048578.0
2026-05-21,AST-020,6.44,Preventive,Planned,China,Chemicals & Products,18949.0,1544084.0
2026-05-21,AST-021,5.48,Corrective,Planned,Middle East,Chemicals & Products,11924.5,895832.5
2026-05-21,AST-024,5.26,Inspection,Planned,Africa,Integrated Gas,4203.5,321698.0
2026-05-21,AST-029,1.93,Preventive,Planned,Middle East,Integrated Gas,12404.0,1097186.0
2026-05-21,AST-030,0.54,Corrective,Planned,China,Integrated Gas,2809.0,194841.0
2026-05-21,AST-031,6.23,Turnaround,Planned,China,Integrated Gas,27500.0,2194718.0
2026-05-21,AST-034,1.54,Preventive,Planned,Middle East,Upstream,2170.0,174436.0
2026-05-21,AST-039,4.69,Corrective,Planned,Europe,Integrated Gas,17889.0,1437340.0
2026-05-21,AST-040,16.53,Corrective,Unplanned,Middle East,Integrated Gas,32643.0,2898221.0
2026-05-21,AST-044,0.57,Corrective,Planned,China,Upstream,2289.0,188163.0
2026-05-21,AST-047,2.71,Preventive,Planned,China,Upstream,13924.0,1051386.0
2026-05-21,AST-048,6.81,Preventive,Planned,Africa,Chemicals & Products,10047.0,914251.0
2026-05-21,AST-049,8.04,Preventive,Planned,North America,Upstream,10500.5,784424.0
2026-05-22,AST-003,8.7,Preventive,Planned,Middle East,Upstream,41239.0,3072274.0
2026-05-22,AST-011,6.57,Preventive,Planned,Middle East,Upstream,11522.0,919272.0
2026-05-22,AST-038,12.79,Preventive,Planned,North America,Integrated Gas,35254.0,2811875.0
2026-05-22,AST-039,4.19,Preventive,Planned,Europe,Integrated Gas,18168.0,1275350.0
2026-05-22,AST-043,0.58,Preventive,Planned,North America,Upstream,2857.0,221816.0
2026-05-23,AST-001,2.86,Preventive,Planned,India,Upstream,6683.0,619944.0
2026-05-23,AST-011,1.25,Preventive,Planned,Middle East,Upstream,1817.0,175892.0
2026-05-23,AST-013,2.72,Preventive,Planned,North America,Upstream,9336.0,870378.0
2026-05-23,AST-014,20.47,Preventive,Unplanned,North America,Upstream,31251.0,2136641.0
2026-05-23,AST-020,3.74,Corrective,Planned,China,Chemicals & Products,10562.0,860111.0
2026-05-23,AST-021,1.76,Corrective,Planned,Middle East,Chemicals & Products,8559.0,722110.0
2026-05-23,AST-022,5.53,Preventive,Planned,China,Upstream,14773.0,1144844.0
2026-05-23,AST-026,9.86,Inspection,Planned,Middle East,Upstream,70102.0,5236945.0
2026-05-23,AST-030,2.59,Corrective,Planned,China,Integrated Gas,15768.0,1117820.0
2026-05-23,AST-031,1.89,Preventive,Planned,China,Integrated Gas,9760.0,755063.0
2026-05-23,AST-032,2.87,Preventive,Planned,Europe,Upstream,9203.0,617958.0
2026-05-23,AST-040,2.16,Corrective,Planned,Middle East,Integrated Gas,4248.0,348725.0
2026-05-23,AST-041,4.99,Corrective,Planned,India,Integrated Gas,16443.0,1484564.5
2026-05-23,AST-047,2.69,Preventive,Planned,China,Upstream,13768.0,1014461.0
2026-05-23,AST-050,7.96,Corrective,Planned,North America,Upstream,10362.0,725241.0
2026-05-24,AST-011,8.89,Preventive,Planned,Middle East,Upstream,13259.0,888392.0
2026-05-24,AST-013,6.25,Inspection,Planned,North America,Upstream,22187.0,1628408.0
2026-05-24,AST-015,2.95,Preventive,Planned,North America,Integrated Gas,10539.0,912170.0
2026-05-24,AST-023,2.35,Inspection,Planned,Europe,Upstream,3359.0,275435.0
2026-05-24,AST-025,3.57,Preventive,Planned,North America,Upstream,21382.0,1529919.0
2026-05-24,AST-029,9.53,Corrective,Planned,Middle East,Integrated Gas,62632.0,5347355.0
2026-05-24,AST-032,7.42,Corrective,Unplanned,Europe,Upstream,24277.0,2042116.0
2026-05-24,AST-035,1.12,Corrective,Planned,Africa,Upstream,7058.0,557235.0
2026-05-24,AST-047,16.92,Corrective,Planned,China,Upstream,27082.33,2228946.0
2026-05-24,AST-050,1.68,Corrective,Unplanned,North America,Upstream,2212.0,198618.0
2026-05-25,AST-007,8.6,Corrective,Planned,India,Chemicals & Products,27632.0,2005756.0
2026-05-25,AST-010,0.1,Turnaround,Planned,India,Upstream,111.0,8707.0
2026-05-25,AST-014,15.63,Inspection,Planned,North America,Upstream,15836.0,1080573.0
2026-05-25,AST-015,17.36,Corrective,Unplanned,North America,Integrated Gas,63347.0,5284135.0
2026-05-25,AST-017,6.68,Preventive,Unplanned,Middle East,Chemicals & Products,29962.0,2049706.0
2026-05-25,AST-019,1.98,Preventive,Unplanned,Africa,Upstream,6014.0,425758.0
2026-05-25,AST-021,3.1,Inspection,Planned,Middle East,Chemicals & Products,7019.5,612512.5
2026-05-25,AST-022,4.1,Turnaround,Planned,China,Upstream,12801.0,1058703.0
2026-05-25,AST-023,8.39,Preventive,Planned,Europe,Upstream,12638.0,1088471.0
2026-05-25,AST-028,4.34,Corrective,Planned,North America,Integrated Gas,5841.5,470134.5
2026-05-25,AST-038,7.43,Corrective,Planned,North America,Integrated Gas,10482.5,889414.5
2026-05-25,AST-039,13.9,Preventive,Unplanned,Europe,Integrated Gas,69034.0,4964752.0
2026-05-25,AST-041,4.99,Corrective,Planned,India,Integrated Gas,33688.0,2681981.0
2026-05-25,AST-043,9.74,Preventive,Unplanned,North America,Upstream,41631.0,3659181.0
2026-05-25,AST-044,12.65,Preventive,Planned,China,Upstream,20302.0,1693262.5
2026-05-26,AST-001,1.78,Preventive,Planned,India,Upstream,4049.0,278251.0
2026-05-26,AST-010,3.62,Turnaround,Planned,India,Upstream,4308.0,311200.0
2026-05-26,AST-014,5.01,Preventive,Planned,North America,Upstream,8234.0,568196.0
2026-05-26,AST-015,6.21,Preventive,Planned,North America,Integrated Gas,25835.0,2209624.0
2026-05-26,AST-025,1.58,Corrective,Planned,North America,Upstream,11063.0,965366.0
2026-05-26,AST-030,1.85,Preventive,Planned,China,Integrated Gas,9618.0,709135.0
2026-05-26,AST-031,20.94,Preventive,Unplanned,China,Integrated Gas,111065.0,9197926.0
2026-05-26,AST-033,11.64,Corrective,Planned,India,Integrated Gas,26883.0,2115616.0
2026-05-26,AST-035,4.12,Preventive,Planned,Africa,Upstream,12089.5,889037.0
2026-05-26,AST-036,24.38,Corrective,Unplanned,India,Integrated Gas,88800.0,8590166.0
2026-05-26,AST-043,0.93,Corrective,Planned,North America,Upstream,4565.0,353175.0
2026-05-26,AST-046,5.86,Corrective,Planned,Africa,Upstream,11188.5,913078.0
2026-05-26,AST-048,2.54,Corrective,Planned,Africa,Chemicals & Products,4386.0,302733.0
2026-05-26,AST-049,2.81,Inspection,Planned,North America,Upstream,8896.0,726110.0
2026-05-27,AST-004,2.83,Corrective,Planned,China,Upstream,6005.0,450890.5
2026-05-27,AST-008,4.4,Inspection,Planned,North America,Upstream,26877.0,1957145.0
2026-05-27,AST-009,3.19,Turnaround,Unplanned,Europe,Upstream,6382.0,421157.0
2026-05-27,AST-031,12.59,Preventive,Unplanned,China,Integrated Gas,58334.0,4518052.0
2026-05-27,AST-034,13.37,Inspection,Planned,Middle East,Upstream,11725.0,1013902.0
2026-05-27,AST-038,3.68,Preventive,Unplanned,North America,Integrated Gas,10618.0,745948.0
2026-05-27,AST-040,9.29,Turnaround,Planned,Middle East,Integrated Gas,18178.0,1465495.0
2026-05-27,AST-046,6.25,Corrective,Planned,Africa,Upstream,29113.0,2143912.0
2026-05-27,AST-050,4.57,Preventive,Unplanned,North America,Upstream,6364.0,470376.0
2026-05-28,AST-009,11.21,Corrective,Planned,Europe,Upstream,21490.0,1636788.0
2026-05-28,AST-010,4.2,Preventive,Planned,India,Upstream,5139.0,363754.0
2026-05-28,AST-011,6.91,Corrective,Planned,Middle East,Upstream,10090.0,710503.0
2026-05-28,AST-012,2.71,Turnaround,Planned,Africa,Upstream,11862.0,988985.0
2026-05-28,AST-013,10.22,Corrective,Planned,North America,Upstream,18823.5,1619487.5
2026-05-28,AST-016,3.18,Preventive,Planned,North America,Upstream,7889.0,646082.0
2026-05-28,AST-020,8.27,Corrective,Planned,China,Chemicals & Products,19923.0,1734025.0
2026-05-28,AST-024,0.79,Inspection,Planned,Africa,Integrated Gas,1342.0,93021.0
2026-05-28,AST-026,9.05,Preventive,Unplanned,Middle East,Upstream,58575.0,4694315.0
2026-05-28,AST-027,7.76,Corrective,Planned,China,Upstream,37141.0,2684748.0
2026-05-28,AST-029,6.24,Corrective,Planned,Middle East,Integrated Gas,23125.5,2080165.5
2026-05-28,AST-030,0.8,Preventive,Unplanned,China,Integrated Gas,3833.0,331774.0
2026-05-28,AST-031,1.19,Corrective,Planned,China,Integrated Gas,6668.0,529309.0
2026-05-28,AST-037,7.11,Corrective,Planned,Africa,Upstream,17711.0,1175894.0
2026-05-28,AST-039,4.25,Preventive,Planned,Europe,Integrated Gas,16965.0,1290650.0
2026-05-28,AST-041,5.64,Corrective,Planned,India,Integrated Gas,34967.0,2774151.0
2026-05-28,AST-047,3.17,Corrective,Planned,China,Upstream,15510.0,1346603.0
2026-05-28,AST-050,1.13,Inspection,Planned,North America,Upstream,1460.0,118534.0
2026-05-29,AST-003,5.16,Inspection,Planned,Middle East,Upstream,25970.0,1827085.0
2026-05-29,AST-006,0.96,Inspection,Planned,Africa,Integrated Gas,4573.0,408520.0
2026-05-29,AST-008,12.92,Preventive,Planned,North America,Upstream,38451.0,3385301.0
2026-05-29,AST-010,7.56,Inspection,Unplanned,India,Upstream,9400.0,724111.0
2026-05-29,AST-014,5.72,Preventive,Planned,North America,Upstream,11483.0,1029407.0
2026-05-29,AST-016,1.01,Preventive,Planned,North America,Upstream,1889.0,132765.0
2026-05-29,AST-032,11.88,Inspection,Planned,Europe,Upstream,42833.0,3488906.0
2026-05-29,AST-040,4.67,Preventive,Planned,Middle East,Integrated Gas,8310.0,775621.0
2026-05-29,AST-049,13.59,Preventive,Unplanned,North America,Upstream,44542.0,3712434.0
2026-05-30,AST-002,1.41,Preventive,Planned,North America,Upstream,3891.0,325433.0
2026-05-30,AST-004,4.57,Preventive,Planned,China,Upstream,7992.0,677029.0
2026-05-30,AST-010,5.44,Turnaround,Unplanned,India,Upstream,5864.0,483315.0
2026-05-30,AST-015,2.81,Corrective,Planned,North America,Integrated Gas,10058.0,951182.0
2026-05-30,AST-017,4.22,Inspection,Planned,Middle East,Chemicals & Products,20693.0,1730935.0
2026-05-30,AST-020,5.09,Inspection,Planned,China,Chemicals & Products,14509.0,1279415.0
2026-05-30,AST-028,9.9,Preventive,Planned,North America,Integrated Gas,22209.0,1647352.0
2026-05-30,AST-030,4.74,Preventive,Planned,China,Integrated Gas,22608.0,2017313.0
2026-05-30,AST-033,2.11,Corrective,Planned,India,Integrated Gas,6195.0,528863.0
2026-05-30,AST-034,8.4,Preventive,Planned,Middle East,Upstream,12962.0,1117759.0
2026-05-30,AST-035,31.41,Corrective,Unplanned,Africa,Upstream,177942.0,15237013.0
2026-05-30,AST-038,10.77,Inspection,Planned,North America,Integrated Gas,32026.0,2304453.0
2026-05-30,AST-041,4.25,Corrective,Planned,India,Integrated Gas,22841.0,1983236.0
2026-05-30,AST-042,4.22,Preventive,Unplanned,North America,Integrated Gas,20276.0,1401778.0
2026-05-30,AST-045,3.5,Inspection,Planned,India,Upstream,18370.0,1417311.0
2026-05-30,AST-046,8.86,Inspection,Planned,Africa,Upstream,39263.0,3229242.0
2026-05-30,AST-050,2.92,Preventive,Planned,North America,Upstream,3639.0,283739.0
2026-05-31,AST-006,0.65,Preventive,Unplanned,Africa,Integrated Gas,3086.0,256498.0
2026-05-31,AST-007,7.91,Inspection,Planned,India,Chemicals & Products,24655.0,2103923.0
2026-05-31,AST-009,1.49,Preventive,Planned,Europe,Upstream,2981.0,227453.0
2026-05-31,AST-020,8.24,Preventive,Unplanned,China,Chemicals & Products,23250.0,2001408.0
2026-05-31,AST-023,10.56,Preventive,Planned,Europe,Upstream,14150.0,1136605.0
2026-05-31,AST-026,8.56,Corrective,Planned,Middle East,Upstream,27799.5,2265626.0
2026-05-31,AST-027,6.81,Turnaround,Planned,China,Upstream,31821.0,2537273.0
2026-05-31,AST-030,2.48,Preventive,Planned,China,Integrated Gas,13747.0,990873.0
2026-05-31,AST-034,0.78,Inspection,Planned,Middle East,Upstream,1140.0,82095.0
2026-05-31,AST-035,1.46,Corrective,Planned,Africa,Upstream,8585.0,651868.0
2026-05-31,AST-036,2.3,Preventive,Planned,India,Integrated Gas,8286.0,756794.0
2026-05-31,AST-038,5.68,Preventive,Planned,North America,Integrated Gas,16340.0,1446717.0
2026-05-31,AST-042,13.43,Corrective,Unplanned,North America,Integrated Gas,71392.0,5300314.0
2026-05-31,AST-043,5.54,Preventive,Planned,North America,Upstream,23730.0,1875844.0
2026-06-01,AST-009,7.22,Corrective,Planned,Europe,Upstream,6177.0,519869.0
2026-06-01,AST-011,1.68,Preventive,Planned,Middle East,Upstream,2445.0,227833.0
2026-06-01,AST-012,16.99,Corrective,Unplanned,Africa,Upstream,88043.0,7251405.0
2026-06-01,AST-014,3.3,Inspection,Planned,North America,Upstream,5800.0,473157.0
2026-06-01,AST-018,2.7,Turnaround,Planned,India,Integrated Gas,9291.0,620187.0
2026-06-01,AST-026,3.44,Corrective,Planned,Middle East,Upstream,17588.0,1581416.0
2026-06-01,AST-027,7.87,Inspection,Planned,China,Upstream,21564.0,1721206.0
2026-06-01,AST-028,9.09,Corrective,Planned,North America,Integrated Gas,11911.0,1008438.0
2026-06-01,AST-029,7.08,Turnaround,Planned,Middle East,Integrated Gas,46386.0,3908115.0
2026-06-01,AST-033,3.53,Preventive,Planned,India,Integrated Gas,9088.0,815179.0
2026-06-01,AST-037,1.31,Preventive,Planned,Africa,Upstream,2552.0,174544.0
2026-06-01,AST-038,18.08,Inspection,Unplanned,North America,Integrated Gas,59109.0,4650973.0
2026-06-01,AST-040,14.33,Preventive,Unplanned,Middle East,Integrated Gas,27987.0,2493268.0
2026-06-01,AST-044,2.34,Preventive,Planned,China,Upstream,7993.0,640086.0
2026-06-01,AST-047,3.3,Inspection,Planned,China,Upstream,15601.0,1249415.0
2026-06-02,AST-003,6.96,Turnaround,Unplanned,Middle East,Upstream,32446.0,2513670.0
2026-06-02,AST-022,9.26,Corrective,Planned,China,Upstream,14437.5,1261467.5
2026-06-02,AST-027,1.23,Preventive,Planned,China,Upstream,5999.0,434355.0
2026-06-02,AST-029,6.31,Preventive,Planned,Middle East,Integrated Gas,46502.0,3830027.0
2026-06-02,AST-030,6.51,Preventive,Planned,China,Integrated Gas,35029.0,2526562.0
2026-06-02,AST-032,6.46,Preventive,Planned,Europe,Upstream,26515.0,2227720.0
2026-06-02,AST-033,24.46,Corrective,Unplanned,India,Integrated Gas,56361.0,4581190.0
2026-06-02,AST-037,17.92,Inspection,Planned,Africa,Upstream,17971.0,1282182.0
2026-06-02,AST-040,2.99,Preventive,Planned,Middle East,Integrated Gas,5890.0,505284.0
2026-06-02,AST-050,3.46,Preventive,Planned,North America,Upstream,4447.0,372505.0
2026-06-03,AST-004,3.02,Inspection,Planned,China,Upstream,13926.0,1035856.0
2026-06-03,AST-009,1.36,Inspection,Planned,Europe,Upstream,2567.0,211150.0
2026-06-03,AST-010,2.71,Preventive,Planned,India,Upstream,2468.0,186620.0
2026-06-03,AST-012,1.62,Corrective,Planned,Africa,Upstream,7614.0,642357.0
2026-06-03,AST-013,5.99,Preventive,Planned,North America,Upstream,21238.0,1660924.0
2026-06-03,AST-014,9.53,Preventive,Planned,North America,Upstream,8436.5,638614.0
2026-06-03,AST-019,0.33,Corrective,Planned,Africa,Upstream,952.0,86847.0
2026-06-03,AST-024,2.25,Corrective,Planned,Africa,Integrated Gas,3701.0,299096.0
2026-06-03,AST-027,6.86,Turnaround,Planned,China,Upstream,18990.0,1653316.5
2026-06-03,AST-030,26.88,Inspection,Unplanned,China,Integrated Gas,70116.0,5326546.0
2026-06-03,AST-031,6.2,Corrective,Planned,China,Integrated Gas,29440.0,2252135.0
2026-06-03,AST-034,1.17,Preventive,Planned,Middle East,Upstream,1996.0,149323.0
2026-06-03,AST-041,4.41,Turnaround,Planned,India,Integrated Gas,23088.0,1858372.0
2026-06-03,AST-045,15.71,Corrective,Unplanned,India,Upstream,66264.0,5462260.0
2026-06-04,AST-001,9.69,Preventive,Planned,India,Upstream,12504.0,995275.0
2026-06-04,AST-004,5.03,Corrective,Planned,China,Upstream,23498.0,1735197.0
2026-06-04,AST-005,4.9,Corrective,Planned,China,Integrated Gas,27956.0,2255254.0
2026-06-04,AST-008,7.13,Turnaround,Unplanned,North America,Upstream,37562.0,3400494.0
2026-06-04,AST-017,4.45,Corrective,Planned,Middle East,Chemicals & Products,23490.0,1817859.0
2026-06-04,AST-024,1.62,Corrective,Planned,Africa,Integrated Gas,1453.0,113288.0
2026-06-04,AST-025,22.64,Preventive,Unplanned,North America,Upstream,169743.0,13557607.0
2026-06-04,AST-026,0.77,Corrective,Planned,Middle East,Upstream,4284.0,305649.0
2026-06-04,AST-031,4.21,Corrective,Planned,China,Integrated Gas,10718.0,770594.0
2026-06-04,AST-033,4.13,Preventive,Planned,India,Integrated Gas,9867.0,762433.0
2026-06-04,AST-037,3.04,Preventive,Unplanned,Africa,Upstream,5897.0,413575.0
2026-06-04,AST-040,4.75,Corrective,Unplanned,Middle East,Integrated Gas,10235.0,695115.0
2026-06-04,AST-047,10.95,Turnaround,Unplanned,China,Upstream,45860.0,3302122.0
2026-06-04,AST-050,9.09,Corrective,Planned,North America,Upstream,10521.0,704735.0
2026-06-05,AST-002,3.21,Preventive,Planned,North America,Upstream,7760.0,584302.0
2026-06-05,AST-003,0.63,Preventive,Planned,Middle East,Upstream,3016.0,233703.0
2026-06-05,AST-006,4.71,Preventive,Planned,Africa,Integrated Gas,19657.0,1669126.0
2026-06-05,AST-011,1.13,Corrective,Planned,Middle East,Upstream,1464.0,122791.0
2026-06-05,AST-014,5.54,Preventive,Planned,North America,Upstream,9867.0,844421.0
2026-06-05,AST-016,5.36,Inspection,Planned,North America,Upstream,10120.0,945016.0
2026-06-05,AST-021,2.15,Corrective,Planned,Middle East,Chemicals & Products,11062.0,836064.0
2026-06-05,AST-025,5.61,Preventive,Planned,North America,Upstream,34015.0,2643357.0
2026-06-05,AST-026,10.43,Preventive,Planned,Middle East,Upstream,74393.0,5875275.0
2026-06-05,AST-032,28.81,Corrective,Unplanned,Europe,Upstream,116127.0,8433432.0
2026-06-05,AST-033,9.95,Corrective,Unplanned,India,Integrated Gas,21700.0,1555262.0
2026-06-05,AST-037,4.69,Corrective,Planned,Africa,Upstream,10088.0,724314.0
2026-06-05,AST-039,4.57,Preventive,Unplanned,Europe,Integrated Gas,18616.0,1292448.0
2026-06-05,AST-041,4.31,Corrective,Planned,India,Integrated Gas,14125.5,1140704.5
2026-06-05,AST-049,0.17,Inspection,Planned,North America,Upstream,537.0,45374.0
2026-06-05,AST-050,2.04,Corrective,Planned,North America,Upstream,2550.0,221955.0
2026-06-06,AST-002,3.55,Corrective,Planned,North America,Upstream,8563.0,685959.0
2026-06-06,AST-004,0.53,Inspection,Planned,China,Upstream,1771.0,131915.0
2026-06-06,AST-008,6.72,Corrective,Planned,North America,Upstream,38863.0,3296137.0
2026-06-06,AST-009,8.43,Turnaround,Planned,Europe,Upstream,13795.0,1216767.0
2026-06-06,AST-010,5.35,Corrective,Planned,India,Upstream,4511.0,340275.0
2026-06-06,AST-020,1.39,Inspection,Planned,China,Chemicals & Products,3526.0,243541.0
2026-06-06,AST-021,2.41,Corrective,Planned,Middle East,Chemicals & Products,10857.0,820396.0
2026-06-06,AST-022,3.14,Corrective,Planned,China,Upstream,4851.5,354201.0
2026-06-06,AST-023,14.04,Preventive,Unplanned,Europe,Upstream,18882.0,1616072.0
2026-06-06,AST-024,20.37,Preventive,Unplanned,Africa,Integrated Gas,38066.0,2751423.0
2026-06-06,AST-026,14.87,Turnaround,Unplanned,Middle East,Upstream,91619.0,6715001.0
2026-06-06,AST-028,5.18,Preventive,Planned,North America,Integrated Gas,6138.5,484820.0
2026-06-06,AST-031,19.26,Preventive,Unplanned,China,Integrated Gas,98767.0,7359032.0
2026-06-06,AST-032,4.14,Preventive,Planned,Europe,Upstream,15289.0,1296494.0
2026-06-06,AST-033,4.35,Preventive,Planned,India,Integrated Gas,9514.0,781866.0
2026-06-06,AST-035,8.77,Preventive,Planned,Africa,Upstream,24740.0,1921762.5
2026-06-06,AST-036,12.06,Corrective,Planned,India,Integrated Gas,42841.0,3072112.0
2026-06-07,AST-003,2.75,Corrective,Planned,Middle East,Upstream,6263.5,538977.5
2026-06-07,AST-007,2.97,Turnaround,Planned,India,Chemicals & Products,10444.0,876936.0
2026-06-07,AST-008,6.66,Preventive,Planned,North America,Upstream,32649.0,2896330.0
2026-06-07,AST-011,3.68,Inspection,Planned,Middle East,Upstream,5621.0,486509.0
2026-06-07,AST-012,3.3,Preventive,Planned,Africa,Upstream,15315.0,1385454.0
2026-06-07,AST-013,9.29,Preventive,Unplanned,North America,Upstream,30085.0,2236873.0
2026-06-07,AST-018,11.59,Preventive,Unplanned,India,Integrated Gas,39997.0,3209934.0
2026-06-07,AST-019,2.08,Corrective,Planned,Africa,Upstream,5522.0,484058.0
2026-06-07,AST-024,3.64,Inspection,Planned,Africa,Integrated Gas,5547.0,384067.0
2026-06-07,AST-026,1.63,Preventive,Planned,Middle East,Upstream,10066.0,727866.0
2026-06-07,AST-030,8.45,Preventive,Planned,China,Integrated Gas,44462.0,3639704.0
2026-06-07,AST-034,3.62,Preventive,Planned,Middle East,Upstream,5538.0,413129.0
2026-06-07,AST-040,5.1,Corrective,Planned,Middle East,Integrated Gas,11337.0,1006587.0
2026-06-07,AST-049,4.55,Preventive,Planned,North America,Upstream,14313.0,1258008.0
2026-06-07,AST-050,3.93,Inspection,Planned,North America,Upstream,4716.0,332165.0
2026-06-08,AST-001,4.18,Inspection,Planned,India,Upstream,9185.0,720927.0
2026-06-08,AST-008,3.99,Preventive,Planned,North America,Upstream,25558.0,2277336.0
2026-06-08,AST-016,4.64,Corrective,Planned,North America,Upstream,3867.0,296181.5
2026-06-08,AST-027,1.49,Preventive,Planned,China,Upstream,7856.0,603160.0
2026-06-08,AST-028,6.46,Preventive,Planned,North America,Integrated Gas,14916.0,1101788.0
2026-06-08,AST-031,8.68,Corrective,Planned,China,Integrated Gas,20903.0,1570572.5
2026-06-08,AST-036,3.39,Inspection,Planned,India,Integrated Gas,5463.5,417819.5
2026-06-08,AST-042,0.36,Corrective,Planned,North America,Integrated Gas,1792.0,154285.0
2026-06-08,AST-043,2.2,Preventive,Planned,North America,Upstream,11472.0,923871.0
2026-06-08,AST-045,2.19,Turnaround,Planned,India,Upstream,7772.0,627210.0
2026-06-08,AST-046,0.86,Preventive,Planned,Africa,Upstream,3805.0,280999.0
2026-06-08,AST-047,2.59,Preventive,Planned,China,Upstream,12390.0,1033636.0
2026-06-08,AST-048,17.06,Corrective,Unplanned,Africa,Chemicals & Products,22640.0,1847965.0
2026-06-08,AST-049,10.89,Preventive,Planned,North America,Upstream,41965.0,2955617.0
2026-06-09,AST-002,3.75,Corrective,Planned,North America,Upstream,10019.0,855348.0
2026-06-09,AST-003,4.68,Inspection,Planned,Middle East,Upstream,22644.0,1705674.0
2026-06-09,AST-015,1.14,Preventive,Planned,North America,Integrated Gas,4022.0,336277.0
2026-06-09,AST-023,2.89,Turnaround,Planned,Europe,Upstream,3518.0,285707.0
2026-06-09,AST-024,0.73,Turnaround,Planned,Africa,Integrated Gas,1321.0,93672.0
2026-06-09,AST-028,8.43,Preventive,Unplanned,North America,Integrated Gas,23594.0,1671195.0
2026-06-09,AST-029,4.54,Preventive,Planned,Middle East,Integrated Gas,30432.0,2449458.0
2026-06-09,AST-030,26.42,Inspection,Planned,China,Integrated Gas,65438.0,4456929.0
2026-06-09,AST-043,3.44,Preventive,Planned,North America,Upstream,18532.0,1235953.0
2026-06-09,AST-045,5.33,Corrective,Planned,India,Upstream,13915.5,1102262.0
2026-06-09,AST-047,7.05,Preventive,Planned,China,Upstream,16216.5,1073321.5
2026-06-09,AST-048,3.03,Inspection,Planned,Africa,Chemicals & Products,4362.0,360642.0
2026-06-10,AST-004,0.55,Inspection,Planned,China,Upstream,1888.0,153770.0
2026-06-10,AST-006,2.45,Inspection,Planned,Africa,Integrated Gas,12368.0,805699.0
2026-06-10,AST-015,8.05,Corrective,Planned,North America,Integrated Gas,14603.5,1195505.0
2026-06-10,AST-016,0.59,Preventive,Planned,North America,Upstream,1135.0,97986.0
2026-06-10,AST-020,0.46,Preventive,Planned,China,Chemicals & Products,1279.0,93403.0
2026-06-10,AST-021,6.35,Inspection,Planned,Middle East,Chemicals & Products,24819.0,2012470.0
2026-06-10,AST-027,11.27,Preventive,Unplanned,China,Upstream,59872.0,5012095.0
2026-06-10,AST-029,0.18,Preventive,Planned,Middle East,Integrated Gas,1296.0,108064.0
2026-06-10,AST-033,2.56,Corrective,Unplanned,India,Integrated Gas,7154.0,515564.0
2026-06-10,AST-041,5.85,Inspection,Planned,India,Integrated Gas,36137.0,3162745.0
2026-06-10,AST-043,0.22,Corrective,Planned,North America,Upstream,1356.0,109247.0
2026-06-10,AST-045,2.58,Inspection,Planned,India,Upstream,12838.0,918938.0
2026-06-10,AST-047,52.23,Corrective,Unplanned,China,Upstream,79635.0,5934592.0
2026-06-11,AST-002,4.15,Preventive,Planned,North America,Upstream,10465.0,824188.0
2026-06-11,AST-004,13.74,Corrective,Planned,China,Upstream,26853.5,1719353.0
2026-06-11,AST-005,5.83,Inspection,Planned,China,Integrated Gas,37318.0,2546287.0
2026-06-11,AST-008,0.51,Turnaround,Planned,North America,Upstream,2960.0,229366.0
2026-06-11,AST-013,1.72,Turnaround,Planned,North America,Upstream,6810.0,557851.0
2026-06-11,AST-023,3.98,Inspection,Planned,Europe,Upstream,5538.0,414116.0
2026-06-11,AST-027,9.41,Corrective,Planned,China,Upstream,27884.0,2316787.5
2026-06-11,AST-028,15.86,Corrective,Unplanned,North America,Integrated Gas,35949.0,2916826.0
2026-06-11,AST-029,4.64,Corrective,Planned,Middle East,Integrated Gas,30622.0,2177877.0
2026-06-11,AST-036,3.72,Corrective,Planned,India,Integrated Gas,13010.0,959445.0
2026-06-11,AST-042,4.19,Inspection,Planned,North America,Integrated Gas,23266.0,1778277.0
2026-06-11,AST-046,3.52,Corrective,Planned,Africa,Upstream,18361.0,1221977.0
2026-06-11,AST-050,1.29,Inspection,Planned,North America,Upstream,1485.0,115552.0
2026-06-12,AST-002,4.73,Corrective,Planned,North America,Upstream,10397.0,890047.0
2026-06-12,AST-003,23.59,Preventive,Unplanned,Middle East,Upstream,126166.0,10918630.0
2026-06-12,AST-009,3.11,Preventive,Planned,Europe,Upstream,5887.0,492371.0
2026-06-12,AST-021,0.57,Corrective,Planned,Middle East,Chemicals & Products,2171.0,173577.0
2026-06-12,AST-022,1.3,Preventive,Planned,China,Upstream,3080.0,238527.0
2026-06-12,AST-024,4.86,Corrective,Planned,Africa,Integrated Gas,6746.0,509482.0
2026-06-12,AST-031,2.76,Corrective,Planned,China,Integrated Gas,15418.0,1094131.0
2026-06-12,AST-038,6.52,Preventive,Planned,North America,Integrated Gas,17178.0,1390204.0
2026-06-12,AST-047,1.31,Turnaround,Planned,China,Upstream,5965.0,491245.0
2026-06-12,AST-050,11.6,Preventive,Unplanned,North America,Upstream,14407.0,1258510.0
2026-06-13,AST-006,2.84,Preventive,Planned,Africa,Integrated Gas,13873.0,1221306.0
2026-06-13,AST-011,4.69,Preventive,Planned,Middle East,Upstream,6941.0,473327.0
2026-06-13,AST-014,1.58,Preventive,Planned,North America,Upstream,3004.0,233657.0
2026-06-13,AST-015,8.41,Turnaround,Unplanned,North America,Integrated Gas,34693.0,2452366.0
2026-06-13,AST-017,2.68,Preventive,Planned,Middle East,Chemicals & Products,13587.0,1119797.0
2026-06-13,AST-018,3.77,Preventive,Planned,India,Integrated Gas,6323.0,452869.5
2026-06-13,AST-020,9.87,Corrective,Unplanned,China,Chemicals & Products,29178.0,2231646.0
2026-06-13,AST-029,24.79,Turnaround,Unplanned,Middle East,Integrated Gas,167634.0,12150612.0
2026-06-13,AST-034,2.93,Corrective,Planned,Middle East,Upstream,4788.0,400139.0
2026-06-13,AST-035,4.11,Corrective,Planned,Africa,Upstream,29208.0,2031178.0
2026-06-13,AST-037,20.93,Inspection,Planned,Africa,Upstream,23018.5,1848357.5
2026-06-13,AST-038,50.22,Preventive,Planned,North America,Integrated Gas,44582.67,3597399.0
2026-06-13,AST-043,8.81,Corrective,Unplanned,North America,Upstream,37292.0,2552760.0
2026-06-13,AST-045,6.5,Corrective,Planned,India,Upstream,32245.0,2487167.0
2026-06-13,AST-047,1.36,Turnaround,Planned,China,Upstream,5754.0,456880.0
2026-06-14,AST-001,9.9,Preventive,Planned,India,Upstream,23799.0,2040509.0
2026-06-14,AST-002,5.21,Preventive,Planned,North America,Upstream,6689.0,476692.5
2026-06-14,AST-004,0.95,Preventive,Planned,China,Upstream,3672.0,254939.0
2026-06-14,AST-014,6.53,Preventive,Planned,North America,Upstream,9981.0,784577.0
2026-06-14,AST-018,2.19,Preventive,Planned,India,Integrated Gas,7142.0,525914.0
2026-06-14,AST-019,2.32,Corrective,Planned,Africa,Upstream,7019.0,561264.0
2026-06-14,AST-024,16.95,Corrective,Planned,Africa,Integrated Gas,13975.5,944067.0
2026-06-14,AST-027,12.09,Preventive,Planned,China,Upstream,32589.5,2433010.5
2026-06-14,AST-030,10.4,Preventive,Planned,China,Integrated Gas,26513.0,1837001.0
2026-06-14,AST-034,7.29,Preventive,Unplanned,Middle East,Upstream,10297.0,705861.0
2026-06-14,AST-041,10.57,Turnaround,Planned,India,Integrated Gas,64000.0,4530065.0
2026-06-14,AST-043,2.3,Preventive,Planned,North America,Upstream,10802.0,909303.0
2026-06-14,AST-044,14.36,Corrective,Planned,China,Upstream,24467.5,1770629.0
2026-06-14,AST-046,6.37,Preventive,Unplanned,Africa,Upstream,29496.0,2531973.0
2026-06-14,AST-048,1.37,Corrective,Planned,Africa,Chemicals & Products,1515.0,112892.0
2026-06-14,AST-050,6.27,Corrective,Planned,North America,Upstream,7405.0,628388.0
2026-06-15,AST-002,7.61,Corrective,Unplanned,North America,Upstream,14744.0,1006358.0
2026-06-15,AST-003,4.14,Inspection,Planned,Middle East,Upstream,21236.0,1600923.0
2026-06-15,AST-023,8.66,Inspection,Unplanned,Europe,Upstream,11138.0,876981.0
2026-06-15,AST-025,8.64,Corrective,Planned,North America,Upstream,59934.0,4616713.0
2026-06-15,AST-028,1.87,Preventive,Planned,North America,Integrated Gas,3960.0,317545.0
2026-06-15,AST-030,1.79,Corrective,Planned,China,Integrated Gas,4143.5,337019.0
2026-06-15,AST-039,2.33,Inspection,Planned,Europe,Integrated Gas,9544.0,708405.0
2026-06-15,AST-041,7.43,Preventive,Planned,India,Integrated Gas,40340.0,3041515.0
2026-06-15,AST-045,1.4,Corrective,Planned,India,Upstream,5995.0,470986.0
2026-06-15,AST-047,0.92,Preventive,Planned,China,Upstream,4167.0,328453.0
2026-06-15,AST-050,4.97,Preventive,Planned,North America,Upstream,5868.0,476522.0
2026-06-16,AST-005,3.01,Inspection,Planned,China,Integrated Gas,16067.0,1163784.0
2026-06-16,AST-011,4.75,Corrective,Planned,Middle East,Upstream,8157.0,774725.0
2026-06-16,AST-013,13.85,Preventive,Planned,North America,Upstream,40600.0,3024165.0
2026-06-16,AST-015,7.69,Inspection,Planned,North America,Integrated Gas,28114.0,2316698.0
2026-06-16,AST-016,6.67,Preventive,Planned,North America,Upstream,12233.0,918636.0
2026-06-16,AST-018,2.89,Inspection,Planned,India,Integrated Gas,10372.0,833224.0
2026-06-16,AST-023,26.14,Preventive,Planned,Europe,Upstream,17610.5,1337510.5
2026-06-16,AST-024,14.81,Preventive,Planned,Africa,Integrated Gas,23958.0,1886241.0
2026-06-16,AST-030,8.62,Corrective,Planned,China,Integrated Gas,44541.0,2924638.0
2026-06-16,AST-037,9.4,Preventive,Planned,Africa,Upstream,20573.0,1611660.0
2026-06-16,AST-039,12.86,Inspection,Unplanned,Europe,Integrated Gas,52760.0,4470816.0
2026-06-16,AST-041,1.87,Inspection,Planned,India,Integrated Gas,11278.0,891060.0
2026-06-17,AST-004,13.48,Corrective,Planned,China,Upstream,55769.0,4073357.0
2026-06-17,AST-017,1.24,Preventive,Unplanned,Middle East,Chemicals & Products,6984.0,538832.0
2026-06-17,AST-018,1.08,Corrective,Planned,India,Integrated Gas,3587.0,274804.0
2026-06-17,AST-019,1.94,Corrective,Planned,Africa,Upstream,6947.0,516994.0
2026-06-17,AST-022,3.01,Preventive,Planned,China,Upstream,7490.0,527018.0
2026-06-17,AST-035,12.53,Preventive,Planned,Africa,Upstream,23435.67,1941992.0
2026-06-17,AST-036,0.99,Preventive,Planned,India,Integrated Gas,3066.0,254842.0
2026-06-17,AST-037,4.02,Preventive,Planned,Africa,Upstream,9182.0,742986.0
2026-06-17,AST-038,5.53,Corrective,Unplanned,North America,Integrated Gas,12500.0,931245.0
2026-06-17,AST-040,46.3,Preventive,Planned,Middle East,Integrated Gas,42962.5,3397170.0
2026-06-17,AST-041,0.48,Corrective,Planned,India,Integrated Gas,2484.0,185255.0
2026-06-17,AST-042,22.81,Inspection,Unplanned,North America,Integrated Gas,99773.0,8097324.0
2026-06-17,AST-043,13.03,Corrective,Planned,North America,Upstream,30298.5,2318156.5
2026-06-17,AST-046,3.96,Preventive,Planned,Africa,Upstream,15460.0,1149583.0
2026-06-17,AST-049,4.31,Preventive,Planned,North America,Upstream,13704.0,1168323.0
2026-06-18,AST-002,18.43,Turnaround,Unplanned,North America,Upstream,46208.0,3774060.0
2026-06-18,AST-017,10.39,Inspection,Unplanned,Middle East,Chemicals & Products,60591.0,4111413.0
2026-06-18,AST-020,4.88,Inspection,Planned,China,Chemicals & Products,11612.0,1067767.0
2026-06-18,AST-024,2.93,Turnaround,Planned,Africa,Integrated Gas,4475.0,359265.0
2026-06-18,AST-027,16.2,Corrective,Unplanned,China,Upstream,97481.0,7485029.0
2026-06-18,AST-033,3.51,Preventive,Planned,India,Integrated Gas,7954.0,689151.0
2026-06-18,AST-036,6.2,Inspection,Unplanned,India,Integrated Gas,23891.0,2090465.0
2026-06-18,AST-038,3.91,Preventive,Planned,North America,Integrated Gas,10008.0,835055.0
2026-06-18,AST-040,3.42,Preventive,Planned,Middle East,Integrated Gas,8160.0,631362.0
2026-06-18,AST-044,8.13,Preventive,Planned,China,Upstream,26488.0,1800226.0
2026-06-18,AST-045,2.9,Corrective,Planned,India,Upstream,15927.0,1282615.0
2026-06-18,AST-046,23.82,Turnaround,Unplanned,Africa,Upstream,99438.0,8320447.0
2026-06-18,AST-047,0.3,Inspection,Planned,China,Upstream,1268.0,96290.0
2026-06-19,AST-004,9.57,Corrective,Planned,China,Upstream,43766.0,3069077.0
2026-06-19,AST-005,2.26,Preventive,Planned,China,Integrated Gas,14507.0,1175190.0
2026-06-19,AST-007,2.42,Corrective,Planned,India,Chemicals & Products,8565.0,757614.0
2026-06-19,AST-017,9.12,Inspection,Planned,Middle East,Chemicals & Products,52341.0,3678058.0
2026-06-19,AST-020,0.7,Preventive,Unplanned,China,Chemicals & Products,2035.0,150453.0
2026-06-19,AST-023,10.61,Corrective,Unplanned,Europe,Upstream,14793.0,956310.0
2026-06-19,AST-024,6.59,Corrective,Planned,Africa,Integrated Gas,9636.0,674650.0
2026-06-19,AST-027,2.34,Inspection,Planned,China,Upstream,11224.0,849366.0
2026-06-19,AST-030,0.88,Preventive,Planned,China,Integrated Gas,4987.0,411300.0
2026-06-19,AST-033,1.74,Turnaround,Planned,India,Integrated Gas,3955.0,309006.0
2026-06-19,AST-034,4.47,Preventive,Planned,Middle East,Upstream,6089.0,441353.0
2026-06-19,AST-041,2.11,Turnaround,Planned,India,Integrated Gas,12282.0,894878.0
2026-06-19,AST-042,0.41,Corrective,Planned,North America,Integrated Gas,1747.0,123290.0
2026-06-19,AST-044,1.1,Preventive,Planned,China,Upstream,3282.0,218489.0
2026-06-19,AST-045,0.8,Corrective,Planned,India,Upstream,3044.0,206144.0
2026-06-19,AST-049,1.87,Inspection,Planned,North America,Upstream,6919.0,648160.0
2026-06-19,AST-050,3.06,Corrective,Planned,North America,Upstream,3405.0,264881.0
2026-06-20,AST-001,3.96,Inspection,Planned,India,Upstream,9783.0,746331.0
2026-06-20,AST-009,0.37,Corrective,Planned,Europe,Upstream,713.0,49078.0
2026-06-20,AST-011,7.64,Corrective,Planned,Middle East,Upstream,4749.0,379086.0
2026-06-20,AST-017,3.13,Turnaround,Planned,Middle East,Chemicals & Products,16386.0,1357239.0
2026-06-20,AST-018,23.06,Inspection,Unplanned,India,Integrated Gas,40142.5,2940105.5
2026-06-20,AST-019,5.28,Preventive,Planned,Africa,Upstream,15711.0,1105117.0
2026-06-20,AST-023,3.77,Corrective,Planned,Europe,Upstream,5344.0,356972.0
2026-06-20,AST-027,3.68,Inspection,Planned,China,Upstream,20399.0,1660187.0
2026-06-20,AST-028,1.34,Corrective,Planned,North America,Integrated Gas,3411.0,271320.0
2026-06-20,AST-033,4.84,Preventive,Planned,India,Integrated Gas,10650.0,888831.0
2026-06-20,AST-040,8.21,Preventive,Planned,Middle East,Integrated Gas,8906.0,761236.5
2026-06-20,AST-045,1.82,Corrective,Planned,India,Upstream,9039.0,778459.0
2026-06-20,AST-048,1.92,Preventive,Planned,Africa,Chemicals & Products,3187.0,233821.0
2026-06-21,AST-009,10.2,Preventive,Unplanned,Europe,Upstream,17493.0,1485725.0
2026-06-21,AST-011,2.08,Corrective,Planned,Middle East,Upstream,2739.0,188878.0
2026-06-21,AST-014,8.12,Corrective,Planned,North America,Upstream,14007.0,1044652.0
2026-06-21,AST-016,2.69,Corrective,Planned,North America,Upstream,5867.0,439008.0
2026-06-21,AST-022,6.87,Preventive,Planned,China,Upstream,21694.0,1355072.0
2026-06-21,AST-025,8.9,Inspection,Planned,North America,Upstream,47388.0,4002206.0
2026-06-21,AST-028,9.68,Preventive,Planned,North America,Integrated Gas,23358.0,1761737.0
2026-06-21,AST-030,0.94,Corrective,Planned,China,Integrated Gas,5538.0,402143.0
2026-06-21,AST-031,5.24,Preventive,Planned,China,Integrated Gas,29733.0,2326938.0
2026-06-21,AST-033,24.42,Preventive,Planned,India,Integrated Gas,32292.0,2723445.5
2026-06-21,AST-038,2.33,Preventive,Planned,North America,Integrated Gas,6569.0,524478.0
2026-06-21,AST-039,4.88,Inspection,Planned,Europe,Integrated Gas,10118.5,756233.5
2026-06-21,AST-040,7.23,Corrective,Planned,Middle East,Integrated Gas,15546.0,1260883.0
2026-06-21,AST-041,6.7,Corrective,Planned,India,Integrated Gas,19714.0,1434373.5
2026-06-21,AST-047,21.07,Preventive,Unplanned,China,Upstream,97707.0,8408164.0
2026-06-22,AST-003,15.84,Inspection,Unplanned,Middle East,Upstream,34046.0,2520014.0
2026-06-22,AST-005,18.55,Preventive,Unplanned,China,Integrated Gas,105941.0,7129145.0
2026-06-22,AST-008,0.6,Preventive,Planned,North America,Upstream,3776.0,266787.0
2026-06-22,AST-021,0.45,Corrective,Planned,Middle East,Chemicals & Products,2065.0,153471.0
2026-06-22,AST-037,3.24,Corrective,Planned,Africa,Upstream,7056.0,576644.0
2026-06-22,AST-038,1.81,Preventive,Planned,North America,Integrated Gas,5137.0,453681.0
2026-06-22,AST-039,9.82,Preventive,Unplanned,Europe,Integrated Gas,36068.0,2972976.0
2026-06-22,AST-040,7.67,Preventive,Planned,Middle East,Integrated Gas,15025.0,996531.0
2026-06-22,AST-041,2.07,Preventive,Planned,India,Integrated Gas,12755.0,826420.0
2026-06-22,AST-043,6.21,Corrective,Planned,North America,Upstream,33958.0,2422890.0
2026-06-22,AST-045,6.54,Inspection,Planned,India,Upstream,15750.0,1180888.0
2026-06-22,AST-046,8.87,Corrective,Planned,Africa,Upstream,40861.0,3107085.0
2026-06-22,AST-050,7.05,Inspection,Planned,North America,Upstream,7033.0,478478.0
2026-06-23,AST-002,0.8,Inspection,Planned,North America,Upstream,1990.0,132763.0
2026-06-23,AST-005,8.66,Inspection,Planned,China,Integrated Gas,53466.0,4062507.0
2026-06-23,AST-007,2.55,Corrective,Planned,India,Chemicals & Products,7228.0,509597.0
2026-06-23,AST-008,5.69,Preventive,Planned,North America,Upstream,31226.0,2189175.0
2026-06-23,AST-010,1.34,Preventive,Planned,India,Upstream,1353.0,91395.0
2026-06-23,AST-014,2.74,Preventive,Planned,North America,Upstream,4556.0,360637.0
2026-06-23,AST-018,4.81,Preventive,Planned,India,Integrated Gas,14100.0,992755.0
2026-06-23,AST-021,5.97,Preventive,Planned,Middle East,Chemicals & Products,13901.5,1090993.0
2026-06-23,AST-022,2.27,Preventive,Planned,China,Upstream,8291.0,667368.0
2026-06-23,AST-029,3.82,Preventive,Planned,Middle East,Integrated Gas,26956.0,2050337.0
2026-06-23,AST-031,2.82,Preventive,Planned,China,Integrated Gas,14113.0,1057529.0
2026-06-23,AST-036,12.07,Inspection,Unplanned,India,Integrated Gas,47726.0,4167829.0
2026-06-23,AST-037,6.95,Preventive,Planned,Africa,Upstream,7398.5,507541.0
2026-06-23,AST-043,4.13,Inspection,Planned,North America,Upstream,26406.0,1804348.0
2026-06-23,AST-048,17.06,Corrective,Unplanned,Africa,Chemicals & Products,23142.0,1722741.0
2026-06-24,AST-001,19.31,Corrective,Planned,India,Upstream,26178.5,1942448.0
2026-06-24,AST-013,4.35,Corrective,Planned,North America,Upstream,16884.0,1474485.0
2026-06-24,AST-017,8.89,Turnaround,Planned,Middle East,Chemicals & Products,45385.0,3250602.0
2026-06-24,AST-019,16.86,Preventive,Planned,Africa,Upstream,27854.5,2226647.5
2026-06-24,AST-020,0.83,Preventive,Planned,China,Chemicals & Products,2259.0,156507.0
2026-06-24,AST-022,6.28,Preventive,Planned,China,Upstream,22468.0,1959222.0
2026-06-24,AST-028,5.12,Inspection,Planned,North America,Integrated Gas,13577.0,931281.0
2026-06-24,AST-031,3.89,Preventive,Planned,China,Integrated Gas,20699.0,1791863.0
2026-06-24,AST-034,2.78,Inspection,Planned,Middle East,Upstream,3776.0,281158.0
2026-06-24,AST-038,8.06,Corrective,Planned,North America,Integrated Gas,12351.0,846039.0
2026-06-24,AST-041,7.54,Turnaround,Planned,India,Integrated Gas,46330.0,3597556.0
2026-06-24,AST-050,3.07,Inspection,Planned,North America,Upstream,3477.0,239546.0
2026-06-25,AST-005,2.32,Turnaround,Planned,China,Integrated Gas,12065.0,1009107.0
2026-06-25,AST-006,3.92,Preventive,Unplanned,Africa,Integrated Gas,18517.0,1390737.0
2026-06-25,AST-008,19.79,Corrective,Planned,North America,Upstream,53099.0,3930691.5
2026-06-25,AST-010,7.58,Preventive,Unplanned,India,Upstream,9025.0,756309.0
2026-06-25,AST-012,2.73,Corrective,Planned,Africa,Upstream,6349.0,481540.5
2026-06-25,AST-015,3.79,Preventive,Planned,North America,Integrated Gas,17464.0,1312593.0
2026-06-25,AST-021,4.94,Preventive,Planned,Middle East,Chemicals & Products,20588.0,1911393.0
2026-06-25,AST-026,8.58,Inspection,Planned,Middle East,Upstream,48468.0,4034270.0
2026-06-25,AST-028,2.33,Preventive,Planned,North America,Integrated Gas,5617.0,393966.0
2026-06-25,AST-036,9.37,Corrective,Planned,India,Integrated Gas,16385.5,1193859.5
2026-06-25,AST-038,6.45,Inspection,Planned,North America,Integrated Gas,16024.0,1213590.0
2026-06-25,AST-046,31.99,Turnaround,Unplanned,Africa,Upstream,110632.0,8999035.0
2026-06-25,AST-047,1.37,Corrective,Planned,China,Upstream,6926.0,550922.0
2026-06-26,AST-001,1.02,Preventive,Planned,India,Upstream,2826.0,208726.0
2026-06-26,AST-006,11.34,Preventive,Unplanned,Africa,Integrated Gas,51484.0,4102872.0
2026-06-26,AST-018,6.01,Corrective,Planned,India,Integrated Gas,19127.0,1507916.0
2026-06-26,AST-025,2.67,Preventive,Planned,North America,Upstream,19966.0,1655177.0
2026-06-26,AST-026,6.51,Corrective,Planned,Middle East,Upstream,20892.5,1737479.0
2026-06-26,AST-028,3.06,Corrective,Planned,North America,Integrated Gas,7449.0,511267.0
2026-06-26,AST-031,4.45,Preventive,Planned,China,Integrated Gas,23457.0,1692278.0
2026-06-26,AST-035,7.94,Inspection,Unplanned,Africa,Upstream,46805.0,3908070.0
2026-06-26,AST-036,3.62,Inspection,Unplanned,India,Integrated Gas,10889.0,848499.0
2026-06-26,AST-042,2.33,Preventive,Planned,North America,Integrated Gas,10858.0,812463.0
2026-06-26,AST-044,3.26,Corrective,Planned,China,Upstream,10330.0,792701.0
2026-06-27,AST-004,30.5,Inspection,Planned,China,Upstream,39156.33,2914182.67
2026-06-27,AST-007,7.84,Inspection,Planned,India,Chemicals & Products,29005.0,2168009.0
2026-06-27,AST-009,5.55,Inspection,Planned,Europe,Upstream,10424.0,758580.0
2026-06-27,AST-012,3.38,Inspection,Planned,Africa,Upstream,15898.0,1042876.0
2026-06-27,AST-023,12.61,Preventive,Planned,Europe,Upstream,17227.0,1190045.0
2026-06-27,AST-027,4.97,Preventive,Unplanned,China,Upstream,25936.0,2197891.0
2026-06-27,AST-028,3.72,Preventive,Unplanned,North America,Integrated Gas,8598.0,678347.0
2026-06-27,AST-030,5.38,Corrective,Planned,China,Integrated Gas,27539.0,2116627.0
2026-06-27,AST-032,2.61,Preventive,Planned,Europe,Upstream,8488.0,632545.0
2026-06-27,AST-035,3.71,Corrective,Planned,Africa,Upstream,21986.0,1749629.0
2026-06-27,AST-037,9.16,Corrective,Unplanned,Africa,Upstream,14684.0,1059452.0
2026-06-27,AST-040,1.36,Preventive,Planned,Middle East,Integrated Gas,2378.0,194703.0
2026-06-27,AST-042,2.35,Corrective,Planned,North America,Integrated Gas,14370.0,1069289.0
2026-06-27,AST-043,3.06,Corrective,Planned,North America,Upstream,14964.0,1220326.0
2026-06-27,AST-044,0.33,Corrective,Planned,China,Upstream,1219.0,100959.0
2026-06-27,AST-046,8.45,Corrective,Planned,Africa,Upstream,33191.0,2478458.0
2026-06-27,AST-050,3.08,Turnaround,Planned,North America,Upstream,3903.0,289296.0
2026-06-28,AST-003,4.01,Preventive,Planned,Middle East,Upstream,18072.0,1224604.0
2026-06-28,AST-006,3.42,Preventive,Planned,Africa,Integrated Gas,19074.0,1489150.0
2026-06-28,AST-011,6.99,Preventive,Unplanned,Middle East,Upstream,8801.0,662025.0
2026-06-28,AST-017,4.12,Preventive,Unplanned,Middle East,Chemicals & Products,19512.0,1400657.0
2026-06-28,AST-025,24.45,Preventive,Unplanned,North America,Upstream,171635.0,14796339.0
2026-06-28,AST-027,4.83,Corrective,Planned,China,Upstream,19648.0,1611644.0
2026-06-28,AST-031,2.85,Preventive,Planned,China,Integrated Gas,6425.5,475213.0
2026-06-28,AST-033,1.57,Corrective,Planned,India,Integrated Gas,3891.0,311043.0
2026-06-28,AST-035,4.02,Corrective,Planned,Africa,Upstream,21645.0,1726118.0
2026-06-28,AST-038,16.18,Preventive,Unplanned,North America,Integrated Gas,49873.0,3429943.0
2026-06-28,AST-040,12.4,Turnaround,Unplanned,Middle East,Integrated Gas,21102.0,1749977.0
2026-06-28,AST-041,5.64,Preventive,Unplanned,India,Integrated Gas,31971.0,2357527.0
2026-06-29,AST-001,6.8,Preventive,Planned,India,Upstream,19304.0,1661289.0
2026-06-29,AST-002,6.65,Turnaround,Planned,North America,Upstream,17384.0,1397354.0
2026-06-29,AST-006,5.76,Preventive,Unplanned,Africa,Integrated Gas,24918.0,2030379.0
2026-06-29,AST-008,0.76,Preventive,Planned,North America,Upstream,4279.0,327522.0
2026-06-29,AST-010,1.38,Inspection,Planned,India,Upstream,1382.0,96374.0
2026-06-29,AST-013,0.27,Corrective,Planned,North America,Upstream,888.0,76193.0
2026-06-29,AST-019,8.6,Corrective,Planned,Africa,Upstream,29968.0,2000600.0
2026-06-29,AST-029,13.47,Preventive,Unplanned,Middle East,Integrated Gas,88975.0,5919219.0
2026-06-29,AST-033,2.7,Inspection,Planned,India,Integrated Gas,6205.0,504087.0
2026-06-29,AST-034,6.24,Preventive,Planned,Middle East,Upstream,8739.0,672526.0
2026-06-29,AST-040,2.61,Inspection,Planned,Middle East,Integrated Gas,4521.0,318064.0
2026-06-29,AST-041,6.8,Preventive,Planned,India,Integrated Gas,20628.0,1601061.0
2026-06-30,AST-006,11.89,Corrective,Unplanned,Africa,Integrated Gas,51710.0,4607707.0
2026-06-30,AST-010,2.37,Preventive,Planned,India,Upstream,2140.0,148222.0
2026-06-30,AST-012,8.4,Preventive,Unplanned,Africa,Upstream,37559.0,2936914.0
2026-06-30,AST-016,2.44,Preventive,Planned,North America,Upstream,4015.0,326210.0
2026-06-30,AST-022,1.53,Preventive,Planned,China,Upstream,4773.0,338885.0
2026-06-30,AST-024,9.63,Corrective,Planned,Africa,Integrated Gas,7501.0,622161.5
2026-06-30,AST-026,18.12,Inspection,Planned,Middle East,Upstream,59165.0,4276186.5
2026-06-30,AST-027,23.42,Corrective,Unplanned,China,Upstream,119961.0,7214176.0
2026-06-30,AST-028,10.67,Preventive,Unplanned,North America,Integrated Gas,23615.0,1919211.0
2026-06-30,AST-031,2.83,Corrective,Planned,China,Integrated Gas,13336.0,1003436.0
2026-06-30,AST-032,5.16,Corrective,Planned,Europe,Upstream,15870.0,1087069.0
2026-06-30,AST-035,17.84,Corrective,Planned,Africa,Upstream,93846.0,6383030.0
2026-06-30,AST-037,9.02,Preventive,Planned,Africa,Upstream,9688.5,701689.5
2026-06-30,AST-039,21.4,Turnaround,Unplanned,Europe,Integrated Gas,89592.0,7535398.0
2026-06-30,AST-040,10.19,Corrective,Planned,Middle East,Integrated Gas,20406.0,1782073.0
2026-06-30,AST-044,12.83,Preventive,Unplanned,China,Upstream,44028.0,3832271.0
2026-06-30,AST-048,1.54,Corrective,Planned,Africa,Chemicals & Products,1950.0,145681.0
2026-06-30,AST-049,6.71,Inspection,Planned,North America,Upstream,26280.0,2140921.0
2026-07-01,AST-004,8.83,Turnaround,Planned,China,Upstream,41767.0,2757220.0
2026-07-01,AST-005,0.8,Corrective,Planned,China,Integrated Gas,4406.0,338493.0
2026-07-01,AST-007,15.22,Inspection,Unplanned,India,Chemicals & Products,48840.0,4019539.0
2026-07-01,AST-008,7.23,Corrective,Unplanned,North America,Upstream,44883.0,3556984.0
2026-07-01,AST-010,8.06,Corrective,Planned,India,Upstream,8900.0,796306.0
2026-07-01,AST-011,6.2,Preventive,Planned,Middle East,Upstream,7581.0,567225.0
2026-07-01,AST-013,0.66,Preventive,Planned,North America,Upstream,2441.0,174931.0
2026-07-01,AST-017,5.77,Corrective,Planned,Middle East,Chemicals & Products,15275.5,1084358.0
2026-07-01,AST-022,6.93,Inspection,Planned,China,Upstream,24529.0,1829908.0
2026-07-01,AST-023,3.1,Inspection,Planned,Europe,Upstream,4828.0,418973.0
2026-07-01,AST-027,3.74,Preventive,Planned,China,Upstream,14791.0,1021129.0
2026-07-01,AST-033,4.67,Preventive,Planned,India,Integrated Gas,4503.5,354911.5
2026-07-01,AST-036,3.68,Preventive,Planned,India,Integrated Gas,11807.0,934710.0
2026-07-01,AST-039,9.61,Preventive,Planned,Europe,Integrated Gas,19896.5,1491037.0
2026-07-01,AST-044,3.05,Preventive,Planned,China,Upstream,10709.0,754671.0
2026-07-02,AST-002,4.77,Inspection,Planned,North America,Upstream,13468.0,1021167.0
2026-07-02,AST-003,2.8,Preventive,Planned,Middle East,Upstream,12390.0,790321.0
2026-07-02,AST-005,1.23,Corrective,Planned,China,Integrated Gas,7203.0,553991.0
2026-07-02,AST-007,1.02,Corrective,Planned,India,Chemicals & Products,3016.0,193952.0
2026-07-02,AST-013,3.43,Corrective,Planned,North America,Upstream,6954.0,621346.0
2026-07-02,AST-018,5.23,Preventive,Unplanned,India,Integrated Gas,20020.0,1393451.0
2026-07-02,AST-024,4.33,Preventive,Planned,Africa,Integrated Gas,6179.0,551985.0
2026-07-02,AST-027,5.68,Preventive,Planned,China,Upstream,27610.0,2306445.0
2026-07-02,AST-031,1.11,Preventive,Planned,China,Integrated Gas,5096.0,346782.0
2026-07-02,AST-033,9.92,Preventive,Planned,India,Integrated Gas,20867.0,1716530.0
2026-07-02,AST-037,4.37,Preventive,Planned,Africa,Upstream,9040.0,711713.0
2026-07-02,AST-043,12.63,Corrective,Planned,North America,Upstream,32860.5,2315054.5
2026-07-02,AST-050,5.22,Inspection,Planned,North America,Upstream,2902.5,201816.5
2026-07-03,AST-001,5.55,Preventive,Unplanned,India,Upstream,13160.0,920270.0
2026-07-03,AST-002,8.08,Preventive,Planned,North America,Upstream,9850.0,720804.0
2026-07-03,AST-005,13.54,Preventive,Unplanned,China,Integrated Gas,32493.0,2417036.0
2026-07-03,AST-015,6.44,Preventive,Planned,North America,Integrated Gas,21117.0,1503957.0
2026-07-03,AST-021,18.43,Inspection,Unplanned,Middle East,Chemicals & Products,65863.0,5039717.0
2026-07-03,AST-029,0.5,Preventive,Planned,Middle East,Integrated Gas,3124.0,241350.0
2026-07-03,AST-031,3.18,Corrective,Planned,China,Integrated Gas,17482.0,1436710.0
2026-07-03,AST-034,0.61,Corrective,Planned,Middle East,Upstream,924.0,69980.0
2026-07-03,AST-035,2.12,Preventive,Planned,Africa,Upstream,12216.0,881522.0
2026-07-03,AST-038,6.29,Corrective,Planned,North America,Integrated Gas,9354.5,682320.5
2026-07-03,AST-041,1.04,Preventive,Planned,India,Integrated Gas,4972.0,380670.0
2026-07-03,AST-043,2.69,Corrective,Planned,North America,Upstream,13127.0,923924.0
2026-07-03,AST-050,0.1,Preventive,Planned,North America,Upstream,121.0,9904.0
2026-07-04,AST-001,16.62,Corrective,Planned,India,Upstream,20548.0,1660770.0
2026-07-04,AST-005,19.77,Corrective,Planned,China,Integrated Gas,60919.5,4332097.0
2026-07-04,AST-006,3.25,Corrective,Planned,Africa,Integrated Gas,16766.0,1228822.0
2026-07-04,AST-007,1.48,Corrective,Planned,India,Chemicals & Products,4069.0,280078.0
2026-07-04,AST-009,5.67,Corrective,Planned,Europe,Upstream,11006.0,906587.0
2026-07-04,AST-018,1.64,Corrective,Planned,India,Integrated Gas,5612.0,376621.0
2026-07-04,AST-023,6.13,Preventive,Planned,Europe,Upstream,8379.0,705249.0
2026-07-04,AST-026,3.65,Preventive,Unplanned,Middle East,Upstream,23373.0,1536030.0
2026-07-04,AST-029,0.39,Corrective,Planned,Middle East,Integrated Gas,2857.0,198019.0
2026-07-04,AST-031,3.68,Preventive,Planned,China,Integrated Gas,19244.0,1452891.0
2026-07-04,AST-036,7.57,Preventive,Planned,India,Integrated Gas,24814.0,1833872.0
2026-07-04,AST-038,6.08,Preventive,Planned,North America,Integrated Gas,15265.0,1280001.0
2026-07-04,AST-039,4.86,Preventive,Planned,Europe,Integrated Gas,19363.0,1538167.0
2026-07-04,AST-040,19.43,Preventive,Unplanned,Middle East,Integrated Gas,34287.0,2313412.0
2026-07-04,AST-041,3.15,Preventive,Planned,India,Integrated Gas,19004.0,1537088.0
2026-07-04,AST-042,11.15,Inspection,Planned,North America,Integrated Gas,62730.0,4734159.0
2026-07-04,AST-044,3.24,Inspection,Planned,China,Upstream,13602.0,1062586.0
2026-07-04,AST-047,6.49,Corrective,Planned,China,Upstream,15384.5,1141538.5
2026-07-05,AST-001,6.75,Corrective,Planned,India,Upstream,19448.0,1336858.0
2026-07-05,AST-003,5.09,Preventive,Unplanned,Middle East,Upstream,24049.0,1857977.0
2026-07-05,AST-005,3.77,Corrective,Planned,China,Integrated Gas,19170.0,1421565.0
2026-07-05,AST-008,3.81,Preventive,Planned,North America,Upstream,21871.0,1823067.0
2026-07-05,AST-009,6.8,Inspection,Planned,Europe,Upstream,14332.0,1282981.0
2026-07-05,AST-011,14.81,Corrective,Unplanned,Middle East,Upstream,9675.5,808203.5
2026-07-05,AST-016,6.33,Corrective,Planned,North America,Upstream,11312.0,928600.0
2026-07-05,AST-017,6.02,Inspection,Planned,Middle East,Chemicals & Products,29071.0,2062907.0
2026-07-05,AST-031,4.9,Corrective,Planned,China,Integrated Gas,13253.0,908318.5
2026-07-05,AST-033,1.9,Preventive,Planned,India,Integrated Gas,4576.0,342908.0
2026-07-05,AST-044,2.58,Turnaround,Planned,China,Upstream,9844.0,781310.0
2026-07-06,AST-002,4.43,Inspection,Planned,North America,Upstream,12313.0,872126.0
2026-07-06,AST-009,1.79,Preventive,Planned,Europe,Upstream,2835.0,193115.0
2026-07-06,AST-010,11.14,Preventive,Planned,India,Upstream,6742.5,470533.0
2026-07-06,AST-013,6.67,Preventive,Planned,North America,Upstream,20175.0,1487154.0
2026-07-06,AST-016,25.94,Corrective,Unplanned,North America,Upstream,42238.0,3145006.0
2026-07-06,AST-017,2.77,Preventive,Planned,Middle East,Chemicals & Products,14389.0,1221311.0
2026-07-06,AST-018,9.18,Turnaround,Planned,India,Integrated Gas,33228.0,2575102.0
2026-07-06,AST-020,6.94,Inspection,Planned,China,Chemicals & Products,9498.5,762350.0
2026-07-06,AST-021,5.49,Preventive,Planned,Middle East,Chemicals & Products,20287.0,1886691.0
2026-07-06,AST-022,6.21,Preventive,Unplanned,China,Upstream,18486.0,1552715.0
2026-07-06,AST-025,19.89,Preventive,Unplanned,North America,Upstream,144751.0,11393964.0
2026-07-06,AST-030,1.27,Preventive,Planned,China,Integrated Gas,5910.0,397479.0
2026-07-06,AST-031,1.07,Preventive,Planned,China,Integrated Gas,5174.0,357709.0
2026-07-06,AST-038,4.97,Preventive,Planned,North America,Integrated Gas,13611.0,986488.0
2026-07-06,AST-049,4.22,Corrective,Planned,North America,Upstream,12120.0,851478.0
2026-07-07,AST-002,2.72,Preventive,Planned,North America,Upstream,7597.0,526059.0
2026-07-07,AST-010,7.39,Corrective,Planned,India,Upstream,7152.0,631619.0
2026-07-07,AST-015,1.22,Preventive,Planned,North America,Integrated Gas,4189.0,305091.0
2026-07-07,AST-021,4.4,Corrective,Planned,Middle East,Chemicals & Products,19957.0,1691136.0
2026-07-07,AST-023,1.68,Preventive,Planned,Europe,Upstream,2850.0,250740.0
2026-07-07,AST-024,2.33,Preventive,Planned,Africa,Integrated Gas,3882.0,318261.0
2026-07-07,AST-025,5.26,Corrective,Planned,North America,Upstream,34473.0,2875296.0
2026-07-07,AST-030,4.82,Preventive,Unplanned,China,Integrated Gas,24485.0,1724325.0
2026-07-07,AST-031,8.68,Preventive,Planned,China,Integrated Gas,37139.0,2897755.0
2026-07-07,AST-032,3.44,Corrective,Planned,Europe,Upstream,11821.0,849976.0
2026-07-07,AST-036,1.32,Preventive,Planned,India,Integrated Gas,4928.0,412302.0
2026-07-07,AST-038,0.93,Corrective,Planned,North America,Integrated Gas,2223.0,191553.0
2026-07-07,AST-039,12.93,Preventive,Planned,Europe,Integrated Gas,59720.0,5242638.0
2026-07-07,AST-040,2.84,Inspection,Planned,Middle East,Integrated Gas,4913.0,382707.0
2026-07-07,AST-046,0.65,Preventive,Planned,Africa,Upstream,2554.0,178147.0
2026-07-08,AST-001,3.55,Preventive,Planned,India,Upstream,9294.0,754202.0
2026-07-08,AST-004,0.88,Preventive,Planned,China,Upstream,3645.0,271239.0
2026-07-08,AST-011,1.8,Corrective,Planned,Middle East,Upstream,2609.0,209117.0
2026-07-08,AST-017,2.4,Preventive,Unplanned,Middle East,Chemicals & Products,11134.0,869236.0
2026-07-08,AST-019,3.74,Turnaround,Planned,Africa,Upstream,11739.0,833143.0
2026-07-08,AST-026,3.88,Preventive,Planned,Middle East,Upstream,22354.0,1696619.0
2026-07-08,AST-029,26.35,Corrective,Unplanned,Middle East,Integrated Gas,184123.0,14837958.0
2026-07-08,AST-031,1.42,Corrective,Unplanned,China,Integrated Gas,6558.0,554188.0
2026-07-08,AST-032,2.69,Corrective,Planned,Europe,Upstream,11034.0,774569.0
2026-07-08,AST-039,8.76,Preventive,Planned,Europe,Integrated Gas,19104.5,1409875.0
2026-07-08,AST-041,16.16,Inspection,Unplanned,India,Integrated Gas,91210.0,6613188.0
2026-07-08,AST-042,13.99,Corrective,Planned,North America,Integrated Gas,79237.0,6039348.0
2026-07-08,AST-044,6.08,Corrective,Planned,China,Upstream,23947.0,1567980.0
2026-07-08,AST-046,24.85,Inspection,Planned,Africa,Upstream,56443.5,4362140.0
2026-07-08,AST-050,0.85,Corrective,Planned,North America,Upstream,968.0,66619.0
2026-07-09,AST-002,1.79,Preventive,Planned,North America,Upstream,4777.0,354203.0
2026-07-09,AST-004,3.37,Preventive,Planned,China,Upstream,14133.0,1119206.0
2026-07-09,AST-011,6.58,Turnaround,Planned,Middle East,Upstream,8728.0,684694.0
2026-07-09,AST-014,16.44,Corrective,Unplanned,North America,Upstream,31701.0,2335211.0
2026-07-09,AST-016,0.41,Corrective,Planned,North America,Upstream,841.0,66811.0
2026-07-09,AST-019,7.58,Corrective,Planned,Africa,Upstream,9510.0,716593.0
2026-07-09,AST-021,3.52,Preventive,Planned,Middle East,Chemicals & Products,18101.0,1469217.0
2026-07-09,AST-022,11.6,Preventive,Unplanned,China,Upstream,33857.0,2858905.0
2026-07-09,AST-023,3.22,Preventive,Planned,Europe,Upstream,4258.0,333779.0
2026-07-09,AST-024,4.27,Corrective,Planned,Africa,Integrated Gas,6241.0,521285.0
2026-07-09,AST-029,9.8,Corrective,Unplanned,Middle East,Integrated Gas,55740.0,4217862.0
2026-07-09,AST-034,2.64,Preventive,Planned,Middle East,Upstream,4398.0,302503.0
2026-07-09,AST-036,7.34,Preventive,Planned,India,Integrated Gas,25097.0,1712003.0
2026-07-09,AST-046,18.17,Turnaround,Unplanned,Africa,Upstream,68351.0,5048605.0
2026-07-10,AST-007,0.52,Inspection,Planned,India,Chemicals & Products,1817.0,154313.0
2026-07-10,AST-009,0.57,Preventive,Planned,Europe,Upstream,1125.0,87005.0
2026-07-10,AST-010,5.3,Corrective,Planned,India,Upstream,5406.0,390105.0
2026-07-10,AST-013,3.63,Corrective,Planned,North America,Upstream,11306.0,874684.0
2026-07-10,AST-016,38.12,Turnaround,Unplanned,North America,Upstream,62014.0,4290126.0
2026-07-10,AST-020,2.72,Inspection,Planned,China,Chemicals & Products,6244.0,474212.0
2026-07-10,AST-023,22.16,Preventive,Unplanned,Europe,Upstream,29115.0,2176403.0
2026-07-10,AST-026,6.43,Corrective,Planned,Middle East,Upstream,21031.0,1773251.0
2026-07-10,AST-030,2.33,Preventive,Planned,China,Integrated Gas,12222.0,1058855.0
2026-07-10,AST-031,5.49,Preventive,Unplanned,China,Integrated Gas,27245.0,2342997.0
2026-07-10,AST-034,4.01,Inspection,Planned,Middle East,Upstream,6278.0,498665.0
2026-07-10,AST-035,4.25,Turnaround,Planned,Africa,Upstream,25875.0,2079811.0
2026-07-10,AST-041,4.78,Corrective,Planned,India,Integrated Gas,29135.0,2097884.0
2026-07-10,AST-042,11.62,Corrective,Unplanned,North America,Integrated Gas,58351.0,5048952.0
2026-07-10,AST-043,2.43,Corrective,Planned,North America,Upstream,11471.0,843331.0
2026-07-10,AST-046,8.66,Preventive,Planned,Africa,Upstream,15268.0,1115589.5
2026-07-10,AST-049,8.17,Corrective,Unplanned,North America,Upstream,25354.0,1764665.0
2026-07-11,AST-006,3.27,Preventive,Unplanned,Africa,Integrated Gas,14487.0,1241043.0
2026-07-11,AST-008,22.87,Preventive,Unplanned,North America,Upstream,127564.0,10295684.0
2026-07-11,AST-011,8.45,Inspection,Planned,Middle East,Upstream,13412.0,1099877.0
2026-07-11,AST-017,32.29,Inspection,Planned,Middle East,Chemicals & Products,83269.5,6467604.5
2026-07-11,AST-024,2.04,Preventive,Planned,Africa,Integrated Gas,3782.0,262485.0
2026-07-11,AST-027,1.92,Corrective,Planned,China,Upstream,7958.0,515170.0
2026-07-11,AST-031,6.0,Corrective,Planned,China,Integrated Gas,15182.0,1181045.5
2026-07-11,AST-032,5.51,Corrective,Planned,Europe,Upstream,24336.0,1633987.0
2026-07-11,AST-034,3.93,Preventive,Unplanned,Middle East,Upstream,4294.0,325606.0
2026-07-11,AST-037,7.92,Inspection,Planned,Africa,Upstream,15494.0,1180535.0
2026-07-11,AST-038,0.75,Turnaround,Planned,North America,Integrated Gas,2292.0,146388.0
2026-07-11,AST-044,7.84,Preventive,Unplanned,China,Upstream,23718.0,1881748.0
2026-07-11,AST-047,16.14,Corrective,Planned,China,Upstream,39447.0,2714678.5
2026-07-11,AST-050,3.5,Turnaround,Planned,North America,Upstream,3925.0,292630.0
2026-07-12,AST-001,3.0,Preventive,Planned,India,Upstream,6685.0,508200.0
2026-07-12,AST-004,1.44,Corrective,Planned,China,Upstream,6373.0,473393.0
2026-07-12,AST-006,4.28,Preventive,Planned,Africa,Integrated Gas,20384.0,1606492.0
2026-07-12,AST-008,20.67,Inspection,Planned,North America,Upstream,62604.5,4526273.5
2026-07-12,AST-010,10.38,Preventive,Planned,India,Upstream,3331.0,255552.33
2026-07-12,AST-021,9.34,Inspection,Planned,Middle East,Chemicals & Products,44027.0,3484109.0
2026-07-12,AST-023,0.62,Corrective,Planned,Europe,Upstream,996.0,73492.0
2026-07-12,AST-030,0.44,Preventive,Planned,China,Integrated Gas,2234.0,178407.0
2026-07-12,AST-035,6.04,Corrective,Unplanned,Africa,Upstream,31609.0,2750308.0
2026-07-12,AST-042,5.4,Corrective,Planned,North America,Integrated Gas,32178.0,2582266.0
2026-07-12,AST-046,10.81,Corrective,Planned,Africa,Upstream,23059.5,1787356.5
2026-07-12,AST-047,5.68,Inspection,Planned,China,Upstream,20611.0,1353084.0
2026-07-13,AST-015,11.79,Preventive,Unplanned,North America,Integrated Gas,47691.0,3046451.0
2026-07-13,AST-024,4.43,Turnaround,Planned,Africa,Integrated Gas,6826.0,473582.0
2026-07-13,AST-026,0.57,Preventive,Planned,Middle East,Upstream,3675.0,254661.0
2026-07-13,AST-028,1.66,Preventive,Planned,North America,Integrated Gas,4031.0,343682.0
2026-07-13,AST-030,3.94,Preventive,Planned,China,Integrated Gas,21043.0,1481068.0
2026-07-13,AST-032,3.63,Inspection,Unplanned,Europe,Upstream,11981.0,975005.0
2026-07-13,AST-035,7.86,Preventive,Unplanned,Africa,Upstream,59818.0,5069663.0
2026-07-13,AST-036,2.19,Corrective,Planned,India,Integrated Gas,9531.0,716329.0
2026-07-13,AST-037,15.05,Preventive,Planned,Africa,Upstream,37514.0,2608279.0
2026-07-13,AST-043,6.57,Preventive,Planned,North America,Upstream,36777.0,2932187.0
2026-07-13,AST-044,4.37,Corrective,Planned,China,Upstream,14108.0,928503.0
2026-07-13,AST-048,10.91,Corrective,Planned,Africa,Chemicals & Products,7997.5,567835.0
2026-07-13,AST-049,0.71,Corrective,Planned,North America,Upstream,2345.0,195954.0
2026-07-14,AST-001,2.91,Corrective,Planned,India,Upstream,6823.0,602766.0
2026-07-14,AST-003,7.84,Preventive,Planned,Middle East,Upstream,41770.0,2962160.0
2026-07-14,AST-009,1.96,Preventive,Planned,Europe,Upstream,3315.0,261286.0
2026-07-14,AST-011,3.49,Preventive,Planned,Middle East,Upstream,4499.0,312239.0
2026-07-14,AST-012,9.62,Corrective,Unplanned,Africa,Upstream,44187.0,3530123.0
2026-07-14,AST-016,5.64,Preventive,Planned,North America,Upstream,11234.0,927349.0
2026-07-14,AST-019,14.76,Corrective,Planned,Africa,Upstream,22030.5,1571178.0
2026-07-14,AST-022,4.79,Corrective,Planned,China,Upstream,8080.0,614647.5
2026-07-14,AST-023,1.29,Inspection,Planned,Europe,Upstream,1757.0,114615.0
2026-07-14,AST-027,3.25,Preventive,Planned,China,Upstream,18054.0,1184298.0
2026-07-14,AST-029,2.63,Inspection,Planned,Middle East,Integrated Gas,19947.0,1677920.0
2026-07-14,AST-030,0.62,Corrective,Planned,China,Integrated Gas,3035.0,219304.0
2026-07-14,AST-033,2.56,Corrective,Planned,India,Integrated Gas,5156.0,350775.0
2026-07-14,AST-037,1.51,Turnaround,Planned,Africa,Upstream,3008.0,255190.0
2026-07-14,AST-040,7.1,Inspection,Unplanned,Middle East,Integrated Gas,15223.0,1243626.0
2026-07-14,AST-042,1.09,Preventive,Planned,North America,Integrated Gas,5989.0,470459.0
2026-07-14,AST-046,4.73,Turnaround,Planned,Africa,Upstream,18825.0,1284918.0
2026-07-15,AST-001,3.03,Turnaround,Planned,India,Upstream,7266.0,556785.0
2026-07-15,AST-002,8.92,Corrective,Planned,North America,Upstream,25350.0,1702545.0
2026-07-15,AST-010,1.86,Preventive,Planned,India,Upstream,1885.0,139048.0
2026-07-15,AST-011,1.51,Preventive,Planned,Middle East,Upstream,2159.0,159987.0
2026-07-15,AST-012,4.89,Corrective,Planned,Africa,Upstream,21718.0,1618138.0
2026-07-15,AST-013,1.49,Preventive,Planned,North America,Upstream,4909.0,391468.0
2026-07-15,AST-016,13.46,Preventive,Unplanned,North America,Upstream,20790.0,1736219.0
2026-07-15,AST-017,9.35,Preventive,Unplanned,Middle East,Chemicals & Products,46751.0,3847263.0
2026-07-15,AST-018,2.91,Preventive,Planned,India,Integrated Gas,9956.0,742448.0
2026-07-15,AST-022,2.1,Preventive,Planned,China,Upstream,6460.0,512534.0
2026-07-15,AST-023,3.93,Corrective,Planned,Europe,Upstream,4887.0,355134.0
2026-07-15,AST-024,4.23,Preventive,Planned,Africa,Integrated Gas,7915.0,627629.0
2026-07-15,AST-028,7.11,Inspection,Planned,North America,Integrated Gas,17858.0,1584106.0
2026-07-15,AST-032,12.3,Preventive,Planned,Europe,Upstream,14392.67,1088838.33
2026-07-15,AST-033,9.71,Preventive,Unplanned,India,Integrated Gas,23582.0,1993932.0
2026-07-15,AST-035,17.76,Preventive,Unplanned,Africa,Upstream,103756.0,7877353.0
2026-07-16,AST-004,23.8,Corrective,Unplanned,China,Upstream,97123.0,7826960.0
2026-07-16,AST-005,2.02,Inspection,Unplanned,China,Integrated Gas,9951.0,729000.0
2026-07-16,AST-006,6.01,Turnaround,Unplanned,Africa,Integrated Gas,27575.0,2035967.0
2026-07-16,AST-013,31.73,Preventive,Unplanned,North America,Upstream,118582.0,9350824.0
2026-07-16,AST-014,1.03,Turnaround,Planned,North America,Upstream,1820.0,124163.0
2026-07-16,AST-015,2.07,Preventive,Planned,North America,Integrated Gas,8179.0,638554.0
2026-07-16,AST-019,28.64,Inspection,Planned,Africa,Upstream,37408.5,3049062.0
2026-07-16,AST-021,4.34,Corrective,Planned,Middle East,Chemicals & Products,16157.0,1030403.0
2026-07-16,AST-029,5.45,Inspection,Planned,Middle East,Integrated Gas,30532.0,2417983.0
2026-07-16,AST-033,3.0,Turnaround,Planned,India,Integrated Gas,7774.0,643637.0
2026-07-16,AST-035,1.65,Preventive,Planned,Africa,Upstream,10671.0,857065.0
2026-07-16,AST-036,10.4,Corrective,Planned,India,Integrated Gas,34127.0,2074807.0
2026-07-16,AST-040,3.2,Corrective,Unplanned,Middle East,Integrated Gas,5606.0,385284.0
2026-07-16,AST-042,0.2,Preventive,Planned,North America,Integrated Gas,1239.0,100731.0
2026-07-16,AST-046,4.1,Turnaround,Planned,Africa,Upstream,17342.0,1319718.0
2026-07-16,AST-047,10.09,Corrective,Planned,China,Upstream,14697.0,1072814.33
2026-07-17,AST-002,14.15,Preventive,Planned,North America,Upstream,20279.0,1389661.0
2026-07-17,AST-003,22.56,Preventive,Planned,Middle East,Upstream,51555.5,3902124.5
2026-07-17,AST-012,23.05,Preventive,Unplanned,Africa,Upstream,65045.0,4880841.0
2026-07-17,AST-021,6.1,Inspection,Unplanned,Middle East,Chemicals & Products,25551.0,1942261.0
2026-07-17,AST-022,12.27,Corrective,Unplanned,China,Upstream,37881.0,2804620.0
2026-07-17,AST-024,1.67,Corrective,Planned,Africa,Integrated Gas,2953.0,235458.0
2026-07-17,AST-030,4.66,Preventive,Unplanned,China,Integrated Gas,22776.0,1848405.0
2026-07-17,AST-031,2.68,Inspection,Planned,China,Integrated Gas,12634.0,878498.0
2026-07-17,AST-037,1.13,Preventive,Planned,Africa,Upstream,2422.0,220419.0
2026-07-17,AST-038,10.47,Preventive,Unplanned,North America,Integrated Gas,28858.0,2166293.0
2026-07-18,AST-002,5.77,Corrective,Unplanned,North America,Upstream,14495.0,1058993.0
2026-07-18,AST-003,0.63,Turnaround,Planned,Middle East,Upstream,2530.0,170714.0
2026-07-18,AST-004,3.93,Corrective,Planned,China,Upstream,16188.0,1265360.0
2026-07-18,AST-012,3.42,Preventive,Planned,Africa,Upstream,16925.0,1429484.0
2026-07-18,AST-014,16.91,Inspection,Planned,North America,Upstream,13660.0,1094471.0
2026-07-18,AST-019,4.42,Preventive,Unplanned,Africa,Upstream,13934.0,992805.0
2026-07-18,AST-022,4.18,Corrective,Planned,China,Upstream,11124.0,748626.0
2026-07-18,AST-025,2.01,Preventive,Planned,North America,Upstream,12887.0,1055402.0
2026-07-18,AST-029,12.01,Inspection,Planned,Middle East,Integrated Gas,57257.0,4792941.0
2026-07-18,AST-031,2.66,Corrective,Planned,China,Integrated Gas,15464.0,1128136.0
2026-07-18,AST-032,16.12,Inspection,Unplanned,Europe,Upstream,55570.0,4483581.0
2026-07-18,AST-036,0.85,Preventive,Planned,India,Integrated Gas,2531.0,181978.0
2026-07-18,AST-039,14.17,Preventive,Unplanned,Europe,Integrated Gas,33774.5,2760512.0
2026-07-18,AST-043,0.6,Corrective,Planned,North America,Upstream,3113.0,245589.0
2026-07-18,AST-044,5.42,Preventive,Unplanned,China,Upstream,23302.0,1883568.0
2026-07-18,AST-045,2.92,Corrective,Planned,India,Upstream,12040.0,937806.0
2026-07-19,AST-003,10.76,Corrective,Planned,Middle East,Upstream,16881.67,1327532.33
2026-07-19,AST-004,3.96,Turnaround,Unplanned,China,Upstream,15550.0,1090977.0
2026-07-19,AST-010,2.15,Corrective,Planned,India,Upstream,1397.5,109351.0
2026-07-19,AST-011,5.84,Inspection,Planned,Middle East,Upstream,7583.0,670976.0
2026-07-19,AST-015,6.87,Preventive,Planned,North America,Integrated Gas,23081.0,1864615.0
2026-07-19,AST-017,9.2,Preventive,Planned,Middle East,Chemicals & Products,23245.0,1621675.5
2026-07-19,AST-019,0.38,Preventive,Planned,Africa,Upstream,1194.0,92136.0
2026-07-19,AST-022,2.99,Inspection,Planned,China,Upstream,8843.0,696367.0
2026-07-19,AST-024,3.79,Preventive,Planned,Africa,Integrated Gas,6441.0,542088.0
2026-07-19,AST-025,1.07,Preventive,Planned,North America,Upstream,8435.0,588980.0
2026-07-19,AST-031,4.02,Turnaround,Unplanned,China,Integrated Gas,17703.0,1470050.0
2026-07-19,AST-039,2.02,Corrective,Planned,Europe,Integrated Gas,9337.0,803168.0
2026-07-19,AST-041,1.79,Preventive,Unplanned,India,Integrated Gas,8359.0,701005.0
2026-07-20,AST-001,0.45,Inspection,Planned,India,Upstream,1123.0,88993.0
2026-07-20,AST-008,5.17,Preventive,Unplanned,North America,Upstream,27232.0,1843841.0
2026-07-20,AST-011,0.34,Inspection,Planned,Middle East,Upstream,452.0,32334.0
2026-07-20,AST-014,17.48,Preventive,Unplanned,North America,Upstream,32831.0,2431725.0
2026-07-20,AST-017,5.86,Corrective,Planned,Middle East,Chemicals & Products,29576.0,2077268.0
2026-07-20,AST-021,9.67,Inspection,Planned,Middle East,Chemicals & Products,44825.0,3548540.0
2026-07-20,AST-024,2.15,Inspection,Planned,Africa,Integrated Gas,3519.0,252995.0
2026-07-20,AST-026,3.33,Turnaround,Planned,Middle East,Upstream,21759.0,1636706.0
2026-07-20,AST-029,16.44,Turnaround,Unplanned,Middle East,Integrated Gas,114429.0,7767541.0
2026-07-20,AST-031,14.42,Preventive,Unplanned,China,Integrated Gas,82757.0,6676742.0
2026-07-20,AST-032,8.57,Corrective,Planned,Europe,Upstream,16135.5,1251245.5
2026-07-20,AST-036,9.77,Corrective,Planned,India,Integrated Gas,33488.0,2685164.0
2026-07-20,AST-039,5.61,Preventive,Planned,Europe,Integrated Gas,28302.0,2357185.0
2026-07-20,AST-043,5.58,Preventive,Planned,North America,Upstream,29952.0,2261967.0
2026-07-20,AST-047,5.32,Corrective,Planned,China,Upstream,25826.0,2033347.0
2026-07-21,AST-005,10.19,Corrective,Unplanned,China,Integrated Gas,30666.0,2287312.5
2026-07-21,AST-006,11.35,Corrective,Planned,Africa,Integrated Gas,51257.0,3452205.0
2026-07-21,AST-007,14.13,Preventive,Planned,India,Chemicals & Products,20670.0,1584475.5
2026-07-21,AST-014,2.66,Preventive,Planned,North America,Upstream,4257.0,305645.0
2026-07-21,AST-016,2.81,Preventive,Planned,North America,Upstream,4518.0,381884.0
2026-07-21,AST-018,25.64,Preventive,Planned,India,Integrated Gas,26808.67,2026407.33
2026-07-21,AST-023,5.15,Preventive,Planned,Europe,Upstream,7993.0,589681.0
2026-07-21,AST-024,6.47,Preventive,Planned,Africa,Integrated Gas,4937.0,392471.0
2026-07-21,AST-027,6.03,Turnaround,Planned,China,Upstream,32726.0,2613461.0
2026-07-21,AST-028,3.03,Inspection,Planned,North America,Integrated Gas,8987.0,721925.0
2026-07-21,AST-029,18.72,Turnaround,Unplanned,Middle East,Integrated Gas,121246.0,9998535.0
2026-07-21,AST-035,10.32,Preventive,Unplanned,Africa,Upstream,64339.0,5187345.0
2026-07-21,AST-039,7.91,Preventive,Unplanned,Europe,Integrated Gas,41431.0,3538452.0
2026-07-21,AST-040,6.47,Preventive,Planned,Middle East,Integrated Gas,13871.0,964130.0
2026-07-21,AST-043,8.49,Turnaround,Unplanned,North America,Upstream,37049.0,3304837.0
2026-07-21,AST-044,5.69,Preventive,Planned,China,Upstream,21416.0,1711469.0
2026-07-21,AST-046,4.16,Corrective,Planned,Africa,Upstream,15876.0,1100591.0
2026-07-21,AST-048,10.74,Turnaround,Planned,Africa,Chemicals & Products,12048.0,1038515.0
2026-07-21,AST-049,1.65,Preventive,Planned,North America,Upstream,5613.0,348297.0
2026-07-22,AST-002,4.15,Preventive,Planned,North America,Upstream,11973.0,813907.0
2026-07-22,AST-003,6.58,Corrective,Planned,Middle East,Upstream,38147.0,3024574.0
2026-07-22,AST-004,13.58,Preventive,Planned,China,Upstream,52225.0,3562176.0
2026-07-22,AST-007,7.95,Corrective,Planned,India,Chemicals & Products,27757.0,2362689.0
2026-07-22,AST-008,15.17,Inspection,Planned,North America,Upstream,40754.5,3421169.5
2026-07-22,AST-010,3.11,Preventive,Planned,India,Upstream,3336.0,289279.0
2026-07-22,AST-013,9.86,Corrective,Unplanned,North America,Upstream,33262.0,2445811.0
2026-07-22,AST-016,3.48,Inspection,Planned,North America,Upstream,5109.0,346680.0
2026-07-22,AST-030,1.25,Preventive,Planned,China,Integrated Gas,6040.0,390731.0
2026-07-22,AST-031,0.56,Preventive,Planned,China,Integrated Gas,2977.0,197569.0
2026-07-22,AST-033,10.76,Corrective,Planned,India,Integrated Gas,13061.5,924907.0
2026-07-22,AST-038,0.84,Corrective,Planned,North America,Integrated Gas,2419.0,156691.0
2026-07-22,AST-039,3.15,Corrective,Planned,Europe,Integrated Gas,10649.0,805349.0
2026-07-22,AST-041,2.15,Inspection,Planned,India,Integrated Gas,12330.0,844640.0
2026-07-22,AST-049,4.2,Corrective,Planned,North America,Upstream,13513.0,1082732.0
2026-07-22,AST-050,21.13,Corrective,Planned,North America,Upstream,5384.0,383488.25
2026-07-23,AST-007,16.63,Inspection,Unplanned,India,Chemicals & Products,64102.0,4381024.0
2026-07-23,AST-011,2.17,Preventive,Planned,Middle East,Upstream,3072.0,246679.0
2026-07-23,AST-020,2.01,Preventive,Planned,China,Chemicals & Products,5170.0,360794.0
2026-07-23,AST-022,1.29,Inspection,Planned,China,Upstream,3507.0,295229.0
2026-07-23,AST-024,3.37,Corrective,Unplanned,Africa,Integrated Gas,5049.0,424251.0
2026-07-23,AST-027,2.88,Preventive,Planned,China,Upstream,15270.0,1165624.0
2026-07-23,AST-031,2.73,Preventive,Planned,China,Integrated Gas,13571.0,950835.0
2026-07-23,AST-034,2.04,Corrective,Planned,Middle East,Upstream,1774.0,149983.0
2026-07-23,AST-036,1.81,Inspection,Planned,India,Integrated Gas,6708.0,448027.0
2026-07-23,AST-040,6.66,Preventive,Unplanned,Middle East,Integrated Gas,10874.0,843385.0
2026-07-23,AST-041,3.64,Corrective,Planned,India,Integrated Gas,18323.0,1444387.0
2026-07-23,AST-042,4.78,Preventive,Planned,North America,Integrated Gas,21630.0,1695944.0
2026-07-23,AST-047,5.28,Inspection,Planned,China,Upstream,20098.0,1283956.0
2026-07-23,AST-049,17.59,Corrective,Planned,North America,Upstream,32934.5,2734145.0
2026-07-23,AST-050,0.32,Preventive,Planned,North America,Upstream,432.0,34466.0
2026-07-24,AST-008,26.29,Inspection,Unplanned,North America,Upstream,130503.0,9927093.0
2026-07-24,AST-012,1.68,Preventive,Planned,Africa,Upstream,8890.0,583445.0
2026-07-24,AST-013,10.65,Corrective,Unplanned,North America,Upstream,36976.0,2485437.0
2026-07-24,AST-015,9.78,Inspection,Planned,North America,Integrated Gas,37643.0,2569324.0
2026-07-24,AST-017,8.91,Preventive,Planned,Middle East,Chemicals & Products,46116.0,3435959.0
2026-07-24,AST-019,4.02,Corrective,Planned,Africa,Upstream,12123.0,1003044.0
2026-07-24,AST-020,5.22,Corrective,Planned,China,Chemicals & Products,16621.0,1093839.0
2026-07-24,AST-033,5.29,Inspection,Planned,India,Integrated Gas,14181.0,1081657.0
2026-07-24,AST-035,6.62,Preventive,Planned,Africa,Upstream,44362.0,3108631.0
2026-07-24,AST-037,9.69,Inspection,Unplanned,Africa,Upstream,20992.0,1541030.0
2026-07-24,AST-041,3.44,Turnaround,Planned,India,Integrated Gas,18016.0,1206741.0
2026-07-24,AST-048,11.02,Corrective,Unplanned,Africa,Chemicals & Products,16117.0,1245847.0
2026-07-24,AST-049,1.38,Inspection,Planned,North America,Upstream,4323.0,295515.0
2026-07-24,AST-050,3.81,Corrective,Planned,North America,Upstream,4648.0,365514.0
2026-07-25,AST-001,7.81,Preventive,Planned,India,Upstream,20706.0,1807167.0
2026-07-25,AST-006,2.57,Turnaround,Planned,Africa,Integrated Gas,13703.0,965855.0
2026-07-25,AST-009,17.12,Preventive,Unplanned,Europe,Upstream,33466.0,2575277.0
2026-07-25,AST-012,1.84,Preventive,Planned,Africa,Upstream,9376.0,600702.0
2026-07-25,AST-016,9.67,Preventive,Unplanned,North America,Upstream,17300.0,1193830.0
2026-07-25,AST-017,4.66,Preventive,Planned,Middle East,Chemicals & Products,11146.5,978506.5
2026-07-25,AST-018,0.81,Preventive,Planned,India,Integrated Gas,2672.0,188694.0
2026-07-25,AST-021,10.26,Corrective,Planned,Middle East,Chemicals & Products,44889.0,3006794.0
2026-07-25,AST-022,2.3,Preventive,Planned,China,Upstream,6784.0,506410.0
2026-07-25,AST-023,3.33,Corrective,Unplanned,Europe,Upstream,4598.0,373348.0
2026-07-25,AST-026,2.47,Corrective,Planned,Middle East,Upstream,13926.0,1082901.0
2026-07-25,AST-027,14.87,Inspection,Unplanned,China,Upstream,67296.0,4859833.0
2026-07-25,AST-028,3.51,Preventive,Planned,North America,Integrated Gas,7661.0,610261.0
2026-07-25,AST-032,5.71,Preventive,Planned,Europe,Upstream,25071.0,1763206.0
2026-07-25,AST-038,4.2,Inspection,Planned,North America,Integrated Gas,10174.0,934907.0
2026-07-25,AST-039,14.87,Preventive,Unplanned,Europe,Integrated Gas,58288.0,3802145.0
2026-07-25,AST-043,7.89,Preventive,Planned,North America,Upstream,34244.0,2736169.0
2026-07-25,AST-045,3.57,Inspection,Unplanned,India,Upstream,13168.0,822777.0
2026-07-25,AST-046,4.44,Preventive,Planned,Africa,Upstream,19344.0,1559082.0
2026-07-26,AST-009,14.63,Preventive,Planned,Europe,Upstream,26489.0,1804982.0
2026-07-26,AST-010,1.53,Corrective,Planned,India,Upstream,1561.0,111289.0
2026-07-26,AST-011,5.25,Preventive,Planned,Middle East,Upstream,8007.0,690265.0
2026-07-26,AST-012,6.76,Preventive,Unplanned,Africa,Upstream,35976.0,2718089.0
2026-07-26,AST-015,5.52,Turnaround,Planned,North America,Integrated Gas,22616.0,1532960.0
2026-07-26,AST-017,22.83,Preventive,Planned,Middle East,Chemicals & Products,60811.0,4618158.5
2026-07-26,AST-023,7.5,Corrective,Planned,Europe,Upstream,9009.0,783443.0
2026-07-26,AST-027,6.46,Preventive,Planned,China,Upstream,35321.0,3075863.0
2026-07-26,AST-031,2.02,Corrective,Planned,China,Integrated Gas,8400.0,689279.0
2026-07-26,AST-034,4.16,Preventive,Planned,Middle East,Upstream,6237.0,456130.0
2026-07-26,AST-036,5.27,Preventive,Unplanned,India,Integrated Gas,18988.0,1492225.0
2026-07-26,AST-040,20.35,Corrective,Planned,Middle East,Integrated Gas,19626.0,1426255.0
2026-07-26,AST-042,19.09,Corrective,Planned,North America,Integrated Gas,44488.0,3688215.5
2026-07-26,AST-043,6.09,Corrective,Planned,North America,Upstream,34997.0,2351695.0
2026-07-26,AST-045,8.07,Preventive,Planned,India,Upstream,35976.0,2677110.0
2026-07-26,AST-047,2.0,Corrective,Planned,China,Upstream,10718.0,754645.0
2026-07-26,AST-049,1.09,Preventive,Planned,North America,Upstream,3970.0,331476.0
2026-07-26,AST-050,0.46,Corrective,Planned,North America,Upstream,711.0,50415.0
2026-07-27,AST-001,2.89,Turnaround,Planned,India,Upstream,6593.0,565001.0
2026-07-27,AST-004,3.6,Preventive,Planned,China,Upstream,13666.0,1061940.0
2026-07-27,AST-005,1.76,Turnaround,Planned,China,Integrated Gas,8678.0,662209.0
2026-07-27,AST-009,4.04,Inspection,Planned,Europe,Upstream,7330.0,488787.0
2026-07-27,AST-015,9.26,Preventive,Planned,North America,Integrated Gas,15828.5,1135368.0
2026-07-27,AST-017,3.57,Preventive,Planned,Middle East,Chemicals & Products,17804.0,1206216.0
2026-07-27,AST-023,10.24,Preventive,Planned,Europe,Upstream,7280.0,513484.0
2026-07-27,AST-027,17.14,Inspection,Unplanned,China,Upstream,66839.0,4338246.0
2026-07-27,AST-030,3.31,Turnaround,Planned,China,Integrated Gas,19127.0,1495997.0
2026-07-27,AST-033,12.17,Inspection,Planned,India,Integrated Gas,14275.5,1058408.0
2026-07-27,AST-036,11.11,Corrective,Planned,India,Integrated Gas,42491.0,3386940.0
2026-07-27,AST-039,3.82,Inspection,Planned,Europe,Integrated Gas,17510.0,1305248.0
2026-07-27,AST-046,39.19,Corrective,Unplanned,Africa,Upstream,145335.0,10275900.0
2026-07-27,AST-047,0.61,Turnaround,Planned,China,Upstream,2783.0,200365.0
2026-07-28,AST-003,9.26,Turnaround,Unplanned,Middle East,Upstream,43234.0,3242498.0
2026-07-28,AST-005,6.87,Preventive,Planned,China,Integrated Gas,32859.0,2559232.0
2026-07-28,AST-008,3.52,Preventive,Planned,North America,Upstream,8922.5,677080.0
2026-07-28,AST-009,1.22,Inspection,Planned,Europe,Upstream,2156.0,158597.0
2026-07-28,AST-013,10.14,Inspection,Planned,North America,Upstream,41907.0,3173435.0
2026-07-28,AST-015,1.62,Corrective,Planned,North America,Integrated Gas,6337.0,511874.0
2026-07-28,AST-018,2.36,Corrective,Planned,India,Integrated Gas,6664.0,518000.0
2026-07-28,AST-020,15.97,Preventive,Unplanned,China,Chemicals & Products,41932.0,2884809.0
2026-07-28,AST-021,32.28,Preventive,Unplanned,Middle East,Chemicals & Products,125047.0,10960939.0
2026-07-28,AST-022,5.17,Inspection,Planned,China,Upstream,14463.0,1042521.0
2026-07-28,AST-024,7.7,Corrective,Planned,Africa,Integrated Gas,10741.0,861125.0
2026-07-28,AST-026,3.46,Corrective,Planned,Middle East,Upstream,19252.0,1544208.0
2026-07-28,AST-030,2.75,Inspection,Planned,China,Integrated Gas,12137.0,892205.0
2026-07-28,AST-031,2.78,Corrective,Planned,China,Integrated Gas,6618.5,523671.0
2026-07-28,AST-041,1.77,Corrective,Planned,India,Integrated Gas,12181.0,812880.0
2026-07-28,AST-046,8.07,Corrective,Planned,Africa,Upstream,15696.0,1118168.0
2026-07-29,AST-001,1.49,Preventive,Planned,India,Upstream,3305.0,278845.0
2026-07-29,AST-002,2.23,Corrective,Planned,North America,Upstream,6109.0,398762.0
2026-07-29,AST-004,5.2,Turnaround,Planned,China,Upstream,24636.0,1702255.0
2026-07-29,AST-009,2.95,Corrective,Planned,Europe,Upstream,5576.0,361035.0
2026-07-29,AST-010,2.78,Inspection,Planned,India,Upstream,2989.0,234181.0
2026-07-29,AST-012,7.12,Preventive,Planned,Africa,Upstream,17856.0,1386893.0
2026-07-29,AST-013,1.77,Corrective,Planned,North America,Upstream,4740.0,335376.0
2026-07-29,AST-016,5.85,Preventive,Planned,North America,Upstream,10788.0,786634.0
2026-07-29,AST-017,15.14,Corrective,Planned,Middle East,Chemicals & Products,39201.0,2860427.0
2026-07-29,AST-018,0.3,Preventive,Planned,India,Integrated Gas,1195.0,80488.0
2026-07-29,AST-021,16.77,Inspection,Unplanned,Middle East,Chemicals & Products,75155.0,5500188.0
2026-07-29,AST-027,4.09,Preventive,Planned,China,Upstream,21244.0,1340508.0
2026-07-29,AST-028,0.96,Inspection,Planned,North America,Integrated Gas,2448.0,189391.0
2026-07-29,AST-029,12.29,Corrective,Planned,Middle East,Integrated Gas,78628.0,5916302.0
2026-07-29,AST-032,12.01,Preventive,Planned,Europe,Upstream,41633.0,3447259.0
2026-07-29,AST-036,3.8,Turnaround,Planned,India,Integrated Gas,13303.0,990532.0
2026-07-29,AST-042,15.4,Inspection,Planned,North America,Integrated Gas,36475.5,2632564.0
2026-07-29,AST-049,1.75,Preventive,Planned,North America,Upstream,5581.0,405885.0
2026-07-30,AST-009,3.3,Corrective,Planned,Europe,Upstream,6734.0,469665.0
2026-07-30,AST-010,1.8,Turnaround,Planned,India,Upstream,1784.0,123686.0
2026-07-30,AST-011,1.11,Preventive,Planned,Middle East,Upstream,1726.0,145702.0
2026-07-30,AST-012,5.94,Preventive,Planned,Africa,Upstream,34177.0,2454619.0
2026-07-30,AST-013,19.27,Preventive,Unplanned,North America,Upstream,80405.0,5888653.0
2026-07-30,AST-017,2.52,Turnaround,Planned,Middle East,Chemicals & Products,14337.0,936865.0
2026-07-30,AST-021,0.55,Inspection,Planned,Middle East,Chemicals & Products,2741.0,213840.0
2026-07-30,AST-022,6.94,Corrective,Unplanned,China,Upstream,19674.0,1330494.0
2026-07-30,AST-026,2.33,Corrective,Planned,Middle East,Upstream,13210.0,1123684.0
2026-07-30,AST-027,2.02,Corrective,Planned,China,Upstream,10742.0,891298.0
2026-07-30,AST-029,1.15,Corrective,Planned,Middle East,Integrated Gas,7321.0,511259.0
2026-07-30,AST-031,30.65,Preventive,Unplanned,China,Integrated Gas,137846.0,10981940.0
2026-07-30,AST-033,7.46,Corrective,Planned,India,Integrated Gas,8579.5,618500.5
2026-07-30,AST-037,11.27,Corrective,Planned,Africa,Upstream,12067.0,960667.5
2026-07-30,AST-046,0.72,Inspection,Planned,Africa,Upstream,3102.0,228787.0
2026-07-30,AST-050,2.57,Preventive,Planned,North America,Upstream,3135.0,215145.0
2026-07-31,AST-008,3.93,Preventive,Planned,North America,Upstream,17226.0,1455806.0
2026-07-31,AST-010,4.37,Turnaround,Planned,India,Upstream,4229.0,336795.0
2026-07-31,AST-011,2.11,Preventive,Planned,Middle East,Upstream,2857.0,191373.0
2026-07-31,AST-013,5.12,Preventive,Planned,North America,Upstream,9419.0,687583.5
2026-07-31,AST-015,8.29,Preventive,Planned,North America,Integrated Gas,11832.0,938809.0
2026-07-31,AST-018,22.9,Inspection,Unplanned,India,Integrated Gas,70369.0,5738327.0
2026-07-31,AST-020,5.61,Inspection,Unplanned,China,Chemicals & Products,15531.0,987192.0
2026-07-31,AST-024,7.59,Corrective,Planned,Africa,Integrated Gas,13836.0,1001885.0
2026-07-31,AST-030,9.24,Corrective,Unplanned,China,Integrated Gas,53678.0,3998842.0
2026-07-31,AST-037,3.71,Preventive,Planned,Africa,Upstream,6115.0,509260.0
2026-07-31,AST-038,4.17,Preventive,Planned,North America,Integrated Gas,8746.0,658044.0
2026-07-31,AST-041,3.78,Preventive,Planned,India,Integrated Gas,18342.0,1160870.0
2026-07-31,AST-043,3.91,Inspection,Planned,North America,Upstream,9073.5,669420.0
2026-07-31,AST-045,4.61,Turnaround,Planned,India,Upstream,22065.0,1670915.0
2026-07-31,AST-050,0.74,Inspection,Planned,North America,Upstream,817.0,66338.0
2026-08-01,AST-001,6.55,Preventive,Planned,India,Upstream,16102.0,1410183.0
2026-08-01,AST-011,5.03,Preventive,Planned,Middle East,Upstream,6176.0,455073.0
2026-08-01,AST-013,0.57,Corrective,Planned,North America,Upstream,2016.0,158052.0
2026-08-01,AST-017,5.08,Corrective,Planned,Middle East,Chemicals & Products,13113.5,914044.0
2026-08-01,AST-018,1.74,Preventive,Planned,India,Integrated Gas,6192.0,473910.0
2026-08-01,AST-024,19.48,Inspection,Planned,Africa,Integrated Gas,18257.5,1376938.5
2026-08-01,AST-027,3.89,Corrective,Planned,China,Upstream,22718.0,1599793.0
2026-08-01,AST-030,9.88,Preventive,Unplanned,China,Integrated Gas,54922.0,4185770.0
2026-08-01,AST-031,3.06,Turnaround,Unplanned,China,Integrated Gas,13818.0,970752.0
2026-08-01,AST-033,11.5,Preventive,Planned,India,Integrated Gas,15555.5,1215769.0
2026-08-01,AST-039,4.91,Corrective,Unplanned,Europe,Integrated Gas,20658.0,1643604.0
2026-08-01,AST-044,1.08,Preventive,Planned,China,Upstream,3659.0,266543.0
2026-08-01,AST-045,12.98,Corrective,Unplanned,India,Upstream,53043.0,3380422.0
2026-08-01,AST-048,6.71,Preventive,Planned,Africa,Chemicals & Products,8066.0,554914.0
2026-08-01,AST-049,5.29,Corrective,Planned,North America,Upstream,18307.0,1412754.0
2026-08-02,AST-005,20.71,Preventive,Unplanned,China,Integrated Gas,107535.0,8173360.0
2026-08-02,AST-006,9.53,Preventive,Planned,Africa,Integrated Gas,21185.5,1442854.5
2026-08-02,AST-008,29.72,Inspection,Unplanned,North America,Upstream,139897.0,10654000.0
2026-08-02,AST-009,10.75,Inspection,Planned,Europe,Upstream,23188.0,1644742.0
2026-08-02,AST-015,0.54,Corrective,Planned,North America,Integrated Gas,1942.0,141776.0
2026-08-02,AST-016,3.3,Inspection,Planned,North America,Upstream,6483.0,533855.0
2026-08-02,AST-020,0.75,Corrective,Planned,China,Chemicals & Products,2101.0,142674.0
2026-08-02,AST-023,6.3,Corrective,Planned,Europe,Upstream,9084.0,775838.0
2026-08-02,AST-029,1.4,Preventive,Planned,Middle East,Integrated Gas,8300.0,670384.0
2026-08-02,AST-031,7.03,Preventive,Planned,China,Integrated Gas,31296.0,2176181.0
2026-08-02,AST-035,7.05,Corrective,Planned,Africa,Upstream,41506.0,2978322.0
2026-08-02,AST-047,1.34,Preventive,Planned,China,Upstream,5403.0,362842.0
2026-08-02,AST-049,0.33,Preventive,Planned,North America,Upstream,988.0,71558.0
2026-08-02,AST-050,0.75,Preventive,Planned,North America,Upstream,830.0,67324.0
2026-08-03,AST-004,2.44,Corrective,Planned,China,Upstream,10323.0,850726.0
2026-08-03,AST-006,2.85,Turnaround,Planned,Africa,Integrated Gas,15706.0,1335278.0
2026-08-03,AST-010,1.27,Preventive,Planned,India,Upstream,1347.0,90497.0
2026-08-03,AST-015,3.67,Preventive,Unplanned,North America,Integrated Gas,13672.0,919861.0
2026-08-03,AST-017,2.48,Preventive,Planned,Middle East,Chemicals & Products,5619.5,412064.5
2026-08-03,AST-019,29.48,Corrective,Planned,Africa,Upstream,48649.5,4219824.5
2026-08-03,AST-021,17.0,Preventive,Unplanned,Middle East,Chemicals & Products,80531.0,5912849.0
2026-08-03,AST-024,7.71,Corrective,Planned,Africa,Integrated Gas,13140.0,916507.0
2026-08-03,AST-028,0.91,Preventive,Planned,North America,Integrated Gas,1823.0,127337.0
2026-08-03,AST-029,1.77,Corrective,Planned,Middle East,Integrated Gas,10452.0,801339.0
2026-08-03,AST-030,13.6,Inspection,Unplanned,China,Integrated Gas,58849.0,4942329.0
2026-08-03,AST-033,2.57,Preventive,Planned,India,Integrated Gas,6733.0,497539.0
2026-08-03,AST-034,2.82,Turnaround,Planned,Middle East,Upstream,4227.0,283123.0
2026-08-03,AST-035,16.8,Preventive,Planned,Africa,Upstream,48367.5,3653369.0
2026-08-03,AST-037,10.46,Inspection,Unplanned,Africa,Upstream,20325.0,1734412.0
2026-08-03,AST-041,0.5,Turnaround,Planned,India,Integrated Gas,2629.0,212086.0
2026-08-03,AST-044,7.55,Preventive,Planned,China,Upstream,29012.0,2345369.0
2026-08-03,AST-046,8.43,Inspection,Unplanned,Africa,Upstream,32361.0,2479119.0
2026-08-03,AST-047,1.29,Corrective,Planned,China,Upstream,6579.0,425329.0
2026-08-03,AST-048,4.49,Turnaround,Planned,Africa,Chemicals & Products,5974.0,449632.0
2026-08-04,AST-002,4.94,Inspection,Planned,North America,Upstream,11614.0,898956.0
2026-08-04,AST-011,9.83,Preventive,Planned,Middle East,Upstream,14322.0,1200758.0
2026-08-04,AST-014,0.33,Preventive,Planned,North America,Upstream,715.0,54561.0
2026-08-04,AST-016,6.97,Preventive,Unplanned,North America,Upstream,13465.0,1013000.0
2026-08-04,AST-017,11.28,Corrective,Planned,Middle East,Chemicals & Products,31479.0,2450886.5
2026-08-04,AST-018,15.88,Preventive,Unplanned,India,Integrated Gas,65466.0,5064664.0
2026-08-04,AST-019,6.07,Preventive,Unplanned,Africa,Upstream,18986.0,1442138.0
2026-08-04,AST-021,6.17,Preventive,Planned,Middle East,Chemicals & Products,26886.0,2273391.0
2026-08-04,AST-023,2.83,Inspection,Planned,Europe,Upstream,3313.0,254174.0
2026-08-04,AST-024,13.73,Corrective,Unplanned,Africa,Integrated Gas,17878.0,1301699.0
2026-08-04,AST-025,1.21,Preventive,Planned,North America,Upstream,7294.0,618481.0
2026-08-04,AST-026,1.04,Inspection,Planned,Middle East,Upstream,5040.0,418225.0
2026-08-04,AST-029,1.3,Preventive,Planned,Middle East,Integrated Gas,8966.0,696384.0
2026-08-04,AST-030,22.26,Corrective,Unplanned,China,Integrated Gas,36195.0,2702326.33
2026-08-04,AST-031,1.61,Turnaround,Planned,China,Integrated Gas,6905.0,473072.0
2026-08-04,AST-034,1.82,Preventive,Planned,Middle East,Upstream,2873.0,204981.0
2026-08-04,AST-036,17.75,Preventive,Unplanned,India,Integrated Gas,61258.0,4431655.0
2026-08-04,AST-039,3.98,Corrective,Planned,Europe,Integrated Gas,16640.0,1397158.0
2026-08-04,AST-044,2.69,Preventive,Planned,China,Upstream,8806.0,780320.0
2026-08-05,AST-003,9.41,Inspection,Planned,Middle East,Upstream,42784.0,3089587.0
2026-08-05,AST-006,2.47,Turnaround,Planned,Africa,Integrated Gas,11022.0,945922.0
2026-08-05,AST-008,1.04,Preventive,Planned,North America,Upstream,6167.0,464523.0
2026-08-05,AST-012,6.52,Corrective,Planned,Africa,Upstream,15234.5,1098117.5
2026-08-05,AST-015,7.7,Corrective,Planned,North America,Integrated Gas,37088.0,2839634.0
2026-08-05,AST-016,0.86,Inspection,Planned,North America,Upstream,1341.0,100339.0
2026-08-05,AST-022,5.85,Corrective,Planned,China,Upstream,8236.5,666702.0
2026-08-05,AST-023,15.1,Inspection,Planned,Europe,Upstream,16736.0,1418352.0
2026-08-05,AST-036,6.19,Preventive,Unplanned,India,Integrated Gas,23995.0,1730896.0
2026-08-05,AST-038,4.99,Preventive,Planned,North America,Integrated Gas,14227.0,990935.0
2026-08-05,AST-041,11.96,Preventive,Planned,India,Integrated Gas,33751.0,2225634.5
2026-08-05,AST-042,1.76,Inspection,Planned,North America,Integrated Gas,10701.0,739138.0
2026-08-05,AST-046,7.88,Preventive,Planned,Africa,Upstream,26630.0,2107415.0
2026-08-05,AST-048,3.14,Preventive,Planned,Africa,Chemicals & Products,4391.0,348433.0
2026-08-06,AST-002,7.13,Inspection,Planned,North America,Upstream,20260.0,1643236.0
2026-08-06,AST-003,2.23,Inspection,Planned,Middle East,Upstream,7844.0,551409.0
2026-08-06,AST-006,0.56,Corrective,Planned,Africa,Integrated Gas,2737.0,219271.0
2026-08-06,AST-008,3.66,Turnaround,Planned,North America,Upstream,19799.0,1367569.0
2026-08-06,AST-010,3.69,Corrective,Unplanned,India,Upstream,3661.0,292925.0
2026-08-06,AST-011,3.38,Corrective,Planned,Middle East,Upstream,5439.0,427243.0
2026-08-06,AST-012,13.87,Inspection,Unplanned,Africa,Upstream,80655.0,5558404.0
2026-08-06,AST-013,4.07,Preventive,Planned,North America,Upstream,13846.0,1038202.0
2026-08-06,AST-022,1.53,Corrective,Planned,China,Upstream,5758.0,453104.0
2026-08-06,AST-033,8.84,Turnaround,Unplanned,India,Integrated Gas,22822.0,1684297.0
2026-08-06,AST-039,8.79,Corrective,Planned,Europe,Integrated Gas,34657.0,2669473.0
2026-08-06,AST-041,4.18,Corrective,Planned,India,Integrated Gas,24999.0,1827689.0
2026-08-06,AST-046,12.55,Preventive,Planned,Africa,Upstream,61708.0,4404701.0
2026-08-06,AST-047,1.47,Corrective,Planned,China,Upstream,6927.0,439000.0
2026-08-06,AST-049,1.57,Preventive,Planned,North America,Upstream,4407.0,288893.0
2026-08-06,AST-050,5.03,Preventive,Planned,North America,Upstream,6325.0,450782.0
2026-08-07,AST-002,4.37,Preventive,Planned,North America,Upstream,12909.0,919327.0
2026-08-07,AST-014,5.17,Preventive,Planned,North America,Upstream,4446.5,318762.5
2026-08-07,AST-028,1.98,Preventive,Planned,North America,Integrated Gas,5135.0,410057.0
2026-08-07,AST-033,1.71,Turnaround,Planned,India,Integrated Gas,3865.0,260690.0
2026-08-07,AST-037,1.09,Corrective,Planned,Africa,Upstream,2552.0,190299.0
2026-08-07,AST-041,10.73,Preventive,Unplanned,India,Integrated Gas,62979.0,3877410.0
2026-08-07,AST-042,3.71,Preventive,Planned,North America,Integrated Gas,17846.0,1161986.0
2026-08-08,AST-002,8.54,Preventive,Planned,North America,Upstream,18052.0,1461224.0
2026-08-08,AST-005,3.24,Inspection,Unplanned,China,Integrated Gas,17622.0,1289256.0
2026-08-08,AST-006,2.56,Preventive,Planned,Africa,Integrated Gas,13051.0,935216.0
2026-08-08,AST-008,13.81,Preventive,Unplanned,North America,Upstream,63671.0,5239425.0
2026-08-08,AST-014,24.34,Preventive,Unplanned,North America,Upstream,51574.0,3993972.0
2026-08-08,AST-016,4.26,Preventive,Planned,North America,Upstream,7508.0,546655.0
2026-08-08,AST-017,2.61,Preventive,Planned,Middle East,Chemicals & Products,11735.0,745436.0
2026-08-08,AST-018,3.46,Corrective,Planned,India,Integrated Gas,11658.0,912862.0
2026-08-08,AST-019,6.83,Preventive,Planned,Africa,Upstream,22159.0,1418861.0
2026-08-08,AST-020,3.03,Preventive,Planned,China,Chemicals & Products,8192.0,617780.0
2026-08-08,AST-023,0.62,Inspection,Planned,Europe,Upstream,913.0,71381.0
2026-08-08,AST-024,8.59,Corrective,Unplanned,Africa,Integrated Gas,12533.0,954791.0
2026-08-08,AST-029,5.34,Preventive,Planned,Middle East,Integrated Gas,25696.0,1996152.0
2026-08-08,AST-034,6.59,Preventive,Planned,Middle East,Upstream,8555.0,600801.0
2026-08-08,AST-037,14.0,Preventive,Unplanned,Africa,Upstream,33151.0,2788307.0
2026-08-08,AST-038,6.97,Corrective,Planned,North America,Integrated Gas,18498.0,1484351.0
2026-08-08,AST-043,2.25,Inspection,Planned,North America,Upstream,13425.0,919461.0
2026-08-08,AST-045,4.34,Corrective,Planned,India,Upstream,22088.0,1861963.0
2026-08-08,AST-049,21.54,Preventive,Unplanned,North America,Upstream,23470.67,1854418.33
2026-08-09,AST-004,13.42,Inspection,Planned,China,Upstream,31621.5,2478311.0
2026-08-09,AST-006,2.46,Inspection,Planned,Africa,Integrated Gas,12389.0,1041597.0
2026-08-09,AST-007,5.5,Corrective,Planned,India,Chemicals & Products,8604.0,611610.0
2026-08-09,AST-010,0.72,Preventive,Planned,India,Upstream,771.0,50795.0
2026-08-09,AST-015,5.71,Preventive,Planned,North America,Integrated Gas,20418.0,1451938.0
2026-08-09,AST-018,2.59,Preventive,Planned,India,Integrated Gas,8953.0,675731.0
2026-08-09,AST-019,1.15,Corrective,Planned,Africa,Upstream,4365.0,375359.0
2026-08-09,AST-023,2.48,Corrective,Planned,Europe,Upstream,3737.0,290566.0
2026-08-09,AST-028,22.93,Corrective,Unplanned,North America,Integrated Gas,50673.0,4089843.0
2026-08-09,AST-031,4.48,Preventive,Planned,China,Integrated Gas,23483.0,1682322.0
2026-08-09,AST-032,2.13,Preventive,Planned,Europe,Upstream,7120.0,474517.0
2026-08-09,AST-033,2.34,Preventive,Planned,India,Integrated Gas,7128.0,513424.0
2026-08-09,AST-045,2.16,Preventive,Planned,India,Upstream,8932.0,594687.0
2026-08-09,AST-050,4.01,Corrective,Planned,North America,Upstream,5068.0,351252.0
2026-08-10,AST-007,5.56,Preventive,Planned,India,Chemicals & Products,21529.0,1550292.0
2026-08-10,AST-009,16.43,Corrective,Planned,Europe,Upstream,15743.0,1238315.0
2026-08-10,AST-010,1.21,Preventive,Planned,India,Upstream,1670.0,110306.0
2026-08-10,AST-018,1.44,Corrective,Planned,India,Integrated Gas,5629.0,463267.0
2026-08-10,AST-021,23.17,Preventive,Planned,Middle East,Chemicals & Products,47746.5,3751266.0
2026-08-10,AST-022,10.52,Turnaround,Unplanned,China,Upstream,31028.0,2487815.0
2026-08-10,AST-029,2.61,Preventive,Planned,Middle East,Integrated Gas,13619.0,1112172.0
2026-08-10,AST-030,1.92,Preventive,Planned,China,Integrated Gas,9699.0,637073.0
2026-08-10,AST-038,18.68,Preventive,Unplanned,North America,Integrated Gas,59007.0,4715396.0
2026-08-10,AST-043,1.22,Corrective,Planned,North America,Upstream,7497.0,544002.0
2026-08-10,AST-046,12.2,Corrective,Planned,Africa,Upstream,27588.0,2023170.0
2026-08-11,AST-003,7.35,Preventive,Planned,Middle East,Upstream,29258.0,2438137.0
2026-08-11,AST-012,5.43,Preventive,Planned,Africa,Upstream,13159.0,1036641.0
2026-08-11,AST-013,2.06,Turnaround,Planned,North America,Upstream,5901.0,417146.0
2026-08-11,AST-018,3.55,Preventive,Planned,India,Integrated Gas,12870.0,950854.0
2026-08-11,AST-020,1.9,Preventive,Planned,China,Chemicals & Products,5864.0,414072.0
2026-08-11,AST-029,9.22,Preventive,Planned,Middle East,Integrated Gas,67946.0,4738061.0
2026-08-11,AST-030,4.76,Corrective,Planned,China,Integrated Gas,11756.5,782343.0
2026-08-11,AST-031,12.43,Inspection,Unplanned,China,Integrated Gas,54794.0,4451504.0
2026-08-11,AST-032,2.68,Turnaround,Planned,Europe,Upstream,9390.0,788857.0
2026-08-11,AST-035,6.3,Preventive,Planned,Africa,Upstream,43358.0,3012985.0
2026-08-11,AST-046,6.3,Corrective,Planned,Africa,Upstream,30385.0,2156063.0
2026-08-11,AST-048,9.27,Turnaround,Unplanned,Africa,Chemicals & Products,14186.0,954945.0
2026-08-11,AST-049,10.86,Corrective,Planned,North America,Upstream,15090.5,1090042.0
2026-08-12,AST-006,0.92,Preventive,Planned,Africa,Integrated Gas,4724.0,333044.0
2026-08-12,AST-007,0.34,Preventive,Planned,India,Chemicals & Products,912.0,76698.0
2026-08-12,AST-009,12.83,Preventive,Unplanned,Europe,Upstream,26529.0,1983835.0
2026-08-12,AST-014,9.98,Inspection,Planned,North America,Upstream,15141.0,1161116.0
2026-08-12,AST-019,11.24,Corrective,Unplanned,Africa,Upstream,29062.0,2077706.0
2026-08-12,AST-020,3.82,Preventive,Unplanned,China,Chemicals & Products,8568.0,638307.0
2026-08-12,AST-021,11.56,Preventive,Planned,Middle East,Chemicals & Products,58586.0,4886426.0
2026-08-12,AST-028,0.38,Turnaround,Planned,North America,Integrated Gas,825.0,62925.0
2026-08-12,AST-031,1.82,Corrective,Planned,China,Integrated Gas,8623.0,710960.0
2026-08-12,AST-034,10.91,Preventive,Planned,Middle East,Upstream,18933.0,1471378.0
2026-08-12,AST-037,6.32,Turnaround,Unplanned,Africa,Upstream,13708.0,940213.0
2026-08-12,AST-041,2.22,Corrective,Planned,India,Integrated Gas,14193.0,1180665.0
2026-08-12,AST-043,2.7,Preventive,Planned,North America,Upstream,12901.0,867131.0
2026-08-12,AST-044,12.93,Preventive,Unplanned,China,Upstream,45361.0,3799690.0
2026-08-12,AST-047,2.54,Corrective,Planned,China,Upstream,14228.0,1206263.0
2026-08-13,AST-001,6.05,Preventive,Planned,India,Upstream,15975.0,1232229.0
2026-08-13,AST-004,3.31,Corrective,Planned,China,Upstream,16162.0,1353840.0
2026-08-13,AST-006,4.05,Preventive,Planned,Africa,Integrated Gas,17013.0,1302752.0
2026-08-13,AST-007,24.71,Corrective,Unplanned,India,Chemicals & Products,78465.0,5615195.0
2026-08-13,AST-009,2.57,Turnaround,Planned,Europe,Upstream,4182.0,301640.0
2026-08-13,AST-010,7.54,Inspection,Planned,India,Upstream,9981.0,651090.0
2026-08-13,AST-014,6.15,Inspection,Planned,North America,Upstream,10498.0,824626.0
2026-08-13,AST-015,14.17,Preventive,Unplanned,North America,Integrated Gas,49060.0,3984257.0
2026-08-13,AST-020,13.48,Corrective,Unplanned,China,Chemicals & Products,40931.0,2782185.0
2026-08-13,AST-021,5.95,Corrective,Planned,Middle East,Chemicals & Products,14117.0,1042523.5
2026-08-13,AST-026,4.85,Preventive,Planned,Middle East,Upstream,34350.0,2819172.0
2026-08-13,AST-031,13.58,Preventive,Unplanned,China,Integrated Gas,64933.0,4305493.0
2026-08-13,AST-037,6.81,Preventive,Planned,Africa,Upstream,15038.0,1132569.0
2026-08-13,AST-039,0.83,Corrective,Planned,Europe,Integrated Gas,2860.0,198922.0
2026-08-13,AST-040,16.8,Corrective,Unplanned,Middle East,Integrated Gas,28680.0,1983831.0
2026-08-13,AST-042,18.85,Preventive,Unplanned,North America,Integrated Gas,111684.0,6941124.0
2026-08-13,AST-043,3.18,Corrective,Planned,North America,Upstream,18727.0,1213300.0
2026-08-13,AST-046,6.32,Preventive,Planned,Africa,Upstream,26277.0,2166986.0
