date,asset_id,production_boe_d,production_status
2024-01-01,AST005,46373.5,Low
2024-01-01,AST006,58497.0,Normal
2024-01-01,AST008,31042.67,Low
2024-01-01,AST010,28119.0,Low
2024-01-01,AST011,90825.0,High
2024-01-01,AST012,49920.0,Normal
2024-01-01,AST016,40779.0,Low
2024-01-01,AST017,69039.0,Normal
2024-01-01,AST018,76434.0,High
2024-01-01,AST019,29747.0,Low
2024-01-01,AST020,52304.5,Normal
2024-01-01,AST021,65565.5,Normal
2024-01-01,AST022,34197.67,Low
2024-01-01,AST023,44388.0,Low
2024-01-01,AST029,46039.0,Normal
2024-01-01,AST030,79165.5,High
2024-01-02,AST002,31887.0,Low
2024-01-02,AST004,65963.0,Normal
2024-01-02,AST005,50130.0,Normal
2024-01-02,AST006,59754.0,Normal
2024-01-02,AST013,57744.0,Normal
2024-01-02,AST014,58655.0,Normal
2024-01-02,AST018,73203.0,High
2024-01-02,AST019,29439.33,Low
2024-01-02,AST020,53261.0,Normal
2024-01-02,AST021,69834.0,Normal
2024-01-02,AST023,40866.5,Low
2024-01-02,AST024,47562.0,Normal
2024-01-02,AST025,56822.0,Normal
2024-01-02,AST026,65297.5,Normal
2024-01-02,AST027,80462.0,High
2024-01-02,AST030,81528.5,High
2024-01-03,AST001,40360.0,Low
2024-01-03,AST002,30064.0,Low
2024-01-03,AST003,41673.0,Low
2024-01-03,AST004,66966.0,Normal
2024-01-03,AST005,47854.0,Normal
2024-01-03,AST006,52779.75,Normal
2024-01-03,AST009,44556.5,Low
2024-01-03,AST011,78184.0,High
2024-01-03,AST012,50705.0,Normal
2024-01-03,AST013,59742.0,Normal
2024-01-03,AST014,55063.5,Normal
2024-01-03,AST017,72199.0,High
2024-01-03,AST020,56768.0,Normal
2024-01-03,AST021,66676.33,Normal
2024-01-03,AST024,45207.0,Low
2024-01-03,AST025,51149.0,Normal
2024-01-03,AST026,62264.0,Normal
2024-01-03,AST027,80386.0,High
2024-01-03,AST028,80769.0,High
2024-01-04,AST001,36310.0,Low
2024-01-04,AST003,39997.0,Low
2024-01-04,AST004,62200.0,Normal
2024-01-04,AST005,46940.5,Normal
2024-01-04,AST007,73527.0,High
2024-01-04,AST010,30774.0,Low
2024-01-04,AST011,78860.0,High
2024-01-04,AST012,54828.0,Normal
2024-01-04,AST016,37588.0,Low
2024-01-04,AST018,75506.0,High
2024-01-04,AST024,45620.0,Normal
2024-01-04,AST025,53541.0,Normal
2024-01-04,AST027,82725.0,High
2024-01-04,AST028,71917.0,High
2024-01-04,AST029,39976.5,Low
2024-01-04,AST030,77185.0,High
2024-01-05,AST004,65284.0,Normal
2024-01-05,AST008,31598.5,Low
2024-01-05,AST009,45674.0,Normal
2024-01-05,AST010,30280.0,Low
2024-01-05,AST012,50824.0,Normal
2024-01-05,AST013,57269.0,Normal
2024-01-05,AST014,59241.0,Normal
2024-01-05,AST016,40024.0,Low
2024-01-05,AST018,77306.0,High
2024-01-05,AST019,30180.0,Low
2024-01-05,AST021,68338.0,Normal
2024-01-05,AST022,36558.0,Low
2024-01-05,AST025,53856.0,Normal
2024-01-05,AST027,77366.5,High
2024-01-05,AST029,45785.0,Normal
2024-01-06,AST002,29384.5,Low
2024-01-06,AST003,40662.5,Low
2024-01-06,AST004,68924.0,Normal
2024-01-06,AST005,47084.0,Normal
2024-01-06,AST009,44584.0,Low
2024-01-06,AST012,54273.0,Normal
2024-01-06,AST014,53227.0,Normal
2024-01-06,AST015,28173.0,Low
2024-01-06,AST016,37261.0,Low
2024-01-06,AST017,70716.0,High
2024-01-06,AST018,74307.0,High
2024-01-06,AST019,32126.0,Low
2024-01-06,AST023,43791.0,Low
2024-01-06,AST025,59260.0,Normal
2024-01-06,AST026,62062.0,Normal
2024-01-06,AST028,76283.0,High
2024-01-07,AST003,39360.5,Low
2024-01-07,AST004,68518.0,Normal
2024-01-07,AST006,50898.0,Normal
2024-01-07,AST008,31852.0,Low
2024-01-07,AST009,45320.0,Normal
2024-01-07,AST011,86326.0,High
2024-01-07,AST013,62349.0,Normal
2024-01-07,AST018,79694.0,High
2024-01-07,AST019,30812.0,Low
2024-01-07,AST020,51170.5,Normal
2024-01-07,AST021,75830.0,High
2024-01-07,AST022,34185.0,Low
2024-01-07,AST023,37586.0,Low
2024-01-07,AST025,50563.0,Normal
2024-01-07,AST027,78573.0,High
2024-01-07,AST029,42268.0,Low
2024-01-07,AST030,80123.0,High
2024-01-08,AST001,37513.0,Low
2024-01-08,AST004,66432.5,Normal
2024-01-08,AST005,44344.33,Normal
2024-01-08,AST009,46498.0,Normal
2024-01-08,AST011,81341.0,High
2024-01-08,AST013,61171.75,Normal
2024-01-08,AST017,67028.0,Normal
2024-01-08,AST019,29973.0,Low
2024-01-08,AST020,51583.0,Normal
2024-01-08,AST022,35920.0,Low
2024-01-08,AST023,42600.67,Low
2024-01-08,AST026,61370.5,Normal
2024-01-08,AST027,83427.5,High
2024-01-08,AST028,71148.0,High
2024-01-08,AST029,43742.0,Low
2024-01-08,AST030,75267.0,High
2024-01-09,AST001,34421.0,Low
2024-01-09,AST002,29733.0,Low
2024-01-09,AST003,39053.0,Low
2024-01-09,AST004,71038.0,High
2024-01-09,AST005,42105.0,Low
2024-01-09,AST006,50239.33,Normal
2024-01-09,AST007,75542.0,High
2024-01-09,AST008,31516.0,Low
2024-01-09,AST009,46411.5,Low
2024-01-09,AST012,50335.0,Normal
2024-01-09,AST013,62342.0,Normal
2024-01-09,AST014,55318.0,Normal
2024-01-09,AST016,40401.0,Low
2024-01-09,AST020,60101.0,Normal
2024-01-09,AST022,33134.33,Low
2024-01-09,AST023,42408.0,Low
2024-01-09,AST025,54282.0,Normal
2024-01-09,AST026,66120.0,Normal
2024-01-09,AST028,76469.0,High
2024-01-10,AST001,34706.0,Low
2024-01-10,AST004,74392.0,High
2024-01-10,AST005,49311.0,Normal
2024-01-10,AST006,57946.0,Normal
2024-01-10,AST007,70099.0,High
2024-01-10,AST009,43480.67,Low
2024-01-10,AST013,65334.0,Normal
2024-01-10,AST014,55466.0,Normal
2024-01-10,AST015,26950.0,Low
2024-01-10,AST017,82328.0,High
2024-01-10,AST023,47662.0,Normal
2024-01-10,AST024,46201.0,Normal
2024-01-10,AST025,49879.0,Normal
2024-01-10,AST026,62545.0,Normal
2024-01-10,AST030,79025.0,High
2024-01-11,AST004,64935.0,Normal
2024-01-11,AST005,44476.0,Low
2024-01-11,AST006,54754.0,Normal
2024-01-11,AST007,74249.0,High
2024-01-11,AST009,43978.0,Low
2024-01-11,AST010,29199.0,Low
2024-01-11,AST013,58039.0,Normal
2024-01-11,AST014,53479.0,Normal
2024-01-11,AST015,27819.0,Low
2024-01-11,AST016,38936.0,Low
2024-01-11,AST017,75046.0,High
2024-01-11,AST018,78255.5,High
2024-01-11,AST019,28597.0,Low
2024-01-11,AST021,64127.0,Normal
2024-01-11,AST022,34210.5,Low
2024-01-11,AST024,44409.0,Low
2024-01-11,AST025,60117.0,Normal
2024-01-11,AST027,73602.0,High
2024-01-11,AST028,80499.0,High
2024-01-11,AST029,40000.0,Low
2024-01-11,AST030,81156.0,High
2024-01-12,AST001,38433.0,Low
2024-01-12,AST002,32492.0,Low
2024-01-12,AST003,43081.0,Low
2024-01-12,AST004,61060.0,Normal
2024-01-12,AST007,68372.5,High
2024-01-12,AST009,40062.0,Low
2024-01-12,AST011,76169.0,High
2024-01-12,AST012,51072.33,Normal
2024-01-12,AST014,56076.0,Normal
2024-01-12,AST015,27692.0,Low
2024-01-12,AST018,77355.5,High
2024-01-12,AST021,65673.0,Normal
2024-01-12,AST022,35603.0,Low
2024-01-12,AST029,40430.0,Low
2024-01-13,AST003,40699.5,Low
2024-01-13,AST005,48819.0,Normal
2024-01-13,AST006,54691.0,Normal
2024-01-13,AST007,64679.5,Normal
2024-01-13,AST010,28999.0,Low
2024-01-13,AST011,80791.0,High
2024-01-13,AST013,62550.0,Normal
2024-01-13,AST016,39227.0,Low
2024-01-13,AST020,52568.0,Normal
2024-01-13,AST023,43604.0,Low
2024-01-13,AST024,40600.0,Low
2024-01-13,AST025,55777.0,Normal
2024-01-13,AST026,66036.0,Normal
2024-01-14,AST001,38177.0,Low
2024-01-14,AST004,61627.0,Normal
2024-01-14,AST005,51783.0,Normal
2024-01-14,AST009,44836.0,Low
2024-01-14,AST010,30745.0,Low
2024-01-14,AST013,66172.0,Normal
2024-01-14,AST014,55753.0,Normal
2024-01-14,AST015,25975.0,Low
2024-01-14,AST016,40010.0,Low
2024-01-14,AST020,50092.0,Normal
2024-01-14,AST021,67602.33,Normal
2024-01-14,AST025,56992.0,Normal
2024-01-14,AST027,76702.0,High
2024-01-14,AST028,76650.33,High
2024-01-14,AST029,40985.0,Low
2024-01-14,AST030,67585.0,Normal
2024-01-15,AST001,35443.0,Low
2024-01-15,AST002,34314.0,Low
2024-01-15,AST004,69528.0,High
2024-01-15,AST005,47536.0,Normal
2024-01-15,AST008,32554.0,Low
2024-01-15,AST011,79707.0,High
2024-01-15,AST012,48653.0,Normal
2024-01-15,AST013,59721.0,Normal
2024-01-15,AST015,28112.0,Low
2024-01-15,AST018,65436.0,Normal
2024-01-15,AST020,50249.0,Normal
2024-01-15,AST022,32997.5,Low
2024-01-15,AST023,44065.0,Low
2024-01-15,AST024,46740.0,Normal
2024-01-15,AST026,62217.0,Normal
2024-01-15,AST027,80394.0,High
2024-01-15,AST028,74857.0,High
2024-01-15,AST029,44749.0,Low
2024-01-15,AST030,76193.0,High
2024-01-16,AST001,34336.0,Low
2024-01-16,AST004,75038.0,High
2024-01-16,AST005,47842.0,Normal
2024-01-16,AST007,76664.0,High
2024-01-16,AST008,28727.0,Low
2024-01-16,AST009,44236.0,Low
2024-01-16,AST010,29974.0,Low
2024-01-16,AST011,76783.0,High
2024-01-16,AST012,52834.0,Normal
2024-01-16,AST015,25958.5,Low
2024-01-16,AST016,39211.0,Low
2024-01-16,AST019,28288.0,Low
2024-01-16,AST020,53560.0,Normal
2024-01-16,AST021,72085.0,High
2024-01-16,AST022,39282.0,Low
2024-01-16,AST023,40928.0,Low
2024-01-16,AST027,77825.5,High
2024-01-16,AST028,74596.0,High
2024-01-16,AST029,42213.0,Low
2024-01-16,AST030,81789.0,High
2024-01-17,AST001,35012.5,Low
2024-01-17,AST002,30620.0,Low
2024-01-17,AST009,44194.33,Low
2024-01-17,AST011,80187.0,High
2024-01-17,AST012,48106.0,Normal
2024-01-17,AST015,27107.5,Low
2024-01-17,AST018,77952.0,High
2024-01-17,AST022,35865.0,Low
2024-01-17,AST023,43894.0,Low
2024-01-17,AST029,44576.0,Low
2024-01-17,AST030,77335.0,High
2024-01-18,AST001,37500.0,Low
2024-01-18,AST002,29776.0,Low
2024-01-18,AST004,68868.0,Normal
2024-01-18,AST008,32480.0,Low
2024-01-18,AST011,87300.0,High
2024-01-18,AST012,46779.67,Normal
2024-01-18,AST014,58424.0,Normal
2024-01-18,AST018,70078.5,High
2024-01-18,AST020,52071.0,Normal
2024-01-18,AST023,45982.33,Normal
2024-01-18,AST028,79976.0,High
2024-01-18,AST030,79086.0,High
2024-01-19,AST001,38643.5,Low
2024-01-19,AST003,38342.0,Low
2024-01-19,AST009,42492.0,Low
2024-01-19,AST011,76471.0,High
2024-01-19,AST012,55497.0,Normal
2024-01-19,AST013,57799.0,Normal
2024-01-19,AST017,73021.0,High
2024-01-19,AST019,31216.5,Low
2024-01-19,AST025,51617.0,Normal
2024-01-19,AST027,77706.0,High
2024-01-19,AST028,71478.0,High
2024-01-19,AST029,40008.5,Low
2024-01-19,AST030,80260.0,High
2024-01-20,AST001,38235.0,Low
2024-01-20,AST002,31937.0,Low
2024-01-20,AST003,41308.0,Low
2024-01-20,AST004,75861.0,High
2024-01-20,AST005,47843.0,Normal
2024-01-20,AST006,51929.0,Normal
2024-01-20,AST007,72251.0,High
2024-01-20,AST008,31293.0,Low
2024-01-20,AST009,47017.0,Normal
2024-01-20,AST010,28185.0,Low
2024-01-20,AST015,27734.0,Low
2024-01-20,AST017,71949.0,High
2024-01-20,AST018,77035.0,High
2024-01-20,AST019,27175.0,Low
2024-01-20,AST022,31058.0,Low
2024-01-20,AST025,51178.0,Normal
2024-01-21,AST001,37108.0,Low
2024-01-21,AST002,31387.0,Low
2024-01-21,AST005,45966.0,Normal
2024-01-21,AST006,48184.0,Normal
2024-01-21,AST008,32003.0,Low
2024-01-21,AST010,27024.0,Low
2024-01-21,AST013,63922.0,Normal
2024-01-21,AST014,53648.0,Normal
2024-01-21,AST015,28682.0,Low
2024-01-21,AST016,37032.0,Low
2024-01-21,AST017,69853.0,Normal
2024-01-21,AST018,75655.5,High
2024-01-21,AST021,69775.0,Normal
2024-01-21,AST022,32112.0,Low
2024-01-21,AST023,42378.0,Low
2024-01-21,AST024,45379.5,Low
2024-01-21,AST025,53549.0,Normal
2024-01-21,AST027,79611.0,High
2024-01-21,AST029,41712.0,Low
2024-01-22,AST002,33466.5,Low
2024-01-22,AST003,41980.0,Low
2024-01-22,AST007,69566.0,Normal
2024-01-22,AST008,32851.0,Low
2024-01-22,AST009,43842.0,Low
2024-01-22,AST011,75682.0,High
2024-01-22,AST012,54387.0,Normal
2024-01-22,AST013,58988.0,Normal
2024-01-22,AST014,53707.0,Normal
2024-01-22,AST015,29055.0,Low
2024-01-22,AST016,38337.33,Low
2024-01-22,AST017,72474.5,High
2024-01-22,AST019,28049.0,Low
2024-01-22,AST020,50187.0,Normal
2024-01-22,AST021,69559.0,Normal
2024-01-22,AST022,33316.0,Low
2024-01-22,AST025,52810.0,Normal
2024-01-22,AST028,77822.0,High
2024-01-22,AST030,79131.5,High
2024-01-23,AST002,29786.0,Low
2024-01-23,AST009,48575.0,Normal
2024-01-23,AST010,27944.0,Low
2024-01-23,AST013,54019.0,Normal
2024-01-23,AST014,54316.5,Normal
2024-01-23,AST015,26276.0,Low
2024-01-23,AST017,73827.0,High
2024-01-23,AST018,75973.5,High
2024-01-23,AST019,28825.0,Low
2024-01-23,AST023,44176.0,Low
2024-01-23,AST024,50335.0,Normal
2024-01-23,AST025,53706.0,Normal
2024-01-23,AST026,66061.0,Normal
2024-01-23,AST027,74660.0,High
2024-01-24,AST003,42374.5,Low
2024-01-24,AST004,71235.0,High
2024-01-24,AST005,45406.0,Normal
2024-01-24,AST007,70954.0,High
2024-01-24,AST010,31502.0,Low
2024-01-24,AST012,50131.0,Normal
2024-01-24,AST015,26933.5,Low
2024-01-24,AST016,35440.0,Low
2024-01-24,AST017,74549.5,High
2024-01-24,AST020,52678.0,Normal
2024-01-24,AST021,67908.0,Normal
2024-01-24,AST024,50818.0,Normal
2024-01-24,AST025,56365.67,Normal
2024-01-24,AST026,66848.0,Normal
2024-01-24,AST027,82934.0,High
2024-01-24,AST029,41786.0,Low
2024-01-25,AST001,37769.0,Low
2024-01-25,AST002,28293.0,Low
2024-01-25,AST003,41070.0,Low
2024-01-25,AST008,33038.67,Low
2024-01-25,AST010,28196.0,Low
2024-01-25,AST014,61146.0,Normal
2024-01-25,AST016,40497.0,Low
2024-01-25,AST018,77625.5,High
2024-01-25,AST019,29517.0,Low
2024-01-25,AST020,53664.0,Normal
2024-01-25,AST022,35068.0,Low
2024-01-25,AST025,59712.0,Normal
2024-01-25,AST027,81155.0,High
2024-01-26,AST001,39792.0,Low
2024-01-26,AST002,29155.0,Low
2024-01-26,AST004,71499.0,High
2024-01-26,AST007,67850.0,Normal
2024-01-26,AST010,30873.0,Low
2024-01-26,AST011,82155.0,High
2024-01-26,AST013,60750.0,Normal
2024-01-26,AST014,53963.0,Normal
2024-01-26,AST018,77304.0,High
2024-01-26,AST019,29047.33,Low
2024-01-26,AST021,70874.0,High
2024-01-26,AST022,35349.0,Low
2024-01-26,AST024,44599.0,Low
2024-01-26,AST026,64138.5,Normal
2024-01-26,AST028,75948.0,High
2024-01-27,AST004,74056.0,High
2024-01-27,AST006,55140.0,Normal
2024-01-27,AST007,74457.0,High
2024-01-27,AST008,31018.5,Low
2024-01-27,AST009,43012.0,Low
2024-01-27,AST010,28762.0,Low
2024-01-27,AST011,85591.0,High
2024-01-27,AST012,51232.0,Normal
2024-01-27,AST013,61449.0,Normal
2024-01-27,AST014,57305.0,Normal
2024-01-27,AST016,39402.0,Low
2024-01-27,AST017,70944.0,High
2024-01-27,AST018,81132.0,High
2024-01-27,AST020,55548.0,Normal
2024-01-27,AST021,61478.0,Normal
2024-01-27,AST022,26259.0,Low
2024-01-27,AST023,45829.0,Normal
2024-01-27,AST024,46485.0,Normal
2024-01-27,AST026,65916.0,Normal
2024-01-27,AST027,83989.0,High
2024-01-27,AST028,78116.5,High
2024-01-27,AST030,86067.0,High
2024-01-28,AST003,40895.0,Low
2024-01-28,AST004,64630.0,Normal
2024-01-28,AST005,46176.5,Low
2024-01-28,AST010,28219.0,Low
2024-01-28,AST012,47360.0,Normal
2024-01-28,AST014,56564.5,Normal
2024-01-28,AST015,27083.67,Low
2024-01-28,AST016,39658.5,Low
2024-01-28,AST017,66731.0,Normal
2024-01-28,AST020,52877.33,Normal
2024-01-28,AST021,68736.0,Normal
2024-01-28,AST024,44644.0,Low
2024-01-28,AST026,65138.0,Normal
2024-01-28,AST027,77006.0,High
2024-01-28,AST028,78302.0,High
2024-01-28,AST030,78620.0,High
2024-01-29,AST001,37076.0,Low
2024-01-29,AST003,43107.5,Low
2024-01-29,AST004,70313.0,High
2024-01-29,AST005,50521.0,Normal
2024-01-29,AST009,39870.0,Low
2024-01-29,AST014,62546.0,Normal
2024-01-29,AST015,26208.5,Low
2024-01-29,AST016,36118.0,Low
2024-01-29,AST017,69862.5,High
2024-01-29,AST018,80452.0,High
2024-01-29,AST019,25648.0,Low
2024-01-29,AST020,47143.0,Normal
2024-01-29,AST022,32157.0,Low
2024-01-29,AST024,46435.0,Normal
2024-01-29,AST025,56277.0,Normal
2024-01-29,AST026,66689.5,High
2024-01-29,AST027,80710.5,High
2024-01-29,AST029,42627.5,Low
2024-01-29,AST030,77419.67,High
2024-01-30,AST003,44453.0,Low
2024-01-30,AST004,69678.0,Normal
2024-01-30,AST005,48481.0,Normal
2024-01-30,AST008,32428.0,Low
2024-01-30,AST009,42423.5,Low
2024-01-30,AST011,81651.5,High
2024-01-30,AST013,59406.0,Normal
2024-01-30,AST014,53763.5,Normal
2024-01-30,AST015,27937.5,Low
2024-01-30,AST018,71432.0,High
2024-01-30,AST019,31119.0,Low
2024-01-30,AST020,55589.0,Normal
2024-01-30,AST021,66422.5,Normal
2024-01-30,AST023,43074.0,Low
2024-01-30,AST026,58150.0,Normal
2024-01-30,AST027,85116.5,High
2024-01-30,AST028,83684.0,High
2024-01-30,AST029,41264.25,Low
2024-01-31,AST001,38137.0,Low
2024-01-31,AST002,31471.0,Low
2024-01-31,AST005,47149.0,Normal
2024-01-31,AST010,28517.0,Low
2024-01-31,AST013,58153.5,Normal
2024-01-31,AST016,40469.0,Low
2024-01-31,AST017,74950.0,High
2024-01-31,AST018,76891.0,High
2024-01-31,AST019,30371.0,Low
2024-01-31,AST020,46322.0,Normal
2024-01-31,AST021,66351.0,Normal
2024-01-31,AST022,32085.0,Low
2024-01-31,AST024,47621.0,Normal
2024-01-31,AST026,65340.0,Normal
2024-01-31,AST027,73929.0,High
2024-01-31,AST028,72747.0,High
2024-01-31,AST030,82177.0,High
2024-02-01,AST001,34607.0,Low
2024-02-01,AST002,30505.5,Low
2024-02-01,AST003,45910.0,Normal
2024-02-01,AST005,46979.0,Normal
2024-02-01,AST007,77785.0,High
2024-02-01,AST009,41918.0,Low
2024-02-01,AST011,87649.0,High
2024-02-01,AST012,49943.0,Normal
2024-02-01,AST013,60296.0,Normal
2024-02-01,AST014,61611.0,Normal
2024-02-01,AST019,30876.33,Low
2024-02-01,AST020,57037.0,Normal
2024-02-01,AST022,34440.0,Low
2024-02-01,AST023,46940.0,Normal
2024-02-01,AST026,71550.0,High
2024-02-01,AST027,81776.0,High
2024-02-01,AST030,74580.0,High
2024-02-02,AST001,38917.67,Low
2024-02-02,AST002,30006.0,Low
2024-02-02,AST003,38832.5,Low
2024-02-02,AST004,65530.0,Normal
2024-02-02,AST005,48450.5,Normal
2024-02-02,AST006,55002.8,Normal
2024-02-02,AST007,69664.0,Normal
2024-02-02,AST008,31867.0,Low
2024-02-02,AST009,46215.5,Normal
2024-02-02,AST010,29820.33,Low
2024-02-02,AST012,50352.5,Normal
2024-02-02,AST013,60676.5,Normal
2024-02-02,AST014,58924.5,Normal
2024-02-02,AST015,27277.0,Low
2024-02-02,AST016,36731.0,Low
2024-02-02,AST017,74501.0,High
2024-02-02,AST019,29562.0,Low
2024-02-02,AST023,46536.0,Normal
2024-02-02,AST026,61115.0,Normal
2024-02-02,AST029,45635.0,Normal
2024-02-02,AST030,79318.0,High
2024-02-03,AST001,37163.5,Low
2024-02-03,AST002,30005.5,Low
2024-02-03,AST003,39772.0,Low
2024-02-03,AST005,48118.0,Normal
2024-02-03,AST007,73827.0,High
2024-02-03,AST008,32841.0,Low
2024-02-03,AST011,83573.0,High
2024-02-03,AST012,48938.0,Normal
2024-02-03,AST013,64224.33,Normal
2024-02-03,AST015,26061.5,Low
2024-02-03,AST016,40589.33,Low
2024-02-03,AST017,75708.0,High
2024-02-03,AST019,30403.0,Low
2024-02-03,AST025,55026.0,Normal
2024-02-03,AST026,61114.5,Normal
2024-02-03,AST028,75381.0,High
2024-02-04,AST001,37104.0,Low
2024-02-04,AST002,32615.0,Low
2024-02-04,AST004,69244.0,Normal
2024-02-04,AST005,48043.5,Low
2024-02-04,AST008,34088.0,Low
2024-02-04,AST009,42886.5,Low
2024-02-04,AST012,50940.0,Normal
2024-02-04,AST014,58469.0,Normal
2024-02-04,AST020,55068.0,Normal
2024-02-04,AST021,69320.0,Normal
2024-02-04,AST022,34884.0,Low
2024-02-04,AST023,40776.0,Low
2024-02-04,AST024,47764.0,Normal
2024-02-04,AST025,53878.0,Normal
2024-02-04,AST029,41933.0,Low
2024-02-05,AST002,29941.0,Low
2024-02-05,AST004,75286.0,High
2024-02-05,AST006,53374.0,Normal
2024-02-05,AST007,78305.0,High
2024-02-05,AST008,34649.0,Low
2024-02-05,AST012,51711.0,Normal
2024-02-05,AST013,61281.0,Normal
2024-02-05,AST015,26558.0,Low
2024-02-05,AST016,39299.0,Low
2024-02-05,AST017,70531.5,High
2024-02-05,AST018,75351.0,High
2024-02-05,AST019,28237.5,Low
2024-02-05,AST020,49807.0,Normal
2024-02-05,AST024,48809.0,Normal
2024-02-05,AST025,57734.0,Normal
2024-02-05,AST030,75468.5,High
2024-02-06,AST001,36389.0,Low
2024-02-06,AST003,41519.0,Low
2024-02-06,AST009,44220.0,Low
2024-02-06,AST013,60281.33,Normal
2024-02-06,AST015,27981.0,Low
2024-02-06,AST017,75892.0,High
2024-02-06,AST020,53523.5,Normal
2024-02-06,AST022,34063.0,Low
2024-02-06,AST023,42441.0,Low
2024-02-06,AST024,47747.0,Normal
2024-02-06,AST025,58544.0,Normal
2024-02-06,AST027,80286.0,High
2024-02-06,AST029,39399.0,Low
2024-02-06,AST030,83504.0,High
2024-02-07,AST005,48930.5,Normal
2024-02-07,AST008,31733.0,Low
2024-02-07,AST011,76911.0,High
2024-02-07,AST012,55051.0,Normal
2024-02-07,AST013,66679.5,High
2024-02-07,AST014,61841.0,Normal
2024-02-07,AST015,26600.0,Low
2024-02-07,AST016,39860.0,Low
2024-02-07,AST019,31590.0,Low
2024-02-07,AST020,55402.0,Normal
2024-02-07,AST022,34344.0,Low
2024-02-07,AST023,39834.0,Low
2024-02-07,AST024,46383.5,Normal
2024-02-07,AST026,69958.0,Normal
2024-02-07,AST028,80181.0,High
2024-02-08,AST001,33199.0,Low
2024-02-08,AST002,34059.0,Low
2024-02-08,AST004,68583.0,Normal
2024-02-08,AST005,46838.0,Normal
2024-02-08,AST007,67586.0,Normal
2024-02-08,AST009,44403.0,Low
2024-02-08,AST011,76376.0,High
2024-02-08,AST012,52380.5,Normal
2024-02-08,AST013,63931.0,Normal
2024-02-08,AST014,51412.0,Normal
2024-02-08,AST015,26622.0,Low
2024-02-08,AST016,41150.0,Low
2024-02-08,AST017,72236.0,High
2024-02-08,AST019,28069.0,Low
2024-02-08,AST020,56220.0,Normal
2024-02-08,AST021,70808.0,High
2024-02-08,AST022,37436.0,Low
2024-02-08,AST023,46142.0,Normal
2024-02-08,AST026,66595.0,Normal
2024-02-08,AST029,44038.0,Low
2024-02-09,AST002,31403.0,Low
2024-02-09,AST005,44705.0,Low
2024-02-09,AST006,46942.0,Normal
2024-02-09,AST008,32863.0,Low
2024-02-09,AST011,78089.25,High
2024-02-09,AST012,51381.0,Normal
2024-02-09,AST014,52632.0,Normal
2024-02-09,AST017,69811.5,High
2024-02-09,AST018,79638.0,High
2024-02-09,AST019,27982.0,Low
2024-02-09,AST020,49382.0,Normal
2024-02-09,AST021,66193.0,Normal
2024-02-09,AST022,36203.0,Low
2024-02-09,AST023,43802.0,Low
2024-02-09,AST024,48492.0,Normal
2024-02-09,AST026,61211.5,Normal
2024-02-09,AST028,78020.0,High
2024-02-09,AST029,41410.0,Low
2024-02-10,AST003,39801.0,Low
2024-02-10,AST004,70709.0,High
2024-02-10,AST006,49935.0,Normal
2024-02-10,AST008,34738.0,Low
2024-02-10,AST010,30443.5,Low
2024-02-10,AST015,24690.0,Low
2024-02-10,AST016,39188.0,Low
2024-02-10,AST017,75391.0,High
2024-02-10,AST020,56803.0,Normal
2024-02-10,AST022,36664.0,Low
2024-02-10,AST023,43488.0,Low
2024-02-10,AST026,69123.0,Normal
2024-02-10,AST029,39468.0,Low
2024-02-10,AST030,76435.0,High
2024-02-11,AST001,39242.0,Low
2024-02-11,AST004,66024.0,Normal
2024-02-11,AST008,34895.0,Low
2024-02-11,AST009,46818.0,Normal
2024-02-11,AST013,64483.0,Normal
2024-02-11,AST014,52720.5,Normal
2024-02-11,AST015,25755.0,Low
2024-02-11,AST018,75808.0,High
2024-02-11,AST020,52074.5,Normal
2024-02-11,AST022,33142.0,Low
2024-02-11,AST023,44661.0,Low
2024-02-11,AST024,44934.0,Low
2024-02-11,AST025,50419.0,Normal
2024-02-11,AST026,64199.0,Normal
2024-02-11,AST027,83358.0,High
2024-02-11,AST029,41213.0,Low
2024-02-12,AST004,69542.0,High
2024-02-12,AST006,54837.5,Normal
2024-02-12,AST007,74117.0,High
2024-02-12,AST008,31269.0,Low
2024-02-12,AST011,77018.0,High
2024-02-12,AST012,50175.0,Normal
2024-02-12,AST013,64469.0,Normal
2024-02-12,AST014,57385.33,Normal
2024-02-12,AST018,84330.0,High
2024-02-12,AST019,29071.0,Low
2024-02-12,AST020,54150.5,Normal
2024-02-12,AST021,69265.0,Normal
2024-02-12,AST024,45935.0,Normal
2024-02-12,AST025,56946.0,Normal
2024-02-12,AST026,71239.0,High
2024-02-12,AST028,73538.0,High
2024-02-12,AST030,82875.5,High
2024-02-13,AST001,35595.0,Low
2024-02-13,AST003,42342.0,Low
2024-02-13,AST005,45324.0,Low
2024-02-13,AST011,84459.0,High
2024-02-13,AST012,50986.0,Normal
2024-02-13,AST014,54776.0,Normal
2024-02-13,AST021,62316.0,Normal
2024-02-13,AST023,45807.0,Normal
2024-02-13,AST027,84954.0,High
2024-02-13,AST029,43079.0,Low
2024-02-14,AST001,41605.0,Low
2024-02-14,AST002,31267.67,Low
2024-02-14,AST003,41193.0,Low
2024-02-14,AST005,46052.0,Normal
2024-02-14,AST006,58595.0,Normal
2024-02-14,AST010,31556.0,Low
2024-02-14,AST011,73796.0,High
2024-02-14,AST012,52875.0,Normal
2024-02-14,AST013,62578.0,Normal
2024-02-14,AST015,27419.0,Low
2024-02-14,AST019,29734.5,Low
2024-02-14,AST022,34381.0,Low
2024-02-14,AST024,45912.0,Normal
2024-02-14,AST025,58972.5,Normal
2024-02-14,AST026,65354.0,Normal
2024-02-14,AST027,79364.0,High
2024-02-14,AST028,81607.0,High
2024-02-14,AST030,76287.5,High
2024-02-15,AST003,41089.0,Low
2024-02-15,AST005,46626.0,Normal
2024-02-15,AST006,53472.0,Normal
2024-02-15,AST007,77183.0,High
2024-02-15,AST010,29320.0,Low
2024-02-15,AST011,80897.5,High
2024-02-15,AST013,63029.0,Normal
2024-02-15,AST014,55495.0,Normal
2024-02-15,AST016,41910.0,Low
2024-02-15,AST020,51729.33,Normal
2024-02-15,AST022,37973.5,Low
2024-02-15,AST023,43975.0,Low
2024-02-15,AST025,60814.0,Normal
2024-02-15,AST026,57179.0,Normal
2024-02-15,AST028,69832.0,Normal
2024-02-15,AST030,88177.0,High
2024-02-16,AST003,40686.0,Low
2024-02-16,AST004,73896.0,High
2024-02-16,AST005,50489.0,Normal
2024-02-16,AST007,73887.33,High
2024-02-16,AST008,32337.0,Low
2024-02-16,AST013,63252.0,Normal
2024-02-16,AST014,58446.0,Normal
2024-02-16,AST016,38312.5,Low
2024-02-16,AST017,72344.0,High
2024-02-16,AST018,77155.0,High
2024-02-16,AST019,27511.0,Low
2024-02-16,AST020,51859.0,Normal
2024-02-16,AST021,70868.0,High
2024-02-16,AST023,45212.0,Normal
2024-02-16,AST025,61109.0,Normal
2024-02-16,AST028,70229.0,High
2024-02-16,AST029,39521.0,Low
2024-02-16,AST030,77718.0,High
2024-02-17,AST001,37111.0,Low
2024-02-17,AST004,66257.0,Normal
2024-02-17,AST007,75832.0,High
2024-02-17,AST008,31087.0,Low
2024-02-17,AST010,31270.0,Low
2024-02-17,AST011,80262.0,High
2024-02-17,AST012,52784.5,Normal
2024-02-17,AST014,61584.0,Normal
2024-02-17,AST017,73269.5,High
2024-02-17,AST018,78698.0,High
2024-02-17,AST021,64326.0,Normal
2024-02-17,AST022,34457.5,Low
2024-02-17,AST023,44255.0,Low
2024-02-17,AST024,46486.0,Normal
2024-02-17,AST026,57132.0,Normal
2024-02-17,AST029,38168.0,Low
2024-02-18,AST002,32239.0,Low
2024-02-18,AST006,52133.0,Normal
2024-02-18,AST008,31634.0,Low
2024-02-18,AST009,44677.0,Low
2024-02-18,AST010,28253.5,Low
2024-02-18,AST011,76598.5,High
2024-02-18,AST012,48292.0,Normal
2024-02-18,AST013,65648.0,Normal
2024-02-18,AST015,29400.5,Low
2024-02-18,AST016,35842.0,Low
2024-02-18,AST019,29258.0,Low
2024-02-18,AST022,32647.0,Low
2024-02-18,AST023,42051.0,Low
2024-02-18,AST027,85641.0,High
2024-02-18,AST028,80325.33,High
2024-02-18,AST029,39402.0,Low
2024-02-19,AST003,42610.0,Low
2024-02-19,AST005,48774.0,Normal
2024-02-19,AST007,72585.0,High
2024-02-19,AST008,31065.0,Low
2024-02-19,AST009,49990.0,Normal
2024-02-19,AST013,66570.0,Normal
2024-02-19,AST015,28906.0,Low
2024-02-19,AST016,40114.0,Low
2024-02-19,AST017,75462.0,High
2024-02-19,AST019,30565.0,Low
2024-02-19,AST022,38840.0,Low
2024-02-19,AST025,56015.5,Normal
2024-02-19,AST026,62015.0,Normal
2024-02-19,AST027,85062.0,High
2024-02-19,AST028,90337.0,High
2024-02-20,AST001,37630.0,Low
2024-02-20,AST004,73047.0,High
2024-02-20,AST006,52651.0,Normal
2024-02-20,AST010,29746.0,Low
2024-02-20,AST011,86955.0,High
2024-02-20,AST013,61571.0,Normal
2024-02-20,AST014,55381.0,Normal
2024-02-20,AST016,39359.0,Low
2024-02-20,AST017,73292.75,High
2024-02-20,AST019,29844.0,Low
2024-02-20,AST022,35359.0,Low
2024-02-20,AST023,45327.5,Low
2024-02-20,AST025,59732.0,Normal
2024-02-20,AST026,61257.5,Normal
2024-02-20,AST028,78924.0,High
2024-02-21,AST001,41145.0,Low
2024-02-21,AST005,47247.0,Normal
2024-02-21,AST007,68457.0,Normal
2024-02-21,AST008,32789.0,Low
2024-02-21,AST011,81310.67,High
2024-02-21,AST013,61325.0,Normal
2024-02-21,AST017,71446.0,High
2024-02-21,AST018,78464.0,High
2024-02-21,AST019,28601.0,Low
2024-02-21,AST020,47935.0,Normal
2024-02-21,AST023,43700.33,Low
2024-02-21,AST024,47807.67,Normal
2024-02-21,AST026,61715.5,Normal
2024-02-21,AST027,87166.0,High
2024-02-21,AST028,83866.0,High
2024-02-21,AST029,42571.0,Low
2024-02-22,AST004,71546.0,High
2024-02-22,AST005,49915.0,Normal
2024-02-22,AST008,30541.0,Low
2024-02-22,AST009,40999.0,Low
2024-02-22,AST010,30335.5,Low
2024-02-22,AST011,92445.0,High
2024-02-22,AST012,56275.0,Normal
2024-02-22,AST014,56212.0,Normal
2024-02-22,AST015,28832.5,Low
2024-02-22,AST018,76278.0,High
2024-02-22,AST019,29623.5,Low
2024-02-22,AST020,51758.0,Normal
2024-02-22,AST021,65994.0,Normal
2024-02-22,AST024,45616.0,Low
2024-02-22,AST025,61489.0,Normal
2024-02-22,AST027,85157.0,High
2024-02-22,AST030,81243.0,High
2024-02-23,AST001,35356.0,Low
2024-02-23,AST002,33980.0,Low
2024-02-23,AST004,70303.0,High
2024-02-23,AST006,54815.5,Normal
2024-02-23,AST007,71426.0,High
2024-02-23,AST008,31192.0,Low
2024-02-23,AST011,80904.0,High
2024-02-23,AST018,79972.0,High
2024-02-23,AST019,31570.0,Low
2024-02-23,AST020,53347.0,Normal
2024-02-23,AST022,35950.5,Low
2024-02-23,AST023,43508.0,Low
2024-02-23,AST025,55163.0,Normal
2024-02-23,AST028,70708.0,High
2024-02-24,AST002,32483.0,Low
2024-02-24,AST003,42280.5,Low
2024-02-24,AST004,74302.5,High
2024-02-24,AST005,52471.0,Normal
2024-02-24,AST006,55108.0,Normal
2024-02-24,AST007,73616.0,High
2024-02-24,AST008,33244.5,Low
2024-02-24,AST010,29460.67,Low
2024-02-24,AST011,88024.0,High
2024-02-24,AST013,62296.0,Normal
2024-02-24,AST017,70125.0,High
2024-02-24,AST018,75395.5,High
2024-02-24,AST021,70130.5,High
2024-02-24,AST022,34736.0,Low
2024-02-24,AST023,41514.0,Low
2024-02-24,AST024,46814.0,Normal
2024-02-24,AST025,58415.5,Normal
2024-02-24,AST027,82694.0,High
2024-02-24,AST029,37719.0,Low
2024-02-24,AST030,74621.0,High
2024-02-25,AST001,37413.0,Low
2024-02-25,AST002,30867.0,Low
2024-02-25,AST003,40037.5,Low
2024-02-25,AST004,63316.0,Normal
2024-02-25,AST005,47059.0,Normal
2024-02-25,AST008,34811.0,Low
2024-02-25,AST009,48316.0,Normal
2024-02-25,AST010,29083.0,Low
2024-02-25,AST011,83820.0,High
2024-02-25,AST013,61409.67,Normal
2024-02-25,AST014,64008.0,Normal
2024-02-25,AST018,70910.5,High
2024-02-25,AST020,50169.0,Normal
2024-02-25,AST022,31277.0,Low
2024-02-25,AST023,42963.0,Low
2024-02-25,AST024,45024.0,Normal
2024-02-25,AST026,65368.0,Normal
2024-02-25,AST028,80799.0,High
2024-02-25,AST029,45266.0,Normal
2024-02-26,AST002,32524.5,Low
2024-02-26,AST003,42565.5,Low
2024-02-26,AST005,47318.5,Normal
2024-02-26,AST009,47912.0,Normal
2024-02-26,AST010,29355.0,Low
2024-02-26,AST011,75131.0,High
2024-02-26,AST013,62550.0,Normal
2024-02-26,AST015,24795.0,Low
2024-02-26,AST017,74055.0,High
2024-02-26,AST021,61184.0,Normal
2024-02-26,AST022,36565.0,Low
2024-02-26,AST023,43239.0,Low
2024-02-26,AST024,46185.0,Normal
2024-02-26,AST026,63697.0,Normal
2024-02-26,AST027,84396.0,High
2024-02-26,AST028,78549.0,High
2024-02-26,AST030,81378.0,High
2024-02-27,AST002,29689.5,Low
2024-02-27,AST003,41239.0,Low
2024-02-27,AST005,45568.33,Normal
2024-02-27,AST008,30957.0,Low
2024-02-27,AST010,29761.0,Low
2024-02-27,AST013,65878.0,Normal
2024-02-27,AST014,56854.5,Normal
2024-02-27,AST015,27425.0,Low
2024-02-27,AST020,53650.0,Normal
2024-02-27,AST022,35215.5,Low
2024-02-27,AST023,37898.0,Low
2024-02-27,AST026,66887.0,Normal
2024-02-27,AST027,82561.0,High
2024-02-27,AST028,72524.0,High
2024-02-27,AST029,38894.0,Low
2024-02-28,AST001,36120.0,Low
2024-02-28,AST002,31279.0,Low
2024-02-28,AST004,71690.75,High
2024-02-28,AST005,46926.0,Normal
2024-02-28,AST007,70884.0,High
2024-02-28,AST008,30052.0,Low
2024-02-28,AST009,42892.0,Low
2024-02-28,AST010,26424.0,Low
2024-02-28,AST011,72999.0,High
2024-02-28,AST012,50334.0,Normal
2024-02-28,AST014,54603.0,Normal
2024-02-28,AST017,77679.0,High
2024-02-28,AST018,80880.0,High
2024-02-28,AST019,31717.0,Low
2024-02-28,AST020,54754.0,Normal
2024-02-28,AST023,42388.0,Low
2024-02-28,AST027,66593.0,Normal
2024-02-28,AST028,80605.67,High
2024-02-28,AST030,76368.0,High
2024-02-29,AST002,31844.0,Low
2024-02-29,AST003,40693.5,Low
2024-02-29,AST004,70747.5,High
2024-02-29,AST005,44457.0,Low
2024-02-29,AST007,64991.0,Normal
2024-02-29,AST008,31667.33,Low
2024-02-29,AST009,45402.33,Low
2024-02-29,AST010,29883.5,Low
2024-02-29,AST011,79590.0,High
2024-02-29,AST012,50638.0,Normal
2024-02-29,AST014,56124.5,Normal
2024-02-29,AST015,27763.0,Low
2024-02-29,AST016,40600.0,Low
2024-02-29,AST021,71676.5,High
2024-02-29,AST022,36358.5,Low
2024-02-29,AST024,50647.0,Normal
2024-02-29,AST025,58002.67,Normal
2024-02-29,AST026,64481.0,Normal
2024-02-29,AST029,37830.0,Low
2024-02-29,AST030,80759.0,High
2024-03-01,AST004,71891.67,Normal
2024-03-01,AST005,49761.0,Normal
2024-03-01,AST008,31307.0,Low
2024-03-01,AST009,43109.0,Low
2024-03-01,AST014,58711.0,Normal
2024-03-01,AST018,76009.0,High
2024-03-01,AST020,51817.4,Normal
2024-03-01,AST022,34381.5,Low
2024-03-01,AST023,41512.0,Low
2024-03-01,AST024,48368.0,Normal
2024-03-01,AST025,55132.0,Normal
2024-03-01,AST027,83873.0,High
2024-03-01,AST030,74258.0,High
2024-03-02,AST003,39440.5,Low
2024-03-02,AST004,73429.0,High
2024-03-02,AST005,50360.0,Normal
2024-03-02,AST008,34446.0,Low
2024-03-02,AST010,29036.0,Low
2024-03-02,AST011,83854.0,High
2024-03-02,AST015,26920.0,Low
2024-03-02,AST016,42649.0,Low
2024-03-02,AST019,30910.0,Low
2024-03-02,AST021,64186.5,Normal
2024-03-02,AST023,46175.0,Normal
2024-03-02,AST024,51562.0,Normal
2024-03-02,AST025,54009.0,Normal
2024-03-02,AST026,58022.0,Normal
2024-03-03,AST001,37881.33,Low
2024-03-03,AST003,42596.0,Low
2024-03-03,AST007,71638.5,High
2024-03-03,AST008,32995.0,Low
2024-03-03,AST009,44747.0,Low
2024-03-03,AST010,31169.0,Low
2024-03-03,AST011,77117.0,High
2024-03-03,AST013,65920.0,Normal
2024-03-03,AST014,51641.0,Normal
2024-03-03,AST015,23253.0,Low
2024-03-03,AST021,71885.0,High
2024-03-03,AST024,46744.0,Normal
2024-03-04,AST001,38735.0,Low
2024-03-04,AST003,42973.0,Low
2024-03-04,AST009,45393.0,Low
2024-03-04,AST011,78029.0,High
2024-03-04,AST012,52235.0,Normal
2024-03-04,AST013,58036.0,Normal
2024-03-04,AST014,60837.0,Normal
2024-03-04,AST015,27992.0,Low
2024-03-04,AST018,71384.0,High
2024-03-04,AST020,57324.0,Normal
2024-03-04,AST021,71719.0,High
2024-03-04,AST025,61100.0,Normal
2024-03-04,AST027,79979.5,High
2024-03-04,AST028,83937.0,High
2024-03-04,AST029,40926.0,Low
2024-03-04,AST030,88856.0,High
2024-03-05,AST001,39171.5,Low
2024-03-05,AST002,34433.0,Low
2024-03-05,AST005,46620.0,Normal
2024-03-05,AST008,33303.0,Low
2024-03-05,AST011,79538.0,High
2024-03-05,AST012,53747.0,Normal
2024-03-05,AST013,59518.5,Normal
2024-03-05,AST015,28334.5,Low
2024-03-05,AST017,78181.0,High
2024-03-05,AST019,30268.0,Low
2024-03-05,AST020,53266.0,Normal
2024-03-05,AST021,68004.25,Normal
2024-03-05,AST022,36977.0,Low
2024-03-05,AST025,59586.0,Normal
2024-03-05,AST026,61017.67,Normal
2024-03-05,AST029,39911.0,Low
2024-03-05,AST030,86572.0,High
2024-03-06,AST004,69580.0,High
2024-03-06,AST005,45305.0,Low
2024-03-06,AST006,53893.0,Normal
2024-03-06,AST007,74450.33,High
2024-03-06,AST009,45795.0,Normal
2024-03-06,AST010,27876.0,Low
2024-03-06,AST011,82057.0,High
2024-03-06,AST013,68017.0,Normal
2024-03-06,AST016,41924.0,Low
2024-03-06,AST019,31460.0,Low
2024-03-06,AST020,49394.0,Normal
2024-03-06,AST022,36079.0,Low
2024-03-06,AST023,45885.5,Low
2024-03-06,AST026,63827.0,Normal
2024-03-06,AST027,76355.5,High
2024-03-07,AST001,39750.0,Low
2024-03-07,AST003,41841.0,Low
2024-03-07,AST004,68602.0,Normal
2024-03-07,AST008,33807.0,Low
2024-03-07,AST011,85667.0,High
2024-03-07,AST013,58111.0,Normal
2024-03-07,AST014,58947.0,Normal
2024-03-07,AST016,38081.0,Low
2024-03-07,AST018,80850.5,High
2024-03-07,AST020,56242.0,Normal
2024-03-07,AST021,74415.5,High
2024-03-07,AST022,34810.67,Low
2024-03-07,AST024,52712.0,Normal
2024-03-07,AST025,59155.0,Normal
2024-03-07,AST026,72878.0,High
2024-03-07,AST027,79978.0,High
2024-03-07,AST030,84747.5,High
2024-03-08,AST002,33216.5,Low
2024-03-08,AST003,41766.0,Low
2024-03-08,AST006,56329.5,Normal
2024-03-08,AST007,72921.0,High
2024-03-08,AST008,32846.33,Low
2024-03-08,AST009,43657.0,Low
2024-03-08,AST011,80044.0,High
2024-03-08,AST015,26106.0,Low
2024-03-08,AST016,39594.0,Low
2024-03-08,AST018,79160.0,High
2024-03-08,AST019,27480.0,Low
2024-03-08,AST020,52634.0,Normal
2024-03-08,AST022,36653.0,Low
2024-03-08,AST023,41743.0,Low
2024-03-08,AST026,66152.5,Normal
2024-03-08,AST027,81419.0,High
2024-03-08,AST028,72444.0,High
2024-03-08,AST030,77475.0,High
2024-03-09,AST002,32530.0,Low
2024-03-09,AST003,43298.0,Low
2024-03-09,AST005,53614.0,Normal
2024-03-09,AST009,48552.5,Normal
2024-03-09,AST012,52470.0,Normal
2024-03-09,AST013,61995.0,Normal
2024-03-09,AST015,26551.0,Low
2024-03-09,AST017,70663.67,Normal
2024-03-09,AST020,56329.0,Normal
2024-03-09,AST023,43869.0,Low
2024-03-09,AST024,45121.0,Normal
2024-03-09,AST025,57488.0,Normal
2024-03-09,AST026,63077.0,Normal
2024-03-09,AST027,79220.0,High
2024-03-09,AST028,80758.0,High
2024-03-09,AST029,41715.0,Low
2024-03-09,AST030,82495.0,High
2024-03-10,AST003,43343.0,Low
2024-03-10,AST008,31756.0,Low
2024-03-10,AST009,42879.5,Low
2024-03-10,AST012,52967.0,Normal
2024-03-10,AST014,54785.0,Normal
2024-03-10,AST017,71597.0,High
2024-03-10,AST018,78399.0,High
2024-03-10,AST022,32795.0,Low
2024-03-10,AST024,48031.0,Normal
2024-03-10,AST025,60693.0,Normal
2024-03-10,AST026,64489.0,Normal
2024-03-10,AST028,74199.0,High
2024-03-10,AST029,38834.67,Low
2024-03-10,AST030,81350.0,High
2024-03-11,AST001,35626.0,Low
2024-03-11,AST004,74859.0,High
2024-03-11,AST005,48699.0,Normal
2024-03-11,AST006,57416.0,Normal
2024-03-11,AST008,33297.0,Low
2024-03-11,AST009,40291.0,Low
2024-03-11,AST010,28910.0,Low
2024-03-11,AST011,77764.0,High
2024-03-11,AST013,65850.0,Normal
2024-03-11,AST014,57951.0,Normal
2024-03-11,AST016,43012.0,Low
2024-03-11,AST018,79583.0,High
2024-03-11,AST019,32293.0,Low
2024-03-11,AST020,50708.5,Normal
2024-03-11,AST021,78850.0,High
2024-03-11,AST022,36848.0,Low
2024-03-11,AST025,53730.0,Normal
2024-03-11,AST026,64323.5,Normal
2024-03-11,AST027,77235.0,High
2024-03-12,AST002,30678.0,Low
2024-03-12,AST004,75734.0,High
2024-03-12,AST005,45584.0,Normal
2024-03-12,AST007,77135.0,High
2024-03-12,AST008,35351.33,Low
2024-03-12,AST010,27652.5,Low
2024-03-12,AST011,83719.0,High
2024-03-12,AST013,61891.0,Normal
2024-03-12,AST014,59940.0,Normal
2024-03-12,AST015,30136.0,Low
2024-03-12,AST016,41500.0,Low
2024-03-12,AST017,74435.0,High
2024-03-12,AST018,78642.0,High
2024-03-12,AST023,46566.0,Normal
2024-03-12,AST026,63490.0,Normal
2024-03-12,AST028,82228.5,High
2024-03-12,AST029,43450.0,Low
2024-03-12,AST030,85898.0,High
2024-03-13,AST004,70378.0,High
2024-03-13,AST005,50295.5,Normal
2024-03-13,AST015,28076.0,Low
2024-03-13,AST017,70010.0,High
2024-03-13,AST018,76330.0,High
2024-03-13,AST021,71046.0,High
2024-03-13,AST023,46722.0,Normal
2024-03-13,AST025,57523.0,Normal
2024-03-13,AST029,39642.0,Low
2024-03-13,AST030,84931.5,High
2024-03-14,AST002,32317.0,Low
2024-03-14,AST003,42107.67,Low
2024-03-14,AST005,50984.5,Normal
2024-03-14,AST006,53865.5,Normal
2024-03-14,AST008,28224.0,Low
2024-03-14,AST010,29419.0,Low
2024-03-14,AST011,80925.0,High
2024-03-14,AST012,52381.0,Normal
2024-03-14,AST013,61858.0,Normal
2024-03-14,AST014,58168.5,Normal
2024-03-14,AST021,62701.0,Normal
2024-03-14,AST022,34147.0,Low
2024-03-14,AST024,43735.0,Low
2024-03-14,AST025,57992.0,Normal
2024-03-14,AST027,81363.5,High
2024-03-14,AST028,80257.0,High
2024-03-14,AST029,43796.0,Low
2024-03-14,AST030,79005.0,High
2024-03-15,AST001,36194.67,Low
2024-03-15,AST003,39971.0,Low
2024-03-15,AST005,47480.0,Low
2024-03-15,AST006,57902.0,Normal
2024-03-15,AST008,29936.5,Low
2024-03-15,AST010,29799.0,Low
2024-03-15,AST011,74497.0,High
2024-03-15,AST012,52098.0,Normal
2024-03-15,AST018,80152.0,High
2024-03-15,AST019,29604.0,Low
2024-03-15,AST021,70235.0,High
2024-03-15,AST022,34044.5,Low
2024-03-15,AST023,45853.0,Normal
2024-03-15,AST024,50131.0,Normal
2024-03-15,AST025,57665.0,Normal
2024-03-15,AST026,68328.0,Normal
2024-03-15,AST029,42268.0,Low
2024-03-15,AST030,78492.0,High
2024-03-16,AST001,37893.0,Low
2024-03-16,AST003,43546.0,Low
2024-03-16,AST004,73401.25,High
2024-03-16,AST006,53010.0,Normal
2024-03-16,AST007,75216.0,High
2024-03-16,AST008,34482.0,Low
2024-03-16,AST009,40654.0,Low
2024-03-16,AST011,80367.0,High
2024-03-16,AST012,47642.0,Normal
2024-03-16,AST014,59604.67,Normal
2024-03-16,AST015,27613.5,Low
2024-03-16,AST018,75594.0,High
2024-03-16,AST020,53572.0,Normal
2024-03-16,AST022,39830.0,Low
2024-03-16,AST024,48655.0,Normal
2024-03-16,AST027,79407.0,High
2024-03-16,AST028,78521.0,High
2024-03-16,AST030,84220.0,High
2024-03-17,AST002,31419.0,Low
2024-03-17,AST003,39360.0,Low
2024-03-17,AST008,31507.0,Low
2024-03-17,AST010,30048.0,Low
2024-03-17,AST014,61172.0,Normal
2024-03-17,AST015,27329.0,Low
2024-03-17,AST018,71351.0,High
2024-03-17,AST019,33678.0,Low
2024-03-17,AST020,53788.0,Normal
2024-03-17,AST021,72343.67,High
2024-03-17,AST023,46066.0,Normal
2024-03-17,AST028,82712.0,High
2024-03-17,AST029,44834.0,Low
2024-03-17,AST030,88502.0,High
2024-03-18,AST001,36228.5,Low
2024-03-18,AST002,32630.0,Low
2024-03-18,AST003,41318.0,Low
2024-03-18,AST004,71320.0,High
2024-03-18,AST005,48125.5,Low
2024-03-18,AST006,52212.0,Normal
2024-03-18,AST010,30108.0,Low
2024-03-18,AST012,51512.0,Normal
2024-03-18,AST013,62577.33,Normal
2024-03-18,AST015,25284.0,Low
2024-03-18,AST018,81038.0,High
2024-03-18,AST019,32305.0,Low
2024-03-18,AST020,56500.0,Normal
2024-03-18,AST021,68202.0,High
2024-03-18,AST023,44316.0,Low
2024-03-18,AST024,47467.0,Normal
2024-03-18,AST025,55769.0,Normal
2024-03-18,AST026,67085.0,Normal
2024-03-18,AST030,79857.0,High
2024-03-19,AST002,31708.0,Low
2024-03-19,AST003,39267.0,Low
2024-03-19,AST005,48822.0,Normal
2024-03-19,AST006,58678.0,Normal
2024-03-19,AST007,77153.0,High
2024-03-19,AST008,31142.0,Low
2024-03-19,AST009,44845.0,Low
2024-03-19,AST011,68599.0,Normal
2024-03-19,AST012,47921.0,Normal
2024-03-19,AST013,56789.0,Normal
2024-03-19,AST017,66607.0,Normal
2024-03-19,AST019,31778.0,Low
2024-03-19,AST022,34653.0,Low
2024-03-19,AST023,45086.0,Normal
2024-03-19,AST024,51064.0,Normal
2024-03-19,AST026,64607.5,Normal
2024-03-19,AST028,80444.0,High
2024-03-19,AST029,40398.0,Low
2024-03-19,AST030,83346.0,High
2024-03-20,AST001,37035.0,Low
2024-03-20,AST002,32290.5,Low
2024-03-20,AST003,43059.5,Low
2024-03-20,AST004,64930.0,Normal
2024-03-20,AST006,52620.0,Normal
2024-03-20,AST010,28269.0,Low
2024-03-20,AST011,80983.0,High
2024-03-20,AST012,55141.0,Normal
2024-03-20,AST013,62888.0,Normal
2024-03-20,AST014,59775.0,Normal
2024-03-20,AST016,40095.33,Low
2024-03-20,AST022,35878.0,Low
2024-03-20,AST023,46174.0,Normal
2024-03-20,AST025,58103.5,Normal
2024-03-20,AST026,66650.0,Normal
2024-03-20,AST027,70192.0,High
2024-03-20,AST028,70995.0,High
2024-03-21,AST001,39400.5,Low
2024-03-21,AST003,39230.0,Low
2024-03-21,AST004,74667.0,High
2024-03-21,AST008,32662.0,Low
2024-03-21,AST009,45099.0,Normal
2024-03-21,AST010,30202.0,Low
2024-03-21,AST011,81810.0,High
2024-03-21,AST012,54285.5,Normal
2024-03-21,AST013,66619.0,Normal
2024-03-21,AST015,28121.0,Low
2024-03-21,AST016,39384.0,Low
2024-03-21,AST017,74080.0,High
2024-03-21,AST019,30076.0,Low
2024-03-21,AST020,55196.0,Normal
2024-03-21,AST021,70508.5,High
2024-03-21,AST022,37656.0,Low
2024-03-21,AST024,45376.5,Low
2024-03-21,AST025,60101.0,Normal
2024-03-21,AST030,90256.0,High
2024-03-22,AST001,38441.0,Low
2024-03-22,AST004,75576.0,High
2024-03-22,AST007,71218.0,High
2024-03-22,AST008,33254.0,Low
2024-03-22,AST009,43918.0,Low
2024-03-22,AST011,85179.5,High
2024-03-22,AST012,54162.0,Normal
2024-03-22,AST013,64331.5,Normal
2024-03-22,AST017,78832.0,High
2024-03-22,AST018,73839.0,High
2024-03-22,AST021,66137.0,Normal
2024-03-22,AST023,45234.0,Normal
2024-03-22,AST025,64914.0,Normal
2024-03-22,AST026,62692.0,Normal
2024-03-22,AST028,74605.0,High
2024-03-23,AST001,35490.0,Low
2024-03-23,AST003,37789.0,Low
2024-03-23,AST004,73698.0,High
2024-03-23,AST007,70415.0,High
2024-03-23,AST010,29242.0,Low
2024-03-23,AST011,77003.0,High
2024-03-23,AST012,52895.5,Normal
2024-03-23,AST015,28919.5,Low
2024-03-23,AST017,73871.0,High
2024-03-23,AST018,82825.0,High
2024-03-23,AST020,51333.0,Normal
2024-03-23,AST023,42603.5,Low
2024-03-23,AST024,45849.0,Normal
2024-03-23,AST025,61212.0,Normal
2024-03-23,AST026,67558.67,Normal
2024-03-23,AST027,80135.0,High
2024-03-23,AST029,45386.0,Low
2024-03-24,AST002,31003.0,Low
2024-03-24,AST003,41772.0,Low
2024-03-24,AST004,71693.5,High
2024-03-24,AST007,73179.0,High
2024-03-24,AST008,32075.0,Low
2024-03-24,AST009,46216.0,Normal
2024-03-24,AST010,28118.5,Low
2024-03-24,AST011,82057.5,High
2024-03-24,AST013,66840.0,Normal
2024-03-24,AST016,41658.0,Low
2024-03-24,AST017,85371.0,High
2024-03-24,AST019,32862.0,Low
2024-03-24,AST020,50355.5,Normal
2024-03-24,AST023,42942.0,Low
2024-03-24,AST026,69126.0,Normal
2024-03-24,AST029,42392.0,Low
2024-03-25,AST002,34608.0,Low
2024-03-25,AST004,70506.0,High
2024-03-25,AST005,47260.0,Normal
2024-03-25,AST006,53416.0,Normal
2024-03-25,AST009,49455.0,Normal
2024-03-25,AST010,31187.0,Low
2024-03-25,AST013,60413.33,Normal
2024-03-25,AST014,59770.0,Normal
2024-03-25,AST015,25767.0,Low
2024-03-25,AST016,38254.0,Low
2024-03-25,AST017,71902.0,High
2024-03-25,AST018,83951.0,High
2024-03-25,AST019,32936.0,Low
2024-03-25,AST020,53164.5,Normal
2024-03-25,AST022,36620.0,Low
2024-03-25,AST023,45467.0,Normal
2024-03-25,AST025,54540.0,Normal
2024-03-25,AST026,63070.0,Normal
2024-03-25,AST027,77336.0,High
2024-03-25,AST029,43280.5,Low
2024-03-26,AST002,31766.0,Low
2024-03-26,AST003,41199.0,Low
2024-03-26,AST004,62928.0,Normal
2024-03-26,AST006,54586.0,Normal
2024-03-26,AST008,34091.5,Low
2024-03-26,AST010,30317.0,Low
2024-03-26,AST014,58492.0,Normal
2024-03-26,AST016,42526.5,Low
2024-03-26,AST018,77586.0,High
2024-03-26,AST020,54672.0,Normal
2024-03-26,AST023,45509.0,Low
2024-03-26,AST024,46587.0,Normal
2024-03-26,AST025,54927.0,Normal
2024-03-26,AST026,60495.0,Normal
2024-03-26,AST029,40124.0,Low
2024-03-27,AST003,41496.0,Low
2024-03-27,AST004,72951.0,High
2024-03-27,AST005,50802.0,Normal
2024-03-27,AST007,76680.0,High
2024-03-27,AST008,30914.5,Low
2024-03-27,AST009,43715.0,Low
2024-03-27,AST014,60339.5,Normal
2024-03-27,AST016,38425.0,Low
2024-03-27,AST017,77468.5,High
2024-03-27,AST018,75415.0,High
2024-03-27,AST021,69985.0,Normal
2024-03-27,AST022,37410.33,Low
2024-03-27,AST024,51564.0,Normal
2024-03-27,AST025,55273.0,Normal
2024-03-27,AST026,66380.0,Normal
2024-03-27,AST027,79219.0,High
2024-03-27,AST028,78123.5,High
2024-03-27,AST029,41527.0,Low
2024-03-28,AST001,41641.0,Low
2024-03-28,AST004,71964.0,High
2024-03-28,AST007,74388.0,High
2024-03-28,AST008,33815.0,Low
2024-03-28,AST009,50300.0,Normal
2024-03-28,AST010,27934.0,Low
2024-03-28,AST014,55017.0,Normal
2024-03-28,AST017,71805.0,High
2024-03-28,AST025,55712.0,Normal
2024-03-28,AST027,89384.0,High
2024-03-28,AST028,76592.5,High
2024-03-28,AST029,41596.0,Low
2024-03-28,AST030,77404.0,High
2024-03-29,AST002,34378.0,Low
2024-03-29,AST003,41169.0,Low
2024-03-29,AST004,76577.0,High
2024-03-29,AST005,46433.5,Normal
2024-03-29,AST008,31656.5,Low
2024-03-29,AST011,80176.0,High
2024-03-29,AST014,58520.5,Normal
2024-03-29,AST018,76629.0,High
2024-03-29,AST019,31516.0,Low
2024-03-29,AST020,52664.0,Normal
2024-03-29,AST027,77622.0,High
2024-03-29,AST030,83687.0,High
2024-03-30,AST001,39032.0,Low
2024-03-30,AST002,32820.0,Low
2024-03-30,AST003,41396.75,Low
2024-03-30,AST005,47522.0,Normal
2024-03-30,AST007,74846.0,High
2024-03-30,AST008,33982.0,Low
2024-03-30,AST011,70972.0,High
2024-03-30,AST014,57017.5,Normal
2024-03-30,AST015,25436.0,Low
2024-03-30,AST018,81078.0,High
2024-03-30,AST019,30492.0,Low
2024-03-30,AST020,58311.0,Normal
2024-03-30,AST021,67900.0,Normal
2024-03-30,AST023,43180.0,Low
2024-03-30,AST025,58435.0,Normal
2024-03-30,AST026,64215.67,Normal
2024-03-30,AST028,77741.0,High
2024-03-30,AST030,80546.0,High
2024-03-31,AST001,37808.0,Low
2024-03-31,AST003,40399.0,Low
2024-03-31,AST008,31166.0,Low
2024-03-31,AST009,47792.0,Normal
2024-03-31,AST012,51627.0,Normal
2024-03-31,AST014,58514.33,Normal
2024-03-31,AST015,27110.67,Low
2024-03-31,AST016,40868.0,Low
2024-03-31,AST020,50836.5,Normal
2024-03-31,AST021,68362.0,Normal
2024-03-31,AST022,36599.33,Low
2024-03-31,AST023,44663.0,Normal
2024-03-31,AST029,44713.0,Low
2024-03-31,AST030,82007.0,High
2024-04-01,AST002,29772.0,Low
2024-04-01,AST005,47398.0,Normal
2024-04-01,AST007,71930.0,High
2024-04-01,AST009,43342.0,Low
2024-04-01,AST011,82280.0,High
2024-04-01,AST014,62462.0,Normal
2024-04-01,AST015,27621.0,Low
2024-04-01,AST016,41316.5,Low
2024-04-01,AST017,78335.0,High
2024-04-01,AST018,81391.0,High
2024-04-01,AST020,57036.0,Normal
2024-04-01,AST021,66179.0,Normal
2024-04-01,AST022,36436.0,Low
2024-04-01,AST024,49212.0,Normal
2024-04-01,AST025,56767.0,Normal
2024-04-01,AST027,75100.0,High
2024-04-01,AST028,80761.0,High
2024-04-02,AST001,36968.0,Low
2024-04-02,AST004,68612.5,High
2024-04-02,AST005,47611.5,Normal
2024-04-02,AST006,53688.0,Normal
2024-04-02,AST007,75454.0,High
2024-04-02,AST009,46483.0,Normal
2024-04-02,AST010,30569.0,Low
2024-04-02,AST011,79410.0,High
2024-04-02,AST012,53709.0,Normal
2024-04-02,AST013,58409.0,Normal
2024-04-02,AST014,64713.0,Normal
2024-04-02,AST016,39928.0,Low
2024-04-02,AST018,76663.0,High
2024-04-02,AST019,30001.0,Low
2024-04-02,AST021,66824.0,Normal
2024-04-02,AST022,36326.0,Low
2024-04-02,AST023,46951.0,Normal
2024-04-02,AST026,62660.0,Normal
2024-04-02,AST028,76325.0,High
2024-04-02,AST029,43089.5,Low
2024-04-03,AST001,39702.0,Low
2024-04-03,AST006,57536.33,Normal
2024-04-03,AST008,33264.5,Low
2024-04-03,AST009,48311.0,Normal
2024-04-03,AST012,54673.5,Normal
2024-04-03,AST014,62515.0,Normal
2024-04-03,AST016,40113.0,Low
2024-04-03,AST020,50718.0,Normal
2024-04-03,AST021,70918.0,High
2024-04-03,AST022,36595.0,Low
2024-04-03,AST024,44663.0,Low
2024-04-03,AST027,75571.5,High
2024-04-03,AST029,43075.0,Low
2024-04-03,AST030,84331.0,High
2024-04-04,AST001,40827.0,Low
2024-04-04,AST002,30823.0,Low
2024-04-04,AST003,43587.0,Low
2024-04-04,AST004,76769.0,High
2024-04-04,AST008,33921.0,Low
2024-04-04,AST013,60762.0,Normal
2024-04-04,AST014,59058.0,Normal
2024-04-04,AST016,40181.33,Low
2024-04-04,AST017,67479.0,Normal
2024-04-04,AST018,76548.5,High
2024-04-04,AST021,75209.0,High
2024-04-04,AST023,43735.0,Low
2024-04-04,AST025,55972.0,Normal
2024-04-04,AST026,64844.0,Normal
2024-04-04,AST027,79732.0,High
2024-04-04,AST029,44387.0,Low
2024-04-04,AST030,78512.0,High
2024-04-05,AST003,38901.0,Low
2024-04-05,AST004,70998.0,Normal
2024-04-05,AST005,45640.0,Normal
2024-04-05,AST006,54650.0,Normal
2024-04-05,AST007,70578.0,High
2024-04-05,AST008,30601.0,Low
2024-04-05,AST009,43775.0,Low
2024-04-05,AST015,24396.0,Low
2024-04-05,AST016,38319.0,Low
2024-04-05,AST017,72909.0,High
2024-04-05,AST019,31169.0,Low
2024-04-05,AST021,70680.0,High
2024-04-05,AST022,33767.0,Low
2024-04-05,AST025,57968.0,Normal
2024-04-05,AST026,63365.0,Normal
2024-04-05,AST028,77206.0,High
2024-04-05,AST030,81786.0,High
2024-04-06,AST004,75649.5,High
2024-04-06,AST007,81129.0,High
2024-04-06,AST009,44185.0,Low
2024-04-06,AST014,60753.5,Normal
2024-04-06,AST015,26660.0,Low
2024-04-06,AST017,79653.5,High
2024-04-06,AST020,49934.0,Normal
2024-04-06,AST022,37339.0,Low
2024-04-06,AST023,46093.0,Normal
2024-04-06,AST024,52540.67,Normal
2024-04-06,AST025,59219.0,Normal
2024-04-06,AST028,80290.0,High
2024-04-06,AST029,41259.5,Low
2024-04-07,AST003,38912.0,Low
2024-04-07,AST004,69784.0,Normal
2024-04-07,AST005,48207.0,Normal
2024-04-07,AST007,77389.0,High
2024-04-07,AST008,33496.0,Low
2024-04-07,AST010,28150.0,Low
2024-04-07,AST011,81250.0,High
2024-04-07,AST013,64070.0,Normal
2024-04-07,AST014,58468.5,Normal
2024-04-07,AST018,75091.0,High
2024-04-07,AST019,29724.0,Low
2024-04-07,AST020,54781.0,Normal
2024-04-07,AST022,33433.0,Low
2024-04-07,AST023,43280.0,Low
2024-04-07,AST024,50124.0,Normal
2024-04-07,AST026,61946.0,Normal
2024-04-07,AST029,43168.0,Low
2024-04-07,AST030,71340.0,High
2024-04-08,AST002,28342.0,Low
2024-04-08,AST007,76007.5,High
2024-04-08,AST008,34216.0,Low
2024-04-08,AST009,45619.0,Normal
2024-04-08,AST011,80831.0,High
2024-04-08,AST012,52870.0,Normal
2024-04-08,AST016,40006.0,Low
2024-04-08,AST017,74125.0,High
2024-04-08,AST018,76221.5,High
2024-04-08,AST020,53338.5,Normal
2024-04-08,AST023,41468.0,Low
2024-04-08,AST027,71840.0,High
2024-04-08,AST028,79541.0,High
2024-04-08,AST029,41009.67,Low
2024-04-08,AST030,76943.0,High
2024-04-09,AST001,38795.0,Low
2024-04-09,AST002,31774.0,Low
2024-04-09,AST003,42785.0,Low
2024-04-09,AST005,50031.0,Normal
2024-04-09,AST006,56617.0,Normal
2024-04-09,AST007,83840.0,High
2024-04-09,AST008,33078.0,Low
2024-04-09,AST009,44684.0,Low
2024-04-09,AST012,48915.0,Normal
2024-04-09,AST013,60929.0,Normal
2024-04-09,AST014,57655.0,Normal
2024-04-09,AST017,70214.0,High
2024-04-09,AST018,80052.5,High
2024-04-09,AST019,32296.0,Low
2024-04-09,AST021,69293.0,High
2024-04-09,AST025,56940.0,Normal
2024-04-09,AST026,68199.0,Normal
2024-04-09,AST027,80094.0,High
2024-04-10,AST003,39766.0,Low
2024-04-10,AST004,71707.0,High
2024-04-10,AST006,57446.0,Normal
2024-04-10,AST007,71859.0,High
2024-04-10,AST009,45922.0,Normal
2024-04-10,AST010,29790.0,Low
2024-04-10,AST011,85411.0,High
2024-04-10,AST014,58587.0,Normal
2024-04-10,AST015,29753.0,Low
2024-04-10,AST016,40225.0,Low
2024-04-10,AST018,81230.0,High
2024-04-10,AST020,54881.5,Normal
2024-04-10,AST022,35207.0,Low
2024-04-10,AST023,44027.0,Low
2024-04-10,AST024,48907.0,Normal
2024-04-10,AST025,53899.0,Normal
2024-04-10,AST026,68974.0,Normal
2024-04-10,AST029,42481.5,Low
2024-04-11,AST001,36648.0,Low
2024-04-11,AST002,32735.67,Low
2024-04-11,AST004,72592.5,High
2024-04-11,AST005,47013.0,Normal
2024-04-11,AST006,59595.0,Normal
2024-04-11,AST009,46443.0,Low
2024-04-11,AST010,31222.0,Low
2024-04-11,AST012,62323.0,Normal
2024-04-11,AST017,73024.0,High
2024-04-11,AST018,83302.0,High
2024-04-11,AST020,50550.0,Normal
2024-04-11,AST021,69109.33,Normal
2024-04-11,AST025,57267.0,Normal
2024-04-11,AST027,79460.0,High
2024-04-11,AST028,78312.5,High
2024-04-11,AST029,42824.0,Low
2024-04-12,AST001,40559.5,Low
2024-04-12,AST002,32190.67,Low
2024-04-12,AST003,44224.0,Low
2024-04-12,AST008,31526.0,Low
2024-04-12,AST009,43083.0,Low
2024-04-12,AST011,83710.67,High
2024-04-12,AST013,64438.0,Normal
2024-04-12,AST014,54026.0,Normal
2024-04-12,AST015,28368.0,Low
2024-04-12,AST018,80987.0,High
2024-04-12,AST020,52100.5,Normal
2024-04-12,AST022,37052.0,Low
2024-04-12,AST023,44912.0,Low
2024-04-12,AST024,48581.0,Normal
2024-04-12,AST026,64336.5,Normal
2024-04-12,AST027,83347.0,High
2024-04-13,AST003,42484.0,Low
2024-04-13,AST004,75378.0,High
2024-04-13,AST005,50035.33,Normal
2024-04-13,AST006,53388.0,Normal
2024-04-13,AST007,80768.0,High
2024-04-13,AST008,34147.0,Low
2024-04-13,AST012,52857.5,Normal
2024-04-13,AST013,58093.0,Normal
2024-04-13,AST014,55167.5,Normal
2024-04-13,AST016,37574.0,Low
2024-04-13,AST018,84041.0,High
2024-04-13,AST019,30723.33,Low
2024-04-13,AST020,53353.0,Normal
2024-04-13,AST021,68594.0,Normal
2024-04-13,AST022,37664.5,Low
2024-04-13,AST023,44333.0,Low
2024-04-13,AST024,54651.0,Normal
2024-04-13,AST025,53735.0,Normal
2024-04-13,AST026,66492.67,Normal
2024-04-13,AST028,76717.0,High
2024-04-13,AST029,39776.0,Low
2024-04-14,AST002,32019.0,Low
2024-04-14,AST003,39580.0,Low
2024-04-14,AST004,74814.0,High
2024-04-14,AST005,45600.33,Normal
2024-04-14,AST006,50386.0,Normal
2024-04-14,AST007,72123.0,High
2024-04-14,AST010,28260.0,Low
2024-04-14,AST011,81683.0,High
2024-04-14,AST013,57194.0,Normal
2024-04-14,AST016,39773.0,Low
2024-04-14,AST017,70783.0,High
2024-04-14,AST018,73724.5,High
2024-04-14,AST019,28887.67,Low
2024-04-14,AST020,54787.0,Normal
2024-04-14,AST021,65032.0,Normal
2024-04-14,AST022,36979.5,Low
2024-04-14,AST025,57716.0,Normal
2024-04-14,AST027,82111.0,High
2024-04-14,AST028,85246.0,High
2024-04-14,AST029,39311.0,Low
2024-04-14,AST030,83543.0,High
2024-04-15,AST001,38458.0,Low
2024-04-15,AST004,79275.0,High
2024-04-15,AST005,46231.0,Low
2024-04-15,AST006,53518.0,Normal
2024-04-15,AST008,32616.5,Low
2024-04-15,AST010,30112.0,Low
2024-04-15,AST014,61301.0,Normal
2024-04-15,AST015,29009.0,Low
2024-04-15,AST017,73688.0,High
2024-04-15,AST018,83152.0,High
2024-04-15,AST021,64978.0,Normal
2024-04-15,AST024,48897.0,Normal
2024-04-15,AST025,61658.0,Normal
2024-04-15,AST026,68687.0,Normal
2024-04-15,AST030,80712.0,High
2024-04-16,AST001,39833.0,Low
2024-04-16,AST002,31929.0,Low
2024-04-16,AST003,40730.0,Low
2024-04-16,AST007,71245.0,High
2024-04-16,AST010,28957.0,Low
2024-04-16,AST012,55763.0,Normal
2024-04-16,AST013,61638.33,Normal
2024-04-16,AST014,59694.0,Normal
2024-04-16,AST016,41133.0,Low
2024-04-16,AST019,28986.0,Low
2024-04-16,AST022,36941.0,Low
2024-04-16,AST026,63383.0,Normal
2024-04-16,AST027,82128.0,High
2024-04-16,AST028,80822.5,High
2024-04-17,AST001,38590.0,Low
2024-04-17,AST004,69257.0,Normal
2024-04-17,AST005,50779.0,Normal
2024-04-17,AST014,61010.0,Normal
2024-04-17,AST015,29989.0,Low
2024-04-17,AST017,75825.0,High
2024-04-17,AST019,28863.0,Low
2024-04-17,AST022,34329.0,Low
2024-04-17,AST024,49093.0,Normal
2024-04-17,AST026,60326.0,Normal
2024-04-17,AST027,79785.5,High
2024-04-17,AST028,77304.0,High
2024-04-17,AST030,76713.0,High
2024-04-18,AST003,38498.0,Low
2024-04-18,AST004,74828.0,High
2024-04-18,AST005,50256.0,Normal
2024-04-18,AST008,32088.5,Low
2024-04-18,AST009,44634.0,Low
2024-04-18,AST010,28946.0,Low
2024-04-18,AST011,80762.0,High
2024-04-18,AST014,58772.0,Normal
2024-04-18,AST017,70400.5,High
2024-04-18,AST019,30176.0,Low
2024-04-18,AST020,49647.67,Normal
2024-04-18,AST021,70202.0,High
2024-04-18,AST022,36342.0,Low
2024-04-18,AST023,45769.67,Normal
2024-04-18,AST024,43004.0,Low
2024-04-18,AST025,59864.0,Normal
2024-04-18,AST029,40204.0,Low
2024-04-19,AST001,40308.0,Low
2024-04-19,AST002,33692.0,Low
2024-04-19,AST004,77376.0,High
2024-04-19,AST005,47008.0,Normal
2024-04-19,AST007,75764.0,High
2024-04-19,AST009,47281.0,Normal
2024-04-19,AST010,30425.5,Low
2024-04-19,AST011,78418.0,High
2024-04-19,AST013,61246.0,Normal
2024-04-19,AST019,30217.0,Low
2024-04-19,AST021,68157.0,Normal
2024-04-19,AST024,49171.0,Normal
2024-04-19,AST025,57577.0,Normal
2024-04-19,AST026,68125.0,Normal
2024-04-19,AST027,81426.0,High
2024-04-19,AST028,76155.0,High
2024-04-19,AST029,39519.0,Low
2024-04-19,AST030,79550.0,High
2024-04-20,AST002,31421.0,Low
2024-04-20,AST003,39390.0,Low
2024-04-20,AST005,48917.0,Normal
2024-04-20,AST007,77636.5,High
2024-04-20,AST008,36343.0,Low
2024-04-20,AST014,56037.0,Normal
2024-04-20,AST016,45276.0,Normal
2024-04-20,AST018,76972.0,High
2024-04-20,AST019,31675.0,Low
2024-04-20,AST021,68960.0,Normal
2024-04-20,AST023,46823.0,Normal
2024-04-20,AST024,47897.0,Normal
2024-04-20,AST025,60019.0,Normal
2024-04-20,AST028,78990.0,High
2024-04-20,AST030,89727.0,High
2024-04-21,AST001,37652.5,Low
2024-04-21,AST003,42123.67,Low
2024-04-21,AST004,70918.0,High
2024-04-21,AST006,53081.0,Normal
2024-04-21,AST007,73362.0,High
2024-04-21,AST008,31273.0,Low
2024-04-21,AST013,62001.0,Normal
2024-04-21,AST014,58351.0,Normal
2024-04-21,AST015,27791.33,Low
2024-04-21,AST016,39986.0,Low
2024-04-21,AST017,71790.0,High
2024-04-21,AST019,31949.0,Low
2024-04-21,AST020,51886.5,Normal
2024-04-21,AST024,43760.0,Low
2024-04-21,AST026,65506.67,Normal
2024-04-21,AST028,78395.0,High
2024-04-22,AST001,38559.33,Low
2024-04-22,AST005,51049.67,Normal
2024-04-22,AST007,75062.5,High
2024-04-22,AST009,53161.0,Normal
2024-04-22,AST010,28378.0,Low
2024-04-22,AST011,82047.0,High
2024-04-22,AST012,55667.0,Normal
2024-04-22,AST016,38836.0,Low
2024-04-22,AST017,69011.0,Normal
2024-04-22,AST020,55496.33,Normal
2024-04-22,AST021,67369.0,Normal
2024-04-22,AST022,35194.0,Low
2024-04-22,AST024,50971.0,Normal
2024-04-22,AST026,69171.0,Normal
2024-04-22,AST027,76689.0,High
2024-04-22,AST028,82726.5,High
2024-04-22,AST029,42623.0,Low
2024-04-23,AST004,70873.5,High
2024-04-23,AST005,46062.0,Normal
2024-04-23,AST006,53528.0,Normal
2024-04-23,AST009,46180.0,Normal
2024-04-23,AST011,88663.0,High
2024-04-23,AST015,26403.0,Low
2024-04-23,AST017,76479.0,High
2024-04-23,AST018,77527.0,High
2024-04-23,AST020,51315.0,Normal
2024-04-23,AST021,69991.67,High
2024-04-23,AST024,47918.0,Normal
2024-04-23,AST025,56456.0,Normal
2024-04-23,AST026,72510.5,High
2024-04-23,AST028,79192.0,High
2024-04-23,AST030,86957.0,High
2024-04-24,AST002,32362.0,Low
2024-04-24,AST007,79073.5,High
2024-04-24,AST008,32675.0,Low
2024-04-24,AST009,47310.0,Normal
2024-04-24,AST010,28090.0,Low
2024-04-24,AST011,80626.0,High
2024-04-24,AST012,53612.5,Normal
2024-04-24,AST013,63231.0,Normal
2024-04-24,AST016,40569.0,Low
2024-04-24,AST019,31473.0,Low
2024-04-24,AST020,51671.67,Normal
2024-04-24,AST021,67875.25,Normal
2024-04-24,AST022,37875.0,Low
2024-04-24,AST023,45329.0,Normal
2024-04-24,AST025,52075.0,Normal
2024-04-24,AST028,80822.0,High
2024-04-24,AST030,76725.0,High
2024-04-25,AST003,43003.0,Low
2024-04-25,AST006,53617.0,Normal
2024-04-25,AST008,36633.0,Low
2024-04-25,AST009,44550.67,Low
2024-04-25,AST010,31526.0,Low
2024-04-25,AST013,57008.0,Normal
2024-04-25,AST016,39511.0,Low
2024-04-25,AST022,36730.0,Low
2024-04-25,AST023,48956.0,Normal
2024-04-25,AST024,45028.0,Normal
2024-04-25,AST026,64002.0,Normal
2024-04-25,AST027,77868.0,High
2024-04-25,AST029,41655.0,Low
2024-04-26,AST002,34684.0,Low
2024-04-26,AST004,74496.0,High
2024-04-26,AST005,47823.0,Normal
2024-04-26,AST006,54871.0,Normal
2024-04-26,AST008,34848.0,Low
2024-04-26,AST009,45338.0,Normal
2024-04-26,AST010,29527.0,Low
2024-04-26,AST011,87351.0,High
2024-04-26,AST013,61118.0,Normal
2024-04-26,AST014,60592.0,Normal
2024-04-26,AST015,29444.0,Low
2024-04-26,AST017,72879.0,High
2024-04-26,AST026,60127.0,Normal
2024-04-26,AST027,81963.0,High
2024-04-26,AST030,73197.0,High
2024-04-27,AST001,36172.5,Low
2024-04-27,AST005,47986.0,Normal
2024-04-27,AST007,72152.0,High
2024-04-27,AST008,35754.0,Low
2024-04-27,AST010,27658.0,Low
2024-04-27,AST012,52536.5,Normal
2024-04-27,AST015,26897.0,Low
2024-04-27,AST016,42301.0,Low
2024-04-27,AST022,35501.0,Low
2024-04-27,AST023,44479.0,Low
2024-04-27,AST024,53376.0,Normal
2024-04-27,AST028,79187.5,High
2024-04-27,AST029,39914.5,Low
2024-04-28,AST003,42747.0,Low
2024-04-28,AST005,48691.0,Normal
2024-04-28,AST009,46463.0,Normal
2024-04-28,AST010,31341.67,Low
2024-04-28,AST011,82904.5,High
2024-04-28,AST015,25578.0,Low
2024-04-28,AST016,39551.0,Low
2024-04-28,AST018,80129.0,High
2024-04-28,AST019,29365.5,Low
2024-04-28,AST020,53966.0,Normal
2024-04-28,AST022,36017.0,Low
2024-04-28,AST023,47799.5,Normal
2024-04-28,AST028,79770.0,High
2024-04-28,AST030,80522.67,High
2024-04-29,AST002,31712.0,Low
2024-04-29,AST004,72274.25,High
2024-04-29,AST006,55003.0,Normal
2024-04-29,AST007,71599.0,High
2024-04-29,AST010,28511.75,Low
2024-04-29,AST015,29429.0,Low
2024-04-29,AST018,80582.5,High
2024-04-29,AST019,29897.67,Low
2024-04-29,AST020,57917.0,Normal
2024-04-29,AST022,34428.0,Low
2024-04-29,AST025,56591.0,Normal
2024-04-29,AST027,83118.5,High
2024-04-29,AST028,75043.5,High
2024-04-29,AST029,44138.5,Low
2024-04-30,AST004,77274.0,High
2024-04-30,AST008,30980.0,Low
2024-04-30,AST011,83441.0,High
2024-04-30,AST014,55910.0,Normal
2024-04-30,AST016,38523.0,Low
2024-04-30,AST017,73527.0,High
2024-04-30,AST018,73124.0,High
2024-04-30,AST020,57193.0,Normal
2024-04-30,AST027,77226.5,High
2024-04-30,AST029,42688.0,Low
2024-04-30,AST030,78481.0,High
2024-05-01,AST001,38889.75,Low
2024-05-01,AST002,32823.0,Low
2024-05-01,AST003,41284.0,Low
2024-05-01,AST005,47428.0,Normal
2024-05-01,AST006,55875.0,Normal
2024-05-01,AST008,31500.0,Low
2024-05-01,AST012,53594.0,Normal
2024-05-01,AST014,57680.0,Normal
2024-05-01,AST015,27935.0,Low
2024-05-01,AST020,55928.0,Normal
2024-05-01,AST022,35480.0,Low
2024-05-01,AST025,58990.67,Normal
2024-05-01,AST027,74977.0,High
2024-05-01,AST029,35742.0,Low
2024-05-02,AST001,38426.0,Low
2024-05-02,AST003,40507.0,Low
2024-05-02,AST005,46277.5,Low
2024-05-02,AST006,56510.0,Normal
2024-05-02,AST007,74889.0,High
2024-05-02,AST008,31593.0,Low
2024-05-02,AST012,52107.0,Normal
2024-05-02,AST016,41028.0,Low
2024-05-02,AST017,73178.5,High
2024-05-02,AST018,77400.0,High
2024-05-02,AST019,27361.0,Low
2024-05-02,AST021,61544.0,Normal
2024-05-02,AST022,32421.0,Low
2024-05-02,AST024,46679.0,Normal
2024-05-02,AST025,57400.33,Normal
2024-05-02,AST026,67784.0,Normal
2024-05-02,AST029,42566.0,Low
2024-05-03,AST002,32618.0,Low
2024-05-03,AST003,45197.0,Normal
2024-05-03,AST005,48585.0,Normal
2024-05-03,AST006,56898.0,Normal
2024-05-03,AST007,73458.0,High
2024-05-03,AST008,31467.67,Low
2024-05-03,AST009,47021.0,Normal
2024-05-03,AST010,30206.0,Low
2024-05-03,AST012,50396.5,Normal
2024-05-03,AST013,54521.0,Normal
2024-05-03,AST016,39607.5,Low
2024-05-03,AST017,73960.0,High
2024-05-03,AST018,75132.0,High
2024-05-03,AST019,28704.0,Low
2024-05-03,AST020,54877.33,Normal
2024-05-03,AST021,60596.0,Normal
2024-05-03,AST022,36519.0,Low
2024-05-03,AST025,53606.0,Normal
2024-05-03,AST026,64803.5,Normal
2024-05-03,AST028,76883.0,High
2024-05-03,AST029,38830.0,Low
2024-05-04,AST004,74016.0,High
2024-05-04,AST006,53758.0,Normal
2024-05-04,AST008,32597.0,Low
2024-05-04,AST009,45461.5,Low
2024-05-04,AST011,85929.0,High
2024-05-04,AST015,24718.0,Low
2024-05-04,AST016,43293.0,Low
2024-05-04,AST017,76407.0,High
2024-05-04,AST021,74216.0,High
2024-05-04,AST022,34949.0,Low
2024-05-04,AST023,42192.0,Low
2024-05-04,AST025,59094.33,Normal
2024-05-04,AST027,75071.67,High
2024-05-04,AST029,39233.0,Low
2024-05-05,AST002,32891.0,Low
2024-05-05,AST005,46058.0,Normal
2024-05-05,AST009,45879.5,Normal
2024-05-05,AST010,27347.0,Low
2024-05-05,AST011,85528.0,High
2024-05-05,AST013,64652.0,Normal
2024-05-05,AST014,63484.0,Normal
2024-05-05,AST016,37959.0,Low
2024-05-05,AST018,82164.5,High
2024-05-05,AST020,48845.5,Normal
2024-05-05,AST023,43264.5,Low
2024-05-05,AST030,92359.0,High
2024-05-06,AST001,35765.0,Low
2024-05-06,AST004,66382.0,Normal
2024-05-06,AST005,46243.5,Low
2024-05-06,AST006,52092.0,Normal
2024-05-06,AST010,27726.0,Low
2024-05-06,AST011,93599.0,High
2024-05-06,AST013,62037.0,Normal
2024-05-06,AST016,40255.0,Low
2024-05-06,AST020,57444.0,Normal
2024-05-06,AST021,64977.0,Normal
2024-05-06,AST025,55950.0,Normal
2024-05-06,AST027,78740.5,High
2024-05-06,AST028,82646.0,High
2024-05-06,AST029,42356.0,Low
2024-05-06,AST030,77615.67,High
2024-05-07,AST001,38779.0,Low
2024-05-07,AST002,30872.0,Low
2024-05-07,AST003,45452.0,Normal
2024-05-07,AST004,77866.5,High
2024-05-07,AST006,56308.0,Normal
2024-05-07,AST007,78007.0,High
2024-05-07,AST008,34944.67,Low
2024-05-07,AST009,41619.0,Low
2024-05-07,AST010,27736.0,Low
2024-05-07,AST012,52034.0,Normal
2024-05-07,AST015,27613.0,Low
2024-05-07,AST017,73744.0,High
2024-05-07,AST019,31445.0,Low
2024-05-07,AST020,53125.0,Normal
2024-05-07,AST026,64284.0,Normal
2024-05-07,AST027,84396.0,High
2024-05-07,AST030,86286.0,High
2024-05-08,AST001,39707.0,Low
2024-05-08,AST004,69997.0,Normal
2024-05-08,AST005,50292.33,Normal
2024-05-08,AST006,55333.67,Normal
2024-05-08,AST010,28827.0,Low
2024-05-08,AST011,83097.0,High
2024-05-08,AST014,52944.0,Normal
2024-05-08,AST016,40579.0,Low
2024-05-08,AST020,53157.0,Normal
2024-05-08,AST021,69914.0,High
2024-05-08,AST022,32997.0,Low
2024-05-08,AST024,44355.0,Low
2024-05-08,AST025,52372.0,Normal
2024-05-08,AST026,66828.0,Normal
2024-05-08,AST027,77806.0,High
2024-05-08,AST030,81281.0,High
2024-05-09,AST005,49044.0,Normal
2024-05-09,AST006,54358.0,Normal
2024-05-09,AST007,73676.0,High
2024-05-09,AST008,29521.0,Low
2024-05-09,AST009,44127.5,Low
2024-05-09,AST010,31140.0,Low
2024-05-09,AST013,57557.0,Normal
2024-05-09,AST014,53015.0,Normal
2024-05-09,AST015,30335.0,Low
2024-05-09,AST018,75472.0,High
2024-05-09,AST022,34682.0,Low
2024-05-09,AST023,44997.0,Low
2024-05-09,AST025,58820.0,Normal
2024-05-09,AST027,73825.0,High
2024-05-09,AST028,81041.0,High
2024-05-09,AST029,43276.5,Low
2024-05-10,AST001,38298.0,Low
2024-05-10,AST003,40534.5,Low
2024-05-10,AST008,34397.0,Low
2024-05-10,AST010,29808.0,Low
2024-05-10,AST011,79763.0,High
2024-05-10,AST012,51607.0,Normal
2024-05-10,AST013,56879.0,Normal
2024-05-10,AST015,26809.0,Low
2024-05-10,AST017,79508.0,High
2024-05-10,AST019,32810.0,Low
2024-05-10,AST020,55451.5,Normal
2024-05-10,AST021,69642.0,Normal
2024-05-10,AST023,45179.0,Normal
2024-05-10,AST026,66514.0,Normal
2024-05-10,AST028,79812.0,High
2024-05-10,AST029,42522.0,Low
2024-05-10,AST030,84012.0,High
2024-05-11,AST003,39156.0,Low
2024-05-11,AST004,67080.0,Normal
2024-05-11,AST005,45801.0,Normal
2024-05-11,AST006,53419.0,Normal
2024-05-11,AST008,33156.0,Low
2024-05-11,AST012,52376.67,Normal
2024-05-11,AST019,30117.5,Low
2024-05-11,AST020,52806.0,Normal
2024-05-11,AST021,73159.0,High
2024-05-11,AST023,43386.0,Low
2024-05-11,AST024,38742.0,Low
2024-05-11,AST026,67055.0,Normal
2024-05-11,AST028,71816.0,High
2024-05-11,AST029,38134.5,Low
2024-05-11,AST030,82238.0,High
2024-05-12,AST002,32548.0,Low
2024-05-12,AST004,68901.0,Normal
2024-05-12,AST006,57550.0,Normal
2024-05-12,AST007,78746.0,High
2024-05-12,AST008,32449.0,Low
2024-05-12,AST009,46376.0,Normal
2024-05-12,AST010,29269.0,Low
2024-05-12,AST013,66202.0,Normal
2024-05-12,AST014,58622.0,Normal
2024-05-12,AST018,77570.5,High
2024-05-12,AST020,51446.0,Normal
2024-05-12,AST021,69944.0,Normal
2024-05-12,AST026,67420.5,Normal
2024-05-12,AST028,79342.0,High
2024-05-12,AST029,45770.0,Normal
2024-05-13,AST003,35852.0,Low
2024-05-13,AST004,73454.0,High
2024-05-13,AST007,68256.0,Normal
2024-05-13,AST010,32802.0,Low
2024-05-13,AST011,81462.0,High
2024-05-13,AST012,58062.0,Normal
2024-05-13,AST014,57379.0,Normal
2024-05-13,AST017,76648.0,High
2024-05-13,AST018,86471.0,High
2024-05-13,AST020,51553.0,Normal
2024-05-13,AST023,41662.0,Low
2024-05-13,AST027,80160.0,High
2024-05-13,AST028,69979.0,Normal
2024-05-14,AST002,32750.0,Low
2024-05-14,AST004,76507.0,High
2024-05-14,AST006,54464.5,Normal
2024-05-14,AST008,32232.0,Low
2024-05-14,AST009,47064.0,Normal
2024-05-14,AST012,51077.0,Normal
2024-05-14,AST015,27709.0,Low
2024-05-14,AST016,38946.0,Low
2024-05-14,AST017,71127.0,High
2024-05-14,AST018,80373.0,High
2024-05-14,AST021,69415.0,Normal
2024-05-14,AST022,34731.67,Low
2024-05-14,AST023,45078.0,Normal
2024-05-14,AST024,46348.0,Normal
2024-05-14,AST025,55228.0,Normal
2024-05-14,AST027,79518.5,High
2024-05-14,AST030,77947.5,High
2024-05-15,AST002,34183.0,Low
2024-05-15,AST003,39293.0,Low
2024-05-15,AST004,68160.0,Normal
2024-05-15,AST005,44729.0,Low
2024-05-15,AST006,52233.0,Normal
2024-05-15,AST007,68311.0,Normal
2024-05-15,AST010,30060.0,Low
2024-05-15,AST011,81002.0,High
2024-05-15,AST012,54009.0,Normal
2024-05-15,AST014,56325.0,Normal
2024-05-15,AST015,25447.0,Low
2024-05-15,AST017,75846.0,High
2024-05-15,AST020,52030.0,Normal
2024-05-15,AST023,41510.0,Low
2024-05-15,AST024,45463.0,Normal
2024-05-15,AST025,56862.0,Normal
2024-05-15,AST027,84376.0,High
2024-05-15,AST029,40503.2,Low
2024-05-16,AST005,48698.0,Low
2024-05-16,AST007,77663.0,High
2024-05-16,AST008,32386.0,Low
2024-05-16,AST010,30009.0,Low
2024-05-16,AST012,52907.0,Normal
2024-05-16,AST013,59458.0,Normal
2024-05-16,AST014,64262.0,Normal
2024-05-16,AST015,26910.0,Low
2024-05-16,AST022,34376.0,Low
2024-05-16,AST024,46700.0,Normal
2024-05-16,AST025,57428.0,Normal
2024-05-16,AST027,78955.5,High
2024-05-17,AST004,77525.0,High
2024-05-17,AST005,44620.0,Low
2024-05-17,AST007,74321.0,High
2024-05-17,AST009,44276.0,Low
2024-05-17,AST010,29294.0,Low
2024-05-17,AST011,80951.0,High
2024-05-17,AST012,50538.0,Normal
2024-05-17,AST013,55361.0,Normal
2024-05-17,AST014,60679.67,Normal
2024-05-17,AST015,28074.0,Low
2024-05-17,AST017,71084.5,High
2024-05-17,AST018,77975.0,High
2024-05-17,AST019,30626.0,Low
2024-05-17,AST020,53308.0,Normal
2024-05-17,AST024,46910.0,Normal
2024-05-18,AST002,34796.0,Low
2024-05-18,AST003,43753.0,Low
2024-05-18,AST004,68169.0,High
2024-05-18,AST007,71764.0,High
2024-05-18,AST009,46388.5,Normal
2024-05-18,AST012,51794.0,Normal
2024-05-18,AST013,64365.67,Normal
2024-05-18,AST014,61254.0,Normal
2024-05-18,AST015,28066.5,Low
2024-05-18,AST016,41011.0,Low
2024-05-18,AST018,70628.0,High
2024-05-18,AST019,29376.33,Low
2024-05-18,AST020,54660.0,Normal
2024-05-18,AST021,69808.0,Normal
2024-05-18,AST023,44849.0,Low
2024-05-18,AST024,47347.0,Normal
2024-05-18,AST026,64740.0,Normal
2024-05-18,AST029,43330.0,Low
2024-05-19,AST001,39462.0,Low
2024-05-19,AST002,32906.0,Low
2024-05-19,AST003,37863.0,Low
2024-05-19,AST004,73775.0,High
2024-05-19,AST005,47883.0,Normal
2024-05-19,AST008,31586.0,Low
2024-05-19,AST011,91750.0,High
2024-05-19,AST012,52394.67,Normal
2024-05-19,AST013,61357.0,Normal
2024-05-19,AST014,59698.0,Normal
2024-05-19,AST020,52668.0,Normal
2024-05-19,AST022,37067.5,Low
2024-05-19,AST025,52941.0,Normal
2024-05-19,AST029,40776.0,Low
2024-05-20,AST002,30558.0,Low
2024-05-20,AST004,77738.0,High
2024-05-20,AST005,49999.5,Normal
2024-05-20,AST007,77804.0,High
2024-05-20,AST008,35437.0,Low
2024-05-20,AST009,48584.0,Normal
2024-05-20,AST010,30436.0,Low
2024-05-20,AST011,84660.0,High
2024-05-20,AST014,61194.0,Normal
2024-05-20,AST015,27555.0,Low
2024-05-20,AST016,36690.0,Low
2024-05-20,AST018,80526.0,High
2024-05-20,AST019,30243.0,Low
2024-05-20,AST020,53496.0,Normal
2024-05-20,AST021,65373.0,Normal
2024-05-20,AST026,64322.0,Normal
2024-05-20,AST027,83448.0,High
2024-05-20,AST028,70316.0,High
2024-05-20,AST030,80441.5,High
2024-05-21,AST001,38664.5,Low
2024-05-21,AST003,43871.0,Low
2024-05-21,AST006,53913.0,Normal
2024-05-21,AST007,77961.0,High
2024-05-21,AST008,32354.0,Low
2024-05-21,AST009,41979.0,Low
2024-05-21,AST010,30290.0,Low
2024-05-21,AST012,52656.0,Normal
2024-05-21,AST013,63548.0,Normal
2024-05-21,AST014,59046.5,Normal
2024-05-21,AST017,73036.0,High
2024-05-21,AST018,77774.0,High
2024-05-21,AST019,28719.0,Low
2024-05-21,AST020,53196.25,Normal
2024-05-21,AST022,33711.0,Low
2024-05-21,AST024,48712.0,Normal
2024-05-22,AST002,31445.5,Low
2024-05-22,AST004,70689.0,High
2024-05-22,AST009,44384.0,Low
2024-05-22,AST010,28617.0,Low
2024-05-22,AST018,79382.5,High
2024-05-22,AST019,29791.0,Low
2024-05-22,AST021,63819.0,Normal
2024-05-22,AST022,35496.0,Low
2024-05-22,AST026,62643.0,Normal
2024-05-22,AST027,81761.0,High
2024-05-22,AST028,77150.0,High
2024-05-22,AST029,43455.0,Low
2024-05-22,AST030,80112.0,High
2024-05-23,AST001,40885.0,Low
2024-05-23,AST007,71730.0,High
2024-05-23,AST008,33325.0,Low
2024-05-23,AST009,43054.5,Low
2024-05-23,AST010,29798.0,Low
2024-05-23,AST012,54949.0,Normal
2024-05-23,AST013,59434.0,Normal
2024-05-23,AST014,60282.0,Normal
2024-05-23,AST016,39183.0,Low
2024-05-23,AST018,77777.0,High
2024-05-23,AST019,29051.5,Low
2024-05-23,AST021,74085.0,High
2024-05-23,AST023,45377.0,Normal
2024-05-23,AST024,49322.0,Normal
2024-05-23,AST025,59316.5,Normal
2024-05-23,AST026,62611.5,Normal
2024-05-23,AST027,77082.0,High
2024-05-23,AST029,42051.0,Low
2024-05-23,AST030,85971.5,High
2024-05-24,AST002,32326.0,Low
2024-05-24,AST004,77192.0,High
2024-05-24,AST006,51695.0,Normal
2024-05-24,AST008,32401.0,Low
2024-05-24,AST010,29940.0,Low
2024-05-24,AST016,37865.0,Low
2024-05-24,AST018,69479.0,Normal
2024-05-24,AST019,29327.0,Low
2024-05-24,AST025,57757.0,Normal
2024-05-24,AST026,70096.0,High
2024-05-24,AST028,80885.0,High
2024-05-25,AST001,39386.0,Low
2024-05-25,AST003,41864.0,Low
2024-05-25,AST004,68708.0,Normal
2024-05-25,AST005,51150.0,Normal
2024-05-25,AST011,76269.0,High
2024-05-25,AST012,51550.5,Normal
2024-05-25,AST014,59834.0,Normal
2024-05-25,AST016,37487.0,Low
2024-05-25,AST018,74797.0,High
2024-05-25,AST021,74219.0,High
2024-05-25,AST023,44061.0,Low
2024-05-25,AST024,47514.0,Normal
2024-05-25,AST025,56025.0,Normal
2024-05-25,AST026,68930.5,Normal
2024-05-25,AST027,82571.0,High
2024-05-25,AST028,76652.0,High
2024-05-25,AST030,80711.0,High
2024-05-26,AST001,36387.33,Low
2024-05-26,AST007,74763.0,High
2024-05-26,AST008,31280.5,Low
2024-05-26,AST010,31251.67,Low
2024-05-26,AST013,60009.0,Normal
2024-05-26,AST015,27529.0,Low
2024-05-26,AST017,76571.5,High
2024-05-26,AST019,30400.0,Low
2024-05-26,AST021,72892.5,High
2024-05-26,AST022,33435.0,Low
2024-05-26,AST023,43013.0,Low
2024-05-26,AST025,59831.0,Normal
2024-05-26,AST027,79452.0,High
2024-05-26,AST028,80091.0,High
2024-05-26,AST029,44042.5,Low
2024-05-27,AST001,37154.0,Low
2024-05-27,AST002,33540.0,Low
2024-05-27,AST003,38666.0,Low
2024-05-27,AST005,46735.0,Normal
2024-05-27,AST008,31720.0,Low
2024-05-27,AST009,47716.0,Normal
2024-05-27,AST012,55097.0,Normal
2024-05-27,AST013,60149.0,Normal
2024-05-27,AST014,55558.0,Normal
2024-05-27,AST015,27135.0,Low
2024-05-27,AST017,70876.0,High
2024-05-27,AST018,79117.0,High
2024-05-27,AST019,30713.0,Low
2024-05-27,AST021,67623.0,Normal
2024-05-27,AST022,36871.5,Low
2024-05-27,AST024,51233.5,Normal
2024-05-27,AST027,76285.0,High
2024-05-27,AST028,82268.0,High
2024-05-27,AST030,84449.5,High
2024-05-28,AST001,42013.0,Low
2024-05-28,AST003,44119.0,Low
2024-05-28,AST005,47974.5,Normal
2024-05-28,AST008,35332.0,Low
2024-05-28,AST011,83410.0,High
2024-05-28,AST013,65194.0,Normal
2024-05-28,AST017,76301.0,High
2024-05-28,AST018,78782.0,High
2024-05-28,AST019,30521.0,Low
2024-05-28,AST020,54856.67,Normal
2024-05-28,AST022,34141.0,Low
2024-05-28,AST025,60010.0,Normal
2024-05-28,AST026,66418.0,Normal
2024-05-28,AST030,78077.0,High
2024-05-29,AST001,39324.0,Low
2024-05-29,AST002,31351.33,Low
2024-05-29,AST006,48949.0,Normal
2024-05-29,AST009,40730.0,Low
2024-05-29,AST010,30697.0,Low
2024-05-29,AST011,86332.67,High
2024-05-29,AST012,56011.0,Normal
2024-05-29,AST013,63660.0,Normal
2024-05-29,AST021,69602.0,Normal
2024-05-29,AST022,34852.0,Low
2024-05-29,AST023,45272.0,Normal
2024-05-29,AST029,40474.0,Low
2024-05-29,AST030,83926.0,High
2024-05-30,AST001,38262.0,Low
2024-05-30,AST003,42580.0,Low
2024-05-30,AST006,58080.0,Normal
2024-05-30,AST007,75532.5,High
2024-05-30,AST010,30363.0,Low
2024-05-30,AST011,83902.0,High
2024-05-30,AST012,56405.0,Normal
2024-05-30,AST015,28788.5,Low
2024-05-30,AST016,38839.0,Low
2024-05-30,AST022,36716.5,Low
2024-05-30,AST024,46178.0,Normal
2024-05-30,AST025,59449.0,Normal
2024-05-30,AST029,41819.0,Low
2024-05-31,AST002,29467.0,Low
2024-05-31,AST003,41333.5,Low
2024-05-31,AST004,71930.0,High
2024-05-31,AST005,51830.0,Normal
2024-05-31,AST006,58782.0,Normal
2024-05-31,AST011,77790.0,High
2024-05-31,AST012,54549.0,Normal
2024-05-31,AST016,40812.0,Low
2024-05-31,AST017,75304.0,High
2024-05-31,AST018,81416.33,High
2024-05-31,AST019,27058.0,Low
2024-05-31,AST020,52121.0,Normal
2024-05-31,AST021,68233.0,Normal
2024-05-31,AST022,35278.0,Low
2024-05-31,AST023,45401.0,Normal
2024-05-31,AST024,49470.5,Normal
2024-05-31,AST026,61319.0,Normal
2024-05-31,AST027,77357.0,High
2024-05-31,AST028,74684.0,High
2024-05-31,AST029,44197.0,Low
2024-05-31,AST030,75445.0,High
2024-06-01,AST002,30810.0,Low
2024-06-01,AST003,39336.0,Low
2024-06-01,AST006,55517.0,Normal
2024-06-01,AST007,71664.5,High
2024-06-01,AST009,47144.0,Normal
2024-06-01,AST010,29509.5,Low
2024-06-01,AST012,51036.0,Normal
2024-06-01,AST019,29788.0,Low
2024-06-01,AST020,52797.0,Normal
2024-06-01,AST022,37436.5,Low
2024-06-01,AST025,59640.0,Normal
2024-06-01,AST030,78228.0,High
2024-06-02,AST001,36506.5,Low
2024-06-02,AST004,79517.0,High
2024-06-02,AST005,51940.0,Normal
2024-06-02,AST006,58990.0,Normal
2024-06-02,AST009,45148.0,Low
2024-06-02,AST015,26173.0,Low
2024-06-02,AST020,53140.0,Normal
2024-06-02,AST022,34936.0,Low
2024-06-02,AST023,41056.5,Low
2024-06-02,AST025,58146.0,Normal
2024-06-02,AST029,44859.5,Low
2024-06-03,AST002,30002.0,Low
2024-06-03,AST004,74712.0,High
2024-06-03,AST005,46994.0,Normal
2024-06-03,AST006,53267.0,Normal
2024-06-03,AST007,75945.0,High
2024-06-03,AST008,35607.0,Low
2024-06-03,AST009,47806.0,Normal
2024-06-03,AST011,78997.5,High
2024-06-03,AST015,24126.0,Low
2024-06-03,AST016,40069.5,Low
2024-06-03,AST017,73655.0,High
2024-06-03,AST018,70806.0,High
2024-06-03,AST019,27430.0,Low
2024-06-03,AST020,54613.0,Normal
2024-06-03,AST027,77879.0,High
2024-06-03,AST029,39123.0,Low
2024-06-04,AST001,41427.5,Low
2024-06-04,AST003,41134.0,Low
2024-06-04,AST006,56808.0,Normal
2024-06-04,AST010,29335.0,Low
2024-06-04,AST012,50174.0,Normal
2024-06-04,AST013,60974.5,Normal
2024-06-04,AST015,28235.0,Low
2024-06-04,AST016,41130.0,Low
2024-06-04,AST018,77239.0,High
2024-06-04,AST020,52811.0,Normal
2024-06-04,AST023,45732.0,Normal
2024-06-04,AST025,53354.0,Normal
2024-06-04,AST026,63638.0,Normal
2024-06-04,AST027,78325.0,High
2024-06-04,AST029,38297.0,Low
2024-06-04,AST030,86953.0,High
2024-06-05,AST001,40739.0,Low
2024-06-05,AST002,29415.0,Low
2024-06-05,AST003,41392.0,Low
2024-06-05,AST004,69562.0,Normal
2024-06-05,AST005,50705.5,Normal
2024-06-05,AST006,59973.0,Normal
2024-06-05,AST007,75739.0,High
2024-06-05,AST008,33085.67,Low
2024-06-05,AST009,42733.5,Low
2024-06-05,AST010,29667.5,Low
2024-06-05,AST014,59616.33,Normal
2024-06-05,AST015,26813.0,Low
2024-06-05,AST016,38678.0,Low
2024-06-05,AST017,74368.0,High
2024-06-05,AST018,77211.33,High
2024-06-05,AST019,30924.0,Low
2024-06-05,AST020,53420.0,Normal
2024-06-05,AST024,47950.67,Normal
2024-06-05,AST027,74187.5,High
2024-06-05,AST028,75871.5,High
2024-06-05,AST029,41641.0,Low
2024-06-06,AST001,35932.0,Low
2024-06-06,AST002,32315.0,Low
2024-06-06,AST008,32645.0,Low
2024-06-06,AST011,89384.0,High
2024-06-06,AST012,52861.0,Normal
2024-06-06,AST015,23716.0,Low
2024-06-06,AST016,40676.0,Low
2024-06-06,AST017,74244.0,High
2024-06-06,AST018,77662.0,High
2024-06-06,AST020,54783.0,Normal
2024-06-06,AST023,45587.0,Normal
2024-06-06,AST030,82212.0,High
2024-06-07,AST001,40943.0,Low
2024-06-07,AST002,30447.0,Low
2024-06-07,AST004,69378.5,High
2024-06-07,AST005,48007.0,Normal
2024-06-07,AST008,33659.0,Low
2024-06-07,AST009,44305.0,Low
2024-06-07,AST010,30062.0,Low
2024-06-07,AST012,54058.0,Normal
2024-06-07,AST013,64867.0,Normal
2024-06-07,AST021,64026.0,Normal
2024-06-07,AST023,41960.0,Low
2024-06-07,AST024,46954.0,Normal
2024-06-07,AST025,56732.5,Normal
2024-06-07,AST026,64828.0,Normal
2024-06-07,AST027,79420.67,High
2024-06-07,AST029,45665.0,Normal
2024-06-07,AST030,74571.5,High
2024-06-08,AST002,30667.0,Low
2024-06-08,AST004,62238.0,Normal
2024-06-08,AST006,52992.0,Normal
2024-06-08,AST009,47089.0,Normal
2024-06-08,AST010,30589.5,Low
2024-06-08,AST011,77479.0,High
2024-06-08,AST012,51690.0,Normal
2024-06-08,AST014,55957.0,Normal
2024-06-08,AST016,39468.0,Low
2024-06-08,AST017,72537.0,High
2024-06-08,AST021,66487.0,Normal
2024-06-08,AST024,44353.0,Low
2024-06-08,AST027,86672.0,High
2024-06-08,AST028,73607.0,High
2024-06-09,AST001,41861.0,Low
2024-06-09,AST002,30725.0,Low
2024-06-09,AST005,44926.0,Low
2024-06-09,AST006,52035.0,Normal
2024-06-09,AST009,39966.0,Low
2024-06-09,AST011,78678.0,High
2024-06-09,AST015,26424.0,Low
2024-06-09,AST020,52436.0,Normal
2024-06-09,AST021,63985.0,Normal
2024-06-09,AST025,53618.0,Normal
2024-06-09,AST027,75508.5,High
2024-06-10,AST002,29508.0,Low
2024-06-10,AST003,41539.0,Low
2024-06-10,AST006,54593.0,Normal
2024-06-10,AST007,73524.0,High
2024-06-10,AST008,32206.0,Low
2024-06-10,AST009,45650.0,Normal
2024-06-10,AST010,30397.0,Low
2024-06-10,AST011,78053.5,High
2024-06-10,AST018,69376.0,Normal
2024-06-10,AST020,49628.0,Normal
2024-06-10,AST021,67077.0,Normal
2024-06-10,AST022,37609.0,Low
2024-06-10,AST025,55561.0,Normal
2024-06-10,AST026,64375.0,Normal
2024-06-10,AST028,73473.0,High
2024-06-10,AST029,42392.5,Low
2024-06-10,AST030,79347.33,High
2024-06-11,AST001,37740.0,Low
2024-06-11,AST002,28024.0,Low
2024-06-11,AST003,42119.0,Low
2024-06-11,AST004,70416.0,High
2024-06-11,AST005,45956.0,Normal
2024-06-11,AST007,71638.5,High
2024-06-11,AST008,30821.0,Low
2024-06-11,AST010,30846.0,Low
2024-06-11,AST012,53612.5,Normal
2024-06-11,AST013,62014.33,Normal
2024-06-11,AST014,62211.0,Normal
2024-06-11,AST019,27723.0,Low
2024-06-11,AST021,67889.67,Normal
2024-06-11,AST022,37602.67,Low
2024-06-11,AST023,42370.0,Low
2024-06-11,AST025,56788.0,Normal
2024-06-11,AST026,65101.0,Normal
2024-06-11,AST027,82755.0,High
2024-06-11,AST029,38909.0,Low
2024-06-12,AST002,29849.5,Low
2024-06-12,AST003,44821.0,Low
2024-06-12,AST006,59385.0,Normal
2024-06-12,AST009,45024.0,Normal
2024-06-12,AST010,27305.0,Low
2024-06-12,AST011,73090.0,High
2024-06-12,AST012,48804.0,Normal
2024-06-12,AST013,61370.0,Normal
2024-06-12,AST014,60152.0,Normal
2024-06-12,AST016,37867.5,Low
2024-06-12,AST018,72004.0,High
2024-06-12,AST020,50831.0,Normal
2024-06-12,AST022,33679.0,Low
2024-06-12,AST027,76986.0,High
2024-06-13,AST001,38640.5,Low
2024-06-13,AST005,47694.0,Normal
2024-06-13,AST006,54160.0,Normal
2024-06-13,AST009,44358.0,Low
2024-06-13,AST011,79028.0,High
2024-06-13,AST012,56428.5,Normal
2024-06-13,AST016,35649.0,Low
2024-06-13,AST017,68247.0,Normal
2024-06-13,AST019,28699.5,Low
2024-06-13,AST020,51465.0,Normal
2024-06-13,AST021,69113.0,High
2024-06-13,AST023,42696.0,Low
2024-06-13,AST027,74524.0,High
2024-06-13,AST028,78450.0,High
2024-06-13,AST030,76439.0,High
2024-06-14,AST001,35997.0,Low
2024-06-14,AST002,32132.0,Low
2024-06-14,AST003,41325.0,Low
2024-06-14,AST005,44415.5,Low
2024-06-14,AST007,71787.0,High
2024-06-14,AST010,30282.0,Low
2024-06-14,AST012,49998.0,Normal
2024-06-14,AST013,65043.0,Normal
2024-06-14,AST016,41058.0,Low
2024-06-14,AST018,77825.0,High
2024-06-14,AST019,26218.0,Low
2024-06-14,AST023,42549.0,Low
2024-06-14,AST024,50403.0,Normal
2024-06-14,AST026,63602.0,Normal
2024-06-14,AST027,71829.0,High
2024-06-14,AST028,73156.5,High
2024-06-14,AST029,42396.0,Low
2024-06-15,AST001,35545.0,Low
2024-06-15,AST003,39310.0,Low
2024-06-15,AST004,69320.67,Normal
2024-06-15,AST006,54106.0,Normal
2024-06-15,AST007,73439.33,High
2024-06-15,AST008,31681.0,Low
2024-06-15,AST009,42328.0,Low
2024-06-15,AST010,30364.0,Low
2024-06-15,AST011,79268.0,High
2024-06-15,AST013,65385.0,Normal
2024-06-15,AST015,28477.0,Low
2024-06-15,AST016,34773.0,Low
2024-06-15,AST018,75067.0,High
2024-06-15,AST020,51979.67,Normal
2024-06-15,AST021,66298.0,Normal
2024-06-15,AST024,43666.5,Low
2024-06-15,AST025,59168.67,Normal
2024-06-15,AST029,38439.0,Low
2024-06-15,AST030,77958.0,High
2024-06-16,AST004,69694.0,Normal
2024-06-16,AST005,46999.0,Normal
2024-06-16,AST008,36145.0,Low
2024-06-16,AST016,39726.0,Low
2024-06-16,AST017,77437.0,High
2024-06-16,AST018,79218.0,High
2024-06-16,AST026,72546.0,High
2024-06-16,AST029,43025.0,Low
2024-06-17,AST001,32777.0,Low
2024-06-17,AST003,42832.0,Low
2024-06-17,AST005,50564.0,Normal
2024-06-17,AST007,73835.0,High
2024-06-17,AST009,40463.0,Low
2024-06-17,AST012,53959.0,Normal
2024-06-17,AST013,58954.0,Normal
2024-06-17,AST015,27654.0,Low
2024-06-17,AST017,75927.0,High
2024-06-17,AST021,67032.0,Normal
2024-06-17,AST022,38894.0,Low
2024-06-17,AST023,45174.0,Normal
2024-06-17,AST024,48357.5,Normal
2024-06-17,AST029,43608.0,Low
2024-06-18,AST001,42352.0,Low
2024-06-18,AST002,34545.0,Low
2024-06-18,AST005,48375.0,Normal
2024-06-18,AST007,78294.0,High
2024-06-18,AST009,43784.0,Low
2024-06-18,AST010,29316.0,Low
2024-06-18,AST011,83497.5,High
2024-06-18,AST012,48317.0,Normal
2024-06-18,AST013,62823.0,Normal
2024-06-18,AST014,56062.0,Normal
2024-06-18,AST015,26296.0,Low
2024-06-18,AST018,67937.0,Normal
2024-06-18,AST023,46288.5,Low
2024-06-18,AST024,47430.0,Normal
2024-06-18,AST028,82753.0,High
2024-06-18,AST029,39304.0,Low
2024-06-19,AST003,36844.0,Low
2024-06-19,AST004,69864.0,Normal
2024-06-19,AST005,50266.0,Normal
2024-06-19,AST008,29827.0,Low
2024-06-19,AST010,29974.0,Low
2024-06-19,AST012,52558.0,Normal
2024-06-19,AST015,25535.0,Low
2024-06-19,AST016,40669.0,Low
2024-06-19,AST017,72368.0,High
2024-06-19,AST018,77079.5,High
2024-06-19,AST024,50656.0,Normal
2024-06-20,AST005,46103.0,Normal
2024-06-20,AST008,31953.5,Low
2024-06-20,AST009,41585.0,Low
2024-06-20,AST011,79834.0,High
2024-06-20,AST014,58727.0,Normal
2024-06-20,AST015,27660.67,Low
2024-06-20,AST017,69973.5,High
2024-06-20,AST019,32320.0,Low
2024-06-20,AST023,44648.0,Low
2024-06-20,AST025,54225.0,Normal
2024-06-20,AST026,65894.0,Normal
2024-06-20,AST027,86194.0,High
2024-06-20,AST028,80389.5,High
2024-06-20,AST029,46391.0,Normal
2024-06-20,AST030,79962.0,High
2024-06-21,AST002,28908.0,Low
2024-06-21,AST004,67505.0,Normal
2024-06-21,AST005,49492.0,Normal
2024-06-21,AST006,58010.0,Normal
2024-06-21,AST009,44488.0,Low
2024-06-21,AST016,43428.0,Low
2024-06-21,AST017,72689.5,High
2024-06-21,AST020,50257.0,Normal
2024-06-21,AST021,64968.0,Normal
2024-06-21,AST022,35068.0,Low
2024-06-21,AST024,45952.0,Normal
2024-06-21,AST025,47717.0,Normal
2024-06-21,AST026,63566.67,Normal
2024-06-21,AST027,77845.0,High
2024-06-22,AST005,51622.0,Normal
2024-06-22,AST006,56264.0,Normal
2024-06-22,AST007,68935.0,Normal
2024-06-22,AST013,63779.0,Normal
2024-06-22,AST014,53494.0,Normal
2024-06-22,AST015,27896.0,Low
2024-06-22,AST017,68290.5,Normal
2024-06-22,AST020,56389.0,Normal
2024-06-22,AST021,62903.0,Normal
2024-06-22,AST022,37218.0,Low
2024-06-22,AST024,47368.0,Normal
2024-06-22,AST026,71843.0,High
2024-06-22,AST027,79401.0,High
2024-06-22,AST028,78747.0,High
2024-06-22,AST030,82771.0,High
2024-06-23,AST001,42926.0,Low
2024-06-23,AST002,31724.0,Low
2024-06-23,AST003,40171.0,Low
2024-06-23,AST004,70911.0,High
2024-06-23,AST005,46519.5,Low
2024-06-23,AST006,56233.0,Normal
2024-06-23,AST007,76991.0,High
2024-06-23,AST008,32578.0,Low
2024-06-23,AST010,30953.5,Low
2024-06-23,AST011,72625.67,High
2024-06-23,AST014,59555.0,Normal
2024-06-23,AST015,28612.5,Low
2024-06-23,AST016,39090.0,Low
2024-06-23,AST021,71436.0,High
2024-06-23,AST024,47863.0,Normal
2024-06-23,AST027,77879.0,High
2024-06-23,AST028,80380.0,High
2024-06-23,AST029,39089.0,Low
2024-06-23,AST030,79064.5,High
2024-06-24,AST001,37624.0,Low
2024-06-24,AST003,42009.0,Low
2024-06-24,AST004,70916.0,High
2024-06-24,AST006,53821.5,Normal
2024-06-24,AST007,79357.0,High
2024-06-24,AST008,32055.0,Low
2024-06-24,AST010,30733.0,Low
2024-06-24,AST013,63454.5,Normal
2024-06-24,AST018,75986.0,High
2024-06-24,AST019,30536.0,Low
2024-06-24,AST021,66320.5,Normal
2024-06-24,AST022,37377.5,Low
2024-06-24,AST024,47158.5,Normal
2024-06-24,AST025,59829.0,Normal
2024-06-24,AST026,69132.0,Normal
2024-06-24,AST027,84109.0,High
2024-06-24,AST029,41046.0,Low
2024-06-25,AST005,47794.0,Normal
2024-06-25,AST006,52954.0,Normal
2024-06-25,AST016,39657.0,Low
2024-06-25,AST017,73378.0,High
2024-06-25,AST022,35498.0,Low
2024-06-25,AST025,57055.0,Normal
2024-06-25,AST026,64860.0,Normal
2024-06-25,AST029,39123.0,Low
2024-06-25,AST030,75065.5,High
2024-06-26,AST005,49320.5,Normal
2024-06-26,AST006,51048.0,Normal
2024-06-26,AST007,76644.0,High
2024-06-26,AST009,43336.0,Low
2024-06-26,AST012,52037.0,Normal
2024-06-26,AST013,62193.0,Normal
2024-06-26,AST014,58787.0,Normal
2024-06-26,AST020,51212.0,Normal
2024-06-26,AST021,68112.5,Normal
2024-06-26,AST024,45775.0,Normal
2024-06-26,AST026,63255.0,Normal
2024-06-26,AST028,75524.0,High
2024-06-26,AST029,43550.0,Low
2024-06-26,AST030,84717.33,High
2024-06-27,AST003,41585.0,Low
2024-06-27,AST004,71368.0,High
2024-06-27,AST006,52515.0,Normal
2024-06-27,AST007,70279.0,High
2024-06-27,AST009,43281.0,Low
2024-06-27,AST010,31247.0,Low
2024-06-27,AST013,60359.0,Normal
2024-06-27,AST014,54244.0,Normal
2024-06-27,AST016,37164.0,Low
2024-06-27,AST017,69371.0,Normal
2024-06-27,AST019,31019.5,Low
2024-06-27,AST020,49641.0,Normal
2024-06-27,AST021,65696.0,Normal
2024-06-27,AST022,34554.0,Low
2024-06-27,AST023,39080.0,Low
2024-06-27,AST024,48002.0,Normal
2024-06-27,AST026,64424.5,Normal
2024-06-27,AST028,81815.0,High
2024-06-27,AST029,38588.0,Low
2024-06-27,AST030,73455.0,High
2024-06-28,AST001,39253.0,Low
2024-06-28,AST002,32139.0,Low
2024-06-28,AST005,44333.0,Low
2024-06-28,AST007,75210.0,High
2024-06-28,AST009,46108.0,Normal
2024-06-28,AST013,62144.0,Normal
2024-06-28,AST014,57944.5,Normal
2024-06-28,AST015,24652.0,Low
2024-06-28,AST021,65953.5,Normal
2024-06-28,AST022,35265.0,Low
2024-06-28,AST024,50885.0,Normal
2024-06-28,AST025,57806.5,Normal
2024-06-28,AST026,61293.0,Normal
2024-06-28,AST028,72985.0,High
2024-06-28,AST030,75955.0,High
2024-06-29,AST001,35695.0,Low
2024-06-29,AST002,31359.0,Low
2024-06-29,AST005,47956.0,Normal
2024-06-29,AST009,44389.0,Low
2024-06-29,AST010,28544.0,Low
2024-06-29,AST012,55150.0,Normal
2024-06-29,AST014,58394.5,Normal
2024-06-29,AST015,26529.33,Low
2024-06-29,AST016,40538.67,Low
2024-06-29,AST017,67930.5,Normal
2024-06-29,AST018,75691.0,High
2024-06-29,AST020,49215.0,Normal
2024-06-29,AST021,65685.0,Normal
2024-06-29,AST023,42990.0,Low
2024-06-29,AST027,83053.0,High
2024-06-29,AST028,82821.0,High
2024-06-30,AST002,32227.0,Low
2024-06-30,AST003,47861.0,Normal
2024-06-30,AST004,67268.0,Normal
2024-06-30,AST011,77819.0,High
2024-06-30,AST015,26863.0,Low
2024-06-30,AST016,37442.0,Low
2024-06-30,AST017,75069.0,High
2024-06-30,AST019,31331.5,Low
2024-06-30,AST020,54935.5,Normal
2024-06-30,AST021,62435.0,Normal
2024-06-30,AST022,32127.0,Low
2024-06-30,AST024,47869.5,Normal
2024-06-30,AST027,77929.4,High
2024-06-30,AST030,80438.0,High
2024-07-01,AST001,32748.0,Low
2024-07-01,AST002,31140.5,Low
2024-07-01,AST006,53520.0,Normal
2024-07-01,AST007,73457.0,High
2024-07-01,AST008,30988.0,Low
2024-07-01,AST009,41937.0,Low
2024-07-01,AST013,65672.0,Normal
2024-07-01,AST014,58875.0,Normal
2024-07-01,AST016,39627.0,Low
2024-07-01,AST019,29786.0,Low
2024-07-01,AST020,52783.0,Normal
2024-07-01,AST023,43230.0,Low
2024-07-01,AST024,46808.0,Normal
2024-07-01,AST026,62933.5,Normal
2024-07-01,AST027,77933.0,High
2024-07-01,AST028,74809.0,High
2024-07-01,AST029,42400.0,Low
2024-07-01,AST030,83633.0,High
2024-07-02,AST001,37232.0,Low
2024-07-02,AST003,40899.0,Low
2024-07-02,AST007,73638.33,High
2024-07-02,AST008,31573.0,Low
2024-07-02,AST009,45271.0,Normal
2024-07-02,AST010,30200.0,Low
2024-07-02,AST011,80292.0,High
2024-07-02,AST015,27332.0,Low
2024-07-02,AST024,45464.0,Normal
2024-07-02,AST025,57017.0,Normal
2024-07-03,AST001,39563.0,Low
2024-07-03,AST002,30488.0,Low
2024-07-03,AST004,74555.0,High
2024-07-03,AST006,53416.5,Normal
2024-07-03,AST007,80213.0,High
2024-07-03,AST008,29569.0,Low
2024-07-03,AST009,46237.0,Normal
2024-07-03,AST011,76393.0,High
2024-07-03,AST012,55791.0,Normal
2024-07-03,AST013,62550.0,Normal
2024-07-03,AST014,54455.0,Normal
2024-07-03,AST015,25917.0,Low
2024-07-03,AST016,38262.33,Low
2024-07-03,AST017,69396.0,Normal
2024-07-03,AST018,73431.0,High
2024-07-03,AST020,54263.0,Normal
2024-07-03,AST023,44272.0,Low
2024-07-03,AST025,60024.0,Normal
2024-07-03,AST026,65462.5,Normal
2024-07-03,AST027,77024.0,High
2024-07-03,AST029,42513.0,Low
2024-07-03,AST030,79875.0,High
2024-07-04,AST001,37405.5,Low
2024-07-04,AST002,27726.0,Low
2024-07-04,AST007,69416.0,Normal
2024-07-04,AST008,31267.0,Low
2024-07-04,AST009,43438.0,Low
2024-07-04,AST010,28949.0,Low
2024-07-04,AST011,81066.67,High
2024-07-04,AST012,50962.0,Normal
2024-07-04,AST013,59203.0,Normal
2024-07-04,AST014,55855.0,Normal
2024-07-04,AST015,29022.0,Low
2024-07-04,AST020,48370.0,Normal
2024-07-04,AST021,60201.0,Normal
2024-07-04,AST023,45757.0,Normal
2024-07-04,AST025,59605.5,Normal
2024-07-04,AST027,78661.0,High
2024-07-04,AST028,81292.0,High
2024-07-04,AST029,41266.0,Low
2024-07-05,AST001,35043.0,Low
2024-07-05,AST004,74079.5,High
2024-07-05,AST005,48126.0,Normal
2024-07-05,AST006,53151.0,Normal
2024-07-05,AST007,71576.0,High
2024-07-05,AST008,31557.0,Low
2024-07-05,AST010,30861.0,Low
2024-07-05,AST011,74491.0,High
2024-07-05,AST012,48903.0,Normal
2024-07-05,AST013,56669.5,Normal
2024-07-05,AST014,58302.0,Normal
2024-07-05,AST016,39305.0,Low
2024-07-05,AST017,71447.5,High
2024-07-05,AST019,28192.0,Low
2024-07-05,AST020,51672.0,Normal
2024-07-05,AST024,48925.0,Normal
2024-07-05,AST026,64589.0,Normal
2024-07-05,AST030,82163.0,High
2024-07-06,AST004,73398.0,High
2024-07-06,AST005,47325.0,Normal
2024-07-06,AST006,48954.0,Normal
2024-07-06,AST007,74081.0,High
2024-07-06,AST008,32020.5,Low
2024-07-06,AST010,31713.0,Low
2024-07-06,AST011,75975.0,High
2024-07-06,AST012,50412.5,Normal
2024-07-06,AST014,55786.0,Normal
2024-07-06,AST015,26696.5,Low
2024-07-06,AST017,65703.0,Normal
2024-07-06,AST018,73546.0,High
2024-07-06,AST022,34727.0,Low
2024-07-06,AST025,61138.0,Normal
2024-07-06,AST028,71214.33,High
2024-07-06,AST029,41926.33,Low
2024-07-07,AST003,41042.0,Low
2024-07-07,AST005,42748.0,Low
2024-07-07,AST006,55277.5,Normal
2024-07-07,AST007,63091.0,Normal
2024-07-07,AST011,79810.0,High
2024-07-07,AST012,53529.0,Normal
2024-07-07,AST013,58168.5,Normal
2024-07-07,AST014,58675.0,Normal
2024-07-07,AST016,42458.0,Low
2024-07-07,AST017,67262.0,Normal
2024-07-07,AST019,30095.0,Low
2024-07-07,AST021,64966.0,Normal
2024-07-07,AST022,34193.0,Low
2024-07-07,AST024,46099.67,Normal
2024-07-07,AST026,63383.0,Normal
2024-07-07,AST029,38858.0,Low
2024-07-08,AST002,30188.0,Low
2024-07-08,AST003,41979.0,Low
2024-07-08,AST004,75665.0,High
2024-07-08,AST005,49398.0,Normal
2024-07-08,AST009,45917.0,Normal
2024-07-08,AST010,31886.0,Low
2024-07-08,AST011,75903.0,High
2024-07-08,AST014,55541.5,Normal
2024-07-08,AST015,27879.5,Low
2024-07-08,AST016,38058.0,Low
2024-07-08,AST017,73370.0,High
2024-07-08,AST018,70567.0,High
2024-07-08,AST021,66677.5,Normal
2024-07-08,AST022,34202.0,Low
2024-07-08,AST023,42882.67,Low
2024-07-08,AST024,45523.33,Low
2024-07-08,AST025,55692.0,Normal
2024-07-08,AST027,78013.0,High
2024-07-09,AST001,37000.0,Low
2024-07-09,AST003,38357.0,Low
2024-07-09,AST004,69701.0,Normal
2024-07-09,AST005,49970.0,Normal
2024-07-09,AST009,45295.0,Normal
2024-07-09,AST014,52052.0,Normal
2024-07-09,AST015,25954.0,Low
2024-07-09,AST017,69740.0,High
2024-07-09,AST018,70118.0,High
2024-07-09,AST022,33942.75,Low
2024-07-09,AST023,43779.0,Low
2024-07-09,AST025,55290.0,Normal
2024-07-09,AST027,73817.0,High
2024-07-09,AST029,40484.0,Low
2024-07-09,AST030,79974.0,High
2024-07-10,AST002,29603.0,Low
2024-07-10,AST005,47336.0,Low
2024-07-10,AST008,32935.0,Low
2024-07-10,AST010,29123.0,Low
2024-07-10,AST011,87232.0,High
2024-07-10,AST012,44717.0,Low
2024-07-10,AST013,61194.0,Normal
2024-07-10,AST014,58105.5,Normal
2024-07-10,AST015,27500.0,Low
2024-07-10,AST016,41662.0,Low
2024-07-10,AST018,74922.0,High
2024-07-10,AST019,26953.0,Low
2024-07-10,AST023,42100.0,Low
2024-07-10,AST024,50718.0,Normal
2024-07-10,AST025,56875.0,Normal
2024-07-10,AST026,60534.0,Normal
2024-07-10,AST029,38866.0,Low
2024-07-10,AST030,75829.0,High
2024-07-11,AST001,36263.0,Low
2024-07-11,AST002,31341.0,Low
2024-07-11,AST003,39656.67,Low
2024-07-11,AST006,56818.0,Normal
2024-07-11,AST008,34438.0,Low
2024-07-11,AST014,56450.0,Normal
2024-07-11,AST016,35763.0,Low
2024-07-11,AST018,77259.0,High
2024-07-11,AST022,39013.0,Low
2024-07-11,AST025,54502.25,Normal
2024-07-11,AST026,60902.0,Normal
2024-07-11,AST027,69686.0,High
2024-07-11,AST029,40537.0,Low
2024-07-11,AST030,79777.5,High
2024-07-12,AST001,38914.0,Low
2024-07-12,AST002,29438.0,Low
2024-07-12,AST004,74156.0,High
2024-07-12,AST005,49076.0,Normal
2024-07-12,AST007,73134.5,High
2024-07-12,AST008,31865.0,Low
2024-07-12,AST009,47028.0,Normal
2024-07-12,AST012,49585.0,Normal
2024-07-12,AST014,53219.0,Normal
2024-07-12,AST015,26244.5,Low
2024-07-12,AST016,39659.5,Low
2024-07-12,AST017,65976.0,Normal
2024-07-12,AST018,67221.0,Normal
2024-07-12,AST019,30551.0,Low
2024-07-12,AST021,65197.0,Normal
2024-07-12,AST025,57699.0,Normal
2024-07-12,AST028,75838.0,High
2024-07-13,AST002,30254.5,Low
2024-07-13,AST003,43023.0,Low
2024-07-13,AST012,52070.5,Normal
2024-07-13,AST014,61826.0,Normal
2024-07-13,AST015,26881.5,Low
2024-07-13,AST017,70126.0,High
2024-07-13,AST020,49046.5,Normal
2024-07-13,AST021,70149.0,High
2024-07-13,AST023,43592.0,Low
2024-07-13,AST024,46305.0,Normal
2024-07-13,AST025,51451.0,Normal
2024-07-13,AST026,58416.0,Normal
2024-07-13,AST027,80752.0,High
2024-07-13,AST029,39798.0,Low
2024-07-14,AST001,34626.0,Low
2024-07-14,AST004,64330.0,Normal
2024-07-14,AST006,54129.0,Normal
2024-07-14,AST007,71640.0,High
2024-07-14,AST008,33517.0,Low
2024-07-14,AST012,53008.0,Normal
2024-07-14,AST013,60831.0,Normal
2024-07-14,AST014,52736.0,Normal
2024-07-14,AST016,39341.0,Low
2024-07-14,AST017,73078.0,High
2024-07-14,AST018,74637.0,High
2024-07-14,AST021,63526.0,Normal
2024-07-14,AST023,43493.0,Low
2024-07-14,AST028,81359.0,High
2024-07-14,AST030,76877.0,High
2024-07-15,AST003,38686.0,Low
2024-07-15,AST007,76892.0,High
2024-07-15,AST009,43441.33,Low
2024-07-15,AST010,27431.0,Low
2024-07-15,AST011,74410.0,High
2024-07-15,AST014,54769.5,Normal
2024-07-15,AST015,26980.67,Low
2024-07-15,AST023,42654.0,Low
2024-07-15,AST024,45691.5,Low
2024-07-15,AST025,52566.0,Normal
2024-07-15,AST027,80149.33,High
2024-07-15,AST029,43202.0,Low
2024-07-15,AST030,75410.0,High
2024-07-16,AST002,30766.0,Low
2024-07-16,AST003,44342.0,Low
2024-07-16,AST005,49632.0,Normal
2024-07-16,AST006,52960.0,Normal
2024-07-16,AST008,35142.0,Low
2024-07-16,AST009,44663.0,Low
2024-07-16,AST011,86980.0,High
2024-07-16,AST012,50547.0,Normal
2024-07-16,AST013,58452.67,Normal
2024-07-16,AST016,40015.5,Low
2024-07-16,AST018,76151.0,High
2024-07-16,AST020,48652.0,Normal
2024-07-16,AST021,64011.0,Normal
2024-07-16,AST022,34776.5,Low
2024-07-16,AST023,44311.0,Low
2024-07-16,AST024,47009.0,Normal
2024-07-16,AST026,64338.5,Normal
2024-07-17,AST001,37650.5,Low
2024-07-17,AST003,38749.0,Low
2024-07-17,AST004,72127.0,High
2024-07-17,AST005,45072.5,Low
2024-07-17,AST006,51162.0,Normal
2024-07-17,AST007,72092.0,High
2024-07-17,AST008,32655.33,Low
2024-07-17,AST009,47251.0,Normal
2024-07-17,AST011,79865.0,High
2024-07-17,AST014,57182.5,Normal
2024-07-17,AST017,66456.0,Normal
2024-07-17,AST020,52170.0,Normal
2024-07-17,AST024,43675.0,Low
2024-07-17,AST028,67899.0,Normal
2024-07-17,AST029,41057.0,Low
2024-07-18,AST002,30475.0,Low
2024-07-18,AST003,41349.0,Low
2024-07-18,AST006,50885.0,Normal
2024-07-18,AST007,71903.67,High
2024-07-18,AST010,28097.0,Low
2024-07-18,AST012,53722.0,Normal
2024-07-18,AST013,59225.0,Normal
2024-07-18,AST015,28571.0,Low
2024-07-18,AST016,38240.0,Low
2024-07-18,AST017,77208.33,High
2024-07-18,AST018,84955.0,High
2024-07-18,AST019,29455.0,Low
2024-07-18,AST020,54022.5,Normal
2024-07-18,AST023,42014.0,Low
2024-07-18,AST024,46649.33,Normal
2024-07-18,AST026,62483.0,Normal
2024-07-18,AST029,45096.0,Normal
2024-07-18,AST030,82897.0,High
2024-07-19,AST001,36019.0,Low
2024-07-19,AST002,31345.0,Low
2024-07-19,AST003,39841.0,Low
2024-07-19,AST004,67000.67,Normal
2024-07-19,AST005,51758.0,Normal
2024-07-19,AST006,52741.0,Normal
2024-07-19,AST012,47285.0,Normal
2024-07-19,AST013,54915.0,Normal
2024-07-19,AST014,57456.5,Normal
2024-07-19,AST015,26518.5,Low
2024-07-19,AST019,27376.0,Low
2024-07-19,AST020,51232.0,Normal
2024-07-19,AST021,65788.5,Normal
2024-07-19,AST022,32188.0,Low
2024-07-19,AST023,42633.0,Low
2024-07-19,AST025,53553.0,Normal
2024-07-19,AST027,80838.0,High
2024-07-19,AST029,44828.0,Low
2024-07-19,AST030,84587.0,High
2024-07-20,AST001,39374.0,Low
2024-07-20,AST002,30490.0,Low
2024-07-20,AST004,72333.0,High
2024-07-20,AST007,73919.0,High
2024-07-20,AST010,29069.33,Low
2024-07-20,AST013,63209.0,Normal
2024-07-20,AST014,56271.0,Normal
2024-07-20,AST016,38747.0,Low
2024-07-20,AST019,29363.0,Low
2024-07-20,AST020,50726.0,Normal
2024-07-20,AST021,68197.0,Normal
2024-07-20,AST022,35189.0,Low
2024-07-20,AST024,39591.0,Low
2024-07-20,AST025,57144.0,Normal
2024-07-20,AST026,61281.5,Normal
2024-07-20,AST027,79627.0,High
2024-07-20,AST030,73942.0,High
2024-07-21,AST001,34762.0,Low
2024-07-21,AST003,39410.0,Low
2024-07-21,AST009,43064.0,Low
2024-07-21,AST010,29319.0,Low
2024-07-21,AST011,76970.0,High
2024-07-21,AST012,51479.0,Normal
2024-07-21,AST015,25562.0,Low
2024-07-21,AST016,40327.0,Low
2024-07-21,AST018,73333.0,High
2024-07-21,AST020,54394.0,Normal
2024-07-21,AST023,41270.5,Low
2024-07-21,AST027,80125.5,High
2024-07-21,AST028,74502.0,High
2024-07-21,AST030,85709.0,High
2024-07-22,AST001,36813.0,Low
2024-07-22,AST002,29854.0,Low
2024-07-22,AST004,69657.0,Normal
2024-07-22,AST007,68308.0,Normal
2024-07-22,AST010,27950.5,Low
2024-07-22,AST012,51359.25,Normal
2024-07-22,AST013,58254.67,Normal
2024-07-22,AST015,26756.0,Low
2024-07-22,AST016,42725.0,Low
2024-07-22,AST017,71750.0,High
2024-07-22,AST018,75284.0,High
2024-07-22,AST020,50039.0,Normal
2024-07-22,AST022,33494.0,Low
2024-07-22,AST023,42289.67,Low
2024-07-22,AST024,44806.0,Low
2024-07-22,AST027,74901.5,High
2024-07-22,AST030,76845.0,High
2024-07-23,AST002,30981.0,Low
2024-07-23,AST003,41140.0,Low
2024-07-23,AST006,52580.0,Normal
2024-07-23,AST009,43146.0,Low
2024-07-23,AST010,28215.0,Low
2024-07-23,AST011,81844.0,High
2024-07-23,AST012,47316.0,Normal
2024-07-23,AST013,60030.0,Normal
2024-07-23,AST014,58812.0,Normal
2024-07-23,AST016,38927.0,Low
2024-07-23,AST019,31437.0,Low
2024-07-23,AST020,53992.0,Normal
2024-07-23,AST021,62897.0,Normal
2024-07-23,AST023,45256.0,Normal
2024-07-23,AST024,42655.0,Low
2024-07-23,AST026,64688.0,Normal
2024-07-23,AST027,75659.0,High
2024-07-23,AST028,76240.0,High
2024-07-23,AST029,44403.0,Low
2024-07-23,AST030,83911.0,High
2024-07-24,AST003,43273.0,Low
2024-07-24,AST004,69690.0,Normal
2024-07-24,AST006,55604.0,Normal
2024-07-24,AST008,30642.0,Low
2024-07-24,AST009,40619.0,Low
2024-07-24,AST010,29454.67,Low
2024-07-24,AST011,84219.0,High
2024-07-24,AST014,56356.0,Normal
2024-07-24,AST015,28065.0,Low
2024-07-24,AST016,36782.0,Low
2024-07-24,AST018,81610.0,High
2024-07-24,AST020,46507.0,Normal
2024-07-24,AST023,45000.0,Normal
2024-07-24,AST027,78145.5,High
2024-07-24,AST028,67328.0,Normal
2024-07-24,AST030,73956.0,High
2024-07-25,AST001,40295.0,Low
2024-07-25,AST003,40338.0,Low
2024-07-25,AST004,76385.0,High
2024-07-25,AST008,33638.0,Low
2024-07-25,AST011,77788.0,High
2024-07-25,AST015,27482.5,Low
2024-07-25,AST016,37072.0,Low
2024-07-25,AST017,78669.0,High
2024-07-25,AST018,78180.0,High
2024-07-25,AST019,27769.0,Low
2024-07-25,AST020,42486.0,Low
2024-07-25,AST021,65737.0,Normal
2024-07-25,AST025,55763.0,Normal
2024-07-25,AST027,69174.0,Normal
2024-07-25,AST028,78244.0,High
2024-07-25,AST030,88515.0,High
2024-07-26,AST002,32175.0,Low
2024-07-26,AST004,65943.0,Normal
2024-07-26,AST007,72468.0,High
2024-07-26,AST008,33154.0,Low
2024-07-26,AST009,44660.0,Low
2024-07-26,AST011,79607.0,High
2024-07-26,AST014,59760.0,Normal
2024-07-26,AST015,28681.0,Low
2024-07-26,AST016,40579.0,Low
2024-07-26,AST019,28473.0,Low
2024-07-26,AST022,34708.0,Low
2024-07-26,AST023,41781.0,Low
2024-07-26,AST028,76649.0,High
2024-07-26,AST029,40444.0,Low
2024-07-26,AST030,80716.0,High
2024-07-27,AST001,35690.0,Low
2024-07-27,AST002,32638.67,Low
2024-07-27,AST004,65947.0,Normal
2024-07-27,AST005,43838.0,Low
2024-07-27,AST007,75366.0,High
2024-07-27,AST009,41542.0,Low
2024-07-27,AST013,55764.5,Normal
2024-07-27,AST016,39674.0,Low
2024-07-27,AST023,43834.0,Low
2024-07-27,AST024,42306.0,Low
2024-07-27,AST026,62318.0,Normal
2024-07-27,AST029,37524.0,Low
2024-07-28,AST001,34812.0,Low
2024-07-28,AST002,33229.0,Low
2024-07-28,AST006,57256.0,Normal
2024-07-28,AST009,44010.5,Low
2024-07-28,AST012,52960.0,Normal
2024-07-28,AST014,58293.0,Normal
2024-07-28,AST016,37368.0,Low
2024-07-28,AST017,70565.0,High
2024-07-28,AST018,72176.5,High
2024-07-28,AST019,25506.0,Low
2024-07-28,AST023,44679.5,Low
2024-07-28,AST025,54303.0,Normal
2024-07-28,AST027,74809.0,High
2024-07-29,AST001,37452.5,Low
2024-07-29,AST002,29794.0,Low
2024-07-29,AST004,70498.0,High
2024-07-29,AST007,71964.0,High
2024-07-29,AST008,27225.0,Low
2024-07-29,AST009,48409.0,Normal
2024-07-29,AST010,27218.0,Low
2024-07-29,AST018,68384.0,Normal
2024-07-29,AST020,49335.0,Normal
2024-07-29,AST021,63643.0,Normal
2024-07-29,AST022,34185.0,Low
2024-07-29,AST024,43941.0,Low
2024-07-29,AST025,63522.0,Normal
2024-07-29,AST026,63972.0,Normal
2024-07-29,AST027,76795.0,High
2024-07-29,AST028,77209.0,High
2024-07-29,AST029,40863.0,Low
2024-07-29,AST030,77675.0,High
2024-07-30,AST001,34665.0,Low
2024-07-30,AST002,31528.0,Low
2024-07-30,AST004,68507.0,Normal
2024-07-30,AST008,32047.0,Low
2024-07-30,AST009,43863.0,Low
2024-07-30,AST012,52697.0,Normal
2024-07-30,AST013,61991.0,Normal
2024-07-30,AST016,38173.0,Low
2024-07-30,AST017,65618.0,Normal
2024-07-30,AST018,73662.5,High
2024-07-30,AST021,65308.5,Normal
2024-07-30,AST023,41952.5,Low
2024-07-30,AST024,50798.0,Normal
2024-07-30,AST025,54697.0,Normal
2024-07-30,AST026,63101.0,Normal
2024-07-30,AST027,72999.0,High
2024-07-30,AST029,38964.0,Low
2024-07-30,AST030,82613.0,High
2024-07-31,AST001,38437.5,Low
2024-07-31,AST002,30534.0,Low
2024-07-31,AST003,41478.0,Low
2024-07-31,AST004,67940.0,Normal
2024-07-31,AST005,49208.33,Normal
2024-07-31,AST006,53728.0,Normal
2024-07-31,AST007,67070.0,Normal
2024-07-31,AST010,28812.5,Low
2024-07-31,AST011,85360.0,High
2024-07-31,AST012,52645.5,Normal
2024-07-31,AST014,57652.0,Normal
2024-07-31,AST015,27146.0,Low
2024-07-31,AST016,39640.67,Low
2024-07-31,AST017,68711.0,Normal
2024-07-31,AST018,75284.0,High
2024-07-31,AST021,65079.0,Normal
2024-07-31,AST025,55596.0,Normal
2024-07-31,AST026,67980.0,Normal
2024-07-31,AST028,72665.0,High
2024-07-31,AST029,40994.0,Low
2024-08-01,AST003,39684.0,Low
2024-08-01,AST004,70094.0,High
2024-08-01,AST005,41813.0,Low
2024-08-01,AST008,30467.5,Low
2024-08-01,AST010,28108.5,Low
2024-08-01,AST011,84626.0,High
2024-08-01,AST012,50708.0,Normal
2024-08-01,AST013,59813.0,Normal
2024-08-01,AST014,60744.0,Normal
2024-08-01,AST015,26874.0,Low
2024-08-01,AST018,68673.0,Normal
2024-08-01,AST020,48314.0,Normal
2024-08-01,AST022,34628.0,Low
2024-08-01,AST024,47695.0,Normal
2024-08-01,AST025,53819.5,Normal
2024-08-01,AST027,68420.0,Normal
2024-08-01,AST029,41621.5,Low
2024-08-01,AST030,76757.0,High
2024-08-02,AST002,28487.0,Low
2024-08-02,AST004,64806.0,Normal
2024-08-02,AST005,44908.0,Low
2024-08-02,AST007,71625.0,High
2024-08-02,AST008,29579.0,Low
2024-08-02,AST009,46060.0,Normal
2024-08-02,AST010,26797.0,Low
2024-08-02,AST012,47015.0,Normal
2024-08-02,AST014,55275.5,Normal
2024-08-02,AST016,38128.5,Low
2024-08-02,AST017,70109.0,High
2024-08-02,AST018,70698.0,High
2024-08-02,AST020,53772.0,Normal
2024-08-02,AST022,36103.0,Low
2024-08-02,AST024,45139.0,Normal
2024-08-02,AST025,52934.5,Normal
2024-08-02,AST027,79185.0,High
2024-08-02,AST028,71696.0,High
2024-08-02,AST030,78717.0,High
2024-08-03,AST002,29294.0,Low
2024-08-03,AST003,38687.0,Low
2024-08-03,AST004,77801.0,High
2024-08-03,AST005,47246.5,Low
2024-08-03,AST007,70108.0,High
2024-08-03,AST010,31740.0,Low
2024-08-03,AST016,36932.0,Low
2024-08-03,AST018,69346.0,Normal
2024-08-03,AST019,28703.0,Low
2024-08-03,AST020,55684.0,Normal
2024-08-03,AST021,62464.0,Normal
2024-08-03,AST022,28095.0,Low
2024-08-03,AST023,41397.0,Low
2024-08-03,AST024,45709.0,Normal
2024-08-03,AST028,73711.0,High
2024-08-03,AST030,80291.0,High
2024-08-04,AST002,30367.0,Low
2024-08-04,AST006,45147.0,Normal
2024-08-04,AST007,68659.0,Normal
2024-08-04,AST008,28042.0,Low
2024-08-04,AST011,79064.5,High
2024-08-04,AST012,53342.0,Normal
2024-08-04,AST013,58582.0,Normal
2024-08-04,AST014,50871.0,Normal
2024-08-04,AST016,38302.0,Low
2024-08-04,AST017,66412.5,Normal
2024-08-04,AST022,36632.0,Low
2024-08-04,AST025,55976.0,Normal
2024-08-04,AST026,66516.0,High
2024-08-04,AST029,37423.0,Low
2024-08-05,AST001,36658.0,Low
2024-08-05,AST002,29338.0,Low
2024-08-05,AST003,39431.0,Low
2024-08-05,AST004,69841.5,High
2024-08-05,AST005,47113.0,Normal
2024-08-05,AST006,52699.0,Normal
2024-08-05,AST007,70148.5,High
2024-08-05,AST008,31356.0,Low
2024-08-05,AST010,30065.0,Low
2024-08-05,AST012,51490.0,Normal
2024-08-05,AST013,58045.33,Normal
2024-08-05,AST014,53334.0,Normal
2024-08-05,AST017,73183.0,High
2024-08-05,AST020,53067.0,Normal
2024-08-05,AST021,63813.5,Normal
2024-08-05,AST022,34507.0,Low
2024-08-05,AST025,57770.0,Normal
2024-08-05,AST028,69453.0,Normal
2024-08-05,AST029,37889.0,Low
2024-08-05,AST030,81645.0,High
2024-08-06,AST004,67588.0,Normal
2024-08-06,AST005,44562.0,Low
2024-08-06,AST007,70855.0,High
2024-08-06,AST008,33937.0,Low
2024-08-06,AST011,81152.0,High
2024-08-06,AST012,51046.0,Normal
2024-08-06,AST014,56346.5,Normal
2024-08-06,AST015,27067.0,Low
2024-08-06,AST016,36869.5,Low
2024-08-06,AST017,71884.5,High
2024-08-06,AST018,71305.0,High
2024-08-06,AST021,65488.0,Normal
2024-08-06,AST022,34592.0,Low
2024-08-06,AST024,46418.0,Normal
2024-08-06,AST025,54073.0,Normal
2024-08-06,AST026,65394.5,Normal
2024-08-06,AST027,73077.0,High
2024-08-06,AST028,74037.0,High
2024-08-06,AST029,43740.0,Low
2024-08-07,AST003,37713.0,Low
2024-08-07,AST004,71142.0,High
2024-08-07,AST005,46593.0,Normal
2024-08-07,AST006,50253.0,Normal
2024-08-07,AST007,70599.2,High
2024-08-07,AST008,33470.0,Low
2024-08-07,AST010,27143.0,Low
2024-08-07,AST011,83806.0,High
2024-08-07,AST012,50763.0,Normal
2024-08-07,AST013,57152.0,Normal
2024-08-07,AST014,55537.0,Normal
2024-08-07,AST017,71113.5,High
2024-08-07,AST021,68564.0,Normal
2024-08-07,AST022,32413.5,Low
2024-08-07,AST023,41158.0,Low
2024-08-07,AST024,45628.5,Normal
2024-08-07,AST025,54086.0,Normal
2024-08-07,AST026,57405.0,Normal
2024-08-07,AST027,74780.0,High
2024-08-07,AST029,35888.0,Low
2024-08-07,AST030,78626.0,High
2024-08-08,AST001,37142.0,Low
2024-08-08,AST002,26981.0,Low
2024-08-08,AST003,41293.0,Low
2024-08-08,AST006,55332.0,Normal
2024-08-08,AST007,70924.0,High
2024-08-08,AST009,41292.0,Low
2024-08-08,AST012,48171.0,Normal
2024-08-08,AST013,58455.0,Normal
2024-08-08,AST016,41590.0,Low
2024-08-08,AST017,66129.0,Normal
2024-08-08,AST018,79522.5,High
2024-08-08,AST020,53120.0,Normal
2024-08-08,AST022,33362.5,Low
2024-08-08,AST023,45250.0,Normal
2024-08-08,AST028,80664.0,High
2024-08-09,AST001,37289.0,Low
2024-08-09,AST006,52085.0,Normal
2024-08-09,AST009,40938.67,Low
2024-08-09,AST010,28228.0,Low
2024-08-09,AST011,73970.0,High
2024-08-09,AST015,25041.0,Low
2024-08-09,AST016,40646.0,Low
2024-08-09,AST017,65677.0,Normal
2024-08-09,AST018,73804.0,High
2024-08-09,AST019,27356.0,Low
2024-08-09,AST021,59841.0,Normal
2024-08-09,AST023,44869.0,Low
2024-08-09,AST024,43088.0,Low
2024-08-09,AST025,56252.0,Normal
2024-08-09,AST026,65054.0,Normal
2024-08-09,AST027,75413.0,High
2024-08-09,AST029,39637.0,Low
2024-08-10,AST002,29814.0,Low
2024-08-10,AST004,73845.0,High
2024-08-10,AST005,48630.0,Normal
2024-08-10,AST006,55626.5,Normal
2024-08-10,AST007,67124.0,Normal
2024-08-10,AST011,79913.0,High
2024-08-10,AST012,51217.0,Normal
2024-08-10,AST014,57609.0,Normal
2024-08-10,AST015,29000.0,Low
2024-08-10,AST017,68365.0,Normal
2024-08-10,AST018,77659.0,High
2024-08-10,AST021,59634.0,Normal
2024-08-10,AST023,44624.0,Low
2024-08-10,AST024,46590.0,Normal
2024-08-10,AST027,78526.0,High
2024-08-10,AST028,79363.0,High
2024-08-11,AST002,32464.0,Low
2024-08-11,AST004,68718.0,Normal
2024-08-11,AST005,48307.0,Normal
2024-08-11,AST007,75143.0,High
2024-08-11,AST008,31016.0,Low
2024-08-11,AST009,42066.5,Low
2024-08-11,AST010,30790.0,Low
2024-08-11,AST012,51014.0,Normal
2024-08-11,AST015,26173.0,Low
2024-08-11,AST018,74179.0,High
2024-08-11,AST019,29657.0,Low
2024-08-11,AST020,52369.0,Normal
2024-08-11,AST021,69396.0,Normal
2024-08-11,AST022,36763.0,Low
2024-08-11,AST023,43474.6,Low
2024-08-11,AST024,44717.5,Low
2024-08-11,AST026,60700.0,Normal
2024-08-11,AST027,68766.0,Normal
2024-08-11,AST030,79258.0,High
2024-08-12,AST001,35904.0,Low
2024-08-12,AST004,67316.0,Normal
2024-08-12,AST007,69292.0,High
2024-08-12,AST009,39028.0,Low
2024-08-12,AST010,29885.0,Low
2024-08-12,AST012,50367.0,Normal
2024-08-12,AST013,58806.0,Normal
2024-08-12,AST016,36608.0,Low
2024-08-12,AST017,71317.0,High
2024-08-12,AST018,76152.0,High
2024-08-12,AST020,51033.0,Normal
2024-08-12,AST025,54517.0,Normal
2024-08-12,AST027,78376.0,High
2024-08-13,AST006,53851.0,Normal
2024-08-13,AST009,42336.0,Low
2024-08-13,AST011,82294.5,High
2024-08-13,AST012,50195.0,Normal
2024-08-13,AST014,54155.0,Normal
2024-08-13,AST015,26487.0,Low
2024-08-13,AST016,36615.5,Low
2024-08-13,AST017,75814.0,High
2024-08-13,AST018,66210.0,Normal
2024-08-13,AST020,48408.0,Normal
2024-08-13,AST024,47785.0,Normal
2024-08-13,AST026,63110.5,Normal
2024-08-13,AST027,78250.0,High
2024-08-13,AST028,75161.0,High
2024-08-13,AST029,38667.5,Low
2024-08-13,AST030,76367.0,High
2024-08-14,AST001,33919.0,Low
2024-08-14,AST002,29902.0,Low
2024-08-14,AST004,66408.0,Normal
2024-08-14,AST005,49872.0,Normal
2024-08-14,AST006,53256.0,Normal
2024-08-14,AST008,30813.0,Low
2024-08-14,AST009,41298.0,Low
2024-08-14,AST011,75407.0,High
2024-08-14,AST014,58004.0,Normal
2024-08-14,AST015,28250.0,Low
2024-08-14,AST017,62855.0,Normal
2024-08-14,AST018,78112.0,High
2024-08-14,AST019,29197.0,Low
2024-08-14,AST023,47164.0,Normal
2024-08-14,AST024,42283.0,Low
2024-08-14,AST025,56604.0,Normal
2024-08-14,AST027,73138.5,High
2024-08-15,AST001,37665.0,Low
2024-08-15,AST003,40148.0,Low
2024-08-15,AST004,75295.0,High
2024-08-15,AST005,49917.0,Normal
2024-08-15,AST010,26906.0,Low
2024-08-15,AST012,49363.0,Normal
2024-08-15,AST013,58847.0,Normal
2024-08-15,AST014,54547.0,Normal
2024-08-15,AST015,27083.0,Low
2024-08-15,AST020,50383.5,Normal
2024-08-15,AST021,64963.0,Normal
2024-08-15,AST022,34850.0,Low
2024-08-15,AST023,42434.0,Low
2024-08-15,AST024,51417.5,Normal
2024-08-15,AST027,75243.0,High
2024-08-15,AST028,68474.0,Normal
2024-08-16,AST002,29824.5,Low
2024-08-16,AST005,48247.0,Normal
2024-08-16,AST009,44104.0,Low
2024-08-16,AST010,28027.0,Low
2024-08-16,AST011,79013.5,High
2024-08-16,AST013,64942.0,Normal
2024-08-16,AST014,52464.0,Normal
2024-08-16,AST015,26174.0,Low
2024-08-16,AST017,70801.67,High
2024-08-16,AST018,83923.0,High
2024-08-16,AST020,53295.0,Normal
2024-08-16,AST021,68302.0,Normal
2024-08-16,AST022,34616.67,Low
2024-08-16,AST023,41646.5,Low
2024-08-16,AST024,47161.0,Normal
2024-08-16,AST025,55056.5,Normal
2024-08-16,AST026,64947.67,Normal
2024-08-16,AST030,84825.0,High
2024-08-17,AST001,37312.5,Low
2024-08-17,AST002,29289.5,Low
2024-08-17,AST003,40127.5,Low
2024-08-17,AST004,67800.0,Normal
2024-08-17,AST006,49487.0,Normal
2024-08-17,AST008,32249.0,Low
2024-08-17,AST009,42706.5,Low
2024-08-17,AST015,26080.0,Low
2024-08-17,AST018,70674.0,High
2024-08-17,AST019,30413.0,Low
2024-08-17,AST025,55164.5,Normal
2024-08-18,AST001,36706.0,Low
2024-08-18,AST002,29842.0,Low
2024-08-18,AST003,41773.0,Low
2024-08-18,AST004,69725.0,Normal
2024-08-18,AST005,48102.33,Normal
2024-08-18,AST007,70545.0,High
2024-08-18,AST008,32125.0,Low
2024-08-18,AST009,42638.0,Low
2024-08-18,AST013,59435.0,Normal
2024-08-18,AST014,56223.0,Normal
2024-08-18,AST015,26270.0,Low
2024-08-18,AST018,66701.0,Normal
2024-08-18,AST027,79922.0,High
2024-08-18,AST028,76117.0,High
2024-08-18,AST029,40617.0,Low
2024-08-19,AST002,30659.67,Low
2024-08-19,AST003,38892.0,Low
2024-08-19,AST004,71206.75,High
2024-08-19,AST006,51373.0,Normal
2024-08-19,AST010,29842.0,Low
2024-08-19,AST012,51296.0,Normal
2024-08-19,AST013,54044.0,Normal
2024-08-19,AST014,59457.0,Normal
2024-08-19,AST015,25649.0,Low
2024-08-19,AST017,68065.0,High
2024-08-19,AST018,77539.5,High
2024-08-19,AST019,28380.0,Low
2024-08-19,AST020,53835.0,Normal
2024-08-19,AST022,37679.0,Low
2024-08-19,AST023,45746.5,Normal
2024-08-19,AST028,74766.0,High
2024-08-20,AST002,28060.0,Low
2024-08-20,AST003,39832.0,Low
2024-08-20,AST007,61936.0,Normal
2024-08-20,AST010,26370.0,Low
2024-08-20,AST011,74569.0,High
2024-08-20,AST015,24379.0,Low
2024-08-20,AST017,68014.0,Normal
2024-08-20,AST018,70964.0,High
2024-08-20,AST019,30041.0,Low
2024-08-20,AST023,38430.0,Low
2024-08-20,AST024,48332.0,Normal
2024-08-20,AST028,74132.5,High
2024-08-20,AST030,74709.0,High
2024-08-21,AST001,35744.0,Low
2024-08-21,AST002,30945.0,Low
2024-08-21,AST003,36131.0,Low
2024-08-21,AST007,67941.0,Normal
2024-08-21,AST010,29532.0,Low
2024-08-21,AST011,86536.0,High
2024-08-21,AST015,26044.0,Low
2024-08-21,AST018,77626.0,High
2024-08-21,AST019,30258.0,Low
2024-08-21,AST024,51914.0,Normal
2024-08-21,AST025,54933.0,Normal
2024-08-21,AST027,82634.0,High
2024-08-21,AST029,37147.0,Low
2024-08-22,AST001,34299.0,Low
2024-08-22,AST002,29971.0,Low
2024-08-22,AST006,57760.0,Normal
2024-08-22,AST007,69535.0,Normal
2024-08-22,AST008,33423.0,Low
2024-08-22,AST009,40335.0,Low
2024-08-22,AST011,80156.5,High
2024-08-22,AST012,50922.0,Normal
2024-08-22,AST013,59248.0,Normal
2024-08-22,AST014,58887.0,Normal
2024-08-22,AST017,69551.5,High
2024-08-22,AST019,30566.0,Low
2024-08-22,AST024,47900.0,Normal
2024-08-22,AST029,39653.0,Low
2024-08-22,AST030,77471.0,High
2024-08-23,AST003,38924.0,Low
2024-08-23,AST004,70275.0,High
2024-08-23,AST007,78080.0,High
2024-08-23,AST009,43506.0,Low
2024-08-23,AST010,28991.0,Low
2024-08-23,AST011,79135.0,High
2024-08-23,AST013,57800.33,Normal
2024-08-23,AST015,25091.0,Low
2024-08-23,AST018,70813.0,High
2024-08-23,AST020,52043.33,Normal
2024-08-23,AST023,42236.0,Low
2024-08-23,AST024,45675.0,Normal
2024-08-23,AST025,50754.0,Normal
2024-08-23,AST028,84751.0,High
2024-08-23,AST029,41281.0,Low
2024-08-24,AST001,38110.0,Low
2024-08-24,AST004,72710.0,High
2024-08-24,AST007,70553.67,Normal
2024-08-24,AST009,41385.0,Low
2024-08-24,AST012,49416.0,Normal
2024-08-24,AST013,56936.0,Normal
2024-08-24,AST015,26729.0,Low
2024-08-24,AST016,41340.0,Low
2024-08-24,AST017,67471.0,Normal
2024-08-24,AST019,30143.5,Low
2024-08-24,AST021,63178.0,Normal
2024-08-24,AST025,52387.0,Normal
2024-08-24,AST026,64943.5,Normal
2024-08-24,AST027,71030.0,High
2024-08-24,AST028,74346.0,High
2024-08-24,AST029,38827.0,Low
2024-08-24,AST030,75038.0,High
2024-08-25,AST002,30439.0,Low
2024-08-25,AST003,38436.0,Low
2024-08-25,AST004,67397.0,Normal
2024-08-25,AST005,44960.0,Low
2024-08-25,AST006,53532.0,Normal
2024-08-25,AST007,72306.5,High
2024-08-25,AST009,43992.0,Low
2024-08-25,AST010,27364.0,Low
2024-08-25,AST012,51252.0,Normal
2024-08-25,AST014,52881.5,Normal
2024-08-25,AST015,25713.5,Low
2024-08-25,AST018,70183.0,High
2024-08-25,AST019,28985.0,Low
2024-08-25,AST021,60858.0,Normal
2024-08-25,AST027,82791.0,High
2024-08-25,AST028,76445.0,High
2024-08-26,AST001,36989.0,Low
2024-08-26,AST002,29715.0,Low
2024-08-26,AST004,64027.0,Normal
2024-08-26,AST005,45057.5,Low
2024-08-26,AST010,31127.0,Low
2024-08-26,AST011,73109.0,High
2024-08-26,AST012,52648.0,Normal
2024-08-26,AST013,55446.0,Normal
2024-08-26,AST014,57825.0,Normal
2024-08-26,AST016,36062.0,Low
2024-08-26,AST019,29260.0,Low
2024-08-26,AST024,46180.0,Normal
2024-08-26,AST025,49295.0,Normal
2024-08-26,AST026,59703.0,Normal
2024-08-26,AST027,87752.0,High
2024-08-26,AST028,78972.0,High
2024-08-26,AST030,86465.0,High
2024-08-27,AST001,35092.5,Low
2024-08-27,AST002,31177.0,Low
2024-08-27,AST003,39058.67,Low
2024-08-27,AST004,64685.0,Normal
2024-08-27,AST005,44605.5,Low
2024-08-27,AST006,55197.0,Normal
2024-08-27,AST008,28915.0,Low
2024-08-27,AST009,45042.0,Normal
2024-08-27,AST010,29011.0,Low
2024-08-27,AST013,62669.0,Normal
2024-08-27,AST015,25674.0,Low
2024-08-27,AST016,41325.5,Low
2024-08-27,AST019,29576.0,Low
2024-08-27,AST022,33137.0,Low
2024-08-27,AST024,44426.5,Low
2024-08-27,AST025,59450.5,Normal
2024-08-27,AST026,58589.0,Normal
2024-08-27,AST027,78070.0,High
2024-08-27,AST029,40828.0,Low
2024-08-27,AST030,76350.0,High
2024-08-28,AST001,38077.0,Low
2024-08-28,AST002,30736.0,Low
2024-08-28,AST004,68059.0,High
2024-08-28,AST008,31759.0,Low
2024-08-28,AST010,27791.0,Low
2024-08-28,AST017,68855.0,Normal
2024-08-28,AST021,67058.5,Normal
2024-08-28,AST023,43795.0,Low
2024-08-28,AST025,55482.0,Normal
2024-08-28,AST026,60822.0,Normal
2024-08-28,AST027,76020.0,High
2024-08-28,AST028,79017.5,High
2024-08-29,AST001,37431.5,Low
2024-08-29,AST003,39976.0,Low
2024-08-29,AST006,52918.5,Normal
2024-08-29,AST007,71374.0,High
2024-08-29,AST012,55994.5,Normal
2024-08-29,AST015,26725.5,Low
2024-08-29,AST017,71027.0,High
2024-08-29,AST020,46207.0,Normal
2024-08-29,AST021,66595.0,Normal
2024-08-29,AST022,35263.0,Low
2024-08-29,AST023,40935.0,Low
2024-08-29,AST024,44770.0,Low
2024-08-29,AST025,58594.0,Normal
2024-08-29,AST026,63191.0,Normal
2024-08-29,AST027,79744.0,High
2024-08-29,AST028,79651.0,High
2024-08-29,AST030,82896.0,High
2024-08-30,AST001,35707.0,Low
2024-08-30,AST004,64473.0,Normal
2024-08-30,AST006,50292.0,Normal
2024-08-30,AST007,74401.0,High
2024-08-30,AST008,32613.67,Low
2024-08-30,AST010,25862.0,Low
2024-08-30,AST014,57138.0,Normal
2024-08-30,AST015,24618.0,Low
2024-08-30,AST017,71359.33,High
2024-08-30,AST018,77050.0,High
2024-08-30,AST019,30504.0,Low
2024-08-30,AST021,60392.0,Normal
2024-08-30,AST026,62382.5,Normal
2024-08-30,AST027,83134.0,High
2024-08-30,AST029,39792.0,Low
2024-08-30,AST030,79268.5,High
2024-08-31,AST003,35297.0,Low
2024-08-31,AST004,71680.5,High
2024-08-31,AST007,71740.5,High
2024-08-31,AST008,30140.0,Low
2024-08-31,AST011,74490.5,High
2024-08-31,AST012,52873.0,Normal
2024-08-31,AST015,27473.67,Low
2024-08-31,AST020,49593.0,Normal
2024-08-31,AST025,53118.5,Normal
2024-08-31,AST026,60864.0,Normal
2024-08-31,AST028,74114.0,High
2024-08-31,AST029,41000.0,Low
2024-08-31,AST030,74943.0,High
2024-09-01,AST002,25318.0,Low
2024-09-01,AST006,50257.67,Normal
2024-09-01,AST008,29584.0,Low
2024-09-01,AST010,26500.0,Low
2024-09-01,AST015,28371.0,Low
2024-09-01,AST016,37931.0,Low
2024-09-01,AST017,69416.0,High
2024-09-01,AST019,29240.0,Low
2024-09-01,AST023,42350.0,Low
2024-09-01,AST024,43980.5,Low
2024-09-01,AST025,55950.67,Normal
2024-09-01,AST026,62836.0,Normal
2024-09-01,AST027,80025.0,High
2024-09-01,AST028,76029.0,High
2024-09-02,AST001,36624.0,Low
2024-09-02,AST002,31281.0,Low
2024-09-02,AST003,43143.0,Low
2024-09-02,AST005,44506.0,Low
2024-09-02,AST006,49155.0,Normal
2024-09-02,AST007,73243.0,High
2024-09-02,AST008,30574.0,Low
2024-09-02,AST011,79819.67,High
2024-09-02,AST012,49491.0,Normal
2024-09-02,AST013,56327.5,Normal
2024-09-02,AST014,55907.5,Normal
2024-09-02,AST016,34219.0,Low
2024-09-02,AST018,74276.0,High
2024-09-02,AST022,32629.0,Low
2024-09-02,AST023,39307.0,Low
2024-09-02,AST025,59087.0,Normal
2024-09-02,AST026,66691.0,Normal
2024-09-02,AST027,75081.0,High
2024-09-02,AST030,80592.0,High
2024-09-03,AST001,39369.0,Low
2024-09-03,AST006,50550.5,Normal
2024-09-03,AST010,28267.5,Low
2024-09-03,AST011,80172.0,High
2024-09-03,AST012,52811.0,Normal
2024-09-03,AST014,56774.0,Normal
2024-09-03,AST015,25356.0,Low
2024-09-03,AST016,38271.0,Low
2024-09-03,AST017,74111.0,High
2024-09-03,AST020,49410.0,Normal
2024-09-03,AST021,64944.0,Normal
2024-09-03,AST025,57006.0,Normal
2024-09-03,AST027,75477.0,High
2024-09-03,AST030,74916.0,High
2024-09-04,AST002,29295.0,Low
2024-09-04,AST003,39245.5,Low
2024-09-04,AST005,45086.0,Normal
2024-09-04,AST009,41278.5,Low
2024-09-04,AST010,25468.0,Low
2024-09-04,AST011,77472.0,High
2024-09-04,AST014,52551.0,Normal
2024-09-04,AST015,26610.0,Low
2024-09-04,AST019,28485.0,Low
2024-09-04,AST020,49953.0,Normal
2024-09-04,AST021,66060.0,Normal
2024-09-04,AST022,35518.0,Low
2024-09-04,AST023,39331.0,Low
2024-09-04,AST024,46243.0,Normal
2024-09-04,AST025,57666.5,Normal
2024-09-04,AST029,43955.0,Low
2024-09-04,AST030,70346.0,High
2024-09-05,AST002,30029.0,Low
2024-09-05,AST003,40298.0,Low
2024-09-05,AST005,47004.5,Normal
2024-09-05,AST007,68578.67,Normal
2024-09-05,AST014,55128.0,Normal
2024-09-05,AST016,36931.33,Low
2024-09-05,AST017,76401.0,High
2024-09-05,AST020,47639.0,Normal
2024-09-05,AST021,66273.0,Normal
2024-09-05,AST025,54785.0,Normal
2024-09-05,AST026,58717.0,Normal
2024-09-05,AST029,40832.5,Low
2024-09-05,AST030,77994.0,High
2024-09-06,AST001,38323.0,Low
2024-09-06,AST002,27398.0,Low
2024-09-06,AST003,38723.33,Low
2024-09-06,AST004,67122.0,Normal
2024-09-06,AST006,50469.5,Normal
2024-09-06,AST007,75211.0,High
2024-09-06,AST009,42843.0,Low
2024-09-06,AST010,29463.0,Low
2024-09-06,AST013,55126.0,Normal
2024-09-06,AST015,27358.0,Low
2024-09-06,AST016,38164.0,Low
2024-09-06,AST018,71311.0,High
2024-09-06,AST022,35213.0,Low
2024-09-06,AST023,42356.0,Low
2024-09-06,AST024,46441.0,Normal
2024-09-06,AST026,61889.0,Normal
2024-09-06,AST027,75221.0,High
2024-09-06,AST028,77424.0,High
2024-09-06,AST029,37705.0,Low
2024-09-07,AST003,37250.0,Low
2024-09-07,AST004,64280.0,Normal
2024-09-07,AST005,47133.0,Normal
2024-09-07,AST007,70642.5,High
2024-09-07,AST008,30882.0,Low
2024-09-07,AST010,27421.0,Low
2024-09-07,AST011,80409.0,High
2024-09-07,AST013,65119.0,Normal
2024-09-07,AST014,54088.0,Normal
2024-09-07,AST015,25573.5,Low
2024-09-07,AST022,35595.5,Low
2024-09-07,AST024,45693.0,Normal
2024-09-07,AST026,60111.0,Normal
2024-09-07,AST027,79581.0,High
2024-09-08,AST001,37794.0,Low
2024-09-08,AST005,44223.0,Low
2024-09-08,AST006,53055.0,Normal
2024-09-08,AST009,44217.0,Low
2024-09-08,AST010,27607.0,Low
2024-09-08,AST011,83503.0,High
2024-09-08,AST014,58394.0,Normal
2024-09-08,AST015,25903.0,Low
2024-09-08,AST017,65871.0,Normal
2024-09-08,AST018,73031.0,High
2024-09-08,AST019,27157.0,Low
2024-09-08,AST020,45634.0,Normal
2024-09-08,AST021,65881.0,Normal
2024-09-08,AST022,35552.0,Low
2024-09-08,AST024,44450.0,Low
2024-09-08,AST025,51564.0,Normal
2024-09-08,AST029,41494.0,Low
2024-09-09,AST001,35429.0,Low
2024-09-09,AST003,40229.5,Low
2024-09-09,AST005,44567.0,Low
2024-09-09,AST008,31660.0,Low
2024-09-09,AST009,44803.0,Low
2024-09-09,AST010,29097.5,Low
2024-09-09,AST011,78576.5,High
2024-09-09,AST013,60006.0,Normal
2024-09-09,AST014,54661.0,Normal
2024-09-09,AST017,66984.0,Normal
2024-09-09,AST018,69998.0,Normal
2024-09-09,AST021,61605.0,Normal
2024-09-09,AST023,43380.0,Low
2024-09-09,AST026,61006.0,Normal
2024-09-09,AST028,75602.33,High
2024-09-09,AST029,40545.0,Low
2024-09-10,AST002,31195.0,Low
2024-09-10,AST004,72318.0,High
2024-09-10,AST008,30815.5,Low
2024-09-10,AST009,38449.0,Low
2024-09-10,AST011,79271.0,High
2024-09-10,AST013,56421.0,Normal
2024-09-10,AST014,53960.0,Normal
2024-09-10,AST017,71969.0,High
2024-09-10,AST022,31429.0,Low
2024-09-10,AST028,80623.0,High
2024-09-10,AST029,38112.0,Low
2024-09-11,AST003,41134.0,Low
2024-09-11,AST004,68039.0,High
2024-09-11,AST006,51076.0,Normal
2024-09-11,AST008,33080.0,Low
2024-09-11,AST011,80257.5,High
2024-09-11,AST013,66458.0,Normal
2024-09-11,AST017,69384.0,Normal
2024-09-11,AST018,77371.5,High
2024-09-11,AST022,32983.5,Low
2024-09-11,AST025,61250.0,Normal
2024-09-11,AST028,78313.5,High
2024-09-11,AST030,67545.0,Normal
2024-09-12,AST001,37091.0,Low
2024-09-12,AST003,38363.0,Low
2024-09-12,AST006,48920.0,Normal
2024-09-12,AST008,30741.33,Low
2024-09-12,AST009,43121.0,Low
2024-09-12,AST013,56319.0,Normal
2024-09-12,AST014,52298.0,Normal
2024-09-12,AST015,26774.0,Low
2024-09-12,AST018,71901.0,High
2024-09-12,AST019,27613.0,Low
2024-09-12,AST025,54200.5,Normal
2024-09-12,AST028,72988.0,High
2024-09-12,AST030,81831.0,High
2024-09-13,AST001,37129.0,Low
2024-09-13,AST003,38906.5,Low
2024-09-13,AST008,31713.5,Low
2024-09-13,AST013,55301.0,Normal
2024-09-13,AST014,55484.0,Normal
2024-09-13,AST015,27739.0,Low
2024-09-13,AST017,72365.0,High
2024-09-13,AST020,49285.33,Normal
2024-09-13,AST021,64695.0,Normal
2024-09-13,AST023,41944.67,Low
2024-09-14,AST003,40918.0,Low
2024-09-14,AST005,46679.0,Normal
2024-09-14,AST009,43966.0,Low
2024-09-14,AST011,79448.0,High
2024-09-14,AST012,51242.0,Normal
2024-09-14,AST016,36090.0,Low
2024-09-14,AST019,29057.0,Low
2024-09-14,AST020,49298.0,Normal
2024-09-14,AST021,61782.0,Normal
2024-09-14,AST024,45673.0,Normal
2024-09-14,AST026,61216.0,Normal
2024-09-14,AST028,72099.0,High
2024-09-14,AST029,40186.0,Low
2024-09-15,AST004,69662.0,Normal
2024-09-15,AST007,67777.0,Normal
2024-09-15,AST008,31199.0,Low
2024-09-15,AST009,43602.0,Low
2024-09-15,AST010,28247.0,Low
2024-09-15,AST013,59917.0,Normal
2024-09-15,AST015,24448.0,Low
2024-09-15,AST016,39856.5,Low
2024-09-15,AST017,69360.0,Normal
2024-09-15,AST018,79133.0,High
2024-09-15,AST020,50409.5,Normal
2024-09-15,AST021,63520.0,Normal
2024-09-15,AST022,34288.0,Low
2024-09-15,AST024,44888.0,Low
2024-09-15,AST025,52731.0,Normal
2024-09-15,AST026,60592.5,Normal
2024-09-15,AST029,43070.0,Low
2024-09-16,AST002,29023.0,Low
2024-09-16,AST003,35823.0,Low
2024-09-16,AST006,53459.0,Normal
2024-09-16,AST007,76121.0,High
2024-09-16,AST010,23992.0,Low
2024-09-16,AST011,72558.0,High
2024-09-16,AST012,49383.0,Normal
2024-09-16,AST013,58919.0,Normal
2024-09-16,AST014,59239.0,Normal
2024-09-16,AST015,23994.0,Low
2024-09-16,AST017,71788.0,High
2024-09-16,AST020,49792.0,Normal
2024-09-16,AST022,35115.0,Low
2024-09-16,AST024,49257.0,Normal
2024-09-16,AST026,63153.0,Normal
2024-09-16,AST028,76657.0,High
2024-09-17,AST001,38097.0,Low
2024-09-17,AST008,33309.0,Low
2024-09-17,AST009,39001.0,Low
2024-09-17,AST011,79337.0,High
2024-09-17,AST012,52800.0,Normal
2024-09-17,AST013,60084.0,Normal
2024-09-17,AST022,33447.0,Low
2024-09-17,AST027,75248.0,High
2024-09-17,AST028,74845.0,High
2024-09-17,AST029,40729.0,Low
2024-09-18,AST002,28452.5,Low
2024-09-18,AST003,38051.0,Low
2024-09-18,AST005,43778.0,Low
2024-09-18,AST007,77411.0,High
2024-09-18,AST008,32497.0,Low
2024-09-18,AST011,74996.0,High
2024-09-18,AST015,25893.67,Low
2024-09-18,AST016,36491.0,Low
2024-09-18,AST018,75620.0,High
2024-09-18,AST019,28317.0,Low
2024-09-18,AST020,48826.0,Normal
2024-09-18,AST021,65364.5,Normal
2024-09-18,AST025,54669.25,Normal
2024-09-18,AST026,61072.0,Normal
2024-09-18,AST030,74313.0,High
2024-09-19,AST001,36033.0,Low
2024-09-19,AST003,42249.5,Low
2024-09-19,AST004,67527.0,Normal
2024-09-19,AST011,76971.5,High
2024-09-19,AST015,25903.0,Low
2024-09-19,AST017,66832.67,Normal
2024-09-19,AST018,76195.0,High
2024-09-19,AST021,64162.0,Normal
2024-09-19,AST023,39887.0,Low
2024-09-19,AST024,44652.0,Low
2024-09-19,AST025,58613.5,Normal
2024-09-19,AST028,77395.0,High
2024-09-19,AST030,70397.5,High
2024-09-20,AST004,70081.0,High
2024-09-20,AST005,41970.0,Low
2024-09-20,AST006,51108.0,Normal
2024-09-20,AST007,73233.0,High
2024-09-20,AST009,44842.0,Low
2024-09-20,AST010,28215.33,Low
2024-09-20,AST011,82029.0,High
2024-09-20,AST012,51281.0,Normal
2024-09-20,AST017,70184.0,High
2024-09-20,AST018,77622.0,High
2024-09-20,AST019,27026.0,Low
2024-09-20,AST020,49978.5,Normal
2024-09-20,AST021,65090.0,Normal
2024-09-20,AST023,45451.0,Normal
2024-09-20,AST025,52717.5,Normal
2024-09-20,AST026,62917.0,Normal
2024-09-20,AST027,74561.0,High
2024-09-20,AST028,77192.0,High
2024-09-20,AST029,41095.0,Low
2024-09-20,AST030,78714.0,High
2024-09-21,AST002,30801.0,Low
2024-09-21,AST003,38653.5,Low
2024-09-21,AST006,48422.0,Normal
2024-09-21,AST007,66339.0,Normal
2024-09-21,AST008,32029.0,Low
2024-09-21,AST009,36627.0,Low
2024-09-21,AST012,50766.0,Normal
2024-09-21,AST013,61767.5,Normal
2024-09-21,AST014,53605.0,Normal
2024-09-21,AST017,69281.67,Normal
2024-09-21,AST022,32966.0,Low
2024-09-21,AST023,41079.5,Low
2024-09-21,AST025,52662.0,Normal
2024-09-21,AST026,58570.0,Normal
2024-09-21,AST027,70676.0,High
2024-09-21,AST028,74371.0,High
2024-09-21,AST030,71021.0,High
2024-09-22,AST001,37356.0,Low
2024-09-22,AST004,66012.0,Normal
2024-09-22,AST009,45858.0,Normal
2024-09-22,AST011,79653.0,High
2024-09-22,AST013,55636.33,Normal
2024-09-22,AST018,79408.0,High
2024-09-22,AST020,47166.0,Normal
2024-09-22,AST024,51692.0,Normal
2024-09-22,AST025,55257.0,Normal
2024-09-22,AST027,71723.0,High
2024-09-23,AST001,34991.0,Low
2024-09-23,AST002,29952.0,Low
2024-09-23,AST005,45018.5,Low
2024-09-23,AST009,42722.67,Low
2024-09-23,AST010,27767.0,Low
2024-09-23,AST011,80322.5,High
2024-09-23,AST012,50295.0,Normal
2024-09-23,AST013,59150.0,Normal
2024-09-23,AST015,26824.0,Low
2024-09-23,AST017,67959.25,Normal
2024-09-23,AST018,76174.0,High
2024-09-23,AST020,48652.0,Normal
2024-09-23,AST023,41216.0,Low
2024-09-23,AST024,47989.0,Normal
2024-09-23,AST025,51252.0,Normal
2024-09-23,AST026,64106.0,Normal
2024-09-24,AST001,37337.0,Low
2024-09-24,AST003,37741.0,Low
2024-09-24,AST004,65235.33,Normal
2024-09-24,AST005,42893.0,Low
2024-09-24,AST012,46991.0,Normal
2024-09-24,AST014,56199.0,Normal
2024-09-24,AST015,24735.0,Low
2024-09-24,AST020,55188.0,Normal
2024-09-24,AST021,61310.0,Normal
2024-09-24,AST023,41154.0,Low
2024-09-24,AST025,54274.5,Normal
2024-09-24,AST027,70130.5,High
2024-09-24,AST029,40344.0,Low
2024-09-24,AST030,79754.0,High
2024-09-25,AST004,66089.0,Normal
2024-09-25,AST006,51935.0,Normal
2024-09-25,AST010,24895.0,Low
2024-09-25,AST011,73517.0,High
2024-09-25,AST013,61044.0,Normal
2024-09-25,AST014,51796.0,Normal
2024-09-25,AST015,25517.0,Low
2024-09-25,AST016,39259.0,Low
2024-09-25,AST017,68949.0,Normal
2024-09-25,AST019,27863.0,Low
2024-09-25,AST022,32548.0,Low
2024-09-25,AST023,38844.5,Low
2024-09-25,AST024,44162.33,Low
2024-09-25,AST028,75937.67,High
2024-09-25,AST029,43115.0,Low
2024-09-25,AST030,80999.5,High
2024-09-26,AST002,30368.0,Low
2024-09-26,AST006,52678.0,Normal
2024-09-26,AST007,70728.5,High
2024-09-26,AST008,29946.5,Low
2024-09-26,AST009,39565.0,Low
2024-09-26,AST012,51197.5,Normal
2024-09-26,AST013,56489.5,Normal
2024-09-26,AST015,26270.0,Low
2024-09-26,AST018,75785.0,High
2024-09-26,AST020,54932.0,Normal
2024-09-26,AST021,60775.0,Normal
2024-09-26,AST023,41459.0,Low
2024-09-26,AST024,46773.0,Normal
2024-09-26,AST025,53524.0,Normal
2024-09-26,AST027,77074.0,High
2024-09-26,AST028,74934.0,High
2024-09-26,AST029,35403.0,Low
2024-09-26,AST030,77120.0,High
2024-09-27,AST002,30648.33,Low
2024-09-27,AST007,65734.5,High
2024-09-27,AST008,35119.0,Low
2024-09-27,AST009,42700.0,Low
2024-09-27,AST012,46747.0,Normal
2024-09-27,AST014,55179.5,Normal
2024-09-27,AST015,25726.0,Low
2024-09-27,AST017,69417.0,High
2024-09-27,AST018,70129.5,High
2024-09-27,AST019,28029.0,Low
2024-09-27,AST023,40026.0,Low
2024-09-27,AST024,42421.0,Low
2024-09-27,AST025,54521.0,Normal
2024-09-27,AST026,58685.0,Normal
2024-09-27,AST028,77011.0,High
2024-09-27,AST029,40476.0,Low
2024-09-27,AST030,84082.0,High
2024-09-28,AST001,36302.0,Low
2024-09-28,AST004,74312.0,High
2024-09-28,AST005,44310.0,Low
2024-09-28,AST007,71574.0,High
2024-09-28,AST008,28923.0,Low
2024-09-28,AST010,27968.0,Low
2024-09-28,AST012,47733.0,Normal
2024-09-28,AST014,55025.0,Normal
2024-09-28,AST017,74173.0,High
2024-09-28,AST018,75718.0,High
2024-09-28,AST021,62504.0,Normal
2024-09-28,AST022,30908.0,Low
2024-09-28,AST027,77469.0,High
2024-09-28,AST028,74581.0,High
2024-09-28,AST029,37338.0,Low
2024-09-28,AST030,70661.0,High
2024-09-29,AST001,37515.0,Low
2024-09-29,AST002,27862.5,Low
2024-09-29,AST004,68543.0,Normal
2024-09-29,AST005,46723.0,Normal
2024-09-29,AST008,29185.0,Low
2024-09-29,AST009,44399.0,Low
2024-09-29,AST010,29853.0,Low
2024-09-29,AST011,76376.5,High
2024-09-29,AST015,26376.5,Low
2024-09-29,AST016,39035.0,Low
2024-09-29,AST017,77077.0,High
2024-09-29,AST019,28328.0,Low
2024-09-29,AST025,55485.5,Normal
2024-09-29,AST027,70995.0,High
2024-09-29,AST029,38581.0,Low
2024-09-29,AST030,78738.0,High
2024-09-30,AST006,53874.0,Normal
2024-09-30,AST010,27274.67,Low
2024-09-30,AST011,80793.0,High
2024-09-30,AST012,49532.0,Normal
2024-09-30,AST015,27604.0,Low
2024-09-30,AST017,73115.0,High
2024-09-30,AST018,75157.0,High
2024-09-30,AST020,48764.5,Normal
2024-09-30,AST024,48233.0,Normal
2024-09-30,AST027,71913.5,High
2024-10-01,AST003,40001.0,Low
2024-10-01,AST005,45779.67,Normal
2024-10-01,AST006,51215.0,Normal
2024-10-01,AST007,68842.5,High
2024-10-01,AST008,31387.0,Low
2024-10-01,AST009,42863.0,Low
2024-10-01,AST010,26648.0,Low
2024-10-01,AST011,75218.5,High
2024-10-01,AST012,50091.0,Normal
2024-10-01,AST013,63387.0,Normal
2024-10-01,AST014,56826.0,Normal
2024-10-01,AST016,38151.0,Low
2024-10-01,AST017,67832.67,Normal
2024-10-01,AST018,75348.0,High
2024-10-01,AST021,61164.0,Normal
2024-10-01,AST022,31547.0,Low
2024-10-01,AST023,44057.0,Low
2024-10-01,AST024,44625.0,Low
2024-10-01,AST025,55411.0,Normal
2024-10-01,AST026,59534.0,Normal
2024-10-01,AST030,73344.0,High
2024-10-02,AST001,40584.0,Low
2024-10-02,AST002,30334.0,Low
2024-10-02,AST004,66606.0,Normal
2024-10-02,AST007,67666.5,Normal
2024-10-02,AST008,31560.0,Low
2024-10-02,AST009,44003.0,Low
2024-10-02,AST010,24934.0,Low
2024-10-02,AST011,73572.0,High
2024-10-02,AST014,56309.5,Normal
2024-10-02,AST015,25715.0,Low
2024-10-02,AST018,74556.5,High
2024-10-02,AST019,28750.0,Low
2024-10-02,AST020,49900.0,Normal
2024-10-02,AST021,70448.0,High
2024-10-02,AST022,36496.0,Low
2024-10-02,AST023,42397.0,Low
2024-10-02,AST026,57184.0,Normal
2024-10-02,AST027,79039.5,High
2024-10-02,AST028,75973.0,High
2024-10-02,AST029,38721.5,Low
2024-10-02,AST030,73426.0,High
2024-10-03,AST002,29315.5,Low
2024-10-03,AST003,41569.0,Low
2024-10-03,AST004,67463.0,Normal
2024-10-03,AST009,43351.0,Low
2024-10-03,AST011,76538.0,High
2024-10-03,AST013,57977.5,Normal
2024-10-03,AST015,27099.0,Low
2024-10-03,AST020,50399.0,Normal
2024-10-03,AST025,55923.5,Normal
2024-10-03,AST026,62206.0,Normal
2024-10-03,AST027,72011.0,High
2024-10-04,AST002,29988.5,Low
2024-10-04,AST003,36413.33,Low
2024-10-04,AST005,43124.0,Low
2024-10-04,AST006,47964.0,Normal
2024-10-04,AST011,78324.0,High
2024-10-04,AST012,47802.0,Normal
2024-10-04,AST013,57408.33,Normal
2024-10-04,AST015,24452.0,Low
2024-10-04,AST016,35089.0,Low
2024-10-04,AST017,64599.0,Normal
2024-10-04,AST018,69578.0,Normal
2024-10-04,AST019,30129.0,Low
2024-10-04,AST020,52185.0,Normal
2024-10-04,AST024,44224.0,Low
2024-10-04,AST027,75569.5,High
2024-10-04,AST029,36218.0,Low
2024-10-04,AST030,76012.0,High
2024-10-05,AST002,30636.0,Low
2024-10-05,AST003,40563.0,Low
2024-10-05,AST004,63227.0,Normal
2024-10-05,AST007,68902.5,Normal
2024-10-05,AST009,36949.0,Low
2024-10-05,AST010,30193.0,Low
2024-10-05,AST014,52612.0,Normal
2024-10-05,AST018,74420.0,High
2024-10-05,AST020,50276.0,Normal
2024-10-05,AST021,65508.67,Normal
2024-10-05,AST022,34813.75,Low
2024-10-05,AST023,39760.0,Low
2024-10-05,AST024,49316.0,Normal
2024-10-05,AST025,51473.0,Normal
2024-10-05,AST029,40395.0,Low
2024-10-05,AST030,68853.0,Normal
2024-10-06,AST003,36116.0,Low
2024-10-06,AST005,47135.0,Normal
2024-10-06,AST007,72573.0,High
2024-10-06,AST011,79915.0,High
2024-10-06,AST012,50264.0,Normal
2024-10-06,AST014,53280.0,Normal
2024-10-06,AST015,25319.0,Low
2024-10-06,AST021,66306.33,Normal
2024-10-06,AST023,42154.0,Low
2024-10-06,AST024,42630.0,Low
2024-10-06,AST025,53571.0,Normal
2024-10-06,AST026,62698.5,Normal
2024-10-06,AST027,75563.0,High
2024-10-06,AST029,45768.0,Normal
2024-10-07,AST001,37701.0,Low
2024-10-07,AST002,28575.0,Low
2024-10-07,AST008,31249.25,Low
2024-10-07,AST009,40050.0,Low
2024-10-07,AST010,28734.0,Low
2024-10-07,AST012,48662.0,Normal
2024-10-07,AST014,56790.0,Normal
2024-10-07,AST015,25639.0,Low
2024-10-07,AST016,41769.0,Low
2024-10-07,AST019,26395.0,Low
2024-10-07,AST020,47401.5,Low
2024-10-07,AST021,66064.0,Normal
2024-10-07,AST022,34594.0,Low
2024-10-07,AST023,38965.0,Low
2024-10-07,AST024,44784.5,Low
2024-10-07,AST030,77631.0,High
2024-10-08,AST001,36805.33,Low
2024-10-08,AST004,68898.0,Normal
2024-10-08,AST005,47610.0,Normal
2024-10-08,AST007,69977.0,Normal
2024-10-08,AST008,31087.0,Low
2024-10-08,AST009,40920.0,Low
2024-10-08,AST010,26067.0,Low
2024-10-08,AST012,48282.5,Normal
2024-10-08,AST014,52134.0,Normal
2024-10-08,AST015,26055.0,Low
2024-10-08,AST016,39517.0,Low
2024-10-08,AST021,63886.67,Normal
2024-10-08,AST024,53069.0,Normal
2024-10-08,AST026,62419.5,Normal
2024-10-08,AST029,37534.0,Low
2024-10-09,AST003,42523.0,Low
2024-10-09,AST004,74659.0,High
2024-10-09,AST005,47143.0,Normal
2024-10-09,AST006,52783.0,Normal
2024-10-09,AST007,67686.0,Normal
2024-10-09,AST008,31428.0,Low
2024-10-09,AST009,39151.0,Low
2024-10-09,AST010,28171.0,Low
2024-10-09,AST011,79198.0,High
2024-10-09,AST012,49277.33,Normal
2024-10-09,AST013,58086.0,Normal
2024-10-09,AST014,52108.0,Normal
2024-10-09,AST016,35915.0,Low
2024-10-09,AST017,66537.0,Normal
2024-10-09,AST020,53666.5,Normal
2024-10-09,AST023,40150.0,Low
2024-10-09,AST024,43916.5,Low
2024-10-09,AST026,63603.0,Normal
2024-10-09,AST027,75719.0,High
2024-10-09,AST028,75439.0,High
2024-10-09,AST029,36338.0,Low
2024-10-10,AST002,29330.0,Low
2024-10-10,AST003,37637.0,Low
2024-10-10,AST004,66751.0,Normal
2024-10-10,AST007,68228.5,High
2024-10-10,AST008,31229.5,Low
2024-10-10,AST010,26596.0,Low
2024-10-10,AST013,61275.5,Normal
2024-10-10,AST015,26331.5,Low
2024-10-10,AST017,72128.0,High
2024-10-10,AST018,73329.0,High
2024-10-10,AST019,30505.0,Low
2024-10-10,AST020,48941.0,Normal
2024-10-10,AST021,62434.0,Normal
2024-10-10,AST022,34888.0,Low
2024-10-10,AST023,41367.0,Low
2024-10-10,AST026,62474.0,Normal
2024-10-10,AST028,73628.0,High
2024-10-10,AST029,36275.0,Low
2024-10-10,AST030,69940.0,Normal
2024-10-11,AST001,31772.0,Low
2024-10-11,AST002,30476.0,Low
2024-10-11,AST003,36280.0,Low
2024-10-11,AST004,72619.0,High
2024-10-11,AST005,44739.0,Low
2024-10-11,AST006,53172.5,Normal
2024-10-11,AST007,71677.5,High
2024-10-11,AST008,31430.0,Low
2024-10-11,AST009,45988.0,Normal
2024-10-11,AST010,27418.0,Low
2024-10-11,AST013,60900.0,Normal
2024-10-11,AST015,23865.0,Low
2024-10-11,AST019,24592.0,Low
2024-10-11,AST023,39961.0,Low
2024-10-11,AST024,44007.0,Low
2024-10-11,AST025,53720.67,Normal
2024-10-11,AST028,67555.0,Normal
2024-10-11,AST029,39344.0,Low
2024-10-12,AST001,34113.5,Low
2024-10-12,AST004,66531.0,Normal
2024-10-12,AST005,45973.5,Normal
2024-10-12,AST006,48845.5,Normal
2024-10-12,AST008,29413.0,Low
2024-10-12,AST009,47559.0,Normal
2024-10-12,AST010,26121.0,Low
2024-10-12,AST011,79256.5,High
2024-10-12,AST012,46642.0,Normal
2024-10-12,AST013,56961.0,Normal
2024-10-12,AST014,56723.0,Normal
2024-10-12,AST015,26708.0,Low
2024-10-12,AST020,49697.0,Normal
2024-10-12,AST021,61995.0,Normal
2024-10-12,AST022,34047.0,Low
2024-10-12,AST024,46713.5,Normal
2024-10-12,AST025,50511.0,Normal
2024-10-12,AST027,75264.0,High
2024-10-12,AST028,81721.0,High
2024-10-12,AST029,41856.0,Low
2024-10-13,AST003,36891.0,Low
2024-10-13,AST004,71332.0,High
2024-10-13,AST005,48194.0,Normal
2024-10-13,AST007,70481.0,High
2024-10-13,AST008,27159.0,Low
2024-10-13,AST009,42248.0,Low
2024-10-13,AST011,81012.0,High
2024-10-13,AST012,48692.0,Normal
2024-10-13,AST014,56138.33,Normal
2024-10-13,AST016,36318.0,Low
2024-10-13,AST017,70471.0,High
2024-10-13,AST018,73896.0,High
2024-10-13,AST019,28136.0,Low
2024-10-13,AST020,51410.0,Normal
2024-10-13,AST025,51890.67,Normal
2024-10-13,AST026,56422.0,Normal
2024-10-14,AST006,49996.5,Normal
2024-10-14,AST008,30149.0,Low
2024-10-14,AST009,40939.0,Low
2024-10-14,AST012,43909.0,Low
2024-10-14,AST015,25407.0,Low
2024-10-14,AST020,46783.5,Normal
2024-10-14,AST021,66261.67,Normal
2024-10-14,AST024,47169.0,Normal
2024-10-14,AST025,54018.0,Normal
2024-10-14,AST029,40075.0,Low
2024-10-15,AST001,37017.0,Low
2024-10-15,AST002,31081.0,Low
2024-10-15,AST005,45621.0,Normal
2024-10-15,AST008,31999.5,Low
2024-10-15,AST009,43469.0,Low
2024-10-15,AST010,30645.0,Low
2024-10-15,AST012,50448.0,Normal
2024-10-15,AST013,53964.0,Normal
2024-10-15,AST015,26803.0,Low
2024-10-15,AST017,64620.5,Normal
2024-10-15,AST019,30514.0,Low
2024-10-15,AST023,44131.0,Low
2024-10-15,AST026,61977.0,Normal
2024-10-15,AST027,72553.0,High
2024-10-15,AST030,80102.0,High
2024-10-16,AST004,63790.5,Normal
2024-10-16,AST005,44154.0,Low
2024-10-16,AST006,52680.5,Normal
2024-10-16,AST008,30345.0,Low
2024-10-16,AST010,27746.33,Low
2024-10-16,AST011,75058.0,High
2024-10-16,AST014,51249.0,Normal
2024-10-16,AST015,23133.0,Low
2024-10-16,AST016,37609.0,Low
2024-10-16,AST017,60424.0,Normal
2024-10-16,AST019,26602.0,Low
2024-10-16,AST020,51629.0,Normal
2024-10-16,AST023,42882.0,Low
2024-10-16,AST024,45683.5,Low
2024-10-16,AST027,68933.0,Normal
2024-10-16,AST028,72526.0,High
2024-10-16,AST030,74474.0,High
2024-10-17,AST001,38023.0,Low
2024-10-17,AST003,41092.0,Low
2024-10-17,AST004,60334.0,Normal
2024-10-17,AST007,73308.0,High
2024-10-17,AST008,31141.5,Low
2024-10-17,AST009,41875.0,Low
2024-10-17,AST010,26207.0,Low
2024-10-17,AST011,77104.0,High
2024-10-17,AST012,51332.0,Normal
2024-10-17,AST013,57176.0,Normal
2024-10-17,AST017,64389.0,Normal
2024-10-17,AST018,74785.0,High
2024-10-17,AST019,27690.5,Low
2024-10-17,AST020,49059.5,Normal
2024-10-17,AST022,35161.0,Low
2024-10-17,AST023,41329.5,Low
2024-10-17,AST026,58739.0,Normal
2024-10-17,AST027,73262.0,High
2024-10-17,AST028,76027.33,High
2024-10-18,AST001,36512.0,Low
2024-10-18,AST002,29631.0,Low
2024-10-18,AST003,41076.0,Low
2024-10-18,AST004,69655.0,Normal
2024-10-18,AST006,53747.0,Normal
2024-10-18,AST012,52624.0,Normal
2024-10-18,AST014,54520.0,Normal
2024-10-18,AST016,39654.0,Low
2024-10-18,AST017,72131.0,High
2024-10-18,AST019,25075.0,Low
2024-10-18,AST021,59416.0,Normal
2024-10-18,AST023,40843.0,Low
2024-10-18,AST024,45012.0,Normal
2024-10-19,AST001,32695.0,Low
2024-10-19,AST002,28937.0,Low
2024-10-19,AST003,36916.0,Low
2024-10-19,AST004,63073.0,Normal
2024-10-19,AST005,43620.0,Low
2024-10-19,AST006,47162.0,Normal
2024-10-19,AST007,66902.0,Normal
2024-10-19,AST008,29600.0,Low
2024-10-19,AST010,29826.0,Low
2024-10-19,AST012,48019.0,Normal
2024-10-19,AST013,57546.0,Normal
2024-10-19,AST015,26192.5,Low
2024-10-19,AST018,70317.0,High
2024-10-19,AST019,29030.0,Low
2024-10-19,AST020,52646.0,Normal
2024-10-19,AST022,33951.0,Low
2024-10-19,AST027,72863.0,High
2024-10-19,AST028,76645.0,High
2024-10-19,AST029,43064.0,Low
2024-10-20,AST002,28366.0,Low
2024-10-20,AST003,40321.0,Low
2024-10-20,AST004,65038.0,Normal
2024-10-20,AST008,30862.5,Low
2024-10-20,AST009,41499.0,Low
2024-10-20,AST010,26911.0,Low
2024-10-20,AST011,73151.0,High
2024-10-20,AST016,37982.0,Low
2024-10-20,AST017,70073.0,High
2024-10-20,AST018,72289.0,High
2024-10-20,AST019,27840.5,Low
2024-10-20,AST020,53823.0,Normal
2024-10-20,AST022,36774.0,Low
2024-10-20,AST023,45993.0,Normal
2024-10-20,AST025,53509.5,Normal
2024-10-20,AST027,79053.0,High
2024-10-20,AST029,38149.0,Low
2024-10-21,AST001,35469.5,Low
2024-10-21,AST002,28909.0,Low
2024-10-21,AST003,34153.0,Low
2024-10-21,AST005,43754.0,Low
2024-10-21,AST010,27287.0,Low
2024-10-21,AST012,44089.0,Low
2024-10-21,AST013,55104.0,Normal
2024-10-21,AST014,56268.0,Normal
2024-10-21,AST017,67749.0,Normal
2024-10-21,AST018,65341.0,Normal
2024-10-21,AST025,59290.0,Normal
2024-10-21,AST030,79949.5,High
2024-10-22,AST002,32084.5,Low
2024-10-22,AST003,43776.0,Low
2024-10-22,AST005,43072.0,Low
2024-10-22,AST007,70287.0,High
2024-10-22,AST009,42131.5,Low
2024-10-22,AST011,75159.0,High
2024-10-22,AST013,52082.0,Normal
2024-10-22,AST015,25660.67,Low
2024-10-22,AST018,70394.0,High
2024-10-22,AST020,52301.0,Normal
2024-10-22,AST021,63529.0,Normal
2024-10-22,AST024,46280.0,Low
2024-10-22,AST025,54501.0,Normal
2024-10-22,AST029,37570.0,Low
2024-10-23,AST004,63807.0,Normal
2024-10-23,AST005,44559.0,Low
2024-10-23,AST008,32853.5,Low
2024-10-23,AST011,79349.5,High
2024-10-23,AST012,49303.0,Normal
2024-10-23,AST013,59270.0,Normal
2024-10-23,AST016,38433.0,Low
2024-10-23,AST017,67190.0,Normal
2024-10-23,AST019,29565.0,Low
2024-10-23,AST020,46896.0,Normal
2024-10-23,AST021,58421.0,Normal
2024-10-23,AST022,32448.0,Low
2024-10-23,AST024,44834.0,Low
2024-10-23,AST025,53163.0,Normal
2024-10-23,AST027,75725.0,High
2024-10-23,AST028,75216.0,High
2024-10-23,AST030,73018.5,High
2024-10-24,AST001,35854.0,Low
2024-10-24,AST002,31790.0,Low
2024-10-24,AST003,37340.0,Low
2024-10-24,AST004,68280.67,Normal
2024-10-24,AST005,43907.0,Low
2024-10-24,AST010,26552.0,Low
2024-10-24,AST011,82381.5,High
2024-10-24,AST013,54544.0,Normal
2024-10-24,AST014,54105.0,Normal
2024-10-24,AST015,24944.0,Low
2024-10-24,AST017,68035.0,Normal
2024-10-24,AST018,74615.0,High
2024-10-24,AST019,26135.0,Low
2024-10-24,AST022,28875.0,Low
2024-10-24,AST023,42054.0,Low
2024-10-24,AST024,45525.0,Normal
2024-10-24,AST026,60985.0,Normal
2024-10-24,AST028,73570.0,High
2024-10-24,AST029,41495.0,Low
2024-10-24,AST030,76032.0,High
2024-10-25,AST002,29020.0,Low
2024-10-25,AST003,37091.0,Low
2024-10-25,AST005,47159.0,Normal
2024-10-25,AST016,37375.67,Low
2024-10-25,AST020,46902.0,Normal
2024-10-25,AST022,33927.0,Low
2024-10-25,AST024,46989.0,Normal
2024-10-25,AST025,54307.0,Normal
2024-10-25,AST028,74034.0,High
2024-10-26,AST002,30657.0,Low
2024-10-26,AST009,43083.0,Low
2024-10-26,AST011,73430.0,High
2024-10-26,AST013,60080.5,Normal
2024-10-26,AST015,26052.0,Low
2024-10-26,AST017,66163.5,Normal
2024-10-26,AST021,68846.5,High
2024-10-26,AST024,49392.0,Normal
2024-10-26,AST025,52494.0,Normal
2024-10-26,AST027,71660.0,High
2024-10-26,AST029,40032.0,Low
2024-10-27,AST002,28900.0,Low
2024-10-27,AST004,73257.5,High
2024-10-27,AST006,51019.33,Normal
2024-10-27,AST007,70816.0,High
2024-10-27,AST008,33925.0,Low
2024-10-27,AST009,44045.0,Low
2024-10-27,AST012,48937.0,Normal
2024-10-27,AST013,55872.0,Normal
2024-10-27,AST014,57637.0,Normal
2024-10-27,AST016,36565.0,Low
2024-10-27,AST017,67490.0,Normal
2024-10-27,AST018,74115.0,High
2024-10-27,AST024,46547.0,Normal
2024-10-27,AST025,54179.0,Normal
2024-10-27,AST027,71100.0,High
2024-10-27,AST028,77183.0,High
2024-10-27,AST030,78076.0,High
2024-10-28,AST001,34225.0,Low
2024-10-28,AST002,31213.0,Low
2024-10-28,AST005,44277.0,Low
2024-10-28,AST008,29487.0,Low
2024-10-28,AST009,43017.0,Low
2024-10-28,AST010,26130.0,Low
2024-10-28,AST012,49161.0,Normal
2024-10-28,AST015,25266.0,Low
2024-10-28,AST016,37688.5,Low
2024-10-28,AST017,67986.5,Normal
2024-10-28,AST020,52387.0,Normal
2024-10-28,AST022,35580.0,Low
2024-10-28,AST028,68774.0,Normal
2024-10-28,AST029,39718.0,Low
2024-10-28,AST030,78559.0,High
2024-10-29,AST004,67270.0,Normal
2024-10-29,AST007,66295.0,Normal
2024-10-29,AST008,29744.0,Low
2024-10-29,AST009,42816.5,Low
2024-10-29,AST014,57020.0,Normal
2024-10-29,AST015,26218.0,Low
2024-10-29,AST018,68618.0,Normal
2024-10-29,AST020,52414.5,Normal
2024-10-29,AST021,60291.0,Normal
2024-10-29,AST022,32005.0,Low
2024-10-29,AST023,40931.0,Low
2024-10-29,AST025,55608.0,Normal
2024-10-29,AST027,74065.5,High
2024-10-30,AST003,36758.0,Low
2024-10-30,AST005,46896.0,Normal
2024-10-30,AST007,73343.0,High
2024-10-30,AST008,35406.0,Low
2024-10-30,AST009,41971.5,Low
2024-10-30,AST011,74258.67,High
2024-10-30,AST012,51706.0,Normal
2024-10-30,AST015,26613.0,Low
2024-10-30,AST016,32178.0,Low
2024-10-30,AST017,71204.0,High
2024-10-30,AST018,68336.5,High
2024-10-30,AST019,26552.0,Low
2024-10-30,AST020,50583.0,Normal
2024-10-30,AST024,48420.0,Normal
2024-10-30,AST027,79800.0,High
2024-10-30,AST028,76483.0,High
2024-10-30,AST029,39666.5,Low
2024-10-31,AST003,39679.0,Low
2024-10-31,AST005,48135.0,Normal
2024-10-31,AST007,65817.0,Normal
2024-10-31,AST008,27865.0,Low
2024-10-31,AST010,26455.0,Low
2024-10-31,AST012,49020.5,Normal
2024-10-31,AST014,53600.0,Normal
2024-10-31,AST015,26526.0,Low
2024-10-31,AST016,34077.0,Low
2024-10-31,AST017,68822.0,Normal
2024-10-31,AST018,75271.0,High
2024-10-31,AST019,27853.0,Low
2024-10-31,AST020,53029.0,Normal
2024-10-31,AST021,65189.0,Normal
2024-10-31,AST022,32823.0,Low
2024-10-31,AST023,45307.0,Normal
2024-10-31,AST025,53224.0,Normal
2024-10-31,AST026,62183.0,Normal
2024-10-31,AST029,36571.0,Low
2024-10-31,AST030,72142.0,High
2024-11-01,AST001,37254.0,Low
2024-11-01,AST002,27055.5,Low
2024-11-01,AST003,40429.0,Low
2024-11-01,AST004,67895.0,Normal
2024-11-01,AST006,53152.0,Normal
2024-11-01,AST007,67716.0,Normal
2024-11-01,AST008,32317.0,Low
2024-11-01,AST010,27829.5,Low
2024-11-01,AST011,79573.67,High
2024-11-01,AST012,46901.0,Low
2024-11-01,AST014,54019.0,Normal
2024-11-01,AST019,29469.0,Low
2024-11-01,AST021,66259.0,Normal
2024-11-01,AST022,33796.0,Low
2024-11-01,AST023,41710.0,Low
2024-11-01,AST024,44469.5,Low
2024-11-01,AST026,56630.0,Normal
2024-11-01,AST029,35946.0,Low
2024-11-01,AST030,80104.0,High
2024-11-02,AST001,34602.5,Low
2024-11-02,AST003,40664.67,Low
2024-11-02,AST005,46882.0,Normal
2024-11-02,AST008,32631.0,Low
2024-11-02,AST009,43647.0,Low
2024-11-02,AST013,59579.0,Normal
2024-11-02,AST016,37601.33,Low
2024-11-02,AST017,64647.0,Normal
2024-11-02,AST019,29420.0,Low
2024-11-02,AST024,43613.0,Low
2024-11-02,AST026,60232.25,Normal
2024-11-02,AST028,69427.0,High
2024-11-02,AST029,41603.0,Low
2024-11-03,AST002,28019.0,Low
2024-11-03,AST003,38725.0,Low
2024-11-03,AST005,49658.0,Normal
2024-11-03,AST006,46617.0,Normal
2024-11-03,AST007,66335.0,Normal
2024-11-03,AST008,32437.0,Low
2024-11-03,AST009,42598.67,Low
2024-11-03,AST011,79924.0,High
2024-11-03,AST012,49190.0,Normal
2024-11-03,AST013,53636.0,Normal
2024-11-03,AST016,38274.25,Low
2024-11-03,AST018,72949.0,High
2024-11-03,AST020,46512.0,Normal
2024-11-03,AST022,37458.0,Low
2024-11-03,AST026,62685.0,Normal
2024-11-03,AST028,83828.0,High
2024-11-03,AST029,40782.0,Low
2024-11-04,AST003,37268.33,Low
2024-11-04,AST004,69437.0,Normal
2024-11-04,AST005,48705.0,Normal
2024-11-04,AST006,50259.0,Normal
2024-11-04,AST007,71562.0,High
2024-11-04,AST008,31284.0,Low
2024-11-04,AST009,42756.33,Low
2024-11-04,AST011,80509.67,High
2024-11-04,AST017,66775.0,Normal
2024-11-04,AST018,71499.0,High
2024-11-04,AST019,31435.0,Low
2024-11-04,AST020,51264.0,Normal
2024-11-04,AST021,60185.0,Normal
2024-11-04,AST022,33240.0,Low
2024-11-04,AST025,58419.0,Normal
2024-11-04,AST029,42031.5,Low
2024-11-04,AST030,78533.5,High
2024-11-05,AST002,30698.5,Low
2024-11-05,AST003,39243.0,Low
2024-11-05,AST004,65495.0,Normal
2024-11-05,AST008,30266.5,Low
2024-11-05,AST011,79592.0,High
2024-11-05,AST012,52064.0,Normal
2024-11-05,AST013,57230.33,Normal
2024-11-05,AST016,33681.0,Low
2024-11-05,AST018,69495.0,Normal
2024-11-05,AST019,29086.0,Low
2024-11-05,AST020,45053.0,Normal
2024-11-05,AST022,33970.5,Low
2024-11-05,AST023,42903.0,Low
2024-11-05,AST026,60690.0,Normal
2024-11-05,AST027,70860.0,High
2024-11-05,AST028,77523.5,High
2024-11-05,AST030,72889.0,High
2024-11-06,AST001,34602.0,Low
2024-11-06,AST002,27543.0,Low
2024-11-06,AST007,69324.0,Normal
2024-11-06,AST009,40354.0,Low
2024-11-06,AST010,27713.0,Low
2024-11-06,AST011,85474.0,High
2024-11-06,AST015,25664.5,Low
2024-11-06,AST017,65992.5,Normal
2024-11-06,AST018,71198.0,High
2024-11-06,AST020,50160.0,Normal
2024-11-06,AST026,64277.0,Normal
2024-11-06,AST028,73420.0,High
2024-11-06,AST029,37880.0,Low
2024-11-06,AST030,74487.0,High
2024-11-07,AST003,39267.5,Low
2024-11-07,AST004,71091.0,High
2024-11-07,AST005,45134.5,Low
2024-11-07,AST007,74858.0,High
2024-11-07,AST008,34070.0,Low
2024-11-07,AST010,26425.5,Low
2024-11-07,AST014,52200.0,Normal
2024-11-07,AST019,27043.0,Low
2024-11-07,AST020,51050.0,Normal
2024-11-07,AST023,41467.0,Low
2024-11-07,AST027,69597.5,High
2024-11-07,AST028,77162.5,High
2024-11-07,AST029,38967.0,Low
2024-11-08,AST002,32388.0,Low
2024-11-08,AST003,36934.0,Low
2024-11-08,AST004,66308.0,Normal
2024-11-08,AST006,53676.0,Normal
2024-11-08,AST008,29826.5,Low
2024-11-08,AST014,54559.0,Normal
2024-11-08,AST015,27218.0,Low
2024-11-08,AST016,39043.33,Low
2024-11-08,AST019,28162.33,Low
2024-11-08,AST020,52241.0,Normal
2024-11-08,AST022,36710.0,Low
2024-11-08,AST023,41104.0,Low
2024-11-08,AST024,43658.0,Low
2024-11-08,AST025,53516.0,Normal
2024-11-08,AST027,69532.0,Normal
2024-11-08,AST028,73789.25,High
2024-11-08,AST029,41686.5,Low
2024-11-08,AST030,81952.0,High
2024-11-09,AST001,39929.0,Low
2024-11-09,AST002,30160.5,Low
2024-11-09,AST003,40075.0,Low
2024-11-09,AST004,66937.0,Normal
2024-11-09,AST005,46673.0,Normal
2024-11-09,AST006,51969.0,Normal
2024-11-09,AST013,56288.0,Normal
2024-11-09,AST015,24568.5,Low
2024-11-09,AST016,36393.5,Low
2024-11-09,AST019,30887.0,Low
2024-11-09,AST021,64571.5,Normal
2024-11-09,AST026,65098.0,Normal
2024-11-09,AST027,71621.0,High
2024-11-09,AST028,72384.0,High
2024-11-09,AST029,39143.0,Low
2024-11-09,AST030,71479.0,High
2024-11-10,AST001,33363.0,Low
2024-11-10,AST006,52183.0,Normal
2024-11-10,AST008,29698.0,Low
2024-11-10,AST009,44625.25,Low
2024-11-10,AST017,62288.0,Normal
2024-11-10,AST018,74826.5,High
2024-11-10,AST019,27984.0,Low
2024-11-10,AST021,64842.5,Normal
2024-11-10,AST022,33660.0,Low
2024-11-10,AST023,40772.0,Low
2024-11-10,AST024,48908.0,Normal
2024-11-10,AST029,39521.0,Low
2024-11-11,AST002,28071.0,Low
2024-11-11,AST004,66765.0,Normal
2024-11-11,AST005,47705.0,Normal
2024-11-11,AST007,70580.25,High
2024-11-11,AST008,32772.33,Low
2024-11-11,AST009,42793.5,Low
2024-11-11,AST010,29998.0,Low
2024-11-11,AST013,54237.0,Normal
2024-11-11,AST016,38229.0,Low
2024-11-11,AST019,28822.0,Low
2024-11-11,AST020,51606.0,Normal
2024-11-11,AST022,32515.33,Low
2024-11-11,AST024,47466.0,Normal
2024-11-11,AST028,75705.5,High
2024-11-12,AST002,30935.0,Low
2024-11-12,AST006,51419.0,Normal
2024-11-12,AST008,30316.5,Low
2024-11-12,AST009,43363.0,Low
2024-11-12,AST011,81594.0,High
2024-11-12,AST012,47097.25,Normal
2024-11-12,AST013,56425.0,Normal
2024-11-12,AST017,66982.0,Normal
2024-11-12,AST018,74208.0,High
2024-11-12,AST019,29518.0,Low
2024-11-12,AST025,55721.5,Normal
2024-11-12,AST026,64905.5,Normal
2024-11-12,AST027,75634.0,High
2024-11-12,AST028,73596.75,High
2024-11-12,AST029,39416.0,Low
2024-11-12,AST030,75679.0,High
2024-11-13,AST003,41385.0,Low
2024-11-13,AST004,67027.0,Normal
2024-11-13,AST007,70002.0,High
2024-11-13,AST008,31243.0,Low
2024-11-13,AST011,78188.0,High
2024-11-13,AST013,59476.0,Normal
2024-11-13,AST014,53028.5,Normal
2024-11-13,AST015,27103.0,Low
2024-11-13,AST016,39529.0,Low
2024-11-13,AST019,27228.0,Low
2024-11-13,AST020,50860.0,Normal
2024-11-13,AST021,70382.0,High
2024-11-13,AST022,31300.5,Low
2024-11-13,AST025,55831.0,Normal
2024-11-13,AST026,58587.5,Normal
2024-11-13,AST028,69605.0,Normal
2024-11-13,AST030,79647.0,High
2024-11-14,AST002,30781.33,Low
2024-11-14,AST004,69615.0,Normal
2024-11-14,AST006,51130.0,Normal
2024-11-14,AST008,31593.0,Low
2024-11-14,AST009,43240.0,Low
2024-11-14,AST010,27707.0,Low
2024-11-14,AST011,75769.0,High
2024-11-14,AST012,51636.0,Normal
2024-11-14,AST015,27370.0,Low
2024-11-14,AST017,70079.5,High
2024-11-14,AST019,30688.0,Low
2024-11-14,AST020,49342.5,Normal
2024-11-14,AST021,64072.33,Normal
2024-11-14,AST022,35688.0,Low
2024-11-14,AST023,45143.0,Normal
2024-11-14,AST024,44536.0,Low
2024-11-14,AST025,57429.0,Normal
2024-11-14,AST028,77079.0,High
2024-11-15,AST002,30721.0,Low
2024-11-15,AST004,68827.0,High
2024-11-15,AST005,46062.5,Low
2024-11-15,AST006,51476.0,Normal
2024-11-15,AST008,29995.0,Low
2024-11-15,AST009,42199.0,Low
2024-11-15,AST011,78035.0,High
2024-11-15,AST014,55856.5,Normal
2024-11-15,AST015,27212.0,Low
2024-11-15,AST017,76503.0,High
2024-11-15,AST024,49501.0,Normal
2024-11-15,AST025,51786.0,Normal
2024-11-15,AST027,70712.0,High
2024-11-15,AST029,34695.0,Low
2024-11-15,AST030,74658.0,High
2024-11-16,AST003,37985.75,Low
2024-11-16,AST004,69127.0,Normal
2024-11-16,AST005,48591.0,Normal
2024-11-16,AST007,71342.0,High
2024-11-16,AST009,45634.0,Normal
2024-11-16,AST010,29111.0,Low
2024-11-16,AST012,47105.5,Normal
2024-11-16,AST015,28841.0,Low
2024-11-16,AST016,35784.0,Low
2024-11-16,AST017,68348.0,Normal
2024-11-16,AST019,31133.0,Low
2024-11-16,AST020,49299.0,Normal
2024-11-16,AST021,62943.33,Normal
2024-11-16,AST022,34226.5,Low
2024-11-16,AST026,59934.33,Normal
2024-11-16,AST030,75211.5,High
2024-11-17,AST001,35608.0,Low
2024-11-17,AST003,38904.0,Low
2024-11-17,AST004,66378.0,Normal
2024-11-17,AST005,47598.0,Normal
2024-11-17,AST006,50203.0,Normal
2024-11-17,AST007,76209.0,High
2024-11-17,AST008,30716.0,Low
2024-11-17,AST009,43152.0,Low
2024-11-17,AST011,74609.0,High
2024-11-17,AST012,49574.0,Normal
2024-11-17,AST014,53559.5,Normal
2024-11-17,AST016,39945.0,Low
2024-11-17,AST020,45747.0,Normal
2024-11-17,AST021,64268.0,Normal
2024-11-17,AST023,39252.5,Low
2024-11-17,AST027,67374.0,Normal
2024-11-17,AST029,41290.5,Low
2024-11-17,AST030,79866.0,High
2024-11-18,AST001,36474.0,Low
2024-11-18,AST003,39048.0,Low
2024-11-18,AST006,51722.0,Normal
2024-11-18,AST008,31028.0,Low
2024-11-18,AST011,77519.0,High
2024-11-18,AST012,46594.0,Normal
2024-11-18,AST013,54441.0,Normal
2024-11-18,AST014,57052.0,Normal
2024-11-18,AST018,75036.0,High
2024-11-18,AST019,29380.0,Low
2024-11-18,AST020,50241.0,Normal
2024-11-18,AST025,53740.0,Normal
2024-11-18,AST026,62944.5,Normal
2024-11-18,AST027,75089.0,High
2024-11-18,AST030,78655.0,High
2024-11-19,AST002,28013.0,Low
2024-11-19,AST003,41044.0,Low
2024-11-19,AST007,71531.0,High
2024-11-19,AST008,31659.0,Low
2024-11-19,AST012,49599.0,Normal
2024-11-19,AST013,61490.0,Normal
2024-11-19,AST014,55784.0,Normal
2024-11-19,AST015,26061.5,Low
2024-11-19,AST016,37608.0,Low
2024-11-19,AST018,72401.0,High
2024-11-19,AST020,48742.5,Normal
2024-11-19,AST021,60799.0,Normal
2024-11-19,AST022,34702.0,Low
2024-11-19,AST026,59207.0,Normal
2024-11-19,AST027,71876.0,High
2024-11-19,AST028,65705.0,Normal
2024-11-19,AST030,71823.0,High
2024-11-20,AST003,38039.0,Low
2024-11-20,AST005,42525.0,Low
2024-11-20,AST008,29926.0,Low
2024-11-20,AST009,39788.0,Low
2024-11-20,AST011,67645.0,Normal
2024-11-20,AST014,53426.0,Normal
2024-11-20,AST015,24878.0,Low
2024-11-20,AST016,37096.0,Low
2024-11-20,AST018,78435.0,High
2024-11-20,AST019,29047.0,Low
2024-11-20,AST020,50364.0,Normal
2024-11-20,AST021,64835.0,Normal
2024-11-20,AST024,43651.0,Low
2024-11-20,AST025,53341.0,Normal
2024-11-20,AST026,62746.0,Normal
2024-11-20,AST027,77255.0,High
2024-11-20,AST028,69088.0,Normal
2024-11-20,AST029,39152.0,Low
2024-11-20,AST030,73797.0,High
2024-11-21,AST001,35909.5,Low
2024-11-21,AST002,28102.0,Low
2024-11-21,AST004,68669.0,Normal
2024-11-21,AST007,71578.0,High
2024-11-21,AST009,44900.0,Low
2024-11-21,AST013,53682.0,Normal
2024-11-21,AST015,24488.0,Low
2024-11-21,AST016,37605.0,Low
2024-11-21,AST019,28627.0,Low
2024-11-21,AST020,49306.0,Normal
2024-11-21,AST023,44542.0,Low
2024-11-21,AST024,45451.5,Low
2024-11-21,AST026,61051.5,Normal
2024-11-22,AST001,37303.0,Low
2024-11-22,AST002,32979.0,Low
2024-11-22,AST004,65014.0,Normal
2024-11-22,AST006,51951.5,Normal
2024-11-22,AST009,44516.0,Low
2024-11-22,AST011,77576.67,High
2024-11-22,AST013,59758.0,Normal
2024-11-22,AST015,26558.0,Low
2024-11-22,AST017,74311.0,High
2024-11-22,AST020,54122.0,Normal
2024-11-22,AST025,53254.0,Normal
2024-11-22,AST026,58707.0,Normal
2024-11-22,AST028,69525.0,Normal
2024-11-22,AST029,40894.33,Low
2024-11-23,AST001,39352.0,Low
2024-11-23,AST002,30285.0,Low
2024-11-23,AST005,44190.0,Low
2024-11-23,AST007,71422.33,High
2024-11-23,AST010,29499.5,Low
2024-11-23,AST011,75694.5,High
2024-11-23,AST015,26151.0,Low
2024-11-23,AST016,38576.67,Low
2024-11-23,AST019,30554.0,Low
2024-11-23,AST020,49867.5,Normal
2024-11-23,AST021,73998.0,High
2024-11-23,AST022,34350.0,Low
2024-11-23,AST024,47246.0,Normal
2024-11-23,AST027,77018.5,High
2024-11-23,AST028,74465.33,High
2024-11-23,AST029,40553.0,Low
2024-11-23,AST030,77651.0,High
2024-11-24,AST001,36823.0,Low
2024-11-24,AST003,37938.0,Low
2024-11-24,AST004,67672.0,Normal
2024-11-24,AST007,70875.5,High
2024-11-24,AST011,77704.0,High
2024-11-24,AST013,53546.0,Normal
2024-11-24,AST016,37152.0,Low
2024-11-24,AST017,69725.5,High
2024-11-24,AST018,73704.0,High
2024-11-24,AST019,28991.0,Low
2024-11-24,AST021,65505.5,High
2024-11-24,AST023,40027.5,Low
2024-11-24,AST024,45559.5,Low
2024-11-24,AST025,57588.0,Normal
2024-11-24,AST027,76541.75,High
2024-11-24,AST029,40922.5,Low
2024-11-24,AST030,73686.5,High
2024-11-25,AST001,34866.0,Low
2024-11-25,AST002,31839.0,Low
2024-11-25,AST005,42751.0,Low
2024-11-25,AST006,52359.0,Normal
2024-11-25,AST008,31426.0,Low
2024-11-25,AST009,43734.0,Low
2024-11-25,AST010,27684.0,Low
2024-11-25,AST011,77817.0,High
2024-11-25,AST012,48301.0,Normal
2024-11-25,AST013,56056.5,Normal
2024-11-25,AST015,24956.0,Low
2024-11-25,AST016,43068.0,Low
2024-11-25,AST017,69017.0,Normal
2024-11-25,AST019,30950.0,Low
2024-11-25,AST021,65842.0,Normal
2024-11-25,AST025,56527.5,Normal
2024-11-25,AST026,65125.5,Normal
2024-11-25,AST028,78218.0,High
2024-11-25,AST029,39174.5,Low
2024-11-25,AST030,75375.0,High
2024-11-26,AST001,34127.0,Low
2024-11-26,AST002,27559.0,Low
2024-11-26,AST003,40238.0,Low
2024-11-26,AST005,48412.0,Normal
2024-11-26,AST006,54016.0,Normal
2024-11-26,AST008,30257.0,Low
2024-11-26,AST013,60231.0,Normal
2024-11-26,AST019,27567.0,Low
2024-11-26,AST021,66129.0,Normal
2024-11-26,AST023,40521.0,Low
2024-11-26,AST025,57047.67,Normal
2024-11-26,AST027,74570.0,High
2024-11-26,AST028,69203.0,High
2024-11-26,AST029,39613.67,Low
2024-11-26,AST030,71768.0,High
2024-11-27,AST004,68820.0,Normal
2024-11-27,AST005,40969.0,Low
2024-11-27,AST008,30472.0,Low
2024-11-27,AST012,48885.0,Normal
2024-11-27,AST013,62237.5,Normal
2024-11-27,AST018,73530.5,High
2024-11-27,AST020,50473.25,Normal
2024-11-27,AST022,34203.0,Low
2024-11-27,AST023,42922.0,Low
2024-11-27,AST024,53275.0,Normal
2024-11-27,AST027,80621.0,High
2024-11-27,AST028,63827.5,Normal
2024-11-28,AST002,28642.0,Low
2024-11-28,AST004,63133.0,Normal
2024-11-28,AST005,42723.5,Low
2024-11-28,AST007,68697.0,Normal
2024-11-28,AST008,29871.0,Low
2024-11-28,AST009,42703.0,Low
2024-11-28,AST010,28789.0,Low
2024-11-28,AST011,79443.0,High
2024-11-28,AST015,25732.0,Low
2024-11-28,AST016,40113.5,Low
2024-11-28,AST018,69435.0,Normal
2024-11-28,AST019,30401.0,Low
2024-11-28,AST020,50275.0,Normal
2024-11-28,AST021,66327.0,Normal
2024-11-28,AST022,33279.0,Low
2024-11-28,AST023,39070.0,Low
2024-11-28,AST024,44449.0,Low
2024-11-28,AST025,52006.0,Normal
2024-11-28,AST029,44341.0,Low
2024-11-29,AST001,37668.0,Low
2024-11-29,AST002,30613.0,Low
2024-11-29,AST003,38030.0,Low
2024-11-29,AST004,73250.0,High
2024-11-29,AST007,71353.0,High
2024-11-29,AST008,32138.0,Low
2024-11-29,AST012,53269.5,Normal
2024-11-29,AST013,61769.0,Normal
2024-11-29,AST015,26173.0,Low
2024-11-29,AST021,62605.5,Normal
2024-11-29,AST022,32313.0,Low
2024-11-29,AST024,45632.0,Normal
2024-11-29,AST026,66717.0,Normal
2024-11-29,AST028,74498.4,High
2024-11-30,AST002,29639.0,Low
2024-11-30,AST006,54447.0,Normal
2024-11-30,AST010,28676.0,Low
2024-11-30,AST012,47338.0,Normal
2024-11-30,AST013,57547.0,Normal
2024-11-30,AST016,36783.5,Low
2024-11-30,AST017,63859.0,Normal
2024-11-30,AST019,28998.0,Low
2024-11-30,AST020,51877.0,Normal
2024-11-30,AST022,30690.0,Low
2024-11-30,AST023,44723.0,Low
2024-11-30,AST024,44763.0,Low
2024-11-30,AST025,57588.0,Normal
2024-11-30,AST026,55675.0,Normal
2024-11-30,AST029,37078.0,Low
2024-12-01,AST001,36625.0,Low
2024-12-01,AST002,30952.0,Low
2024-12-01,AST003,39801.0,Low
2024-12-01,AST004,64207.5,Normal
2024-12-01,AST006,50148.0,Normal
2024-12-01,AST007,68613.0,Normal
2024-12-01,AST008,30656.0,Low
2024-12-01,AST010,26593.0,Low
2024-12-01,AST011,74466.0,High
2024-12-01,AST012,49909.0,Normal
2024-12-01,AST014,51348.0,Normal
2024-12-01,AST016,37314.33,Low
2024-12-01,AST017,71506.8,High
2024-12-01,AST018,77126.0,High
2024-12-01,AST019,29097.5,Low
2024-12-01,AST020,49337.0,Normal
2024-12-01,AST028,75360.0,High
2024-12-01,AST029,44784.0,Low
2024-12-01,AST030,75306.0,High
2024-12-02,AST001,38895.0,Low
2024-12-02,AST002,32373.0,Low
2024-12-02,AST004,66233.0,Normal
2024-12-02,AST005,47041.0,Normal
2024-12-02,AST006,50914.0,Normal
2024-12-02,AST009,41750.0,Low
2024-12-02,AST011,82475.0,High
2024-12-02,AST014,54320.0,Normal
2024-12-02,AST017,70578.0,High
2024-12-02,AST021,64309.0,Normal
2024-12-02,AST022,34589.0,Low
2024-12-02,AST023,45220.0,Normal
2024-12-02,AST028,76075.0,High
2024-12-02,AST029,37943.0,Low
2024-12-02,AST030,70261.0,High
2024-12-03,AST001,35895.0,Low
2024-12-03,AST002,29423.67,Low
2024-12-03,AST003,40701.0,Low
2024-12-03,AST004,65432.0,Normal
2024-12-03,AST005,49533.0,Normal
2024-12-03,AST006,55517.0,Normal
2024-12-03,AST008,35551.0,Low
2024-12-03,AST009,46371.0,Normal
2024-12-03,AST011,67990.0,Normal
2024-12-03,AST012,54647.0,Normal
2024-12-03,AST013,64530.0,Normal
2024-12-03,AST014,56819.0,Normal
2024-12-03,AST015,25379.0,Low
2024-12-03,AST023,37705.0,Low
2024-12-03,AST024,47350.0,Normal
2024-12-03,AST025,62069.0,Normal
2024-12-03,AST026,63453.0,Normal
2024-12-03,AST027,72320.0,High
2024-12-03,AST029,40218.0,Low
2024-12-04,AST001,36715.0,Low
2024-12-04,AST006,46590.0,Normal
2024-12-04,AST010,27382.0,Low
2024-12-04,AST012,50330.5,Normal
2024-12-04,AST014,58333.0,Normal
2024-12-04,AST017,67115.0,Normal
2024-12-04,AST018,81191.0,High
2024-12-04,AST019,28046.5,Low
2024-12-04,AST021,64710.0,Normal
2024-12-04,AST023,45966.0,Normal
2024-12-04,AST028,75408.0,High
2024-12-05,AST001,32728.0,Low
2024-12-05,AST003,37955.0,Low
2024-12-05,AST008,28795.0,Low
2024-12-05,AST009,42898.0,Low
2024-12-05,AST012,50453.0,Normal
2024-12-05,AST013,58813.0,Normal
2024-12-05,AST018,74915.0,High
2024-12-05,AST022,31353.0,Low
2024-12-05,AST023,44543.5,Low
2024-12-05,AST024,45797.0,Normal
2024-12-05,AST027,75283.5,High
2024-12-05,AST029,37158.0,Low
2024-12-05,AST030,75252.0,High
2024-12-06,AST001,36941.0,Low
2024-12-06,AST002,35979.0,Low
2024-12-06,AST003,41569.0,Low
2024-12-06,AST006,47400.0,Normal
2024-12-06,AST007,74048.0,High
2024-12-06,AST008,32280.0,Low
2024-12-06,AST009,42350.0,Low
2024-12-06,AST010,26984.0,Low
2024-12-06,AST015,26158.0,Low
2024-12-06,AST016,39010.67,Low
2024-12-06,AST018,73168.0,High
2024-12-06,AST020,46062.0,Low
2024-12-06,AST023,43493.33,Low
2024-12-06,AST025,55396.0,Normal
2024-12-06,AST026,65060.0,Normal
2024-12-06,AST027,77358.0,High
2024-12-07,AST001,36798.0,Low
2024-12-07,AST002,27732.0,Low
2024-12-07,AST005,42748.0,Low
2024-12-07,AST006,52147.0,Normal
2024-12-07,AST009,43186.0,Low
2024-12-07,AST010,27472.0,Low
2024-12-07,AST011,77582.0,High
2024-12-07,AST013,57562.33,Normal
2024-12-07,AST017,66945.0,High
2024-12-07,AST020,53476.67,Normal
2024-12-07,AST023,39192.0,Low
2024-12-07,AST024,48395.0,Normal
2024-12-07,AST025,52385.0,Normal
2024-12-07,AST026,64395.0,Normal
2024-12-07,AST027,80740.0,High
2024-12-07,AST028,74279.0,High
2024-12-07,AST029,40890.0,Low
2024-12-07,AST030,78077.0,High
2024-12-08,AST001,37067.5,Low
2024-12-08,AST006,49317.0,Normal
2024-12-08,AST007,73482.0,High
2024-12-08,AST008,32876.0,Low
2024-12-08,AST010,29477.0,Low
2024-12-08,AST011,73295.0,High
2024-12-08,AST012,49097.0,Normal
2024-12-08,AST016,37425.0,Low
2024-12-08,AST017,74696.0,High
2024-12-08,AST018,76325.0,High
2024-12-08,AST019,29026.0,Low
2024-12-08,AST020,47690.0,Normal
2024-12-08,AST023,42909.0,Low
2024-12-08,AST026,65174.0,Normal
2024-12-08,AST030,84486.0,High
2024-12-09,AST002,30776.25,Low
2024-12-09,AST003,39991.0,Low
2024-12-09,AST004,68821.0,Normal
2024-12-09,AST006,51562.5,Normal
2024-12-09,AST008,31287.0,Low
2024-12-09,AST009,43280.67,Low
2024-12-09,AST010,26604.0,Low
2024-12-09,AST012,49340.0,Normal
2024-12-09,AST014,59183.0,Normal
2024-12-09,AST015,26554.0,Low
2024-12-09,AST016,41456.0,Low
2024-12-09,AST017,65508.0,Normal
2024-12-09,AST020,47496.0,Normal
2024-12-09,AST027,80998.0,High
2024-12-09,AST028,75338.0,High
2024-12-09,AST030,76536.0,High
2024-12-10,AST001,41028.0,Low
2024-12-10,AST002,30941.0,Low
2024-12-10,AST004,71649.0,High
2024-12-10,AST006,51310.5,Normal
2024-12-10,AST007,69510.0,Normal
2024-12-10,AST009,42558.0,Low
2024-12-10,AST010,26839.0,Low
2024-12-10,AST011,78781.5,High
2024-12-10,AST012,48942.0,Normal
2024-12-10,AST013,57991.5,Normal
2024-12-10,AST014,58468.0,Normal
2024-12-10,AST016,39977.0,Low
2024-12-10,AST017,69481.5,Normal
2024-12-10,AST019,29994.0,Low
2024-12-10,AST020,55964.0,Normal
2024-12-10,AST022,32796.0,Low
2024-12-10,AST023,45197.0,Normal
2024-12-10,AST024,48705.0,Normal
2024-12-10,AST025,57371.0,Normal
2024-12-10,AST026,59723.0,Normal
2024-12-10,AST027,76582.5,High
2024-12-10,AST028,76978.0,High
2024-12-11,AST001,37059.0,Low
2024-12-11,AST002,29156.0,Low
2024-12-11,AST007,70776.0,High
2024-12-11,AST008,32772.0,Low
2024-12-11,AST012,48878.0,Normal
2024-12-11,AST013,57610.0,Normal
2024-12-11,AST014,52847.0,Normal
2024-12-11,AST015,23835.0,Low
2024-12-11,AST016,37495.0,Low
2024-12-11,AST017,65920.0,Normal
2024-12-11,AST020,49014.5,Normal
2024-12-11,AST021,66262.5,Normal
2024-12-11,AST022,35419.0,Low
2024-12-11,AST023,41447.0,Low
2024-12-11,AST026,61086.5,Normal
2024-12-11,AST027,80427.5,High
2024-12-11,AST029,37302.0,Low
2024-12-11,AST030,78822.0,High
2024-12-12,AST002,28980.5,Low
2024-12-12,AST003,35707.5,Low
2024-12-12,AST005,46895.5,Normal
2024-12-12,AST007,77097.0,High
2024-12-12,AST008,28589.0,Low
2024-12-12,AST009,41186.0,Low
2024-12-12,AST013,60425.5,Normal
2024-12-12,AST014,61500.0,Normal
2024-12-12,AST015,28551.0,Low
2024-12-12,AST022,35217.0,Low
2024-12-12,AST025,56172.0,Normal
2024-12-12,AST028,73222.0,High
2024-12-12,AST029,39370.67,Low
2024-12-12,AST030,79310.5,High
2024-12-13,AST001,39127.0,Low
2024-12-13,AST005,50487.0,Normal
2024-12-13,AST006,52770.0,Normal
2024-12-13,AST008,32207.0,Low
2024-12-13,AST009,41771.5,Low
2024-12-13,AST011,79853.33,High
2024-12-13,AST017,70524.0,High
2024-12-13,AST018,80934.0,High
2024-12-13,AST019,29150.0,Low
2024-12-13,AST020,52034.0,Normal
2024-12-13,AST021,66449.0,Normal
2024-12-13,AST022,32617.0,Low
2024-12-13,AST023,41027.0,Low
2024-12-13,AST027,76618.0,High
2024-12-13,AST028,79354.5,High
2024-12-13,AST030,75690.0,High
2024-12-14,AST004,64393.0,Normal
2024-12-14,AST005,47417.0,Normal
2024-12-14,AST006,52091.0,Normal
2024-12-14,AST007,70853.0,High
2024-12-14,AST008,32771.5,Low
2024-12-14,AST009,42496.0,Low
2024-12-14,AST011,80562.0,High
2024-12-14,AST013,59619.0,Normal
2024-12-14,AST016,36776.0,Low
2024-12-14,AST018,73786.0,High
2024-12-14,AST020,51132.0,Normal
2024-12-14,AST024,43364.0,Low
2024-12-14,AST026,59837.0,Normal
2024-12-14,AST027,67531.0,Normal
2024-12-15,AST002,33094.0,Low
2024-12-15,AST007,69828.5,High
2024-12-15,AST008,34678.0,Low
2024-12-15,AST009,42121.0,Low
2024-12-15,AST010,26488.5,Low
2024-12-15,AST012,52708.0,Normal
2024-12-15,AST013,61254.0,Normal
2024-12-15,AST014,56824.33,Normal
2024-12-15,AST016,37368.5,Low
2024-12-15,AST017,63945.0,Normal
2024-12-15,AST018,77207.0,High
2024-12-15,AST019,32237.0,Low
2024-12-15,AST020,47655.5,Normal
2024-12-15,AST029,37480.0,Low
2024-12-15,AST030,71761.0,High
2024-12-16,AST001,36832.0,Low
2024-12-16,AST004,69779.0,Normal
2024-12-16,AST007,69143.0,Normal
2024-12-16,AST015,25683.0,Low
2024-12-16,AST016,37790.0,Low
2024-12-16,AST017,71562.5,High
2024-12-16,AST018,77143.0,High
2024-12-16,AST019,28650.67,Low
2024-12-16,AST020,48764.0,Normal
2024-12-16,AST021,65990.0,Normal
2024-12-16,AST024,44396.5,Low
2024-12-16,AST026,54946.0,Normal
2024-12-16,AST027,79705.5,High
2024-12-16,AST029,39931.0,Low
2024-12-17,AST001,37068.5,Low
2024-12-17,AST003,40583.5,Low
2024-12-17,AST005,43208.0,Low
2024-12-17,AST007,66738.0,Normal
2024-12-17,AST010,29947.0,Low
2024-12-17,AST011,83264.5,High
2024-12-17,AST017,66663.0,Normal
2024-12-17,AST018,79046.0,High
2024-12-17,AST020,50764.0,Normal
2024-12-17,AST025,58924.0,Normal
2024-12-17,AST026,61422.0,Normal
2024-12-17,AST027,74796.0,High
2024-12-17,AST030,86459.0,High
2024-12-18,AST002,29590.0,Low
2024-12-18,AST005,41381.0,Low
2024-12-18,AST006,49564.0,Normal
2024-12-18,AST014,49396.0,Normal
2024-12-18,AST020,50502.0,Normal
2024-12-18,AST021,56432.0,Normal
2024-12-18,AST023,43160.5,Low
2024-12-18,AST024,46659.0,Normal
2024-12-18,AST026,59358.0,Normal
2024-12-18,AST027,74916.5,High
2024-12-19,AST002,28267.0,Low
2024-12-19,AST003,42098.5,Low
2024-12-19,AST004,62967.5,Normal
2024-12-19,AST005,47865.0,Normal
2024-12-19,AST006,54117.0,Normal
2024-12-19,AST008,29545.0,Low
2024-12-19,AST013,60030.0,Normal
2024-12-19,AST016,39014.0,Low
2024-12-19,AST017,65649.0,Normal
2024-12-19,AST019,29752.0,Low
2024-12-19,AST022,38218.0,Low
2024-12-19,AST025,56257.0,Normal
2024-12-19,AST027,78918.0,High
2024-12-19,AST028,77970.67,High
2024-12-19,AST030,76706.67,High
2024-12-20,AST002,27982.0,Low
2024-12-20,AST004,72703.0,High
2024-12-20,AST007,71683.75,High
2024-12-20,AST008,31843.0,Low
2024-12-20,AST009,45049.0,Low
2024-12-20,AST011,75790.0,High
2024-12-20,AST012,48144.0,Normal
2024-12-20,AST013,61494.0,Normal
2024-12-20,AST014,58709.0,Normal
2024-12-20,AST016,38461.0,Low
2024-12-20,AST017,66671.5,Normal
2024-12-20,AST018,70342.0,High
2024-12-20,AST019,29627.0,Low
2024-12-20,AST020,50859.0,Normal
2024-12-20,AST022,32273.0,Low
2024-12-20,AST023,43924.0,Low
2024-12-20,AST024,45456.6,Normal
2024-12-20,AST026,65397.0,Normal
2024-12-20,AST027,75521.67,High
2024-12-20,AST030,80253.0,High
2024-12-21,AST003,41312.0,Low
2024-12-21,AST004,69540.33,Normal
2024-12-21,AST007,76054.0,High
2024-12-21,AST010,30445.0,Low
2024-12-21,AST012,48935.0,Normal
2024-12-21,AST013,57383.0,Normal
2024-12-21,AST014,55799.0,Normal
2024-12-21,AST015,27977.0,Low
2024-12-21,AST017,65551.0,Normal
2024-12-21,AST019,30811.0,Low
2024-12-21,AST020,50349.0,Normal
2024-12-21,AST023,44939.0,Low
2024-12-21,AST025,56086.0,Normal
2024-12-21,AST026,62057.0,Normal
2024-12-21,AST030,82278.0,High
2024-12-22,AST003,41481.0,Low
2024-12-22,AST004,68756.0,Normal
2024-12-22,AST007,74311.0,High
2024-12-22,AST008,30132.25,Low
2024-12-22,AST009,44004.0,Low
2024-12-22,AST016,38432.5,Low
2024-12-22,AST018,74119.5,High
2024-12-22,AST019,27944.0,Low
2024-12-22,AST020,51670.0,Normal
2024-12-22,AST022,35346.0,Low
2024-12-22,AST024,44715.0,Low
2024-12-22,AST026,62506.5,Normal
2024-12-23,AST001,34294.5,Low
2024-12-23,AST003,37294.0,Low
2024-12-23,AST008,32857.0,Low
2024-12-23,AST009,41778.5,Low
2024-12-23,AST010,29388.0,Low
2024-12-23,AST013,60856.0,Normal
2024-12-23,AST017,71262.0,High
2024-12-23,AST019,29698.0,Low
2024-12-23,AST020,49065.0,Normal
2024-12-23,AST022,29933.0,Low
2024-12-23,AST023,41675.0,Low
2024-12-23,AST025,54833.0,Normal
2024-12-23,AST028,78658.0,High
2024-12-23,AST029,38506.0,Low
2024-12-24,AST001,34788.0,Low
2024-12-24,AST002,30546.33,Low
2024-12-24,AST005,44656.0,Low
2024-12-24,AST007,70171.0,High
2024-12-24,AST008,32647.0,Low
2024-12-24,AST009,42591.5,Low
2024-12-24,AST011,74993.0,High
2024-12-24,AST012,50403.0,Normal
2024-12-24,AST013,56950.0,Normal
2024-12-24,AST020,51301.0,Normal
2024-12-24,AST022,32752.0,Low
2024-12-24,AST023,45033.0,Normal
2024-12-24,AST024,44409.0,Low
2024-12-24,AST025,59409.0,Normal
2024-12-24,AST027,76769.0,High
2024-12-24,AST029,39698.0,Low
2024-12-24,AST030,83028.0,High
2024-12-25,AST002,28657.0,Low
2024-12-25,AST003,39528.0,Low
2024-12-25,AST009,44964.0,Low
2024-12-25,AST010,27603.0,Low
2024-12-25,AST013,62222.5,Normal
2024-12-25,AST014,58324.0,Normal
2024-12-25,AST016,38507.0,Low
2024-12-25,AST017,71336.0,High
2024-12-25,AST018,77860.0,High
2024-12-25,AST019,27951.0,Low
2024-12-25,AST021,67538.0,Normal
2024-12-25,AST022,35290.0,Low
2024-12-25,AST025,54522.0,Normal
2024-12-25,AST026,60807.0,Normal
2024-12-25,AST028,72839.0,High
2024-12-25,AST030,77467.0,High
2024-12-26,AST002,30682.0,Low
2024-12-26,AST003,39158.0,Low
2024-12-26,AST005,44152.0,Low
2024-12-26,AST006,53648.5,Normal
2024-12-26,AST008,32093.0,Low
2024-12-26,AST013,54929.0,Normal
2024-12-26,AST016,39426.0,Low
2024-12-26,AST017,70105.5,High
2024-12-26,AST023,42023.0,Low
2024-12-26,AST024,48521.0,Normal
2024-12-26,AST025,52772.0,Normal
2024-12-26,AST028,75587.0,High
2024-12-26,AST029,38133.0,Low
2024-12-27,AST003,38972.0,Low
2024-12-27,AST005,46390.0,Normal
2024-12-27,AST010,28804.0,Low
2024-12-27,AST016,41625.0,Low
2024-12-27,AST017,69804.5,High
2024-12-27,AST018,69752.0,Normal
2024-12-27,AST019,28344.5,Low
2024-12-27,AST020,51097.0,Normal
2024-12-27,AST021,63383.0,Normal
2024-12-27,AST022,29912.0,Low
2024-12-27,AST023,43998.0,Low
2024-12-27,AST024,50321.0,Normal
2024-12-27,AST029,38966.0,Low
2024-12-27,AST030,77649.5,High
2024-12-28,AST001,37294.0,Low
2024-12-28,AST003,37753.0,Low
2024-12-28,AST006,51509.0,Normal
2024-12-28,AST010,29038.0,Low
2024-12-28,AST012,50096.0,Normal
2024-12-28,AST014,55971.67,Normal
2024-12-28,AST015,28795.5,Low
2024-12-28,AST017,66694.33,Normal
2024-12-28,AST019,27639.0,Low
2024-12-28,AST020,50916.0,Normal
2024-12-28,AST021,60074.5,Normal
2024-12-28,AST025,53855.0,Normal
2024-12-28,AST026,62037.0,Normal
2024-12-28,AST028,66899.0,Normal
2024-12-29,AST001,36528.5,Low
2024-12-29,AST002,29072.0,Low
2024-12-29,AST003,38192.0,Low
2024-12-29,AST009,41622.0,Low
2024-12-29,AST013,61377.0,Normal
2024-12-29,AST015,27935.0,Low
2024-12-29,AST016,41087.0,Low
2024-12-29,AST018,68173.0,Normal
2024-12-29,AST019,28012.0,Low
2024-12-29,AST021,61193.0,Normal
2024-12-29,AST024,44537.0,Low
2024-12-29,AST025,54055.0,Normal
2024-12-29,AST027,76259.0,High
2024-12-29,AST030,77064.0,High
2024-12-30,AST001,39355.0,Low
2024-12-30,AST003,38963.0,Low
2024-12-30,AST007,69049.0,Normal
2024-12-30,AST008,30619.0,Low
2024-12-30,AST009,39346.0,Low
2024-12-30,AST010,28773.5,Low
2024-12-30,AST011,79115.0,High
2024-12-30,AST012,50380.0,Normal
2024-12-30,AST013,61777.0,Normal
2024-12-30,AST014,58167.0,Normal
2024-12-30,AST016,38146.0,Low
2024-12-30,AST017,70804.0,High
2024-12-30,AST021,66630.0,Normal
2024-12-30,AST023,43244.5,Low
2024-12-30,AST024,46961.0,Normal
2024-12-30,AST025,54526.0,Normal
2024-12-30,AST028,70375.0,High
2024-12-30,AST029,39950.67,Low
2024-12-30,AST030,78486.0,High
2024-12-31,AST002,29066.0,Low
2024-12-31,AST003,40669.0,Low
2024-12-31,AST004,63026.0,Normal
2024-12-31,AST006,53505.67,Normal
2024-12-31,AST008,28604.0,Low
2024-12-31,AST011,78040.0,High
2024-12-31,AST012,51839.0,Normal
2024-12-31,AST013,61674.0,Normal
2024-12-31,AST014,52289.0,Normal
2024-12-31,AST018,75359.0,High
2024-12-31,AST019,28290.0,Low
2024-12-31,AST020,49343.0,Normal
2024-12-31,AST022,30893.0,Low
2024-12-31,AST023,43329.0,Low
2024-12-31,AST024,49516.0,Normal
2024-12-31,AST026,64329.0,Normal
2024-12-31,AST029,43141.0,Low
2025-01-01,AST001,37003.0,Low
2025-01-01,AST002,28462.0,Low
2025-01-01,AST008,32914.0,Low
2025-01-01,AST009,45819.0,Normal
2025-01-01,AST010,29368.0,Low
2025-01-01,AST011,84120.0,High
2025-01-01,AST015,28602.0,Low
2025-01-01,AST016,42795.5,Low
2025-01-01,AST018,76337.5,High
2025-01-01,AST020,50136.0,Normal
2025-01-01,AST022,35746.0,Low
2025-01-01,AST023,45615.0,Normal
2025-01-01,AST028,74299.0,High
2025-01-01,AST029,45485.0,Normal
2025-01-02,AST001,38797.0,Low
2025-01-02,AST002,28126.0,Low
2025-01-02,AST005,46863.0,Normal
2025-01-02,AST006,51565.0,Normal
2025-01-02,AST009,50954.0,Normal
2025-01-02,AST010,29473.5,Low
2025-01-02,AST011,86760.0,High
2025-01-02,AST014,55611.5,Normal
2025-01-02,AST017,75499.0,High
2025-01-02,AST019,30521.0,Low
2025-01-02,AST021,64650.0,Normal
2025-01-02,AST022,37024.0,Low
2025-01-02,AST025,56728.0,Normal
2025-01-02,AST027,78701.0,High
2025-01-02,AST028,83902.5,High
2025-01-02,AST029,43597.0,Low
2025-01-02,AST030,79012.0,High
2025-01-03,AST001,39072.0,Low
2025-01-03,AST002,30073.0,Low
2025-01-03,AST003,37677.33,Low
2025-01-03,AST004,72764.0,High
2025-01-03,AST008,32112.0,Low
2025-01-03,AST009,45630.0,Normal
2025-01-03,AST010,28859.0,Low
2025-01-03,AST012,50379.0,Normal
2025-01-03,AST014,58556.0,Normal
2025-01-03,AST017,75240.0,High
2025-01-03,AST019,31970.0,Low
2025-01-03,AST020,54924.0,Normal
2025-01-03,AST021,63840.0,Normal
2025-01-03,AST022,37106.0,Low
2025-01-03,AST024,52780.0,Normal
2025-01-03,AST026,70231.0,High
2025-01-03,AST027,78056.0,High
2025-01-03,AST028,82352.0,High
2025-01-03,AST029,44488.0,Low
2025-01-03,AST030,79175.5,High
2025-01-04,AST003,42918.0,Low
2025-01-04,AST004,75146.0,High
2025-01-04,AST005,49528.5,Normal
2025-01-04,AST010,30426.0,Low
2025-01-04,AST013,66739.0,Normal
2025-01-04,AST014,56621.0,Normal
2025-01-04,AST017,76710.0,High
2025-01-04,AST020,52288.0,Normal
2025-01-04,AST023,45798.0,Normal
2025-01-04,AST024,46378.0,Normal
2025-01-04,AST026,66404.0,Normal
2025-01-04,AST027,82580.0,High
2025-01-04,AST028,81556.0,High
2025-01-04,AST030,84147.0,High
2025-01-05,AST003,39712.0,Low
2025-01-05,AST005,48903.5,Normal
2025-01-05,AST008,30973.0,Low
2025-01-05,AST009,48023.0,Normal
2025-01-05,AST010,28179.0,Low
2025-01-05,AST012,58367.0,Normal
2025-01-05,AST013,60881.0,Normal
2025-01-05,AST014,63375.0,Normal
2025-01-05,AST016,46042.0,Normal
2025-01-05,AST017,76760.5,High
2025-01-05,AST018,76448.0,High
2025-01-05,AST019,31923.0,Low
2025-01-05,AST020,49959.0,Normal
2025-01-05,AST021,61600.0,Normal
2025-01-05,AST022,34431.0,Low
2025-01-05,AST023,45708.5,Normal
2025-01-05,AST024,48040.5,Normal
2025-01-05,AST025,55671.0,Normal
2025-01-05,AST026,63443.0,Normal
2025-01-05,AST027,76946.0,High
2025-01-05,AST028,79961.0,High
2025-01-05,AST030,80765.0,High
2025-01-06,AST001,38982.0,Low
2025-01-06,AST003,43252.0,Low
2025-01-06,AST004,78099.67,High
2025-01-06,AST005,46672.5,Normal
2025-01-06,AST009,47806.0,Normal
2025-01-06,AST010,30674.0,Low
2025-01-06,AST012,53834.0,Normal
2025-01-06,AST013,68020.0,Normal
2025-01-06,AST015,27330.0,Low
2025-01-06,AST019,30748.5,Low
2025-01-06,AST023,46298.0,Normal
2025-01-06,AST025,56611.0,Normal
2025-01-06,AST026,68022.0,Normal
2025-01-06,AST028,87163.0,High
2025-01-07,AST001,37056.0,Low
2025-01-07,AST002,30224.0,Low
2025-01-07,AST003,45538.0,Normal
2025-01-07,AST005,48204.0,Normal
2025-01-07,AST006,54367.33,Normal
2025-01-07,AST009,48733.0,Normal
2025-01-07,AST010,32491.0,Low
2025-01-07,AST013,66739.0,Normal
2025-01-07,AST017,73578.0,High
2025-01-07,AST020,53642.0,Normal
2025-01-07,AST021,66623.0,Normal
2025-01-07,AST023,40152.0,Low
2025-01-07,AST024,49590.0,Normal
2025-01-07,AST026,70330.0,High
2025-01-07,AST030,85244.0,High
2025-01-08,AST003,45635.0,Normal
2025-01-08,AST006,54246.5,Normal
2025-01-08,AST010,28968.5,Low
2025-01-08,AST015,27841.0,Low
2025-01-08,AST017,74605.0,High
2025-01-08,AST018,77260.0,High
2025-01-08,AST024,40867.0,Low
2025-01-09,AST001,38180.0,Low
2025-01-09,AST002,31417.0,Low
2025-01-09,AST004,70874.5,High
2025-01-09,AST005,51724.0,Normal
2025-01-09,AST009,44552.0,Low
2025-01-09,AST010,28507.5,Low
2025-01-09,AST011,84442.0,High
2025-01-09,AST012,51394.0,Normal
2025-01-09,AST013,61063.0,Normal
2025-01-09,AST014,57325.5,Normal
2025-01-09,AST019,34332.0,Low
2025-01-09,AST020,56033.0,Normal
2025-01-09,AST021,63103.0,Normal
2025-01-09,AST022,34757.33,Low
2025-01-09,AST023,47476.5,Normal
2025-01-09,AST026,59696.0,Normal
2025-01-09,AST027,82023.0,High
2025-01-09,AST029,43256.0,Low
2025-01-10,AST003,42773.0,Low
2025-01-10,AST006,55687.5,Normal
2025-01-10,AST007,71904.0,High
2025-01-10,AST010,30773.0,Low
2025-01-10,AST011,86190.0,High
2025-01-10,AST014,59897.0,Normal
2025-01-10,AST022,31884.0,Low
2025-01-10,AST024,48742.5,Normal
2025-01-10,AST027,85396.0,High
2025-01-10,AST028,80701.0,High
2025-01-10,AST029,38907.0,Low
2025-01-10,AST030,80103.5,High
2025-01-11,AST001,35837.0,Low
2025-01-11,AST002,31849.0,Low
2025-01-11,AST003,43655.0,Low
2025-01-11,AST004,71828.5,High
2025-01-11,AST005,47973.5,Normal
2025-01-11,AST006,53385.0,Normal
2025-01-11,AST008,33135.0,Low
2025-01-11,AST009,48508.0,Normal
2025-01-11,AST010,29582.5,Low
2025-01-11,AST011,84128.0,High
2025-01-11,AST012,53638.0,Normal
2025-01-11,AST014,56692.0,Normal
2025-01-11,AST018,78360.0,High
2025-01-11,AST019,30781.0,Low
2025-01-11,AST021,68545.0,Normal
2025-01-11,AST023,47480.0,Normal
2025-01-11,AST024,46459.0,Normal
2025-01-11,AST025,60069.0,Normal
2025-01-11,AST027,79608.0,High
2025-01-11,AST028,76825.0,High
2025-01-11,AST029,43492.0,Low
2025-01-11,AST030,79513.0,High
2025-01-12,AST002,30286.5,Low
2025-01-12,AST003,39941.0,Low
2025-01-12,AST004,70170.0,High
2025-01-12,AST006,62132.0,Normal
2025-01-12,AST007,76079.67,High
2025-01-12,AST008,35336.0,Low
2025-01-12,AST010,29453.0,Low
2025-01-12,AST012,50186.0,Normal
2025-01-12,AST013,60170.0,Normal
2025-01-12,AST014,56313.0,Normal
2025-01-12,AST017,71480.0,High
2025-01-12,AST019,30120.0,Low
2025-01-12,AST025,58672.0,Normal
2025-01-12,AST027,81972.5,High
2025-01-12,AST028,69726.0,Normal
2025-01-12,AST029,42170.0,Low
2025-01-12,AST030,81917.0,High
2025-01-13,AST004,66638.0,Normal
2025-01-13,AST009,44522.0,Low
2025-01-13,AST010,31227.5,Low
2025-01-13,AST012,54975.0,Normal
2025-01-13,AST015,26376.0,Low
2025-01-13,AST017,73130.0,High
2025-01-13,AST019,28370.0,Low
2025-01-13,AST022,36691.5,Low
2025-01-13,AST024,51232.0,Normal
2025-01-13,AST025,58940.0,Normal
2025-01-13,AST026,64020.0,Normal
2025-01-13,AST028,81877.0,High
2025-01-13,AST029,41964.0,Low
2025-01-13,AST030,79690.0,High
2025-01-14,AST001,38525.0,Low
2025-01-14,AST003,46066.0,Normal
2025-01-14,AST005,49033.0,Normal
2025-01-14,AST007,73441.5,High
2025-01-14,AST009,44144.0,Low
2025-01-14,AST014,57965.0,Normal
2025-01-14,AST017,70307.0,High
2025-01-14,AST018,78582.5,High
2025-01-14,AST019,28560.0,Low
2025-01-14,AST024,46829.0,Normal
2025-01-14,AST026,67051.0,Normal
2025-01-14,AST029,40097.0,Low
2025-01-14,AST030,81414.5,High
2025-01-15,AST002,32748.0,Low
2025-01-15,AST003,40315.5,Low
2025-01-15,AST010,29685.0,Low
2025-01-15,AST014,54785.0,Normal
2025-01-15,AST015,29235.0,Low
2025-01-15,AST016,40987.67,Low
2025-01-15,AST018,73440.0,High
2025-01-15,AST019,33032.0,Low
2025-01-15,AST021,68504.0,Normal
2025-01-15,AST022,34375.0,Low
2025-01-15,AST023,45510.0,Normal
2025-01-15,AST024,47470.0,Normal
2025-01-15,AST026,64604.0,Normal
2025-01-15,AST028,79907.0,High
2025-01-16,AST004,71961.0,High
2025-01-16,AST005,51246.0,Normal
2025-01-16,AST007,74950.6,High
2025-01-16,AST011,85099.0,High
2025-01-16,AST013,67313.0,Normal
2025-01-16,AST015,25699.0,Low
2025-01-16,AST016,39775.0,Low
2025-01-16,AST017,78452.0,High
2025-01-16,AST018,84465.0,High
2025-01-16,AST021,68282.67,Normal
2025-01-16,AST022,37076.0,Low
2025-01-16,AST023,47363.0,Normal
2025-01-16,AST024,51007.0,Normal
2025-01-16,AST025,54191.0,Normal
2025-01-16,AST026,73033.0,High
2025-01-16,AST030,84643.5,High
2025-01-17,AST002,31679.0,Low
2025-01-17,AST004,68688.67,Normal
2025-01-17,AST005,50636.0,Normal
2025-01-17,AST007,69641.0,Normal
2025-01-17,AST009,43759.0,Low
2025-01-17,AST010,28403.67,Low
2025-01-17,AST011,94137.0,High
2025-01-17,AST014,56937.0,Normal
2025-01-17,AST015,27472.67,Low
2025-01-17,AST017,79123.0,High
2025-01-17,AST020,54985.0,Normal
2025-01-17,AST021,65260.0,Normal
2025-01-17,AST022,35082.5,Low
2025-01-17,AST024,45880.0,Normal
2025-01-17,AST025,56357.5,Normal
2025-01-17,AST027,81766.0,High
2025-01-17,AST028,85803.0,High
2025-01-18,AST001,40897.5,Low
2025-01-18,AST002,35630.0,Low
2025-01-18,AST004,73029.0,High
2025-01-18,AST006,58651.0,Normal
2025-01-18,AST008,31722.0,Low
2025-01-18,AST009,45207.67,Normal
2025-01-18,AST010,29930.5,Low
2025-01-18,AST014,54313.0,Normal
2025-01-18,AST016,41705.75,Low
2025-01-18,AST019,30559.0,Low
2025-01-18,AST024,49178.67,Normal
2025-01-18,AST026,64318.0,Normal
2025-01-18,AST029,43422.0,Low
2025-01-19,AST002,30891.0,Low
2025-01-19,AST003,41674.0,Low
2025-01-19,AST004,71168.0,High
2025-01-19,AST005,44328.0,Low
2025-01-19,AST006,54248.67,Normal
2025-01-19,AST011,81063.5,High
2025-01-19,AST014,56587.0,Normal
2025-01-19,AST017,82878.0,High
2025-01-19,AST018,78195.0,High
2025-01-19,AST022,34401.0,Low
2025-01-19,AST023,46488.0,Normal
2025-01-20,AST001,39083.5,Low
2025-01-20,AST003,42727.5,Low
2025-01-20,AST004,70216.33,High
2025-01-20,AST007,71767.0,High
2025-01-20,AST008,35043.0,Low
2025-01-20,AST009,47519.0,Normal
2025-01-20,AST011,86231.0,High
2025-01-20,AST013,62632.5,Normal
2025-01-20,AST016,42597.0,Low
2025-01-20,AST019,30832.0,Low
2025-01-20,AST022,35623.5,Low
2025-01-20,AST023,45465.0,Normal
2025-01-20,AST025,57445.5,Normal
2025-01-20,AST026,63522.5,Normal
2025-01-20,AST027,79650.0,High
2025-01-20,AST028,70592.0,High
2025-01-20,AST029,41380.0,Low
2025-01-20,AST030,81088.5,High
2025-01-21,AST001,37509.0,Low
2025-01-21,AST002,34069.0,Low
2025-01-21,AST004,67679.0,Normal
2025-01-21,AST006,55218.0,Normal
2025-01-21,AST008,33177.0,Low
2025-01-21,AST009,44779.5,Low
2025-01-21,AST011,90159.0,High
2025-01-21,AST014,58524.0,Normal
2025-01-21,AST015,30456.0,Low
2025-01-21,AST016,40952.0,Low
2025-01-21,AST019,29821.0,Low
2025-01-21,AST021,66142.0,Normal
2025-01-21,AST022,34246.67,Low
2025-01-21,AST023,44579.0,Low
2025-01-21,AST024,49118.0,Normal
2025-01-21,AST025,53726.0,Normal
2025-01-21,AST027,86972.0,High
2025-01-21,AST030,80959.0,High
2025-01-22,AST002,33893.0,Low
2025-01-22,AST003,45438.0,Normal
2025-01-22,AST005,50034.0,Normal
2025-01-22,AST007,78479.5,High
2025-01-22,AST008,33259.0,Low
2025-01-22,AST009,45873.0,Normal
2025-01-22,AST012,53886.0,Normal
2025-01-22,AST013,64223.0,Normal
2025-01-22,AST015,26497.0,Low
2025-01-22,AST016,42195.0,Low
2025-01-22,AST017,73892.0,High
2025-01-22,AST018,81845.5,High
2025-01-22,AST019,29829.0,Low
2025-01-22,AST021,63908.0,Normal
2025-01-22,AST023,44352.17,Low
2025-01-22,AST025,57849.0,Normal
2025-01-22,AST026,67007.0,Normal
2025-01-22,AST027,79052.75,High
2025-01-22,AST030,78728.0,High
2025-01-23,AST002,31330.0,Low
2025-01-23,AST006,57752.0,Normal
2025-01-23,AST013,63004.0,Normal
2025-01-23,AST015,25926.0,Low
2025-01-23,AST016,39067.0,Low
2025-01-23,AST017,84015.0,High
2025-01-23,AST018,82250.0,High
2025-01-23,AST020,52599.0,Normal
2025-01-23,AST021,67115.0,Normal
2025-01-23,AST022,34234.0,Low
2025-01-23,AST023,45175.5,Low
2025-01-23,AST026,67643.5,Normal
2025-01-23,AST027,74754.0,High
2025-01-23,AST028,76614.0,High
2025-01-23,AST029,40113.5,Low
2025-01-23,AST030,81351.0,High
2025-01-24,AST002,31944.5,Low
2025-01-24,AST003,45964.0,Normal
2025-01-24,AST006,53938.0,Normal
2025-01-24,AST007,72882.0,High
2025-01-24,AST008,30449.0,Low
2025-01-24,AST010,28313.0,Low
2025-01-24,AST012,50798.0,Normal
2025-01-24,AST014,56479.8,Normal
2025-01-24,AST016,40267.67,Low
2025-01-24,AST017,71570.0,High
2025-01-24,AST018,74287.0,High
2025-01-24,AST019,27015.0,Low
2025-01-24,AST021,67777.0,Normal
2025-01-24,AST022,37491.0,Low
2025-01-24,AST023,43042.5,Low
2025-01-24,AST025,54319.0,Normal
2025-01-24,AST026,65238.0,Normal
2025-01-24,AST029,41791.0,Low
2025-01-25,AST009,42835.0,Low
2025-01-25,AST010,29963.0,Low
2025-01-25,AST013,63757.5,Normal
2025-01-25,AST015,26065.0,Low
2025-01-25,AST016,38986.0,Low
2025-01-25,AST018,85159.0,High
2025-01-25,AST019,30496.0,Low
2025-01-25,AST020,53770.5,Normal
2025-01-25,AST022,39187.0,Low
2025-01-25,AST025,59667.5,Normal
2025-01-25,AST026,68822.0,High
2025-01-25,AST027,80184.33,High
2025-01-25,AST030,81923.0,High
2025-01-26,AST002,33849.0,Low
2025-01-26,AST005,48281.0,Normal
2025-01-26,AST007,71098.0,High
2025-01-26,AST009,42989.0,Low
2025-01-26,AST010,28497.0,Low
2025-01-26,AST011,74700.0,High
2025-01-26,AST012,46240.0,Normal
2025-01-26,AST014,64269.0,Normal
2025-01-26,AST015,26974.0,Low
2025-01-26,AST016,42385.0,Low
2025-01-26,AST017,73856.0,High
2025-01-26,AST019,31488.0,Low
2025-01-26,AST020,50391.0,Normal
2025-01-26,AST024,41292.0,Low
2025-01-26,AST025,58976.67,Normal
2025-01-26,AST028,70998.0,High
2025-01-27,AST004,73965.0,High
2025-01-27,AST007,78307.0,High
2025-01-27,AST009,43831.5,Low
2025-01-27,AST011,88869.0,High
2025-01-27,AST013,65826.0,Normal
2025-01-27,AST015,27843.0,Low
2025-01-27,AST016,39252.0,Low
2025-01-27,AST019,29174.67,Low
2025-01-27,AST020,57223.0,Normal
2025-01-27,AST021,71268.0,High
2025-01-27,AST022,37873.0,Low
2025-01-27,AST023,46305.0,Normal
2025-01-27,AST024,45670.0,Normal
2025-01-27,AST025,52444.0,Normal
2025-01-27,AST027,80414.0,High
2025-01-27,AST028,77174.0,High
2025-01-28,AST002,30817.0,Low
2025-01-28,AST003,42048.33,Low
2025-01-28,AST005,50111.0,Normal
2025-01-28,AST006,56086.0,Normal
2025-01-28,AST008,33261.0,Low
2025-01-28,AST009,47591.0,Normal
2025-01-28,AST010,32417.0,Low
2025-01-28,AST011,83441.75,High
2025-01-28,AST012,51664.0,Normal
2025-01-28,AST013,62596.0,Normal
2025-01-28,AST014,59624.0,Normal
2025-01-28,AST016,41366.0,Low
2025-01-28,AST017,65761.0,Normal
2025-01-28,AST021,70450.0,High
2025-01-28,AST023,44383.0,Low
2025-01-28,AST024,51260.0,Normal
2025-01-28,AST025,59872.5,Normal
2025-01-28,AST030,88348.0,High
2025-01-29,AST001,37214.0,Low
2025-01-29,AST002,30233.0,Low
2025-01-29,AST003,42584.5,Low
2025-01-29,AST005,47733.5,Low
2025-01-29,AST006,52252.0,Normal
2025-01-29,AST007,85450.0,High
2025-01-29,AST008,33854.0,Low
2025-01-29,AST009,46202.5,Normal
2025-01-29,AST012,53121.0,Normal
2025-01-29,AST013,59780.0,Normal
2025-01-29,AST014,59786.5,Normal
2025-01-29,AST016,44636.0,Low
2025-01-29,AST018,76979.0,High
2025-01-29,AST021,68965.0,High
2025-01-29,AST022,34094.0,Low
2025-01-29,AST023,43069.0,Low
2025-01-29,AST024,51263.0,Normal
2025-01-29,AST026,66540.67,Normal
2025-01-29,AST027,81684.0,High
2025-01-29,AST028,82063.0,High
2025-01-29,AST030,83713.0,High
2025-01-30,AST002,31775.5,Low
2025-01-30,AST003,40318.0,Low
2025-01-30,AST004,67179.0,Normal
2025-01-30,AST006,57691.0,Normal
2025-01-30,AST009,44057.0,Low
2025-01-30,AST013,63862.0,Normal
2025-01-30,AST014,62848.0,Normal
2025-01-30,AST015,29407.0,Low
2025-01-30,AST019,30552.0,Low
2025-01-30,AST021,65523.0,Normal
2025-01-30,AST022,35625.0,Low
2025-01-30,AST023,45598.0,Normal
2025-01-30,AST025,55039.0,Normal
2025-01-30,AST026,65392.5,Normal
2025-01-30,AST028,78477.0,High
2025-01-30,AST029,46001.0,Normal
2025-01-31,AST001,39998.0,Low
2025-01-31,AST003,39195.0,Low
2025-01-31,AST004,69039.0,High
2025-01-31,AST005,46101.0,Low
2025-01-31,AST006,52564.0,Normal
2025-01-31,AST007,67913.0,Normal
2025-01-31,AST008,31261.0,Low
2025-01-31,AST009,46904.0,Normal
2025-01-31,AST010,29822.0,Low
2025-01-31,AST012,50599.0,Normal
2025-01-31,AST013,63870.0,Normal
2025-01-31,AST014,55920.0,Normal
2025-01-31,AST015,27498.0,Low
2025-01-31,AST016,42273.0,Low
2025-01-31,AST020,55091.5,Normal
2025-01-31,AST023,41866.0,Low
2025-01-31,AST024,52624.0,Normal
2025-01-31,AST025,62756.0,Normal
2025-01-31,AST026,68710.67,Normal
2025-01-31,AST027,79813.0,High
2025-01-31,AST028,85691.0,High
2025-01-31,AST029,41268.0,Low
2025-01-31,AST030,79889.5,High
2025-02-01,AST001,40729.0,Low
2025-02-01,AST002,31921.0,Low
2025-02-01,AST003,39934.0,Low
2025-02-01,AST006,52125.0,Normal
2025-02-01,AST008,36556.0,Low
2025-02-01,AST009,50755.0,Normal
2025-02-01,AST010,31172.0,Low
2025-02-01,AST012,49455.0,Normal
2025-02-01,AST014,59273.5,Normal
2025-02-01,AST015,28893.5,Low
2025-02-01,AST021,76601.0,High
2025-02-01,AST023,45272.0,Normal
2025-02-01,AST024,47845.0,Normal
2025-02-01,AST028,82528.0,High
2025-02-02,AST003,43566.0,Low
2025-02-02,AST004,69171.0,Normal
2025-02-02,AST005,52885.0,Normal
2025-02-02,AST009,44801.0,Low
2025-02-02,AST010,29734.75,Low
2025-02-02,AST011,84762.0,High
2025-02-02,AST012,54504.0,Normal
2025-02-02,AST013,71302.0,High
2025-02-02,AST014,61341.0,Normal
2025-02-02,AST015,28246.0,Low
2025-02-02,AST016,43593.0,Low
2025-02-02,AST018,82652.0,High
2025-02-02,AST019,32152.0,Low
2025-02-02,AST022,36261.5,Low
2025-02-02,AST023,45975.0,Normal
2025-02-02,AST024,51281.0,Normal
2025-02-02,AST027,82128.0,High
2025-02-02,AST028,74952.0,High
2025-02-03,AST001,38426.0,Low
2025-02-03,AST002,32626.5,Low
2025-02-03,AST003,43909.0,Low
2025-02-03,AST008,33510.5,Low
2025-02-03,AST009,41370.0,Low
2025-02-03,AST013,66837.0,Normal
2025-02-03,AST014,56230.0,Normal
2025-02-03,AST015,26596.0,Low
2025-02-03,AST020,59109.0,Normal
2025-02-03,AST022,34814.0,Low
2025-02-03,AST025,56069.0,Normal
2025-02-03,AST028,84670.0,High
2025-02-03,AST030,81632.0,High
2025-02-04,AST002,30390.0,Low
2025-02-04,AST006,57136.0,Normal
2025-02-04,AST009,45062.0,Low
2025-02-04,AST011,78941.5,High
2025-02-04,AST012,51317.0,Normal
2025-02-04,AST013,62107.0,Normal
2025-02-04,AST014,64778.0,Normal
2025-02-04,AST017,70743.0,High
2025-02-04,AST018,76141.0,High
2025-02-04,AST019,29975.5,Low
2025-02-04,AST020,55241.5,Normal
2025-02-04,AST021,70381.0,Normal
2025-02-04,AST023,49198.0,Normal
2025-02-04,AST025,64668.0,Normal
2025-02-04,AST026,63829.0,Normal
2025-02-04,AST027,84263.0,High
2025-02-04,AST028,86376.67,High
2025-02-04,AST030,84658.5,High
2025-02-05,AST001,38508.0,Low
2025-02-05,AST002,32359.5,Low
2025-02-05,AST005,47588.0,Normal
2025-02-05,AST006,53671.0,Normal
2025-02-05,AST007,72418.0,High
2025-02-05,AST011,85468.67,High
2025-02-05,AST014,58751.0,Normal
2025-02-05,AST015,27675.5,Low
2025-02-05,AST016,36816.0,Low
2025-02-05,AST017,78111.0,High
2025-02-05,AST018,82125.0,High
2025-02-05,AST020,55417.0,Normal
2025-02-05,AST021,72057.5,High
2025-02-05,AST022,36762.0,Low
2025-02-05,AST025,56528.0,Normal
2025-02-05,AST026,66122.0,Normal
2025-02-05,AST028,82055.0,High
2025-02-05,AST030,95469.0,High
2025-02-06,AST002,32889.0,Low
2025-02-06,AST003,42953.0,Low
2025-02-06,AST008,37124.0,Low
2025-02-06,AST009,44000.0,Low
2025-02-06,AST010,32342.0,Low
2025-02-06,AST011,82684.0,High
2025-02-06,AST012,51061.0,Normal
2025-02-06,AST014,58023.0,Normal
2025-02-06,AST016,41061.0,Low
2025-02-06,AST017,80744.0,High
2025-02-06,AST019,27027.0,Low
2025-02-06,AST021,70474.0,High
2025-02-06,AST024,44922.0,Low
2025-02-06,AST026,67036.0,Normal
2025-02-06,AST030,79096.0,High
2025-02-07,AST001,43868.0,Low
2025-02-07,AST003,42087.0,Low
2025-02-07,AST005,50427.33,Normal
2025-02-07,AST006,62372.5,Normal
2025-02-07,AST008,34312.0,Low
2025-02-07,AST009,42835.0,Low
2025-02-07,AST010,30454.0,Low
2025-02-07,AST011,82989.0,High
2025-02-07,AST012,52357.0,Normal
2025-02-07,AST013,65547.0,Normal
2025-02-07,AST017,73254.0,High
2025-02-07,AST018,85873.0,High
2025-02-07,AST020,53789.0,Normal
2025-02-07,AST023,45288.0,Normal
2025-02-07,AST025,60491.0,Normal
2025-02-07,AST028,79723.0,High
2025-02-07,AST029,44679.0,Low
2025-02-07,AST030,89367.0,High
2025-02-08,AST001,39233.0,Low
2025-02-08,AST002,32946.0,Low
2025-02-08,AST003,47670.0,Normal
2025-02-08,AST005,49290.5,Normal
2025-02-08,AST006,55127.0,Normal
2025-02-08,AST007,78127.0,High
2025-02-08,AST010,31881.0,Low
2025-02-08,AST016,43189.0,Low
2025-02-08,AST020,61304.0,Normal
2025-02-08,AST023,44422.0,Low
2025-02-08,AST026,68602.0,Normal
2025-02-08,AST028,76145.0,High
2025-02-08,AST029,45116.0,Normal
2025-02-09,AST002,32597.0,Low
2025-02-09,AST003,42175.0,Low
2025-02-09,AST004,77082.0,High
2025-02-09,AST007,74000.0,High
2025-02-09,AST010,29607.0,Low
2025-02-09,AST011,84857.5,High
2025-02-09,AST012,56681.0,Normal
2025-02-09,AST013,63359.5,Normal
2025-02-09,AST015,30146.0,Low
2025-02-09,AST017,69917.0,Normal
2025-02-09,AST018,74759.0,High
2025-02-09,AST019,30680.33,Low
2025-02-09,AST020,56743.0,Normal
2025-02-09,AST022,36343.0,Low
2025-02-09,AST023,47782.5,Normal
2025-02-09,AST024,52344.0,Normal
2025-02-09,AST025,57294.0,Normal
2025-02-09,AST027,82532.0,High
2025-02-09,AST030,82839.0,High
2025-02-10,AST001,42414.0,Low
2025-02-10,AST003,40723.67,Low
2025-02-10,AST006,53544.33,Normal
2025-02-10,AST007,75042.0,High
2025-02-10,AST008,34762.0,Low
2025-02-10,AST009,47421.0,Normal
2025-02-10,AST010,30321.0,Low
2025-02-10,AST011,77782.67,High
2025-02-10,AST012,51089.33,Normal
2025-02-10,AST013,62646.0,Normal
2025-02-10,AST015,28568.0,Low
2025-02-10,AST016,41316.5,Low
2025-02-10,AST018,83792.0,High
2025-02-10,AST019,31876.0,Low
2025-02-10,AST020,54324.0,Normal
2025-02-10,AST021,69592.0,Normal
2025-02-10,AST022,38288.5,Low
2025-02-10,AST024,45129.0,Normal
2025-02-10,AST025,59135.0,Normal
2025-02-10,AST028,81528.0,High
2025-02-10,AST029,43371.0,Low
2025-02-11,AST001,37988.5,Low
2025-02-11,AST002,32140.5,Low
2025-02-11,AST003,42115.67,Low
2025-02-11,AST004,77647.0,High
2025-02-11,AST007,77354.5,High
2025-02-11,AST008,35283.0,Low
2025-02-11,AST009,45672.5,Normal
2025-02-11,AST012,59528.0,Normal
2025-02-11,AST015,29439.5,Low
2025-02-11,AST016,41852.0,Low
2025-02-11,AST022,34211.0,Low
2025-02-11,AST023,47078.0,Normal
2025-02-11,AST024,49501.33,Normal
2025-02-11,AST025,58614.33,Normal
2025-02-11,AST028,83762.0,High
2025-02-11,AST029,46330.0,Normal
2025-02-12,AST004,74759.0,High
2025-02-12,AST005,49262.0,Normal
2025-02-12,AST006,57886.0,Normal
2025-02-12,AST007,66365.0,Normal
2025-02-12,AST010,25553.0,Low
2025-02-12,AST012,53828.0,Normal
2025-02-12,AST013,65699.5,Normal
2025-02-12,AST015,27590.5,Low
2025-02-12,AST020,56208.0,Normal
2025-02-12,AST021,66486.0,Normal
2025-02-12,AST022,37184.0,Low
2025-02-12,AST023,45256.0,Normal
2025-02-12,AST024,52288.0,Normal
2025-02-12,AST028,82929.0,High
2025-02-12,AST030,81046.0,High
2025-02-13,AST002,32146.0,Low
2025-02-13,AST003,46847.0,Normal
2025-02-13,AST004,74841.0,High
2025-02-13,AST005,45287.0,Normal
2025-02-13,AST008,33368.0,Low
2025-02-13,AST010,33830.0,Low
2025-02-13,AST014,56491.0,Normal
2025-02-13,AST015,28174.0,Low
2025-02-13,AST018,81901.0,High
2025-02-13,AST019,28190.0,Low
2025-02-13,AST022,37953.5,Low
2025-02-13,AST025,62215.0,Normal
2025-02-13,AST026,64996.0,Normal
2025-02-13,AST027,79343.0,High
2025-02-13,AST028,84249.0,High
2025-02-14,AST003,40150.0,Low
2025-02-14,AST004,74864.0,High
2025-02-14,AST010,29127.0,Low
2025-02-14,AST011,84173.0,High
2025-02-14,AST014,59902.0,Normal
2025-02-14,AST015,28558.0,Low
2025-02-14,AST016,40242.0,Low
2025-02-14,AST017,77339.33,High
2025-02-14,AST018,84345.5,High
2025-02-14,AST019,30539.5,Low
2025-02-14,AST020,57499.5,Normal
2025-02-14,AST021,70294.5,High
2025-02-14,AST023,45508.0,Normal
2025-02-14,AST024,45432.0,Normal
2025-02-14,AST027,85280.5,High
2025-02-14,AST028,80363.5,High
2025-02-14,AST029,41380.0,Low
2025-02-14,AST030,84182.0,High
2025-02-15,AST003,40292.0,Low
2025-02-15,AST004,68536.0,Normal
2025-02-15,AST005,48264.33,Normal
2025-02-15,AST007,78344.0,High
2025-02-15,AST008,33735.0,Low
2025-02-15,AST009,48465.0,Normal
2025-02-15,AST011,85904.0,High
2025-02-15,AST013,61092.0,Normal
2025-02-15,AST014,61407.0,Normal
2025-02-15,AST015,24271.0,Low
2025-02-15,AST018,74674.0,High
2025-02-15,AST019,28443.0,Low
2025-02-15,AST020,54774.67,Normal
2025-02-15,AST021,82015.0,High
2025-02-15,AST023,45208.75,Low
2025-02-15,AST024,46481.0,Normal
2025-02-15,AST025,57658.0,Normal
2025-02-15,AST027,82554.0,High
2025-02-15,AST028,78389.5,High
2025-02-16,AST002,30866.0,Low
2025-02-16,AST005,47898.0,Normal
2025-02-16,AST006,56081.5,Normal
2025-02-16,AST008,32603.0,Low
2025-02-16,AST012,53661.0,Normal
2025-02-16,AST014,63108.0,Normal
2025-02-16,AST015,29309.0,Low
2025-02-16,AST016,42517.0,Low
2025-02-16,AST018,83707.0,High
2025-02-16,AST022,35402.0,Low
2025-02-16,AST023,47245.0,Normal
2025-02-16,AST024,50026.0,Normal
2025-02-16,AST026,70343.0,High
2025-02-16,AST027,75811.0,High
2025-02-16,AST030,94062.0,High
2025-02-17,AST002,31089.0,Low
2025-02-17,AST004,75899.5,High
2025-02-17,AST005,49329.0,Normal
2025-02-17,AST006,56049.0,Normal
2025-02-17,AST007,75680.5,High
2025-02-17,AST008,36273.0,Low
2025-02-17,AST009,46972.0,Normal
2025-02-17,AST011,76244.0,High
2025-02-17,AST012,51605.0,Normal
2025-02-17,AST013,64790.75,Normal
2025-02-17,AST014,61810.0,Normal
2025-02-17,AST015,26929.0,Low
2025-02-17,AST016,39087.0,Low
2025-02-17,AST019,32091.0,Low
2025-02-17,AST021,67225.0,Normal
2025-02-17,AST022,36150.0,Low
2025-02-17,AST023,45235.0,Normal
2025-02-17,AST028,80614.0,High
2025-02-17,AST029,44451.0,Low
2025-02-17,AST030,81528.0,High
2025-02-18,AST001,42777.0,Low
2025-02-18,AST002,32870.0,Low
2025-02-18,AST003,41787.0,Low
2025-02-18,AST004,73284.33,High
2025-02-18,AST005,53117.0,Normal
2025-02-18,AST006,53567.0,Normal
2025-02-18,AST008,36620.0,Low
2025-02-18,AST009,47691.0,Normal
2025-02-18,AST011,82718.0,High
2025-02-18,AST012,54948.0,Normal
2025-02-18,AST015,26077.0,Low
2025-02-18,AST016,40804.33,Low
2025-02-18,AST017,72862.0,High
2025-02-18,AST018,76350.0,High
2025-02-18,AST019,32067.33,Low
2025-02-18,AST023,47593.0,Normal
2025-02-18,AST024,48165.0,Normal
2025-02-18,AST025,56625.0,Normal
2025-02-18,AST026,64151.0,Normal
2025-02-18,AST027,80869.0,High
2025-02-18,AST030,84119.0,High
2025-02-19,AST001,36907.0,Low
2025-02-19,AST004,69759.0,Normal
2025-02-19,AST005,50147.0,Normal
2025-02-19,AST007,75803.0,High
2025-02-19,AST012,55699.0,Normal
2025-02-19,AST013,60426.0,Normal
2025-02-19,AST015,30075.0,Low
2025-02-19,AST017,73496.0,High
2025-02-19,AST018,79458.0,High
2025-02-19,AST021,68660.0,Normal
2025-02-19,AST022,35769.0,Low
2025-02-19,AST023,40399.0,Low
2025-02-19,AST025,67646.0,Normal
2025-02-19,AST028,79064.0,High
2025-02-19,AST030,80763.0,High
2025-02-20,AST004,74187.0,High
2025-02-20,AST005,48154.0,Normal
2025-02-20,AST007,76139.0,High
2025-02-20,AST008,34281.0,Low
2025-02-20,AST009,49352.0,Normal
2025-02-20,AST011,76989.0,High
2025-02-20,AST015,26943.0,Low
2025-02-20,AST016,43241.0,Low
2025-02-20,AST019,28901.0,Low
2025-02-20,AST021,66946.0,Normal
2025-02-20,AST022,35695.0,Low
2025-02-20,AST024,50000.0,Normal
2025-02-20,AST028,82196.0,High
2025-02-20,AST029,44236.0,Low
2025-02-20,AST030,78940.0,High
2025-02-21,AST001,39130.0,Low
2025-02-21,AST002,31692.0,Low
2025-02-21,AST003,43916.0,Low
2025-02-21,AST007,76551.75,High
2025-02-21,AST010,28455.0,Low
2025-02-21,AST015,30746.0,Low
2025-02-21,AST016,40914.5,Low
2025-02-21,AST017,79083.5,High
2025-02-21,AST021,64355.0,Normal
2025-02-21,AST022,36133.0,Low
2025-02-21,AST026,62437.33,Normal
2025-02-21,AST027,84128.0,High
2025-02-21,AST029,43325.0,Low
2025-02-21,AST030,78541.0,High
2025-02-22,AST001,39584.0,Low
2025-02-22,AST003,43696.5,Low
2025-02-22,AST004,74791.0,High
2025-02-22,AST006,55659.0,Normal
2025-02-22,AST008,33262.0,Low
2025-02-22,AST009,46782.0,Normal
2025-02-22,AST010,29708.0,Low
2025-02-22,AST013,62725.0,Normal
2025-02-22,AST014,58150.0,Normal
2025-02-22,AST015,30343.0,Low
2025-02-22,AST017,78770.0,High
2025-02-22,AST019,31043.0,Low
2025-02-22,AST021,71840.5,High
2025-02-22,AST027,82202.5,High
2025-02-22,AST028,84814.0,High
2025-02-23,AST001,35753.0,Low
2025-02-23,AST002,34390.5,Low
2025-02-23,AST003,42103.33,Low
2025-02-23,AST005,51458.0,Normal
2025-02-23,AST007,76387.0,High
2025-02-23,AST009,44328.0,Low
2025-02-23,AST010,32679.0,Low
2025-02-23,AST011,84083.0,High
2025-02-23,AST012,52846.0,Normal
2025-02-23,AST014,66562.0,Normal
2025-02-23,AST015,28763.67,Low
2025-02-23,AST017,76516.0,High
2025-02-23,AST023,44447.0,Low
2025-02-23,AST025,59142.0,Normal
2025-02-23,AST026,70341.33,High
2025-02-23,AST029,43781.0,Low
2025-02-24,AST001,36720.0,Low
2025-02-24,AST002,32816.0,Low
2025-02-24,AST004,80126.0,High
2025-02-24,AST005,50803.0,Normal
2025-02-24,AST006,61936.0,Normal
2025-02-24,AST008,33525.5,Low
2025-02-24,AST009,48380.0,Normal
2025-02-24,AST010,33005.0,Low
2025-02-24,AST011,82647.0,High
2025-02-24,AST013,62311.0,Normal
2025-02-24,AST018,77005.5,High
2025-02-24,AST019,28392.0,Low
2025-02-24,AST020,54721.0,Normal
2025-02-24,AST024,48970.0,Normal
2025-02-24,AST026,68985.0,Normal
2025-02-24,AST028,84223.5,High
2025-02-24,AST029,42756.0,Low
2025-02-25,AST001,40420.0,Low
2025-02-25,AST002,33717.33,Low
2025-02-25,AST003,39002.0,Low
2025-02-25,AST004,76182.0,High
2025-02-25,AST006,54062.0,Normal
2025-02-25,AST011,79336.0,High
2025-02-25,AST015,29540.0,Low
2025-02-25,AST017,78863.0,High
2025-02-25,AST020,53597.0,Normal
2025-02-25,AST021,68809.0,Normal
2025-02-25,AST023,44815.0,Low
2025-02-25,AST024,47964.0,Normal
2025-02-25,AST027,79105.5,High
2025-02-25,AST028,83634.0,High
2025-02-25,AST029,42497.0,Low
2025-02-25,AST030,80688.5,High
2025-02-26,AST004,78120.0,High
2025-02-26,AST005,48071.0,Normal
2025-02-26,AST007,76554.0,High
2025-02-26,AST008,32286.5,Low
2025-02-26,AST010,31324.0,Low
2025-02-26,AST011,79713.5,High
2025-02-26,AST013,58337.0,Normal
2025-02-26,AST014,59598.0,Normal
2025-02-26,AST015,28337.0,Low
2025-02-26,AST016,38640.0,Low
2025-02-26,AST017,77510.0,High
2025-02-26,AST018,76421.0,High
2025-02-26,AST019,31274.0,Low
2025-02-26,AST021,72639.67,High
2025-02-26,AST023,45297.0,Normal
2025-02-26,AST024,53689.0,Normal
2025-02-26,AST025,58260.0,Normal
2025-02-26,AST026,66082.0,Normal
2025-02-26,AST027,83039.0,High
2025-02-26,AST029,43105.0,Low
2025-02-26,AST030,80686.0,High
2025-02-27,AST001,38835.0,Low
2025-02-27,AST004,73831.0,High
2025-02-27,AST005,49359.0,Normal
2025-02-27,AST006,54445.0,Normal
2025-02-27,AST007,71518.0,High
2025-02-27,AST008,31640.5,Low
2025-02-27,AST009,45133.0,Normal
2025-02-27,AST010,30162.0,Low
2025-02-27,AST011,84650.0,High
2025-02-27,AST012,49652.5,Normal
2025-02-27,AST013,63880.0,Normal
2025-02-27,AST014,55967.0,Normal
2025-02-27,AST015,28553.0,Low
2025-02-27,AST016,41512.0,Low
2025-02-27,AST019,32126.0,Low
2025-02-27,AST020,55504.0,Normal
2025-02-27,AST021,72611.0,High
2025-02-27,AST022,39038.0,Low
2025-02-27,AST024,48606.0,Normal
2025-02-27,AST026,62166.0,Normal
2025-02-27,AST027,84149.0,High
2025-02-27,AST030,86058.0,High
2025-02-28,AST001,36366.0,Low
2025-02-28,AST002,31470.5,Low
2025-02-28,AST003,39964.0,Low
2025-02-28,AST004,66286.0,Normal
2025-02-28,AST005,44880.5,Low
2025-02-28,AST008,34357.0,Low
2025-02-28,AST010,29245.0,Low
2025-02-28,AST012,56004.0,Normal
2025-02-28,AST013,65352.0,Normal
2025-02-28,AST021,70819.0,High
2025-02-28,AST022,35887.5,Low
2025-02-28,AST027,76742.0,High
2025-02-28,AST030,77364.0,High
2025-03-01,AST001,37063.0,Low
2025-03-01,AST003,44141.0,Low
2025-03-01,AST004,78746.0,High
2025-03-01,AST005,52852.0,Normal
2025-03-01,AST006,55309.0,Normal
2025-03-01,AST007,69713.0,Normal
2025-03-01,AST008,34744.0,Low
2025-03-01,AST012,54076.0,Normal
2025-03-01,AST013,65750.0,Normal
2025-03-01,AST014,57996.0,Normal
2025-03-01,AST015,29658.5,Low
2025-03-01,AST016,42800.0,Low
2025-03-01,AST019,31757.0,Low
2025-03-01,AST020,49679.0,Normal
2025-03-01,AST024,47860.0,Normal
2025-03-01,AST025,58036.67,Normal
2025-03-01,AST027,80436.0,High
2025-03-01,AST029,44325.0,Low
2025-03-01,AST030,85488.0,High
2025-03-02,AST001,38438.5,Low
2025-03-02,AST002,32731.0,Low
2025-03-02,AST003,44526.0,Low
2025-03-02,AST006,51516.0,Normal
2025-03-02,AST007,78669.0,High
2025-03-02,AST009,45550.0,Low
2025-03-02,AST011,89787.0,High
2025-03-02,AST012,49979.0,Normal
2025-03-02,AST013,62668.0,Normal
2025-03-02,AST014,60679.0,Normal
2025-03-02,AST016,36302.0,Low
2025-03-02,AST020,56432.0,Normal
2025-03-02,AST022,37027.5,Low
2025-03-02,AST023,41889.0,Low
2025-03-02,AST024,49453.0,Normal
2025-03-02,AST026,65199.0,Normal
2025-03-02,AST029,45123.0,Normal
2025-03-03,AST003,44785.0,Low
2025-03-03,AST004,70646.0,High
2025-03-03,AST005,53198.0,Normal
2025-03-03,AST006,61099.5,Normal
2025-03-03,AST007,86213.0,High
2025-03-03,AST009,48001.0,Normal
2025-03-03,AST011,85707.0,High
2025-03-03,AST012,55757.0,Normal
2025-03-03,AST013,60703.0,Normal
2025-03-03,AST016,41705.0,Low
2025-03-03,AST018,78554.5,High
2025-03-03,AST019,30824.0,Low
2025-03-03,AST023,47992.0,Normal
2025-03-03,AST025,64315.0,Normal
2025-03-03,AST026,70056.0,High
2025-03-03,AST030,89891.5,High
2025-03-04,AST003,41250.0,Low
2025-03-04,AST004,83951.0,High
2025-03-04,AST011,70104.0,High
2025-03-04,AST014,58085.0,Normal
2025-03-04,AST015,28003.0,Low
2025-03-04,AST016,40254.0,Low
2025-03-04,AST017,82476.0,High
2025-03-04,AST018,83390.0,High
2025-03-04,AST019,33615.0,Low
2025-03-04,AST021,61588.0,Normal
2025-03-04,AST023,43607.0,Low
2025-03-04,AST024,49105.0,Normal
2025-03-04,AST025,58134.0,Normal
2025-03-04,AST027,80846.0,High
2025-03-04,AST030,89919.0,High
2025-03-05,AST002,30516.0,Low
2025-03-05,AST004,73726.0,High
2025-03-05,AST007,78789.0,High
2025-03-05,AST008,36223.0,Low
2025-03-05,AST011,82689.0,High
2025-03-05,AST012,54226.33,Normal
2025-03-05,AST013,64336.0,Normal
2025-03-05,AST014,57290.0,Normal
2025-03-05,AST015,26947.0,Low
2025-03-05,AST017,71283.0,High
2025-03-05,AST019,33376.0,Low
2025-03-05,AST021,75453.0,High
2025-03-05,AST023,44804.5,Low
2025-03-05,AST024,50405.0,Normal
2025-03-05,AST026,62159.0,Normal
2025-03-05,AST028,79946.0,High
2025-03-06,AST001,40837.5,Low
2025-03-06,AST002,34414.0,Low
2025-03-06,AST003,44809.67,Low
2025-03-06,AST004,75527.0,High
2025-03-06,AST005,49056.0,Normal
2025-03-06,AST006,56745.0,Normal
2025-03-06,AST007,75536.0,High
2025-03-06,AST009,44012.5,Low
2025-03-06,AST012,55691.5,Normal
2025-03-06,AST014,65457.0,Normal
2025-03-06,AST018,76825.0,High
2025-03-06,AST022,35493.67,Low
2025-03-06,AST023,43157.0,Low
2025-03-06,AST024,51026.5,Normal
2025-03-06,AST028,73289.0,High
2025-03-06,AST029,48103.0,Normal
2025-03-07,AST005,52764.5,Normal
2025-03-07,AST007,70486.0,High
2025-03-07,AST008,31581.0,Low
2025-03-07,AST009,50180.0,Normal
2025-03-07,AST011,81724.0,High
2025-03-07,AST012,58813.0,Normal
2025-03-07,AST013,64369.0,Normal
2025-03-07,AST016,42170.5,Low
2025-03-07,AST018,84154.5,High
2025-03-07,AST019,30126.0,Low
2025-03-07,AST020,53946.0,Normal
2025-03-07,AST021,73473.0,High
2025-03-08,AST002,33051.0,Low
2025-03-08,AST004,72992.0,High
2025-03-08,AST005,48620.0,Normal
2025-03-08,AST006,58478.0,Normal
2025-03-08,AST008,31662.0,Low
2025-03-08,AST009,45315.0,Normal
2025-03-08,AST012,59191.0,Normal
2025-03-08,AST014,63954.33,Normal
2025-03-08,AST015,29220.0,Low
2025-03-08,AST016,39089.0,Low
2025-03-08,AST018,79882.0,High
2025-03-08,AST022,36014.67,Low
2025-03-08,AST024,47546.0,Normal
2025-03-08,AST025,61187.0,Normal
2025-03-09,AST004,72422.0,High
2025-03-09,AST005,51087.0,Normal
2025-03-09,AST006,54195.0,Normal
2025-03-09,AST009,47446.0,Low
2025-03-09,AST011,78342.0,High
2025-03-09,AST012,55345.0,Normal
2025-03-09,AST014,58571.0,Normal
2025-03-09,AST015,28304.0,Low
2025-03-09,AST017,77272.5,High
2025-03-09,AST019,30756.5,Low
2025-03-09,AST022,36668.0,Low
2025-03-09,AST025,54723.0,Normal
2025-03-09,AST026,67120.0,Normal
2025-03-09,AST027,77449.0,High
2025-03-09,AST028,86830.0,High
2025-03-09,AST029,40769.0,Low
2025-03-09,AST030,82431.0,High
2025-03-10,AST001,42748.0,Low
2025-03-10,AST002,34165.0,Low
2025-03-10,AST003,47131.0,Normal
2025-03-10,AST006,54638.0,Normal
2025-03-10,AST007,80952.5,High
2025-03-10,AST009,48642.0,Normal
2025-03-10,AST010,30447.0,Low
2025-03-10,AST011,84015.0,High
2025-03-10,AST012,61980.0,Normal
2025-03-10,AST013,61422.0,Normal
2025-03-10,AST014,59102.0,Normal
2025-03-10,AST015,26745.0,Low
2025-03-10,AST016,41540.0,Low
2025-03-10,AST017,71507.0,High
2025-03-10,AST018,80700.0,High
2025-03-10,AST019,29822.0,Low
2025-03-10,AST020,55051.67,Normal
2025-03-10,AST021,75338.0,High
2025-03-10,AST025,58298.0,Normal
2025-03-10,AST027,82393.0,High
2025-03-10,AST030,80692.0,High
2025-03-11,AST001,39671.0,Low
2025-03-11,AST002,29800.0,Low
2025-03-11,AST003,42979.0,Low
2025-03-11,AST004,75845.0,High
2025-03-11,AST006,58517.0,Normal
2025-03-11,AST008,36633.0,Low
2025-03-11,AST009,49262.0,Normal
2025-03-11,AST011,89424.5,High
2025-03-11,AST012,51592.5,Normal
2025-03-11,AST025,58407.5,Normal
2025-03-11,AST026,69966.0,Normal
2025-03-11,AST027,82368.0,High
2025-03-11,AST028,77480.0,High
2025-03-11,AST029,45276.5,Low
2025-03-12,AST001,42598.0,Low
2025-03-12,AST002,32138.0,Low
2025-03-12,AST004,68842.0,Normal
2025-03-12,AST007,76117.5,High
2025-03-12,AST008,37019.0,Low
2025-03-12,AST011,87765.0,High
2025-03-12,AST012,50704.5,Normal
2025-03-12,AST018,69467.0,Normal
2025-03-12,AST019,28766.0,Low
2025-03-12,AST021,71795.0,High
2025-03-12,AST022,39505.0,Low
2025-03-12,AST023,45578.0,Normal
2025-03-12,AST024,57341.0,Normal
2025-03-12,AST026,67929.0,Normal
2025-03-12,AST028,86238.0,High
2025-03-12,AST030,84669.0,High
2025-03-13,AST002,33453.0,Low
2025-03-13,AST003,44813.5,Low
2025-03-13,AST004,81949.5,High
2025-03-13,AST006,56314.0,Normal
2025-03-13,AST007,81935.5,High
2025-03-13,AST009,51913.0,Normal
2025-03-13,AST010,29786.5,Low
2025-03-13,AST011,81659.0,High
2025-03-13,AST012,56935.0,Normal
2025-03-13,AST013,63935.33,Normal
2025-03-13,AST016,38644.0,Low
2025-03-13,AST017,79021.0,High
2025-03-13,AST020,49751.0,Normal
2025-03-13,AST021,69087.0,Normal
2025-03-13,AST025,66866.0,Normal
2025-03-13,AST026,68531.67,Normal
2025-03-13,AST027,69549.0,Normal
2025-03-13,AST030,82689.5,High
2025-03-14,AST003,41031.0,Low
2025-03-14,AST004,75044.0,High
2025-03-14,AST006,55581.5,Normal
2025-03-14,AST007,80128.0,High
2025-03-14,AST011,87101.0,High
2025-03-14,AST015,28440.0,Low
2025-03-14,AST017,84637.0,High
2025-03-14,AST019,33444.0,Low
2025-03-14,AST020,60631.0,Normal
2025-03-14,AST022,35910.0,Low
2025-03-14,AST024,48492.0,Normal
2025-03-14,AST025,61656.5,Normal
2025-03-14,AST026,70799.0,High
2025-03-14,AST028,83280.0,High
2025-03-14,AST029,43646.0,Low
2025-03-15,AST001,41550.0,Low
2025-03-15,AST004,75825.67,High
2025-03-15,AST007,81725.0,High
2025-03-15,AST009,43749.5,Low
2025-03-15,AST010,31880.0,Low
2025-03-15,AST011,80848.0,High
2025-03-15,AST012,55946.0,Normal
2025-03-15,AST013,66115.5,Normal
2025-03-15,AST017,76196.5,High
2025-03-15,AST019,32316.0,Low
2025-03-15,AST021,67258.67,Normal
2025-03-15,AST024,51080.0,Normal
2025-03-15,AST027,84074.0,High
2025-03-15,AST028,83495.0,High
2025-03-16,AST001,37283.0,Low
2025-03-16,AST002,33605.5,Low
2025-03-16,AST005,49173.0,Normal
2025-03-16,AST006,56093.0,Normal
2025-03-16,AST007,77357.0,High
2025-03-16,AST010,31174.67,Low
2025-03-16,AST011,83684.5,High
2025-03-16,AST012,53952.0,Normal
2025-03-16,AST016,38172.0,Low
2025-03-16,AST018,78976.0,High
2025-03-16,AST021,70574.0,High
2025-03-16,AST024,51340.0,Normal
2025-03-16,AST025,59004.33,Normal
2025-03-16,AST027,86062.0,High
2025-03-16,AST029,46318.0,Normal
2025-03-16,AST030,82467.0,High
2025-03-17,AST002,34043.0,Low
2025-03-17,AST003,41673.0,Low
2025-03-17,AST005,47046.0,Normal
2025-03-17,AST006,55491.0,Normal
2025-03-17,AST007,77683.0,High
2025-03-17,AST009,48592.0,Normal
2025-03-17,AST010,29847.0,Low
2025-03-17,AST012,59304.0,Normal
2025-03-17,AST014,63277.0,Normal
2025-03-17,AST015,29802.0,Low
2025-03-17,AST017,79145.5,High
2025-03-17,AST021,69791.0,Normal
2025-03-17,AST023,48024.67,Normal
2025-03-17,AST025,57822.0,Normal
2025-03-17,AST028,89926.0,High
2025-03-18,AST001,39307.5,Low
2025-03-18,AST005,48397.0,Normal
2025-03-18,AST006,54863.0,Normal
2025-03-18,AST007,81499.0,High
2025-03-18,AST008,33579.0,Low
2025-03-18,AST009,47227.5,Normal
2025-03-18,AST011,83323.0,High
2025-03-18,AST012,53752.0,Normal
2025-03-18,AST015,29541.0,Low
2025-03-18,AST018,79185.5,High
2025-03-18,AST019,30315.0,Low
2025-03-18,AST021,69386.0,Normal
2025-03-18,AST025,61169.0,Normal
2025-03-18,AST026,69396.0,Normal
2025-03-18,AST027,81344.5,High
2025-03-18,AST029,45176.0,Normal
2025-03-18,AST030,82100.67,High
2025-03-19,AST001,40633.0,Low
2025-03-19,AST002,33987.0,Low
2025-03-19,AST005,47415.0,Normal
2025-03-19,AST008,35725.0,Low
2025-03-19,AST009,47770.0,Normal
2025-03-19,AST011,89184.0,High
2025-03-19,AST012,58982.0,Normal
2025-03-19,AST013,62097.0,Normal
2025-03-19,AST015,27689.0,Low
2025-03-19,AST016,41951.5,Low
2025-03-19,AST017,81819.0,High
2025-03-19,AST019,32308.0,Low
2025-03-19,AST021,70067.0,High
2025-03-19,AST027,78899.0,High
2025-03-19,AST028,73224.0,High
2025-03-20,AST001,40949.33,Low
2025-03-20,AST004,73730.0,High
2025-03-20,AST005,53360.5,Normal
2025-03-20,AST006,52531.0,Normal
2025-03-20,AST007,79440.0,High
2025-03-20,AST008,37010.0,Low
2025-03-20,AST010,30790.5,Low
2025-03-20,AST011,78194.0,High
2025-03-20,AST012,50373.0,Normal
2025-03-20,AST015,30196.0,Low
2025-03-20,AST016,42670.0,Low
2025-03-20,AST017,72288.0,High
2025-03-20,AST019,30840.0,Low
2025-03-20,AST020,53030.0,Normal
2025-03-20,AST021,72003.0,High
2025-03-20,AST023,47039.0,Normal
2025-03-20,AST025,58541.0,Normal
2025-03-20,AST028,84096.0,High
2025-03-20,AST030,85948.0,High
2025-03-21,AST002,32435.0,Low
2025-03-21,AST003,42354.0,Low
2025-03-21,AST006,53480.0,Normal
2025-03-21,AST009,46805.0,Normal
2025-03-21,AST012,53783.0,Normal
2025-03-21,AST014,63127.0,Normal
2025-03-21,AST015,27888.0,Low
2025-03-21,AST019,32196.0,Low
2025-03-21,AST020,54744.0,Normal
2025-03-21,AST023,45696.33,Low
2025-03-21,AST024,52729.0,Normal
2025-03-21,AST028,80875.5,High
2025-03-21,AST029,40767.0,Low
2025-03-21,AST030,80906.0,High
2025-03-22,AST002,34526.0,Low
2025-03-22,AST006,60313.0,Normal
2025-03-22,AST007,83844.0,High
2025-03-22,AST008,36966.0,Low
2025-03-22,AST009,45626.0,Normal
2025-03-22,AST012,51764.0,Normal
2025-03-22,AST013,61485.5,Normal
2025-03-22,AST016,44754.0,Low
2025-03-22,AST017,72453.0,High
2025-03-22,AST018,86362.0,High
2025-03-22,AST019,31404.0,Low
2025-03-22,AST020,53706.0,Normal
2025-03-22,AST022,35478.0,Low
2025-03-22,AST023,48877.0,Normal
2025-03-22,AST025,57670.0,Normal
2025-03-22,AST026,71085.0,High
2025-03-22,AST027,85977.5,High
2025-03-22,AST028,87267.0,High
2025-03-22,AST029,44299.33,Low
2025-03-22,AST030,88497.0,High
2025-03-23,AST003,41997.0,Low
2025-03-23,AST004,79746.0,High
2025-03-23,AST007,76512.0,High
2025-03-23,AST010,34037.0,Low
2025-03-23,AST011,83918.5,High
2025-03-23,AST015,26812.0,Low
2025-03-23,AST017,68606.0,Normal
2025-03-23,AST018,80995.0,High
2025-03-23,AST021,72232.0,High
2025-03-23,AST022,36846.0,Low
2025-03-23,AST023,44437.33,Low
2025-03-23,AST028,72347.0,High
2025-03-24,AST001,37566.0,Low
2025-03-24,AST002,32220.0,Low
2025-03-24,AST010,30273.0,Low
2025-03-24,AST011,87094.0,High
2025-03-24,AST015,29611.0,Low
2025-03-24,AST016,39079.0,Low
2025-03-24,AST017,76333.0,High
2025-03-24,AST018,81033.0,High
2025-03-24,AST019,30575.33,Low
2025-03-24,AST020,54072.5,Normal
2025-03-24,AST022,36961.5,Low
2025-03-24,AST023,46836.67,Normal
2025-03-24,AST028,82801.0,High
2025-03-25,AST002,27957.0,Low
2025-03-25,AST004,75917.5,High
2025-03-25,AST005,49046.0,Normal
2025-03-25,AST006,58237.5,Normal
2025-03-25,AST010,30811.0,Low
2025-03-25,AST011,82415.5,High
2025-03-25,AST013,63393.5,Normal
2025-03-25,AST018,81451.5,High
2025-03-25,AST020,51265.0,Normal
2025-03-25,AST021,77726.0,High
2025-03-25,AST023,46430.0,Normal
2025-03-25,AST024,53571.0,Normal
2025-03-25,AST025,64547.0,Normal
2025-03-25,AST030,85489.0,High
2025-03-26,AST001,38871.5,Low
2025-03-26,AST002,35320.0,Low
2025-03-26,AST003,42292.0,Low
2025-03-26,AST004,71185.0,High
2025-03-26,AST006,55763.0,Normal
2025-03-26,AST010,28746.0,Low
2025-03-26,AST011,81690.0,High
2025-03-26,AST012,54037.67,Normal
2025-03-26,AST015,31143.0,Low
2025-03-26,AST017,80938.0,High
2025-03-26,AST018,86697.0,High
2025-03-26,AST019,30545.0,Low
2025-03-26,AST020,51980.0,Normal
2025-03-26,AST021,68986.0,Normal
2025-03-26,AST022,37085.0,Low
2025-03-26,AST024,52824.0,Normal
2025-03-26,AST025,58307.5,Normal
2025-03-26,AST027,88446.0,High
2025-03-26,AST028,79842.0,High
2025-03-26,AST029,41884.33,Low
2025-03-27,AST005,45771.0,Normal
2025-03-27,AST012,51780.0,Normal
2025-03-27,AST014,57006.0,Normal
2025-03-27,AST017,74409.33,High
2025-03-27,AST019,31045.0,Low
2025-03-27,AST020,55444.0,Normal
2025-03-27,AST023,44150.0,Low
2025-03-27,AST024,51656.0,Normal
2025-03-27,AST027,81915.0,High
2025-03-27,AST028,79977.0,High
2025-03-28,AST001,43447.0,Low
2025-03-28,AST004,76270.0,High
2025-03-28,AST006,58189.0,Normal
2025-03-28,AST009,46924.0,Normal
2025-03-28,AST010,31690.0,Low
2025-03-28,AST011,89928.0,High
2025-03-28,AST012,56964.0,Normal
2025-03-28,AST014,54482.0,Normal
2025-03-28,AST017,70220.0,High
2025-03-28,AST024,53280.0,Normal
2025-03-28,AST027,80367.5,High
2025-03-28,AST028,76685.0,High
2025-03-28,AST029,44147.33,Normal
2025-03-29,AST002,30219.0,Low
2025-03-29,AST004,79031.0,High
2025-03-29,AST005,51176.0,Normal
2025-03-29,AST009,46436.0,Normal
2025-03-29,AST010,32409.5,Low
2025-03-29,AST011,83824.67,High
2025-03-29,AST012,51752.0,Normal
2025-03-29,AST015,28970.0,Low
2025-03-29,AST016,45148.0,Normal
2025-03-29,AST021,73632.0,High
2025-03-29,AST022,37779.0,Low
2025-03-29,AST024,47702.5,Normal
2025-03-29,AST025,60697.0,Normal
2025-03-29,AST028,78413.0,High
2025-03-29,AST030,85775.5,High
2025-03-30,AST003,40843.0,Low
2025-03-30,AST004,72081.0,High
2025-03-30,AST007,81899.0,High
2025-03-30,AST011,79560.0,High
2025-03-30,AST012,58406.0,Normal
2025-03-30,AST013,70414.0,High
2025-03-30,AST016,43435.0,Low
2025-03-30,AST017,78213.5,High
2025-03-30,AST018,81930.0,High
2025-03-30,AST019,29540.0,Low
2025-03-30,AST021,68902.5,High
2025-03-30,AST023,43199.0,Low
2025-03-30,AST024,51296.0,Normal
2025-03-30,AST026,66614.0,Normal
2025-03-30,AST027,81345.0,High
2025-03-30,AST028,69386.0,Normal
2025-03-30,AST029,39054.0,Low
2025-03-31,AST001,42424.5,Low
2025-03-31,AST002,32900.0,Low
2025-03-31,AST004,79784.0,High
2025-03-31,AST005,51174.0,Normal
2025-03-31,AST006,57981.0,Normal
2025-03-31,AST007,73547.0,High
2025-03-31,AST008,36551.0,Low
2025-03-31,AST009,48946.5,Normal
2025-03-31,AST012,58472.0,Normal
2025-03-31,AST013,64084.0,Normal
2025-03-31,AST014,66057.0,Normal
2025-03-31,AST015,30194.0,Low
2025-03-31,AST016,40630.0,Low
2025-03-31,AST020,50877.0,Normal
2025-03-31,AST021,65644.0,Normal
2025-03-31,AST023,46113.0,Normal
2025-03-31,AST025,58513.5,Normal
2025-03-31,AST027,77810.0,High
2025-03-31,AST028,81410.33,High
2025-04-01,AST002,32824.0,Low
2025-04-01,AST006,60826.0,Normal
2025-04-01,AST007,77879.0,High
2025-04-01,AST008,34392.5,Low
2025-04-01,AST009,46303.0,Normal
2025-04-01,AST014,61716.0,Normal
2025-04-01,AST015,29107.33,Low
2025-04-01,AST016,43075.0,Low
2025-04-01,AST019,32728.0,Low
2025-04-01,AST020,53006.0,Normal
2025-04-01,AST023,45151.0,Normal
2025-04-01,AST024,52652.0,Normal
2025-04-01,AST029,45111.0,Normal
2025-04-02,AST001,37971.5,Low
2025-04-02,AST004,80291.0,High
2025-04-02,AST005,53346.0,Normal
2025-04-02,AST006,57729.0,Normal
2025-04-02,AST007,78313.0,High
2025-04-02,AST008,32714.0,Low
2025-04-02,AST010,28955.0,Low
2025-04-02,AST011,86907.5,High
2025-04-02,AST012,54938.5,Normal
2025-04-02,AST015,30208.0,Low
2025-04-02,AST017,80291.33,High
2025-04-02,AST018,84167.0,High
2025-04-02,AST020,54843.0,Normal
2025-04-02,AST023,44859.0,Low
2025-04-02,AST025,59510.5,Normal
2025-04-02,AST028,81006.5,High
2025-04-02,AST029,46965.0,Normal
2025-04-02,AST030,85056.0,High
2025-04-03,AST001,38931.0,Low
2025-04-03,AST005,53587.0,Normal
2025-04-03,AST012,53579.0,Normal
2025-04-03,AST013,66097.0,Normal
2025-04-03,AST014,67107.0,Normal
2025-04-03,AST015,30070.0,Low
2025-04-03,AST016,41395.0,Low
2025-04-03,AST017,72495.0,High
2025-04-03,AST018,78707.0,High
2025-04-03,AST019,33409.0,Low
2025-04-03,AST020,56670.0,Normal
2025-04-03,AST022,40168.0,Low
2025-04-03,AST024,51394.0,Normal
2025-04-03,AST025,56250.0,Normal
2025-04-03,AST027,87681.0,High
2025-04-03,AST028,80170.0,High
2025-04-03,AST029,45244.0,Low
2025-04-04,AST004,75844.5,High
2025-04-04,AST007,84709.0,High
2025-04-04,AST009,49573.0,Normal
2025-04-04,AST010,31576.0,Low
2025-04-04,AST012,55602.0,Normal
2025-04-04,AST015,29053.0,Low
2025-04-04,AST016,44187.0,Low
2025-04-04,AST017,79001.0,High
2025-04-04,AST018,74391.5,High
2025-04-04,AST020,56932.0,Normal
2025-04-04,AST023,44194.0,Low
2025-04-05,AST001,40927.0,Low
2025-04-05,AST002,34004.0,Low
2025-04-05,AST004,73714.0,High
2025-04-05,AST006,59721.0,Normal
2025-04-05,AST007,77399.0,High
2025-04-05,AST008,35035.0,Low
2025-04-05,AST010,28147.0,Low
2025-04-05,AST012,53895.0,Normal
2025-04-05,AST015,30484.0,Low
2025-04-05,AST016,43009.0,Low
2025-04-05,AST017,72588.5,High
2025-04-05,AST019,31290.5,Low
2025-04-05,AST020,56032.5,Normal
2025-04-05,AST021,68378.0,Normal
2025-04-05,AST023,46386.0,Normal
2025-04-05,AST025,60882.5,Normal
2025-04-05,AST027,92283.0,High
2025-04-05,AST028,86176.0,High
2025-04-05,AST029,40208.0,Low
2025-04-06,AST001,37550.0,Low
2025-04-06,AST003,41470.0,Low
2025-04-06,AST005,50245.0,Normal
2025-04-06,AST007,80228.0,High
2025-04-06,AST008,32263.0,Low
2025-04-06,AST009,48017.0,Normal
2025-04-06,AST011,80604.0,High
2025-04-06,AST013,64593.0,Normal
2025-04-06,AST015,28229.0,Low
2025-04-06,AST016,39603.0,Low
2025-04-06,AST019,29730.0,Low
2025-04-06,AST020,56325.5,Normal
2025-04-06,AST022,31977.0,Low
2025-04-06,AST023,44664.0,Low
2025-04-06,AST025,58058.0,Normal
2025-04-06,AST026,61875.0,Normal
2025-04-06,AST027,78597.5,High
2025-04-06,AST030,89474.0,High
2025-04-07,AST002,32219.0,Low
2025-04-07,AST003,45055.5,Low
2025-04-07,AST004,73747.5,High
2025-04-07,AST005,54565.0,Normal
2025-04-07,AST006,58347.5,Normal
2025-04-07,AST007,77263.0,High
2025-04-07,AST010,30732.0,Low
2025-04-07,AST011,75358.0,High
2025-04-07,AST012,58520.5,Normal
2025-04-07,AST014,60578.0,Normal
2025-04-07,AST015,29939.0,Low
2025-04-07,AST017,77992.5,High
2025-04-07,AST019,32655.0,Low
2025-04-07,AST021,71594.0,High
2025-04-07,AST022,36094.33,Low
2025-04-07,AST027,77966.0,High
2025-04-07,AST029,44401.0,Low
2025-04-07,AST030,84816.0,High
2025-04-08,AST001,41195.0,Low
2025-04-08,AST002,32027.0,Low
2025-04-08,AST005,42891.0,Low
2025-04-08,AST006,55384.0,Normal
2025-04-08,AST007,80498.0,High
2025-04-08,AST008,33604.5,Low
2025-04-08,AST010,31309.0,Low
2025-04-08,AST011,86595.0,High
2025-04-08,AST012,53534.5,Normal
2025-04-08,AST013,62115.5,Normal
2025-04-08,AST016,43072.0,Low
2025-04-08,AST017,80860.0,High
2025-04-08,AST018,77668.5,High
2025-04-08,AST020,53636.0,Normal
2025-04-08,AST026,68950.0,Normal
2025-04-08,AST027,85255.0,High
2025-04-08,AST028,85418.0,High
2025-04-08,AST029,43061.0,Low
2025-04-08,AST030,90516.0,High
2025-04-09,AST001,41234.0,Low
2025-04-09,AST005,50121.0,Normal
2025-04-09,AST009,49535.5,Normal
2025-04-09,AST010,32586.0,Low
2025-04-09,AST011,84205.0,High
2025-04-09,AST012,60106.0,Normal
2025-04-09,AST016,43738.0,Low
2025-04-09,AST019,31627.0,Low
2025-04-09,AST021,63616.0,Normal
2025-04-09,AST028,82085.0,High
2025-04-09,AST029,43240.0,Low
2025-04-10,AST001,41492.67,Low
2025-04-10,AST002,30764.0,Low
2025-04-10,AST005,49817.5,Normal
2025-04-10,AST007,76115.0,High
2025-04-10,AST008,34593.0,Low
2025-04-10,AST009,46603.0,Normal
2025-04-10,AST013,70042.0,High
2025-04-10,AST016,45033.0,Normal
2025-04-10,AST017,77101.0,High
2025-04-10,AST022,37978.0,Low
2025-04-10,AST023,44824.0,Low
2025-04-10,AST028,84112.0,High
2025-04-10,AST029,42830.0,Low
2025-04-10,AST030,82163.0,High
2025-04-11,AST003,41745.0,Low
2025-04-11,AST004,71073.5,High
2025-04-11,AST005,45783.0,Normal
2025-04-11,AST008,37272.0,Low
2025-04-11,AST009,47643.5,Normal
2025-04-11,AST010,29399.0,Low
2025-04-11,AST012,50805.5,Low
2025-04-11,AST013,63981.5,Normal
2025-04-11,AST014,56075.0,Normal
2025-04-11,AST015,26996.0,Low
2025-04-11,AST016,38377.0,Low
2025-04-11,AST017,80514.0,High
2025-04-11,AST018,76683.5,High
2025-04-11,AST019,32041.0,Low
2025-04-11,AST020,57253.0,Normal
2025-04-11,AST021,67735.0,Normal
2025-04-11,AST022,39332.0,Low
2025-04-11,AST023,46847.0,Normal
2025-04-11,AST030,87666.0,High
2025-04-12,AST006,63716.0,Normal
2025-04-12,AST011,82846.0,High
2025-04-12,AST014,54785.0,Normal
2025-04-12,AST016,39966.0,Low
2025-04-12,AST018,79821.5,High
2025-04-12,AST019,30837.0,Low
2025-04-12,AST021,73156.0,High
2025-04-12,AST022,40074.0,Low
2025-04-12,AST023,46330.0,Normal
2025-04-12,AST024,51570.33,Normal
2025-04-12,AST030,80566.0,High
2025-04-13,AST002,30535.0,Low
2025-04-13,AST004,73678.0,High
2025-04-13,AST005,49675.0,Normal
2025-04-13,AST006,52643.0,Normal
2025-04-13,AST007,74413.0,High
2025-04-13,AST009,49414.0,Normal
2025-04-13,AST012,59056.0,Normal
2025-04-13,AST013,63494.0,Normal
2025-04-13,AST015,28785.0,Low
2025-04-13,AST022,37008.0,Low
2025-04-13,AST023,47291.0,Normal
2025-04-13,AST024,51185.0,Normal
2025-04-13,AST025,61632.0,Normal
2025-04-13,AST026,66184.0,Normal
2025-04-13,AST030,89396.0,High
2025-04-14,AST006,60006.0,Normal
2025-04-14,AST007,74844.5,High
2025-04-14,AST008,34593.0,Low
2025-04-14,AST010,29328.0,Low
2025-04-14,AST012,58176.0,Normal
2025-04-14,AST013,63599.0,Normal
2025-04-14,AST016,43016.0,Low
2025-04-14,AST017,77995.0,High
2025-04-14,AST018,82383.0,High
2025-04-14,AST021,70308.5,High
2025-04-14,AST023,46693.0,Normal
2025-04-14,AST028,82297.0,High
2025-04-14,AST029,45362.0,Low
2025-04-14,AST030,73246.0,High
2025-04-15,AST005,46208.5,Normal
2025-04-15,AST006,57334.5,Normal
2025-04-15,AST010,31050.33,Low
2025-04-15,AST011,88877.67,High
2025-04-15,AST013,70490.5,High
2025-04-15,AST016,40533.0,Low
2025-04-15,AST018,79944.0,High
2025-04-15,AST020,57948.5,Normal
2025-04-15,AST021,75555.0,High
2025-04-15,AST024,50424.0,Normal
2025-04-15,AST025,59066.5,Normal
2025-04-15,AST028,79054.0,High
2025-04-16,AST003,44871.5,Low
2025-04-16,AST004,79829.5,High
2025-04-16,AST005,51257.0,Normal
2025-04-16,AST007,75997.0,High
2025-04-16,AST011,78848.0,High
2025-04-16,AST012,53087.0,Normal
2025-04-16,AST013,63727.0,Normal
2025-04-16,AST014,58918.0,Normal
2025-04-16,AST015,27295.0,Low
2025-04-16,AST016,39487.0,Low
2025-04-16,AST017,78113.0,High
2025-04-16,AST022,35872.0,Low
2025-04-16,AST023,45612.0,Low
2025-04-16,AST024,53265.33,Normal
2025-04-16,AST025,59574.0,Normal
2025-04-16,AST028,82093.0,High
2025-04-16,AST030,85483.33,High
2025-04-17,AST001,43495.0,Low
2025-04-17,AST003,43619.0,Low
2025-04-17,AST006,54972.0,Normal
2025-04-17,AST009,50437.0,Normal
2025-04-17,AST010,30308.5,Low
2025-04-17,AST013,67728.0,Normal
2025-04-17,AST015,28181.0,Low
2025-04-17,AST017,68855.0,Normal
2025-04-17,AST019,31119.0,Low
2025-04-17,AST020,52115.0,Normal
2025-04-17,AST030,87725.0,High
2025-04-18,AST004,78430.0,High
2025-04-18,AST005,50830.0,Normal
2025-04-18,AST007,76694.5,High
2025-04-18,AST008,31810.0,Low
2025-04-18,AST009,45086.0,Low
2025-04-18,AST011,83729.0,High
2025-04-18,AST012,58978.0,Normal
2025-04-18,AST016,39172.0,Low
2025-04-18,AST022,35534.0,Low
2025-04-18,AST023,46025.33,Normal
2025-04-18,AST024,50167.0,Normal
2025-04-18,AST029,43082.0,Low
2025-04-19,AST002,31549.0,Low
2025-04-19,AST004,72506.0,High
2025-04-19,AST007,72527.5,High
2025-04-19,AST016,41951.5,Low
2025-04-19,AST017,76701.0,High
2025-04-19,AST018,79935.5,High
2025-04-19,AST019,30413.0,Low
2025-04-19,AST020,57517.0,Normal
2025-04-19,AST022,36665.0,Low
2025-04-19,AST023,45398.0,Normal
2025-04-19,AST024,53300.0,Normal
2025-04-19,AST025,60774.0,Normal
2025-04-19,AST026,56370.0,Normal
2025-04-19,AST028,76554.0,High
2025-04-19,AST029,42469.0,Low
2025-04-20,AST002,31507.0,Low
2025-04-20,AST003,44360.0,Low
2025-04-20,AST004,73864.0,High
2025-04-20,AST005,52850.0,Normal
2025-04-20,AST007,76348.0,High
2025-04-20,AST008,31487.0,Low
2025-04-20,AST009,43318.0,Low
2025-04-20,AST011,82474.5,High
2025-04-20,AST012,55881.0,Normal
2025-04-20,AST017,72655.0,High
2025-04-20,AST024,47150.0,Normal
2025-04-20,AST028,85999.0,High
2025-04-20,AST029,45378.5,Low
2025-04-20,AST030,79861.0,High
2025-04-21,AST002,31603.67,Low
2025-04-21,AST003,42509.5,Low
2025-04-21,AST004,79611.0,High
2025-04-21,AST006,54395.0,Normal
2025-04-21,AST007,76198.0,High
2025-04-21,AST013,64886.0,Normal
2025-04-21,AST015,26063.0,Low
2025-04-21,AST016,44236.0,Low
2025-04-21,AST023,44556.0,Low
2025-04-21,AST024,45853.0,Normal
2025-04-21,AST025,61714.0,Normal
2025-04-21,AST027,87294.33,High
2025-04-21,AST028,76010.0,High
2025-04-22,AST004,75527.0,High
2025-04-22,AST005,50033.0,Normal
2025-04-22,AST008,34469.5,Low
2025-04-22,AST010,31309.0,Low
2025-04-22,AST012,52674.0,Normal
2025-04-22,AST013,65160.0,High
2025-04-22,AST014,60826.5,Normal
2025-04-22,AST017,71597.0,High
2025-04-22,AST019,28497.0,Low
2025-04-22,AST021,72565.0,High
2025-04-22,AST022,35740.0,Low
2025-04-22,AST023,48269.0,Normal
2025-04-22,AST025,58012.0,Normal
2025-04-22,AST029,43992.0,Low
2025-04-22,AST030,87388.0,High
2025-04-23,AST002,30898.5,Low
2025-04-23,AST003,44693.0,Low
2025-04-23,AST004,79070.0,High
2025-04-23,AST006,59883.5,Normal
2025-04-23,AST007,78094.0,High
2025-04-23,AST009,46952.0,Normal
2025-04-23,AST012,51698.0,Normal
2025-04-23,AST017,78012.0,High
2025-04-23,AST018,82550.0,High
2025-04-23,AST019,29980.0,Low
2025-04-23,AST021,72655.0,High
2025-04-23,AST024,49600.0,Normal
2025-04-23,AST025,58149.0,Normal
2025-04-23,AST026,65275.0,Normal
2025-04-23,AST027,81676.0,High
2025-04-23,AST030,85364.0,High
2025-04-24,AST001,43121.0,Low
2025-04-24,AST002,32872.5,Low
2025-04-24,AST003,46460.0,Normal
2025-04-24,AST004,78740.0,High
2025-04-24,AST005,46476.0,Normal
2025-04-24,AST006,53000.0,Normal
2025-04-24,AST007,78421.0,High
2025-04-24,AST009,51028.0,Normal
2025-04-24,AST010,32233.0,Low
2025-04-24,AST012,57136.0,Normal
2025-04-24,AST014,60733.5,Normal
2025-04-24,AST015,29826.0,Low
2025-04-24,AST016,45860.0,Normal
2025-04-24,AST017,72638.5,High
2025-04-24,AST023,48786.0,Normal
2025-04-24,AST024,48796.0,Normal
2025-04-24,AST025,57047.0,Normal
2025-04-24,AST027,86162.0,High
2025-04-24,AST028,85547.5,High
2025-04-25,AST002,33216.0,Low
2025-04-25,AST005,49289.0,Normal
2025-04-25,AST006,55508.0,Normal
2025-04-25,AST008,39046.0,Low
2025-04-25,AST014,57721.0,Normal
2025-04-25,AST017,70811.0,High
2025-04-25,AST020,52855.5,Normal
2025-04-25,AST023,44317.0,Low
2025-04-25,AST025,57800.0,Normal
2025-04-25,AST026,72857.0,High
2025-04-25,AST027,84692.5,High
2025-04-25,AST029,37915.0,Low
2025-04-26,AST001,40589.0,Low
2025-04-26,AST002,33618.5,Low
2025-04-26,AST004,71427.0,High
2025-04-26,AST005,52134.0,Normal
2025-04-26,AST007,77184.0,High
2025-04-26,AST008,31851.0,Low
2025-04-26,AST010,30091.5,Low
2025-04-26,AST013,62143.0,Normal
2025-04-26,AST014,65218.0,Normal
2025-04-26,AST016,43077.0,Low
2025-04-26,AST017,75760.5,High
2025-04-26,AST020,56132.0,Normal
2025-04-26,AST025,61618.0,Normal
2025-04-26,AST026,65186.0,Normal
2025-04-26,AST028,79569.0,High
2025-04-26,AST030,80580.0,High
2025-04-27,AST002,33738.0,Low
2025-04-27,AST003,44669.0,Low
2025-04-27,AST004,71248.5,High
2025-04-27,AST005,48268.0,Normal
2025-04-27,AST006,56449.0,Normal
2025-04-27,AST007,70970.0,High
2025-04-27,AST008,37232.0,Low
2025-04-27,AST009,46778.0,Normal
2025-04-27,AST013,64175.5,Normal
2025-04-27,AST014,65542.0,Normal
2025-04-27,AST016,42177.33,Low
2025-04-27,AST020,55919.0,Normal
2025-04-27,AST022,34153.0,Low
2025-04-27,AST023,48535.5,Normal
2025-04-27,AST024,52675.5,Normal
2025-04-27,AST025,52005.0,Normal
2025-04-27,AST026,68003.5,High
2025-04-27,AST029,42350.0,Low
2025-04-27,AST030,85856.0,High
2025-04-28,AST002,34245.0,Low
2025-04-28,AST003,45827.0,Normal
2025-04-28,AST004,76505.0,High
2025-04-28,AST006,55551.0,Normal
2025-04-28,AST007,78148.0,High
2025-04-28,AST008,38763.0,Low
2025-04-28,AST011,82137.0,High
2025-04-28,AST012,58840.0,Normal
2025-04-28,AST014,57360.0,Normal
2025-04-28,AST015,28401.0,Low
2025-04-28,AST017,75015.0,High
2025-04-28,AST021,70904.5,High
2025-04-28,AST022,36307.0,Low
2025-04-28,AST023,44084.0,Low
2025-04-28,AST026,68869.0,Normal
2025-04-28,AST027,83084.0,High
2025-04-28,AST028,82142.0,High
2025-04-28,AST029,42291.0,Low
2025-04-29,AST001,37746.0,Low
2025-04-29,AST003,44439.5,Low
2025-04-29,AST006,57624.0,Normal
2025-04-29,AST007,76727.0,High
2025-04-29,AST008,32334.0,Low
2025-04-29,AST009,46154.67,Low
2025-04-29,AST011,88500.33,High
2025-04-29,AST014,61119.0,Normal
2025-04-29,AST015,29349.0,Low
2025-04-29,AST018,81759.0,High
2025-04-29,AST019,30910.0,Low
2025-04-29,AST020,56247.0,Normal
2025-04-29,AST021,70324.0,High
2025-04-29,AST023,47054.33,Normal
2025-04-29,AST025,57639.0,Normal
2025-04-29,AST026,67013.0,Normal
2025-04-29,AST027,76331.0,High
2025-04-29,AST028,77416.5,High
2025-04-29,AST029,42631.0,Low
2025-04-30,AST001,40283.0,Low
2025-04-30,AST003,43208.0,Low
2025-04-30,AST006,60983.0,Normal
2025-04-30,AST007,77737.0,High
2025-04-30,AST010,30933.0,Low
2025-04-30,AST011,89461.0,High
2025-04-30,AST013,62069.0,Normal
2025-04-30,AST014,65621.0,Normal
2025-04-30,AST015,29888.0,Low
2025-04-30,AST016,45784.0,Normal
2025-04-30,AST018,82046.0,High
2025-04-30,AST022,37969.0,Low
2025-04-30,AST023,48593.0,Normal
2025-04-30,AST024,50757.0,Normal
2025-04-30,AST026,71431.0,High
2025-04-30,AST029,43242.0,Low
2025-05-01,AST001,36394.0,Low
2025-05-01,AST002,32330.0,Low
2025-05-01,AST003,38276.0,Low
2025-05-01,AST005,53679.0,Normal
2025-05-01,AST006,59178.33,Normal
2025-05-01,AST009,44290.0,Low
2025-05-01,AST010,30735.0,Low
2025-05-01,AST011,84151.0,High
2025-05-01,AST012,57867.0,Normal
2025-05-01,AST022,37165.0,Low
2025-05-01,AST025,56549.0,Normal
2025-05-02,AST004,70213.0,High
2025-05-02,AST010,30558.5,Low
2025-05-02,AST011,86635.0,High
2025-05-02,AST012,57845.0,Normal
2025-05-02,AST014,58530.0,Normal
2025-05-02,AST015,29810.0,Low
2025-05-02,AST018,78472.0,High
2025-05-02,AST024,51193.0,Normal
2025-05-02,AST025,63049.0,Normal
2025-05-02,AST028,77791.0,High
2025-05-02,AST029,46284.0,Normal
2025-05-02,AST030,89253.0,High
2025-05-03,AST001,36724.0,Low
2025-05-03,AST003,45335.0,Low
2025-05-03,AST004,75939.0,High
2025-05-03,AST011,86154.0,High
2025-05-03,AST012,54148.0,Normal
2025-05-03,AST018,86425.5,High
2025-05-03,AST019,32717.0,Low
2025-05-03,AST020,55159.33,Normal
2025-05-03,AST023,43813.5,Low
2025-05-03,AST024,50338.0,Normal
2025-05-03,AST025,63462.0,Normal
2025-05-03,AST026,61999.0,Normal
2025-05-04,AST001,37684.0,Low
2025-05-04,AST003,41691.0,Low
2025-05-04,AST004,74203.67,High
2025-05-04,AST005,48314.0,Normal
2025-05-04,AST007,79314.0,High
2025-05-04,AST008,33431.0,Low
2025-05-04,AST009,48176.0,Normal
2025-05-04,AST011,87400.0,High
2025-05-04,AST012,56996.0,Normal
2025-05-04,AST013,68495.0,Normal
2025-05-04,AST014,62735.0,Normal
2025-05-04,AST015,29577.0,Low
2025-05-04,AST016,44838.0,Low
2025-05-04,AST018,80246.5,High
2025-05-04,AST019,30799.0,Low
2025-05-04,AST020,54160.33,Normal
2025-05-04,AST021,73826.5,High
2025-05-04,AST022,38615.67,Low
2025-05-04,AST023,46310.0,Normal
2025-05-04,AST025,58287.5,Normal
2025-05-04,AST028,84399.0,High
2025-05-04,AST029,40894.0,Low
2025-05-05,AST001,39345.0,Low
2025-05-05,AST002,31839.0,Low
2025-05-05,AST004,76804.33,High
2025-05-05,AST006,56023.0,Normal
2025-05-05,AST008,35096.0,Low
2025-05-05,AST011,82099.33,High
2025-05-05,AST015,29896.0,Low
2025-05-05,AST016,45980.0,Normal
2025-05-05,AST017,80332.0,High
2025-05-05,AST018,88618.0,High
2025-05-05,AST020,56558.0,Normal
2025-05-05,AST024,45028.0,Normal
2025-05-05,AST025,64124.0,Normal
2025-05-05,AST026,68332.0,Normal
2025-05-05,AST027,84883.0,High
2025-05-05,AST029,43487.0,Low
2025-05-06,AST001,42505.0,Low
2025-05-06,AST004,76799.0,High
2025-05-06,AST006,53017.0,Normal
2025-05-06,AST007,78861.0,High
2025-05-06,AST011,82437.0,High
2025-05-06,AST012,51840.0,Normal
2025-05-06,AST014,58179.0,Normal
2025-05-06,AST017,76347.0,High
2025-05-06,AST018,83208.0,High
2025-05-06,AST019,30698.0,Low
2025-05-06,AST020,54722.0,Normal
2025-05-06,AST021,71631.0,High
2025-05-06,AST024,48944.0,Normal
2025-05-06,AST026,70153.5,High
2025-05-06,AST027,88968.0,High
2025-05-06,AST028,85905.0,High
2025-05-06,AST029,40985.0,Low
2025-05-07,AST002,31281.0,Low
2025-05-07,AST004,74171.0,High
2025-05-07,AST006,55307.0,Normal
2025-05-07,AST008,34661.0,Low
2025-05-07,AST010,32615.0,Low
2025-05-07,AST012,51257.0,Normal
2025-05-07,AST013,69164.0,Normal
2025-05-07,AST015,30241.0,Low
2025-05-07,AST018,86171.0,High
2025-05-07,AST019,30044.67,Low
2025-05-07,AST020,53403.5,Normal
2025-05-07,AST021,68004.0,Normal
2025-05-07,AST024,48930.0,Normal
2025-05-07,AST026,71336.0,High
2025-05-07,AST027,74494.0,High
2025-05-07,AST028,80633.0,High
2025-05-08,AST001,36601.0,Low
2025-05-08,AST003,43551.5,Low
2025-05-08,AST004,75674.0,High
2025-05-08,AST008,35728.0,Low
2025-05-08,AST010,31687.5,Low
2025-05-08,AST013,61404.0,Normal
2025-05-08,AST014,61694.0,Normal
2025-05-08,AST015,28159.0,Low
2025-05-08,AST016,44535.0,Low
2025-05-08,AST020,51984.0,Normal
2025-05-08,AST021,68366.0,Normal
2025-05-08,AST024,48947.0,Normal
2025-05-08,AST025,57353.0,Normal
2025-05-08,AST026,68178.0,Normal
2025-05-08,AST029,42073.0,Low
2025-05-08,AST030,87058.67,High
2025-05-09,AST001,40868.5,Low
2025-05-09,AST002,33400.5,Low
2025-05-09,AST003,42629.67,Low
2025-05-09,AST005,51407.0,Normal
2025-05-09,AST006,50450.0,Normal
2025-05-09,AST007,75273.0,High
2025-05-09,AST008,33241.0,Low
2025-05-09,AST010,28092.0,Low
2025-05-09,AST011,77807.0,High
2025-05-09,AST012,55877.0,Normal
2025-05-09,AST014,63592.0,Normal
2025-05-09,AST016,41340.0,Low
2025-05-09,AST017,71633.0,High
2025-05-09,AST018,83637.25,High
2025-05-09,AST019,30812.0,Low
2025-05-09,AST022,37147.5,Low
2025-05-09,AST023,49836.5,Normal
2025-05-09,AST027,84476.0,High
2025-05-10,AST001,41181.5,Low
2025-05-10,AST003,45067.0,Normal
2025-05-10,AST005,46337.5,Low
2025-05-10,AST006,56819.0,Normal
2025-05-10,AST007,76958.0,High
2025-05-10,AST009,43664.0,Low
2025-05-10,AST010,30176.0,Low
2025-05-10,AST014,64093.0,Normal
2025-05-10,AST017,72748.0,High
2025-05-10,AST019,29035.0,Low
2025-05-10,AST020,57773.5,Normal
2025-05-10,AST024,50664.0,Normal
2025-05-10,AST025,58556.0,Normal
2025-05-10,AST026,70285.0,High
2025-05-11,AST004,79243.0,High
2025-05-11,AST007,79876.0,High
2025-05-11,AST008,36590.0,Low
2025-05-11,AST009,47783.0,Normal
2025-05-11,AST011,82860.0,High
2025-05-11,AST012,56245.0,Normal
2025-05-11,AST013,55477.0,Normal
2025-05-11,AST015,29481.0,Low
2025-05-11,AST016,41745.33,Low
2025-05-11,AST017,78182.0,High
2025-05-11,AST018,76896.75,High
2025-05-11,AST019,28364.5,Low
2025-05-11,AST020,57332.0,Normal
2025-05-11,AST024,50152.0,Normal
2025-05-11,AST027,81337.0,High
2025-05-11,AST028,84131.0,High
2025-05-12,AST001,39050.0,Low
2025-05-12,AST002,32381.67,Low
2025-05-12,AST003,42748.0,Low
2025-05-12,AST004,76846.5,High
2025-05-12,AST005,51592.0,Normal
2025-05-12,AST006,57784.0,Normal
2025-05-12,AST012,51507.0,Normal
2025-05-12,AST013,63272.5,Normal
2025-05-12,AST014,63130.0,Normal
2025-05-12,AST018,80763.5,High
2025-05-12,AST020,48190.0,Normal
2025-05-12,AST021,63468.0,Normal
2025-05-12,AST022,30878.0,Low
2025-05-12,AST024,49967.0,Normal
2025-05-12,AST025,58321.0,Normal
2025-05-12,AST029,41838.0,Low
2025-05-13,AST001,41462.67,Low
2025-05-13,AST002,32262.67,Low
2025-05-13,AST003,42094.0,Low
2025-05-13,AST006,60114.0,Normal
2025-05-13,AST007,68763.0,Normal
2025-05-13,AST009,44450.67,Normal
2025-05-13,AST012,54853.0,Normal
2025-05-13,AST013,60512.0,Normal
2025-05-13,AST014,59530.0,Normal
2025-05-13,AST015,30518.0,Low
2025-05-13,AST017,77442.5,High
2025-05-13,AST018,79852.5,High
2025-05-13,AST019,30625.0,Low
2025-05-13,AST020,56555.5,Normal
2025-05-13,AST022,37245.0,Low
2025-05-13,AST023,44076.0,Low
2025-05-13,AST024,50373.0,Normal
2025-05-13,AST025,67086.0,Normal
2025-05-13,AST028,85691.0,High
2025-05-14,AST008,31837.0,Low
2025-05-14,AST009,45020.0,Normal
2025-05-14,AST011,86931.0,High
2025-05-14,AST012,55698.0,Normal
2025-05-14,AST014,60210.0,Normal
2025-05-14,AST015,29704.0,Low
2025-05-14,AST017,74367.0,High
2025-05-14,AST018,82811.0,High
2025-05-14,AST022,37911.0,Low
2025-05-14,AST023,46862.0,Normal
2025-05-14,AST025,67180.0,Normal
2025-05-14,AST027,84597.0,High
2025-05-14,AST029,45044.0,Normal
2025-05-14,AST030,79447.5,High
2025-05-15,AST001,40305.0,Low
2025-05-15,AST002,35312.0,Low
2025-05-15,AST003,40867.0,Low
2025-05-15,AST004,77175.0,High
2025-05-15,AST005,51522.0,Normal
2025-05-15,AST006,56053.0,Normal
2025-05-15,AST007,67418.0,Normal
2025-05-15,AST008,32590.0,Low
2025-05-15,AST009,48973.0,Normal
2025-05-15,AST015,29714.0,Low
2025-05-15,AST017,77437.0,High
2025-05-15,AST023,45008.0,Normal
2025-05-15,AST024,50294.5,Normal
2025-05-15,AST026,72587.5,High
2025-05-15,AST028,74765.0,High
2025-05-15,AST029,42664.5,Low
2025-05-16,AST003,40482.0,Low
2025-05-16,AST005,44743.0,Low
2025-05-16,AST006,55428.0,Normal
2025-05-16,AST007,80023.0,High
2025-05-16,AST009,44915.0,Low
2025-05-16,AST010,29028.0,Low
2025-05-16,AST011,80679.0,High
2025-05-16,AST014,59049.0,Normal
2025-05-16,AST015,31348.0,Low
2025-05-16,AST017,73842.0,High
2025-05-16,AST018,89085.0,High
2025-05-16,AST019,29942.0,Low
2025-05-16,AST020,55922.0,Normal
2025-05-16,AST023,44856.0,Low
2025-05-16,AST026,66158.5,Normal
2025-05-16,AST027,77007.0,High
2025-05-16,AST028,84975.0,High
2025-05-16,AST029,46809.0,Normal
2025-05-16,AST030,87211.0,High
2025-05-17,AST003,43337.67,Low
2025-05-17,AST004,75176.0,High
2025-05-17,AST005,49804.0,Normal
2025-05-17,AST006,59324.0,Normal
2025-05-17,AST011,83063.0,High
2025-05-17,AST014,59444.0,Normal
2025-05-17,AST015,29637.0,Low
2025-05-17,AST019,32168.0,Low
2025-05-17,AST020,57164.0,Normal
2025-05-17,AST022,38396.67,Low
2025-05-17,AST023,44015.0,Low
2025-05-17,AST025,59121.0,Normal
2025-05-17,AST027,86575.0,High
2025-05-17,AST030,83326.0,High
2025-05-18,AST001,38392.0,Low
2025-05-18,AST002,31984.5,Low
2025-05-18,AST003,41635.0,Low
2025-05-18,AST006,60202.5,Normal
2025-05-18,AST007,79907.0,High
2025-05-18,AST008,34881.0,Low
2025-05-18,AST011,84389.0,High
2025-05-18,AST012,59806.0,Normal
2025-05-18,AST016,43821.33,Low
2025-05-18,AST017,76472.0,High
2025-05-18,AST018,88278.0,High
2025-05-18,AST021,74363.0,High
2025-05-18,AST022,36439.0,Low
2025-05-18,AST023,43438.0,Low
2025-05-18,AST024,49955.33,Normal
2025-05-18,AST025,60008.0,Normal
2025-05-18,AST028,86674.0,High
2025-05-18,AST029,43432.33,Low
2025-05-18,AST030,86290.67,High
2025-05-19,AST003,44628.5,Low
2025-05-19,AST004,74802.5,High
2025-05-19,AST005,55968.0,Normal
2025-05-19,AST007,77870.0,High
2025-05-19,AST008,32205.0,Low
2025-05-19,AST009,46128.0,Normal
2025-05-19,AST013,59470.0,Normal
2025-05-19,AST014,63391.0,Normal
2025-05-19,AST019,31834.0,Low
2025-05-19,AST023,44479.0,Low
2025-05-19,AST024,51662.0,Normal
2025-05-19,AST026,70506.0,High
2025-05-19,AST027,86843.0,High
2025-05-19,AST029,44477.5,Low
2025-05-20,AST004,64831.0,Normal
2025-05-20,AST005,47567.5,Normal
2025-05-20,AST006,55020.33,Normal
2025-05-20,AST007,73021.0,High
2025-05-20,AST011,80945.0,High
2025-05-20,AST012,55677.5,Normal
2025-05-20,AST013,61604.0,Normal
2025-05-20,AST015,26617.0,Low
2025-05-20,AST016,41880.0,Low
2025-05-20,AST017,73388.0,High
2025-05-20,AST021,70118.5,High
2025-05-20,AST023,44470.0,Low
2025-05-20,AST028,88872.0,High
2025-05-20,AST030,92681.0,High
2025-05-21,AST001,40403.0,Low
2025-05-21,AST002,33943.0,Low
2025-05-21,AST003,45390.0,Normal
2025-05-21,AST005,49120.5,Normal
2025-05-21,AST008,35462.0,Low
2025-05-21,AST009,46737.0,Normal
2025-05-21,AST012,53504.67,Normal
2025-05-21,AST014,56314.0,Normal
2025-05-21,AST016,41672.0,Low
2025-05-21,AST017,76511.0,High
2025-05-21,AST018,77801.0,High
2025-05-21,AST019,32471.5,Low
2025-05-21,AST020,50239.0,Normal
2025-05-21,AST023,48283.0,Normal
2025-05-21,AST024,49483.0,Normal
2025-05-21,AST025,55388.0,Normal
2025-05-21,AST030,88114.0,High
2025-05-22,AST002,35011.0,Low
2025-05-22,AST006,57329.0,Normal
2025-05-22,AST008,36917.0,Low
2025-05-22,AST009,47462.0,Normal
2025-05-22,AST010,31056.0,Low
2025-05-22,AST012,54784.0,Normal
2025-05-22,AST014,64177.5,Normal
2025-05-22,AST015,28479.33,Low
2025-05-22,AST018,81898.0,High
2025-05-22,AST019,30353.0,Low
2025-05-22,AST020,52606.0,Normal
2025-05-22,AST021,69639.0,Normal
2025-05-22,AST024,43904.0,Low
2025-05-22,AST025,54896.0,Normal
2025-05-22,AST028,81765.0,High
2025-05-22,AST029,42304.67,Low
2025-05-22,AST030,86119.5,High
2025-05-23,AST002,33461.0,Low
2025-05-23,AST004,74362.0,High
2025-05-23,AST005,49504.0,Normal
2025-05-23,AST007,71045.0,High
2025-05-23,AST011,83494.67,High
2025-05-23,AST013,62287.0,Normal
2025-05-23,AST017,74049.0,High
2025-05-23,AST019,28224.0,Low
2025-05-23,AST020,57820.33,Normal
2025-05-23,AST021,69855.0,Normal
2025-05-23,AST023,50956.0,Normal
2025-05-23,AST025,59741.0,Normal
2025-05-23,AST026,63070.0,Normal
2025-05-23,AST027,77332.5,High
2025-05-23,AST030,81720.0,High
2025-05-24,AST002,30961.0,Low
2025-05-24,AST007,77866.0,High
2025-05-24,AST008,34329.0,Low
2025-05-24,AST010,31628.5,Low
2025-05-24,AST018,78123.0,High
2025-05-24,AST019,28862.0,Low
2025-05-24,AST020,52312.0,Normal
2025-05-24,AST021,69184.0,Normal
2025-05-24,AST025,57077.0,Normal
2025-05-24,AST026,65380.5,Normal
2025-05-24,AST029,42730.0,Low
2025-05-24,AST030,82663.0,High
2025-05-25,AST003,43334.0,Low
2025-05-25,AST006,56189.0,Normal
2025-05-25,AST008,31058.0,Low
2025-05-25,AST013,63650.0,Normal
2025-05-25,AST014,65529.0,Normal
2025-05-25,AST016,40674.33,Low
2025-05-25,AST018,78501.0,High
2025-05-25,AST019,29832.0,Low
2025-05-25,AST020,56441.5,Normal
2025-05-25,AST024,52048.0,Normal
2025-05-25,AST025,65592.0,Normal
2025-05-25,AST027,77775.0,High
2025-05-25,AST028,81751.0,High
2025-05-25,AST029,40303.0,Low
2025-05-26,AST001,42048.0,Low
2025-05-26,AST003,38671.0,Low
2025-05-26,AST005,52623.5,Normal
2025-05-26,AST008,34402.0,Low
2025-05-26,AST010,33376.0,Low
2025-05-26,AST015,29836.0,Low
2025-05-26,AST017,81418.5,High
2025-05-26,AST018,82679.0,High
2025-05-26,AST019,30004.0,Low
2025-05-26,AST020,58903.0,Normal
2025-05-26,AST021,70054.0,High
2025-05-26,AST022,38341.0,Low
2025-05-26,AST028,81514.0,High
2025-05-26,AST029,44313.0,Low
2025-05-27,AST003,40759.0,Low
2025-05-27,AST005,53929.0,Normal
2025-05-27,AST006,56376.0,Normal
2025-05-27,AST010,30435.0,Low
2025-05-27,AST011,79264.0,High
2025-05-27,AST013,64690.0,Normal
2025-05-27,AST014,68399.0,Normal
2025-05-27,AST019,30293.0,Low
2025-05-27,AST020,49165.0,Normal
2025-05-27,AST021,69007.5,Normal
2025-05-27,AST026,62186.0,Normal
2025-05-27,AST027,81244.0,High
2025-05-27,AST028,81135.5,High
2025-05-28,AST004,75204.0,High
2025-05-28,AST005,51494.0,Normal
2025-05-28,AST006,60075.0,Normal
2025-05-28,AST007,77459.67,High
2025-05-28,AST009,45385.5,Low
2025-05-28,AST010,30243.0,Low
2025-05-28,AST011,84587.0,High
2025-05-28,AST013,66658.5,Normal
2025-05-28,AST016,38152.0,Low
2025-05-28,AST018,76989.0,High
2025-05-28,AST019,31982.0,Low
2025-05-28,AST020,53180.0,Normal
2025-05-28,AST021,77073.0,High
2025-05-28,AST022,34289.0,Low
2025-05-28,AST024,49551.0,Normal
2025-05-28,AST025,57294.0,Normal
2025-05-28,AST026,72168.0,High
2025-05-28,AST027,84400.5,High
2025-05-29,AST002,34965.0,Low
2025-05-29,AST003,40572.0,Low
2025-05-29,AST004,73150.0,High
2025-05-29,AST011,91115.5,High
2025-05-29,AST012,52360.0,Normal
2025-05-29,AST014,66307.0,Normal
2025-05-29,AST019,32974.0,Low
2025-05-29,AST020,51221.0,Normal
2025-05-29,AST021,69068.0,Normal
2025-05-29,AST022,38967.5,Low
2025-05-29,AST024,50299.25,Normal
2025-05-29,AST026,62768.0,Normal
2025-05-29,AST027,85066.0,High
2025-05-29,AST028,82104.5,High
2025-05-29,AST030,80331.0,High
2025-05-30,AST001,37091.0,Low
2025-05-30,AST004,71422.0,High
2025-05-30,AST005,50817.0,Normal
2025-05-30,AST006,58802.0,Normal
2025-05-30,AST007,82940.0,High
2025-05-30,AST008,36862.0,Low
2025-05-30,AST010,31820.5,Low
2025-05-30,AST011,83367.0,High
2025-05-30,AST013,65171.75,Normal
2025-05-30,AST014,57667.0,Normal
2025-05-30,AST015,30275.0,Low
2025-05-30,AST016,42351.0,Low
2025-05-30,AST018,81031.0,High
2025-05-30,AST019,34956.0,Low
2025-05-30,AST022,36932.0,Low
2025-05-30,AST023,45382.0,Low
2025-05-30,AST026,70744.0,High
2025-05-30,AST028,79486.0,High
2025-05-30,AST030,83400.0,High
2025-05-31,AST001,38205.0,Low
2025-05-31,AST004,77087.0,High
2025-05-31,AST005,51622.0,Normal
2025-05-31,AST006,57198.0,Normal
2025-05-31,AST008,33854.0,Low
2025-05-31,AST011,87002.5,High
2025-05-31,AST019,29468.0,Low
2025-05-31,AST022,39242.0,Low
2025-05-31,AST024,51414.0,Normal
2025-05-31,AST025,63773.0,Normal
2025-05-31,AST026,72652.0,High
2025-05-31,AST027,76682.0,High
2025-06-01,AST001,36202.0,Low
2025-06-01,AST002,29998.0,Low
2025-06-01,AST003,40474.0,Low
2025-06-01,AST005,44583.0,Low
2025-06-01,AST006,58524.0,Normal
2025-06-01,AST007,79205.0,High
2025-06-01,AST008,34942.0,Low
2025-06-01,AST009,43686.0,Low
2025-06-01,AST010,32087.0,Low
2025-06-01,AST012,52473.0,Normal
2025-06-01,AST015,27726.0,Low
2025-06-01,AST016,41031.5,Low
2025-06-01,AST017,76140.0,High
2025-06-01,AST018,72240.0,High
2025-06-01,AST019,31689.33,Low
2025-06-01,AST020,50276.0,Normal
2025-06-01,AST021,67238.0,Normal
2025-06-01,AST023,45808.0,Normal
2025-06-01,AST026,65095.0,Normal
2025-06-01,AST027,82040.0,High
2025-06-02,AST002,31879.0,Low
2025-06-02,AST004,72179.0,High
2025-06-02,AST005,51860.0,Normal
2025-06-02,AST006,60476.0,Normal
2025-06-02,AST008,31775.0,Low
2025-06-02,AST010,30400.0,Low
2025-06-02,AST011,80733.5,High
2025-06-02,AST012,56391.0,Normal
2025-06-02,AST014,59334.0,Normal
2025-06-02,AST016,39557.0,Low
2025-06-02,AST017,66068.0,Normal
2025-06-02,AST019,28876.0,Low
2025-06-02,AST020,54932.0,Normal
2025-06-02,AST021,76109.0,High
2025-06-02,AST023,41659.0,Low
2025-06-02,AST024,49724.0,Normal
2025-06-02,AST025,56909.0,Normal
2025-06-02,AST026,66137.25,Normal
2025-06-02,AST028,86764.0,High
2025-06-02,AST030,83923.0,High
2025-06-03,AST002,33090.0,Low
2025-06-03,AST005,50842.0,Normal
2025-06-03,AST006,48326.0,Normal
2025-06-03,AST008,34253.0,Low
2025-06-03,AST011,88852.0,High
2025-06-03,AST012,51343.0,Normal
2025-06-03,AST014,60757.0,Normal
2025-06-03,AST015,29972.0,Low
2025-06-03,AST017,69134.0,Normal
2025-06-03,AST020,53687.0,Normal
2025-06-03,AST021,66188.67,Normal
2025-06-03,AST022,38293.0,Low
2025-06-03,AST023,43652.0,Low
2025-06-03,AST024,49344.0,Normal
2025-06-03,AST025,58903.5,Normal
2025-06-03,AST026,66571.0,Normal
2025-06-03,AST027,81208.0,High
2025-06-03,AST028,78322.0,High
2025-06-03,AST029,44098.0,Low
2025-06-04,AST002,30269.0,Low
2025-06-04,AST003,42367.0,Low
2025-06-04,AST004,74027.0,High
2025-06-04,AST005,49547.0,Normal
2025-06-04,AST007,74796.0,High
2025-06-04,AST010,33259.0,Low
2025-06-04,AST011,84780.0,High
2025-06-04,AST012,54461.0,Normal
2025-06-04,AST013,62806.0,Normal
2025-06-04,AST016,41396.0,Low
2025-06-04,AST017,78334.0,High
2025-06-04,AST018,77718.5,High
2025-06-04,AST019,28383.0,Low
2025-06-04,AST020,53201.0,Normal
2025-06-04,AST021,70137.67,Normal
2025-06-04,AST022,39325.0,Low
2025-06-04,AST024,49449.5,Normal
2025-06-04,AST025,59309.0,Normal
2025-06-04,AST026,75738.0,High
2025-06-04,AST027,90349.0,High
2025-06-04,AST028,82752.0,High
2025-06-04,AST030,95371.0,High
2025-06-05,AST001,37982.0,Low
2025-06-05,AST003,42167.0,Low
2025-06-05,AST006,53046.0,Normal
2025-06-05,AST007,79547.67,High
2025-06-05,AST010,32830.0,Low
2025-06-05,AST011,81430.0,High
2025-06-05,AST014,62532.0,Normal
2025-06-05,AST015,27398.0,Low
2025-06-05,AST019,30432.0,Low
2025-06-05,AST020,54903.0,Normal
2025-06-05,AST023,44453.0,Low
2025-06-05,AST025,60207.0,Normal
2025-06-05,AST027,73724.5,High
2025-06-05,AST030,84888.0,High
2025-06-06,AST001,38784.0,Low
2025-06-06,AST003,41623.0,Low
2025-06-06,AST006,49484.0,Normal
2025-06-06,AST007,75365.0,High
2025-06-06,AST008,32539.0,Low
2025-06-06,AST013,62471.0,Normal
2025-06-06,AST014,59577.0,Normal
2025-06-06,AST015,30176.0,Low
2025-06-06,AST016,40297.0,Low
2025-06-06,AST018,80679.5,High
2025-06-06,AST019,31783.0,Low
2025-06-06,AST023,48040.0,Normal
2025-06-06,AST025,63020.0,Normal
2025-06-06,AST026,70384.5,High
2025-06-06,AST027,85482.0,High
2025-06-06,AST029,40226.0,Low
2025-06-06,AST030,82838.0,High
2025-06-07,AST002,32326.0,Low
2025-06-07,AST004,77031.5,High
2025-06-07,AST005,49072.0,Normal
2025-06-07,AST009,42220.0,Low
2025-06-07,AST010,31310.33,Low
2025-06-07,AST012,52588.0,Normal
2025-06-07,AST014,57745.0,Normal
2025-06-07,AST017,66839.0,Normal
2025-06-07,AST018,76640.0,High
2025-06-07,AST019,31307.5,Low
2025-06-07,AST022,35675.67,Low
2025-06-07,AST023,44274.0,Low
2025-06-07,AST024,47142.5,Normal
2025-06-07,AST027,77442.0,High
2025-06-07,AST028,72287.0,High
2025-06-07,AST029,42639.0,Low
2025-06-08,AST002,31271.33,Low
2025-06-08,AST003,42220.5,Low
2025-06-08,AST005,50393.5,Normal
2025-06-08,AST006,57203.33,Normal
2025-06-08,AST007,78624.0,High
2025-06-08,AST009,50844.0,Normal
2025-06-08,AST010,29280.0,Low
2025-06-08,AST012,50263.0,Normal
2025-06-08,AST013,67429.0,Normal
2025-06-08,AST014,60907.0,Normal
2025-06-08,AST015,26198.0,Low
2025-06-08,AST017,80393.0,High
2025-06-08,AST018,86402.0,High
2025-06-08,AST023,45372.5,Low
2025-06-08,AST024,45130.0,Normal
2025-06-08,AST027,86388.0,High
2025-06-08,AST029,41587.0,Low
2025-06-09,AST002,32873.0,Low
2025-06-09,AST004,77253.0,High
2025-06-09,AST005,50956.5,Normal
2025-06-09,AST009,47656.5,Normal
2025-06-09,AST010,27527.0,Low
2025-06-09,AST012,49970.0,Normal
2025-06-09,AST015,26194.67,Low
2025-06-09,AST016,39740.0,Low
2025-06-09,AST017,76733.0,High
2025-06-09,AST019,33029.0,Low
2025-06-09,AST023,41686.0,Low
2025-06-09,AST024,51116.0,Normal
2025-06-09,AST025,60030.0,Normal
2025-06-09,AST027,78648.0,High
2025-06-09,AST028,84783.0,High
2025-06-09,AST030,81943.0,High
2025-06-10,AST004,71381.0,High
2025-06-10,AST005,47117.0,Normal
2025-06-10,AST009,47147.0,Normal
2025-06-10,AST010,27629.0,Low
2025-06-10,AST012,54703.0,Normal
2025-06-10,AST013,62222.0,Normal
2025-06-10,AST015,26420.0,Low
2025-06-10,AST016,39633.0,Low
2025-06-10,AST020,53674.0,Normal
2025-06-10,AST022,37475.0,Low
2025-06-10,AST023,44425.0,Low
2025-06-10,AST024,51787.0,Normal
2025-06-10,AST026,71146.0,High
2025-06-10,AST027,79331.0,High
2025-06-11,AST001,36337.0,Low
2025-06-11,AST002,28993.0,Low
2025-06-11,AST003,40548.0,Low
2025-06-11,AST005,47453.0,Normal
2025-06-11,AST006,54676.0,Normal
2025-06-11,AST007,74078.0,High
2025-06-11,AST009,44363.0,Low
2025-06-11,AST011,83404.5,High
2025-06-11,AST012,53307.0,Normal
2025-06-11,AST013,72014.0,High
2025-06-11,AST016,39506.0,Low
2025-06-11,AST020,50336.0,Normal
2025-06-11,AST022,35320.0,Low
2025-06-11,AST023,45021.0,Low
2025-06-12,AST006,53341.0,Normal
2025-06-12,AST007,74015.0,High
2025-06-12,AST009,48450.0,Normal
2025-06-12,AST010,28395.0,Low
2025-06-12,AST012,50674.0,Normal
2025-06-12,AST014,58528.0,Normal
2025-06-12,AST015,29653.0,Low
2025-06-12,AST017,78358.0,High
2025-06-12,AST018,74440.0,High
2025-06-12,AST021,68872.5,High
2025-06-12,AST024,51512.0,Normal
2025-06-12,AST025,59930.0,Normal
2025-06-12,AST026,68548.0,Normal
2025-06-12,AST028,79537.5,High
2025-06-13,AST001,37585.0,Low
2025-06-13,AST003,42891.0,Low
2025-06-13,AST006,53837.0,Normal
2025-06-13,AST009,46475.0,Normal
2025-06-13,AST011,85409.0,High
2025-06-13,AST012,58151.0,Normal
2025-06-13,AST013,64910.0,Normal
2025-06-13,AST014,59640.5,Normal
2025-06-13,AST015,30096.0,Low
2025-06-13,AST016,43259.0,Low
2025-06-13,AST018,86887.0,High
2025-06-13,AST019,30293.5,Low
2025-06-13,AST023,43114.0,Low
2025-06-13,AST025,55412.0,Normal
2025-06-14,AST001,42082.0,Low
2025-06-14,AST004,68944.5,High
2025-06-14,AST005,53129.0,Normal
2025-06-14,AST007,77438.0,High
2025-06-14,AST008,34499.0,Low
2025-06-14,AST009,46119.0,Normal
2025-06-14,AST010,30836.0,Low
2025-06-14,AST011,87472.5,High
2025-06-14,AST012,50522.0,Normal
2025-06-14,AST016,43383.67,Low
2025-06-14,AST018,81747.0,High
2025-06-14,AST020,52583.0,Normal
2025-06-14,AST022,38111.0,Low
2025-06-14,AST024,47674.0,Normal
2025-06-14,AST029,44709.0,Low
2025-06-15,AST001,38686.0,Low
2025-06-15,AST002,32816.0,Low
2025-06-15,AST003,45490.0,Normal
2025-06-15,AST006,56019.0,Normal
2025-06-15,AST007,76337.5,High
2025-06-15,AST008,34819.0,Low
2025-06-15,AST013,63525.0,Normal
2025-06-15,AST016,37016.0,Low
2025-06-15,AST021,67945.0,Normal
2025-06-15,AST023,44612.5,Low
2025-06-15,AST024,47876.0,Normal
2025-06-15,AST025,59678.0,Normal
2025-06-15,AST026,66782.0,Normal
2025-06-15,AST027,76995.0,High
2025-06-15,AST030,86369.0,High
2025-06-16,AST003,43272.0,Low
2025-06-16,AST008,33838.33,Low
2025-06-16,AST009,47664.0,Normal
2025-06-16,AST010,30144.0,Low
2025-06-16,AST014,60608.67,Normal
2025-06-16,AST018,77640.0,High
2025-06-16,AST019,31507.0,Low
2025-06-16,AST022,35928.0,Low
2025-06-16,AST023,45188.5,Low
2025-06-16,AST024,49290.0,Normal
2025-06-16,AST026,68722.0,Normal
2025-06-16,AST030,84116.33,High
2025-06-17,AST002,31759.67,Low
2025-06-17,AST003,47437.0,Normal
2025-06-17,AST006,55498.0,Normal
2025-06-17,AST007,74797.5,High
2025-06-17,AST008,28300.0,Low
2025-06-17,AST010,31713.5,Low
2025-06-17,AST012,56084.0,Normal
2025-06-17,AST014,64319.0,Normal
2025-06-17,AST015,30762.0,Low
2025-06-17,AST016,38254.0,Low
2025-06-17,AST018,74759.0,High
2025-06-17,AST019,31355.5,Low
2025-06-17,AST021,73400.0,High
2025-06-17,AST022,37067.5,Low
2025-06-17,AST025,59892.0,Normal
2025-06-17,AST026,66993.0,Normal
2025-06-17,AST027,79635.0,High
2025-06-17,AST029,43650.5,Low
2025-06-18,AST001,34575.0,Low
2025-06-18,AST002,33925.0,Low
2025-06-18,AST003,41005.0,Low
2025-06-18,AST004,70640.0,High
2025-06-18,AST005,47734.0,Normal
2025-06-18,AST006,56988.0,Normal
2025-06-18,AST008,33585.0,Low
2025-06-18,AST010,29865.0,Low
2025-06-18,AST011,82372.0,High
2025-06-18,AST013,64123.0,Normal
2025-06-18,AST014,56784.0,Normal
2025-06-18,AST018,82159.5,High
2025-06-18,AST019,32820.0,Low
2025-06-18,AST020,53580.5,Normal
2025-06-18,AST022,35038.0,Low
2025-06-18,AST026,71934.0,High
2025-06-19,AST001,42397.0,Low
2025-06-19,AST003,44709.0,Low
2025-06-19,AST004,75380.0,High
2025-06-19,AST006,57061.0,Normal
2025-06-19,AST007,75211.5,High
2025-06-19,AST008,35601.0,Low
2025-06-19,AST009,44633.0,Low
2025-06-19,AST011,82511.67,High
2025-06-19,AST012,52755.0,Normal
2025-06-19,AST013,60650.0,Normal
2025-06-19,AST014,61946.0,Normal
2025-06-19,AST016,43521.0,Low
2025-06-19,AST018,77021.0,High
2025-06-19,AST019,29785.5,Low
2025-06-19,AST022,36691.0,Low
2025-06-19,AST027,78822.33,High
2025-06-19,AST028,77624.5,High
2025-06-19,AST030,83546.0,High
2025-06-20,AST002,30445.0,Low
2025-06-20,AST004,68950.0,Normal
2025-06-20,AST005,47026.0,Normal
2025-06-20,AST006,52148.67,Normal
2025-06-20,AST007,77134.0,High
2025-06-20,AST009,46168.0,Normal
2025-06-20,AST015,29870.0,Low
2025-06-20,AST016,38218.0,Low
2025-06-20,AST018,68729.0,Normal
2025-06-20,AST020,55375.0,Normal
2025-06-20,AST025,55941.0,Normal
2025-06-20,AST027,75641.0,High
2025-06-20,AST028,76909.0,High
2025-06-20,AST029,44507.0,Low
2025-06-21,AST002,32874.5,Low
2025-06-21,AST006,54514.0,Normal
2025-06-21,AST007,79758.0,High
2025-06-21,AST008,34107.5,Low
2025-06-21,AST009,49051.0,Normal
2025-06-21,AST010,29651.0,Low
2025-06-21,AST011,79780.0,High
2025-06-21,AST012,52318.0,Normal
2025-06-21,AST013,63814.0,Normal
2025-06-21,AST015,28473.0,Low
2025-06-21,AST016,37738.0,Low
2025-06-21,AST018,75859.0,High
2025-06-21,AST020,50104.0,Normal
2025-06-21,AST022,37452.0,Low
2025-06-21,AST023,45839.5,Normal
2025-06-21,AST024,48019.5,Normal
2025-06-21,AST025,59942.0,Normal
2025-06-21,AST030,86943.0,High
2025-06-22,AST001,38815.0,Low
2025-06-22,AST003,40930.0,Low
2025-06-22,AST005,52039.0,Normal
2025-06-22,AST008,33862.0,Low
2025-06-22,AST009,47609.5,Normal
2025-06-22,AST010,29911.0,Low
2025-06-22,AST011,83177.5,High
2025-06-22,AST012,56109.0,Normal
2025-06-22,AST014,55309.0,Normal
2025-06-22,AST015,27560.0,Low
2025-06-22,AST017,78918.0,High
2025-06-22,AST018,83081.0,High
2025-06-22,AST020,58295.0,Normal
2025-06-22,AST022,36442.0,Low
2025-06-22,AST023,40063.0,Low
2025-06-22,AST024,45843.0,Normal
2025-06-22,AST030,87255.33,High
2025-06-23,AST001,41572.0,Low
2025-06-23,AST002,31377.0,Low
2025-06-23,AST004,70832.0,High
2025-06-23,AST005,48595.0,Normal
2025-06-23,AST009,46675.0,Normal
2025-06-23,AST016,37696.0,Low
2025-06-23,AST017,73620.0,High
2025-06-23,AST019,30706.0,Low
2025-06-23,AST020,55866.5,Normal
2025-06-23,AST022,38533.0,Low
2025-06-23,AST024,53704.0,Normal
2025-06-23,AST025,57459.5,Normal
2025-06-23,AST026,72615.0,High
2025-06-23,AST027,79441.0,High
2025-06-23,AST028,79068.0,High
2025-06-23,AST029,47651.0,Normal
2025-06-24,AST001,40064.0,Low
2025-06-24,AST002,32806.0,Low
2025-06-24,AST003,41292.0,Low
2025-06-24,AST004,71710.33,High
2025-06-24,AST006,53098.0,Normal
2025-06-24,AST007,78839.0,High
2025-06-24,AST008,33608.0,Low
2025-06-24,AST009,47383.0,Normal
2025-06-24,AST010,28651.0,Low
2025-06-24,AST011,85053.0,High
2025-06-24,AST012,56041.0,Normal
2025-06-24,AST013,60384.0,Normal
2025-06-24,AST014,55519.0,Normal
2025-06-24,AST015,29155.0,Low
2025-06-24,AST016,37678.0,Low
2025-06-24,AST017,80770.0,High
2025-06-24,AST018,83968.0,High
2025-06-24,AST027,80225.0,High
2025-06-24,AST029,40342.0,Low
2025-06-24,AST030,79900.5,High
2025-06-25,AST001,37851.0,Low
2025-06-25,AST003,37882.0,Low
2025-06-25,AST004,72120.0,High
2025-06-25,AST007,75908.0,High
2025-06-25,AST010,32090.0,Low
2025-06-25,AST014,59624.0,Normal
2025-06-25,AST016,39196.0,Low
2025-06-25,AST017,75482.5,High
2025-06-25,AST019,31661.0,Low
2025-06-25,AST020,58463.0,Normal
2025-06-25,AST021,69040.0,Normal
2025-06-25,AST023,42642.5,Low
2025-06-25,AST024,49105.5,Normal
2025-06-25,AST025,56091.0,Normal
2025-06-25,AST026,61136.0,Normal
2025-06-25,AST027,84420.0,High
2025-06-25,AST028,77956.5,High
2025-06-26,AST001,38127.0,Low
2025-06-26,AST005,46836.0,Normal
2025-06-26,AST006,53663.0,Normal
2025-06-26,AST007,71925.0,High
2025-06-26,AST009,43073.5,Low
2025-06-26,AST010,29905.5,Low
2025-06-26,AST011,84910.5,High
2025-06-26,AST014,56648.0,Normal
2025-06-26,AST015,29344.0,Low
2025-06-26,AST018,83024.0,High
2025-06-26,AST019,32061.0,Low
2025-06-26,AST020,55375.67,Normal
2025-06-26,AST022,38512.5,Low
2025-06-26,AST023,45937.0,Normal
2025-06-26,AST024,47269.0,Normal
2025-06-26,AST026,65373.0,Normal
2025-06-26,AST028,79887.0,High
2025-06-27,AST001,40904.0,Low
2025-06-27,AST003,44745.0,Low
2025-06-27,AST010,28904.0,Low
2025-06-27,AST014,59348.0,Normal
2025-06-27,AST017,82399.0,High
2025-06-27,AST018,78988.0,High
2025-06-27,AST020,61350.0,Normal
2025-06-27,AST023,43125.5,Low
2025-06-27,AST026,70484.0,High
2025-06-27,AST030,82079.0,High
2025-06-28,AST005,49348.0,Normal
2025-06-28,AST006,58209.0,Normal
2025-06-28,AST009,50116.0,Normal
2025-06-28,AST010,30220.5,Low
2025-06-28,AST012,51600.0,Normal
2025-06-28,AST013,60171.0,Normal
2025-06-28,AST016,39873.0,Low
2025-06-28,AST019,31045.67,Low
2025-06-28,AST021,69715.0,High
2025-06-28,AST022,38931.5,Low
2025-06-28,AST023,44060.0,Low
2025-06-28,AST024,47228.0,Normal
2025-06-28,AST025,60897.0,Normal
2025-06-28,AST026,63879.0,Normal
2025-06-28,AST027,80225.0,High
2025-06-28,AST028,79044.0,High
2025-06-28,AST030,73360.5,High
2025-06-29,AST001,42625.0,Low
2025-06-29,AST006,59906.0,Normal
2025-06-29,AST008,34178.0,Low
2025-06-29,AST009,44722.0,Low
2025-06-29,AST010,30934.0,Low
2025-06-29,AST012,53260.0,Normal
2025-06-29,AST016,42393.5,Low
2025-06-29,AST017,79762.0,High
2025-06-29,AST019,31667.0,Low
2025-06-29,AST022,39538.0,Low
2025-06-29,AST024,47153.0,Normal
2025-06-29,AST025,58002.0,Normal
2025-06-29,AST027,78857.0,High
2025-06-30,AST001,42875.33,Low
2025-06-30,AST006,55240.0,Normal
2025-06-30,AST007,76933.0,High
2025-06-30,AST008,34241.5,Low
2025-06-30,AST012,54435.0,Normal
2025-06-30,AST014,57373.0,Normal
2025-06-30,AST015,27882.0,Low
2025-06-30,AST016,42997.0,Low
2025-06-30,AST018,77517.0,High
2025-06-30,AST019,30221.0,Low
2025-06-30,AST020,53701.0,Normal
2025-06-30,AST021,69836.0,Normal
2025-06-30,AST022,36482.0,Low
2025-06-30,AST024,47015.0,Normal
2025-06-30,AST025,56567.5,Normal
2025-06-30,AST026,69364.0,Normal
2025-06-30,AST028,83726.0,High
2025-06-30,AST029,48370.0,Normal
2025-06-30,AST030,80501.33,High
2025-07-01,AST003,44737.0,Low
2025-07-01,AST004,72732.0,High
2025-07-01,AST005,51798.0,Normal
2025-07-01,AST007,76617.0,High
2025-07-01,AST009,43574.0,Low
2025-07-01,AST010,26451.0,Low
2025-07-01,AST013,60190.0,Normal
2025-07-01,AST014,61251.0,Normal
2025-07-01,AST016,40288.33,Low
2025-07-01,AST018,79043.0,High
2025-07-01,AST020,53501.0,Normal
2025-07-01,AST022,33607.0,Low
2025-07-01,AST024,50779.0,Normal
2025-07-01,AST026,64034.0,Normal
2025-07-01,AST027,78618.2,High
2025-07-01,AST030,82345.0,High
2025-07-02,AST003,41308.5,Low
2025-07-02,AST004,69254.0,Normal
2025-07-02,AST006,56769.0,Normal
2025-07-02,AST007,78930.0,High
2025-07-02,AST008,32163.0,Low
2025-07-02,AST011,80992.5,High
2025-07-02,AST014,59704.0,Normal
2025-07-02,AST015,29139.5,Low
2025-07-02,AST016,39540.5,Low
2025-07-02,AST017,73322.0,High
2025-07-02,AST018,80863.0,High
2025-07-02,AST019,27372.0,Low
2025-07-02,AST020,49885.0,Normal
2025-07-02,AST022,35266.0,Low
2025-07-02,AST024,50263.4,Normal
2025-07-02,AST025,58329.0,Normal
2025-07-02,AST026,70116.0,High
2025-07-02,AST028,78404.0,High
2025-07-03,AST001,42909.0,Low
2025-07-03,AST003,40687.0,Low
2025-07-03,AST004,74942.0,High
2025-07-03,AST005,47916.0,Normal
2025-07-03,AST006,56693.5,Normal
2025-07-03,AST011,85935.0,High
2025-07-03,AST012,51780.4,Normal
2025-07-03,AST013,63266.0,Normal
2025-07-03,AST014,57143.5,Normal
2025-07-03,AST016,40960.0,Low
2025-07-03,AST017,73272.5,High
2025-07-03,AST020,55942.5,Normal
2025-07-03,AST023,43400.0,Low
2025-07-03,AST024,44184.0,Low
2025-07-03,AST028,76151.5,High
2025-07-03,AST029,45058.0,Normal
2025-07-04,AST003,40700.0,Low
2025-07-04,AST004,72443.0,High
2025-07-04,AST005,48679.0,Normal
2025-07-04,AST007,71736.0,High
2025-07-04,AST008,31145.0,Low
2025-07-04,AST010,28504.25,Low
2025-07-04,AST011,81005.0,High
2025-07-04,AST020,57172.0,Normal
2025-07-04,AST021,68596.0,Normal
2025-07-04,AST022,36244.0,Low
2025-07-04,AST023,45306.0,Normal
2025-07-04,AST025,55636.0,Normal
2025-07-04,AST026,64343.5,Normal
2025-07-04,AST029,39739.5,Low
2025-07-04,AST030,81566.5,High
2025-07-05,AST001,40116.0,Low
2025-07-05,AST004,67233.0,Normal
2025-07-05,AST009,46713.0,Normal
2025-07-05,AST015,27280.0,Low
2025-07-05,AST016,42659.0,Low
2025-07-05,AST018,76765.5,High
2025-07-05,AST019,28811.5,Low
2025-07-05,AST020,54140.0,Normal
2025-07-05,AST023,40865.0,Low
2025-07-05,AST024,48157.0,Normal
2025-07-05,AST027,83369.0,High
2025-07-05,AST029,42163.0,Low
2025-07-06,AST002,32748.0,Low
2025-07-06,AST003,43467.5,Low
2025-07-06,AST004,75243.5,High
2025-07-06,AST006,58609.0,Normal
2025-07-06,AST007,76767.0,High
2025-07-06,AST010,28865.0,Low
2025-07-06,AST011,78615.0,High
2025-07-06,AST012,47440.0,Normal
2025-07-06,AST013,64600.0,Normal
2025-07-06,AST014,58393.0,Normal
2025-07-06,AST015,28032.0,Low
2025-07-06,AST016,41330.0,Low
2025-07-06,AST017,68088.5,High
2025-07-06,AST018,77012.5,High
2025-07-06,AST019,25679.0,Low
2025-07-06,AST022,38541.0,Low
2025-07-06,AST023,43278.0,Low
2025-07-06,AST024,47123.33,Normal
2025-07-06,AST025,63011.0,Normal
2025-07-06,AST028,75979.0,High
2025-07-07,AST002,31175.0,Low
2025-07-07,AST004,68057.0,Normal
2025-07-07,AST008,32159.0,Low
2025-07-07,AST009,43217.33,Low
2025-07-07,AST010,28798.0,Low
2025-07-07,AST014,58076.5,Normal
2025-07-07,AST016,41301.0,Low
2025-07-07,AST019,30757.0,Low
2025-07-07,AST020,56923.0,Normal
2025-07-07,AST021,68417.5,Normal
2025-07-07,AST024,50879.0,Normal
2025-07-07,AST025,61507.0,Normal
2025-07-07,AST027,78587.0,High
2025-07-07,AST029,44529.5,Low
2025-07-07,AST030,78608.0,High
2025-07-08,AST009,44180.0,Low
2025-07-08,AST010,28379.0,Low
2025-07-08,AST013,68707.0,Normal
2025-07-08,AST014,60007.0,Normal
2025-07-08,AST015,25602.0,Low
2025-07-08,AST016,42906.0,Low
2025-07-08,AST017,71656.5,High
2025-07-08,AST021,72694.0,High
2025-07-08,AST026,61378.0,Normal
2025-07-08,AST027,79038.0,High
2025-07-08,AST028,82765.5,High
2025-07-08,AST029,41904.0,Low
2025-07-09,AST003,40012.0,Low
2025-07-09,AST005,51327.0,Normal
2025-07-09,AST007,73366.0,High
2025-07-09,AST008,34181.0,Low
2025-07-09,AST010,30678.5,Low
2025-07-09,AST013,60043.5,Normal
2025-07-09,AST015,29247.0,Low
2025-07-09,AST017,76044.0,High
2025-07-09,AST019,32546.0,Low
2025-07-09,AST021,71628.0,High
2025-07-09,AST025,64708.0,Normal
2025-07-09,AST027,76381.0,High
2025-07-09,AST028,81723.0,High
2025-07-09,AST030,81708.0,High
2025-07-10,AST001,39256.0,Low
2025-07-10,AST003,41142.0,Low
2025-07-10,AST004,72291.0,High
2025-07-10,AST007,73496.0,High
2025-07-10,AST010,31234.0,Low
2025-07-10,AST011,77901.0,High
2025-07-10,AST012,52501.0,Normal
2025-07-10,AST015,29833.0,Low
2025-07-10,AST017,77499.0,High
2025-07-10,AST020,53657.0,Normal
2025-07-10,AST021,71291.0,High
2025-07-10,AST023,43909.0,Low
2025-07-10,AST026,66091.0,Normal
2025-07-10,AST028,84586.0,High
2025-07-11,AST002,32401.0,Low
2025-07-11,AST005,50190.0,Normal
2025-07-11,AST009,46474.0,Normal
2025-07-11,AST011,79470.5,High
2025-07-11,AST012,48020.0,Normal
2025-07-11,AST013,59724.0,Normal
2025-07-11,AST014,50278.0,Normal
2025-07-11,AST017,76100.0,High
2025-07-11,AST019,29652.0,Low
2025-07-11,AST021,65114.0,Normal
2025-07-11,AST022,34449.5,Low
2025-07-11,AST023,47598.0,Normal
2025-07-11,AST024,47968.0,Normal
2025-07-11,AST025,64374.0,Normal
2025-07-11,AST026,63981.0,Normal
2025-07-11,AST028,77414.0,High
2025-07-12,AST003,39050.0,Low
2025-07-12,AST005,48904.0,Normal
2025-07-12,AST008,34254.0,Low
2025-07-12,AST010,31199.5,Low
2025-07-12,AST012,47155.0,Normal
2025-07-12,AST019,31809.0,Low
2025-07-12,AST020,53912.0,Normal
2025-07-12,AST023,43693.0,Low
2025-07-12,AST024,47519.0,Normal
2025-07-12,AST025,55406.0,Normal
2025-07-12,AST026,68059.0,Normal
2025-07-12,AST027,79357.5,High
2025-07-12,AST028,80686.0,High
2025-07-12,AST029,43304.5,Low
2025-07-13,AST002,33459.0,Low
2025-07-13,AST004,72600.5,High
2025-07-13,AST006,53615.0,Normal
2025-07-13,AST007,74990.0,High
2025-07-13,AST008,33204.0,Low
2025-07-13,AST010,28745.0,Low
2025-07-13,AST011,86845.0,High
2025-07-13,AST013,56583.5,Normal
2025-07-13,AST015,26289.0,Low
2025-07-13,AST016,41284.5,Low
2025-07-13,AST017,75587.0,High
2025-07-13,AST018,73000.0,High
2025-07-13,AST021,76199.0,High
2025-07-13,AST022,37118.0,Low
2025-07-13,AST023,44968.5,Low
2025-07-13,AST024,51848.0,Normal
2025-07-13,AST026,70008.0,High
2025-07-13,AST027,78716.0,High
2025-07-13,AST029,44519.0,Low
2025-07-14,AST005,50209.5,Normal
2025-07-14,AST006,58146.0,Normal
2025-07-14,AST007,72704.0,High
2025-07-14,AST009,46113.0,Normal
2025-07-14,AST011,79728.0,High
2025-07-14,AST012,58870.0,Normal
2025-07-14,AST013,65149.0,Normal
2025-07-14,AST014,56384.0,Normal
2025-07-14,AST016,41718.0,Low
2025-07-14,AST017,74357.0,High
2025-07-14,AST021,66336.5,Normal
2025-07-14,AST022,36223.0,Low
2025-07-14,AST028,77834.0,High
2025-07-14,AST030,74162.0,High
2025-07-15,AST001,37329.0,Low
2025-07-15,AST003,39839.0,Low
2025-07-15,AST005,47953.5,Normal
2025-07-15,AST008,32479.0,Low
2025-07-15,AST009,44706.0,Low
2025-07-15,AST011,85842.0,High
2025-07-15,AST012,54112.0,Normal
2025-07-15,AST013,60980.0,Normal
2025-07-15,AST017,68818.0,Normal
2025-07-15,AST019,30792.0,Low
2025-07-15,AST020,49664.0,Normal
2025-07-15,AST021,62459.0,Normal
2025-07-15,AST023,44678.0,Low
2025-07-15,AST024,50979.0,Normal
2025-07-15,AST025,54470.0,Normal
2025-07-15,AST027,86293.0,High
2025-07-16,AST002,33457.0,Low
2025-07-16,AST003,42204.0,Low
2025-07-16,AST005,50194.0,Normal
2025-07-16,AST006,59186.0,Normal
2025-07-16,AST007,71217.0,High
2025-07-16,AST010,30645.5,Low
2025-07-16,AST011,80478.0,High
2025-07-16,AST012,55418.5,Normal
2025-07-16,AST014,57901.0,Normal
2025-07-16,AST017,70224.0,High
2025-07-16,AST018,78556.0,High
2025-07-16,AST019,31746.0,Low
2025-07-16,AST022,35830.0,Low
2025-07-16,AST028,79274.0,High
2025-07-16,AST030,84119.0,High
2025-07-17,AST003,40572.0,Low
2025-07-17,AST006,55789.0,Normal
2025-07-17,AST008,32963.0,Low
2025-07-17,AST010,30338.5,Low
2025-07-17,AST011,80445.0,High
2025-07-17,AST012,54395.0,Normal
2025-07-17,AST014,53531.0,Normal
2025-07-17,AST015,27811.0,Low
2025-07-17,AST017,71907.0,High
2025-07-17,AST018,77599.5,High
2025-07-17,AST020,58031.0,Normal
2025-07-17,AST021,66496.5,Normal
2025-07-17,AST022,33863.0,Low
2025-07-17,AST025,58149.0,Normal
2025-07-17,AST028,79817.0,High
2025-07-17,AST029,39905.5,Low
2025-07-17,AST030,93632.0,High
2025-07-18,AST001,40490.5,Low
2025-07-18,AST002,30465.0,Low
2025-07-18,AST005,46583.0,Normal
2025-07-18,AST006,55427.25,Normal
2025-07-18,AST009,48871.0,Normal
2025-07-18,AST011,81262.0,High
2025-07-18,AST014,60699.0,Normal
2025-07-18,AST016,45279.0,Normal
2025-07-18,AST017,71447.0,High
2025-07-18,AST018,80192.0,High
2025-07-18,AST019,28261.0,Low
2025-07-18,AST020,52655.0,Normal
2025-07-18,AST022,36526.33,Low
2025-07-18,AST023,42237.0,Low
2025-07-18,AST025,53699.5,Normal
2025-07-18,AST028,83622.0,High
2025-07-19,AST002,33842.0,Low
2025-07-19,AST003,42050.0,Low
2025-07-19,AST006,53219.0,Normal
2025-07-19,AST008,32484.0,Low
2025-07-19,AST010,30406.0,Low
2025-07-19,AST013,63599.0,Normal
2025-07-19,AST014,61992.0,Normal
2025-07-19,AST017,76630.0,High
2025-07-19,AST018,72103.0,High
2025-07-19,AST020,50970.0,Normal
2025-07-19,AST021,69741.5,High
2025-07-19,AST023,41994.0,Low
2025-07-19,AST024,53187.5,Normal
2025-07-19,AST027,82310.0,High
2025-07-19,AST028,79454.0,High
2025-07-19,AST030,83071.0,High
2025-07-20,AST001,36130.5,Low
2025-07-20,AST003,43811.0,Low
2025-07-20,AST004,72917.0,High
2025-07-20,AST005,49988.0,Normal
2025-07-20,AST008,33057.0,Low
2025-07-20,AST012,53127.0,Normal
2025-07-20,AST015,27372.67,Low
2025-07-20,AST017,77827.0,High
2025-07-20,AST018,73560.0,High
2025-07-20,AST019,29675.5,Low
2025-07-20,AST020,53915.0,Normal
2025-07-20,AST023,45694.5,Low
2025-07-20,AST024,48208.0,Normal
2025-07-20,AST025,55416.5,Normal
2025-07-20,AST026,62421.0,Normal
2025-07-20,AST027,81540.0,High
2025-07-21,AST003,38463.0,Low
2025-07-21,AST004,69414.0,Normal
2025-07-21,AST005,45921.0,Normal
2025-07-21,AST006,55657.0,Normal
2025-07-21,AST009,46511.5,Normal
2025-07-21,AST010,29800.0,Low
2025-07-21,AST013,62707.0,Normal
2025-07-21,AST015,26361.0,Low
2025-07-21,AST017,65963.0,Normal
2025-07-21,AST020,53933.0,Normal
2025-07-21,AST021,68917.0,Normal
2025-07-21,AST022,35581.33,Low
2025-07-21,AST026,67647.0,Normal
2025-07-21,AST029,43637.0,Low
2025-07-22,AST002,30872.0,Low
2025-07-22,AST004,70029.0,High
2025-07-22,AST005,49962.0,Normal
2025-07-22,AST006,55596.5,Normal
2025-07-22,AST007,81178.0,High
2025-07-22,AST008,34211.0,Low
2025-07-22,AST009,46983.0,Normal
2025-07-22,AST010,29293.0,Low
2025-07-22,AST012,53527.0,Normal
2025-07-22,AST013,60875.0,Normal
2025-07-22,AST014,57356.0,Normal
2025-07-22,AST015,28794.0,Low
2025-07-22,AST018,75509.0,High
2025-07-22,AST019,29103.0,Low
2025-07-22,AST020,55440.0,Normal
2025-07-22,AST021,66952.0,Normal
2025-07-22,AST024,48366.5,Low
2025-07-22,AST025,62076.67,Normal
2025-07-22,AST028,74620.0,High
2025-07-22,AST029,43807.33,Low
2025-07-22,AST030,80912.5,High
2025-07-23,AST001,39152.67,Low
2025-07-23,AST003,40547.0,Low
2025-07-23,AST005,48422.0,Normal
2025-07-23,AST008,33013.0,Low
2025-07-23,AST009,45932.0,Normal
2025-07-23,AST011,82222.0,High
2025-07-23,AST015,27895.0,Low
2025-07-23,AST018,76111.0,High
2025-07-23,AST020,56987.0,Normal
2025-07-23,AST021,72175.0,High
2025-07-23,AST025,61454.0,Normal
2025-07-23,AST028,79190.0,High
2025-07-23,AST029,41002.0,Low
2025-07-23,AST030,79291.0,High
2025-07-24,AST001,41079.0,Low
2025-07-24,AST002,32607.0,Low
2025-07-24,AST003,42420.0,Low
2025-07-24,AST004,72304.0,High
2025-07-24,AST007,72670.5,High
2025-07-24,AST011,83652.33,High
2025-07-24,AST012,50940.0,Normal
2025-07-24,AST015,25238.0,Low
2025-07-24,AST019,29734.0,Low
2025-07-24,AST020,57186.0,Normal
2025-07-24,AST022,34915.0,Low
2025-07-24,AST024,48845.0,Normal
2025-07-24,AST027,78984.0,High
2025-07-24,AST029,43074.0,Low
2025-07-24,AST030,82301.67,High
2025-07-25,AST003,43661.33,Low
2025-07-25,AST006,52733.0,Normal
2025-07-25,AST007,71263.0,High
2025-07-25,AST008,32634.0,Low
2025-07-25,AST012,53318.0,Normal
2025-07-25,AST016,40573.0,Low
2025-07-25,AST018,72294.0,High
2025-07-25,AST019,29849.0,Low
2025-07-25,AST021,66130.0,Normal
2025-07-25,AST022,36616.0,Low
2025-07-25,AST025,56792.5,Normal
2025-07-25,AST027,82615.0,High
2025-07-25,AST029,42411.0,Low
2025-07-25,AST030,89860.0,High
2025-07-26,AST003,44885.0,Low
2025-07-26,AST006,54243.5,Normal
2025-07-26,AST008,37815.0,Low
2025-07-26,AST010,30432.0,Low
2025-07-26,AST014,55493.0,Normal
2025-07-26,AST015,26554.0,Low
2025-07-26,AST016,37654.0,Low
2025-07-26,AST019,31768.0,Low
2025-07-26,AST023,49069.0,Normal
2025-07-26,AST026,68130.0,Normal
2025-07-26,AST027,85134.0,High
2025-07-26,AST029,41594.0,Low
2025-07-26,AST030,79602.0,High
2025-07-27,AST001,41559.0,Low
2025-07-27,AST002,30506.0,Low
2025-07-27,AST003,44334.5,Low
2025-07-27,AST004,69518.0,Normal
2025-07-27,AST005,44988.0,Low
2025-07-27,AST008,30314.0,Low
2025-07-27,AST009,43513.0,Low
2025-07-27,AST013,57707.0,Normal
2025-07-27,AST015,28154.0,Low
2025-07-27,AST019,28295.0,Low
2025-07-27,AST021,69122.0,Normal
2025-07-27,AST022,36454.0,Low
2025-07-27,AST023,48671.0,Normal
2025-07-27,AST025,57846.0,Normal
2025-07-27,AST030,85912.0,High
2025-07-28,AST001,43050.0,Low
2025-07-28,AST004,67193.0,Normal
2025-07-28,AST008,33503.0,Low
2025-07-28,AST009,46466.33,Normal
2025-07-28,AST010,31396.0,Low
2025-07-28,AST011,81411.0,High
2025-07-28,AST013,67826.0,High
2025-07-28,AST014,66291.0,Normal
2025-07-28,AST015,29982.0,Low
2025-07-28,AST016,41886.0,Low
2025-07-28,AST019,32404.0,Low
2025-07-28,AST020,54764.0,Normal
2025-07-28,AST021,70015.0,High
2025-07-28,AST024,49184.0,Normal
2025-07-28,AST025,59120.0,Normal
2025-07-28,AST027,85587.0,High
2025-07-28,AST029,43741.0,Low
2025-07-28,AST030,76403.0,High
2025-07-29,AST001,38348.0,Low
2025-07-29,AST003,42359.33,Low
2025-07-29,AST005,47800.0,Normal
2025-07-29,AST006,55598.5,Normal
2025-07-29,AST007,69195.0,Normal
2025-07-29,AST012,56680.0,Normal
2025-07-29,AST015,26586.0,Low
2025-07-29,AST017,75061.0,High
2025-07-29,AST018,76684.0,High
2025-07-29,AST020,57825.5,Normal
2025-07-29,AST021,67958.0,Normal
2025-07-29,AST024,52210.0,Normal
2025-07-29,AST025,62751.0,Normal
2025-07-29,AST028,75054.0,High
2025-07-29,AST029,42400.0,Low
2025-07-29,AST030,82359.5,High
2025-07-30,AST003,42555.0,Low
2025-07-30,AST004,69855.0,Normal
2025-07-30,AST005,47501.0,Normal
2025-07-30,AST006,52969.0,Normal
2025-07-30,AST011,83307.0,High
2025-07-30,AST015,27790.0,Low
2025-07-30,AST016,41352.0,Low
2025-07-30,AST017,72020.0,High
2025-07-30,AST020,52653.0,Normal
2025-07-30,AST021,62238.0,Normal
2025-07-30,AST022,37378.0,Low
2025-07-30,AST023,40531.0,Low
2025-07-30,AST024,49156.5,Normal
2025-07-30,AST025,56901.0,Normal
2025-07-30,AST026,65157.0,Normal
2025-07-30,AST027,77038.67,High
2025-07-30,AST028,74541.5,High
2025-07-30,AST029,40309.0,Low
2025-07-31,AST002,29362.5,Low
2025-07-31,AST005,51842.0,Normal
2025-07-31,AST007,72368.5,High
2025-07-31,AST010,27291.0,Low
2025-07-31,AST013,63191.0,Normal
2025-07-31,AST015,28397.5,Low
2025-07-31,AST016,36448.0,Low
2025-07-31,AST017,72961.0,High
2025-07-31,AST018,81348.0,High
2025-07-31,AST020,52082.0,Normal
2025-07-31,AST021,64777.0,Normal
2025-07-31,AST022,35679.5,Low
2025-07-31,AST023,45168.0,Low
2025-07-31,AST024,44124.0,Low
2025-07-31,AST026,67350.0,Normal
2025-07-31,AST028,82680.2,High
2025-08-01,AST001,37807.33,Low
2025-08-01,AST004,70243.0,High
2025-08-01,AST005,44665.0,Low
2025-08-01,AST008,29956.5,Low
2025-08-01,AST011,81274.0,High
2025-08-01,AST012,53023.0,Normal
2025-08-01,AST014,56261.5,Normal
2025-08-01,AST015,27577.0,Low
2025-08-01,AST016,41717.0,Low
2025-08-01,AST017,66519.0,Normal
2025-08-01,AST018,79692.0,High
2025-08-01,AST020,51251.0,Normal
2025-08-01,AST021,67281.0,Normal
2025-08-01,AST023,47305.0,Normal
2025-08-01,AST024,48229.0,Normal
2025-08-01,AST026,68353.0,Normal
2025-08-01,AST027,80312.33,High
2025-08-01,AST028,79326.0,High
2025-08-02,AST001,39417.33,Low
2025-08-02,AST002,34997.0,Low
2025-08-02,AST004,71896.5,High
2025-08-02,AST005,49576.0,Normal
2025-08-02,AST006,52653.0,Normal
2025-08-02,AST007,71538.5,High
2025-08-02,AST010,31290.0,Low
2025-08-02,AST011,80477.0,High
2025-08-02,AST014,56435.0,Normal
2025-08-02,AST016,42357.0,Low
2025-08-02,AST017,67893.0,Normal
2025-08-02,AST018,76765.0,High
2025-08-02,AST019,30252.0,Low
2025-08-02,AST020,55750.0,Normal
2025-08-02,AST021,63012.0,Normal
2025-08-02,AST025,56610.5,Normal
2025-08-02,AST026,62024.0,Normal
2025-08-02,AST027,80513.0,High
2025-08-02,AST029,43065.67,Low
2025-08-02,AST030,82815.0,High
2025-08-03,AST001,37812.0,Low
2025-08-03,AST003,38952.0,Low
2025-08-03,AST007,74663.0,High
2025-08-03,AST009,43411.0,Low
2025-08-03,AST010,27339.0,Low
2025-08-03,AST012,48953.0,Normal
2025-08-03,AST013,64535.5,Normal
2025-08-03,AST017,75941.0,High
2025-08-03,AST019,27743.0,Low
2025-08-03,AST022,37197.0,Low
2025-08-03,AST025,60310.0,Normal
2025-08-03,AST026,63913.0,Normal
2025-08-04,AST001,36577.0,Low
2025-08-04,AST002,30142.0,Low
2025-08-04,AST003,38143.0,Low
2025-08-04,AST004,69055.0,Normal
2025-08-04,AST006,51630.5,Normal
2025-08-04,AST008,31209.0,Low
2025-08-04,AST009,45852.67,Normal
2025-08-04,AST012,53187.0,Normal
2025-08-04,AST013,59498.0,Normal
2025-08-04,AST014,57888.0,Normal
2025-08-04,AST015,28223.0,Low
2025-08-04,AST016,35795.0,Low
2025-08-04,AST017,73123.5,High
2025-08-04,AST018,76524.0,High
2025-08-04,AST020,49442.0,Normal
2025-08-04,AST024,46512.0,Normal
2025-08-04,AST026,65347.67,Normal
2025-08-04,AST027,78353.0,High
2025-08-05,AST001,38023.0,Low
2025-08-05,AST003,38902.0,Low
2025-08-05,AST005,46308.0,Normal
2025-08-05,AST006,56747.0,Normal
2025-08-05,AST007,64576.0,Normal
2025-08-05,AST009,45082.0,Low
2025-08-05,AST010,29755.0,Low
2025-08-05,AST011,92498.0,High
2025-08-05,AST012,50864.0,Normal
2025-08-05,AST013,57349.0,Normal
2025-08-05,AST015,26097.0,Low
2025-08-05,AST016,42360.0,Low
2025-08-05,AST018,74630.0,High
2025-08-05,AST019,30283.0,Low
2025-08-05,AST021,67351.0,Normal
2025-08-05,AST023,42917.5,Low
2025-08-05,AST026,60412.0,Normal
2025-08-05,AST029,39914.0,Low
2025-08-05,AST030,78592.0,High
2025-08-06,AST001,36921.0,Low
2025-08-06,AST002,31116.0,Low
2025-08-06,AST004,72890.0,High
2025-08-06,AST006,55152.0,Normal
2025-08-06,AST007,63586.0,Normal
2025-08-06,AST009,44677.0,Low
2025-08-06,AST011,84417.0,High
2025-08-06,AST012,49919.0,Normal
2025-08-06,AST016,43572.0,Low
2025-08-06,AST019,31368.0,Low
2025-08-06,AST020,51469.5,Normal
2025-08-06,AST021,69565.5,High
2025-08-06,AST023,43963.0,Low
2025-08-06,AST025,55378.0,Normal
2025-08-06,AST026,62796.0,Normal
2025-08-06,AST028,80611.0,High
2025-08-06,AST029,43628.0,Low
2025-08-07,AST002,30514.0,Low
2025-08-07,AST004,73457.5,High
2025-08-07,AST006,54466.0,Normal
2025-08-07,AST007,76043.0,High
2025-08-07,AST008,28545.0,Low
2025-08-07,AST009,46188.5,Normal
2025-08-07,AST011,84512.0,High
2025-08-07,AST012,44881.0,Low
2025-08-07,AST013,62713.0,Normal
2025-08-07,AST022,35070.5,Low
2025-08-07,AST023,43208.0,Low
2025-08-07,AST026,72851.0,High
2025-08-07,AST029,42014.0,Low
2025-08-08,AST001,42770.0,Low
2025-08-08,AST002,31805.0,Low
2025-08-08,AST003,37791.0,Low
2025-08-08,AST004,65856.0,Normal
2025-08-08,AST005,48334.0,Normal
2025-08-08,AST008,33388.0,Low
2025-08-08,AST010,29334.0,Low
2025-08-08,AST012,52673.0,Normal
2025-08-08,AST014,59395.0,Normal
2025-08-08,AST016,43510.0,Low
2025-08-08,AST017,70188.5,High
2025-08-08,AST018,74579.0,High
2025-08-08,AST019,31092.0,Low
2025-08-08,AST020,50446.0,Normal
2025-08-08,AST023,41218.0,Low
2025-08-08,AST024,48330.0,Normal
2025-08-08,AST027,78288.0,High
2025-08-08,AST028,76608.0,High
2025-08-08,AST030,80806.0,High
2025-08-09,AST002,30511.0,Low
2025-08-09,AST005,50337.5,Normal
2025-08-09,AST007,66709.0,Normal
2025-08-09,AST008,32469.0,Low
2025-08-09,AST009,46922.0,Normal
2025-08-09,AST013,63506.0,Normal
2025-08-09,AST014,57272.0,Normal
2025-08-09,AST015,26553.0,Low
2025-08-09,AST016,38923.0,Low
2025-08-09,AST017,76360.0,High
2025-08-09,AST018,75700.0,High
2025-08-09,AST019,30783.0,Low
2025-08-09,AST023,44230.0,Low
2025-08-09,AST024,49050.0,Normal
2025-08-09,AST026,68116.0,Normal
2025-08-09,AST029,44472.0,Low
2025-08-09,AST030,88426.0,High
2025-08-10,AST003,38113.0,Low
2025-08-10,AST004,75929.0,High
2025-08-10,AST005,47472.0,Normal
2025-08-10,AST006,54975.0,Normal
2025-08-10,AST007,74471.0,High
2025-08-10,AST012,53184.0,Normal
2025-08-10,AST013,58113.0,Normal
2025-08-10,AST015,28148.0,Low
2025-08-10,AST016,39969.5,Low
2025-08-10,AST018,70599.0,High
2025-08-10,AST019,30753.0,Low
2025-08-10,AST024,49750.75,Normal
2025-08-10,AST025,64676.0,Normal
2025-08-11,AST002,32146.0,Low
2025-08-11,AST003,43002.0,Low
2025-08-11,AST004,75709.0,High
2025-08-11,AST007,75556.0,High
2025-08-11,AST008,31689.0,Low
2025-08-11,AST010,29657.0,Low
2025-08-11,AST011,77646.5,High
2025-08-11,AST013,62148.0,Normal
2025-08-11,AST014,55510.0,Normal
2025-08-11,AST015,28719.0,Low
2025-08-11,AST023,41242.5,Low
2025-08-11,AST025,57855.0,Normal
2025-08-11,AST026,62773.0,Normal
2025-08-11,AST028,77959.0,High
2025-08-12,AST003,38296.0,Low
2025-08-12,AST004,69317.5,High
2025-08-12,AST008,32391.0,Low
2025-08-12,AST011,77107.0,High
2025-08-12,AST012,48821.0,Normal
2025-08-12,AST013,59035.0,Normal
2025-08-12,AST017,76243.0,High
2025-08-12,AST019,31511.5,Low
2025-08-12,AST021,69015.0,Normal
2025-08-12,AST022,35422.0,Low
2025-08-12,AST025,59365.0,Normal
2025-08-12,AST028,77860.0,High
2025-08-12,AST030,75426.0,High
2025-08-13,AST001,39393.0,Low
2025-08-13,AST002,32291.0,Low
2025-08-13,AST004,72523.33,High
2025-08-13,AST005,46410.0,Normal
2025-08-13,AST006,53558.0,Normal
2025-08-13,AST009,48615.0,Normal
2025-08-13,AST010,27001.0,Low
2025-08-13,AST011,86614.0,High
2025-08-13,AST013,62830.0,Normal
2025-08-13,AST015,27425.0,Low
2025-08-13,AST017,82143.0,High
2025-08-13,AST018,78046.0,High
2025-08-13,AST019,31698.0,Low
2025-08-13,AST020,54163.5,Normal
2025-08-13,AST021,75070.0,High
2025-08-13,AST023,42292.0,Low
2025-08-13,AST024,48818.0,Normal
2025-08-13,AST025,55057.5,Normal
2025-08-13,AST027,82292.0,High
2025-08-13,AST028,71528.0,High
2025-08-13,AST030,83139.0,High
2025-08-14,AST002,28956.0,Low
2025-08-14,AST004,66493.0,Normal
2025-08-14,AST005,47963.0,Normal
2025-08-14,AST006,56643.0,Normal
2025-08-14,AST009,45022.0,Normal
2025-08-14,AST012,51444.0,Normal
2025-08-14,AST013,61111.0,Normal
2025-08-14,AST018,79724.5,High
2025-08-14,AST019,28538.0,Low
2025-08-14,AST020,49506.67,Normal
2025-08-14,AST021,66999.0,Normal
2025-08-14,AST023,40819.0,Low
2025-08-14,AST025,55569.0,Normal
2025-08-14,AST027,79246.0,High
2025-08-14,AST028,86526.0,High
2025-08-14,AST030,78795.5,High
2025-08-15,AST002,32513.0,Low
2025-08-15,AST012,54782.0,Normal
2025-08-15,AST013,58957.0,Normal
2025-08-15,AST016,39892.0,Low
2025-08-15,AST018,82085.0,High
2025-08-15,AST022,36362.0,Low
2025-08-15,AST023,47031.0,Normal
2025-08-15,AST025,58867.0,Normal
2025-08-15,AST028,77615.0,High
2025-08-16,AST002,31466.0,Low
2025-08-16,AST003,40041.0,Low
2025-08-16,AST004,76108.0,High
2025-08-16,AST005,44545.0,Low
2025-08-16,AST006,59840.0,Normal
2025-08-16,AST007,72679.67,High
2025-08-16,AST008,34855.0,Low
2025-08-16,AST010,30624.0,Low
2025-08-16,AST011,80534.0,High
2025-08-16,AST012,53929.0,Normal
2025-08-16,AST013,60346.0,Normal
2025-08-16,AST014,57006.0,Normal
2025-08-16,AST015,27606.0,Low
2025-08-16,AST016,38235.4,Low
2025-08-16,AST017,73771.0,High
2025-08-16,AST019,25955.0,Low
2025-08-16,AST020,51305.5,Normal
2025-08-16,AST021,69224.0,Normal
2025-08-16,AST022,33964.5,Low
2025-08-16,AST025,57176.5,Normal
2025-08-16,AST027,76363.33,High
2025-08-16,AST028,80566.5,High
2025-08-16,AST029,42720.0,Low
2025-08-17,AST001,38803.0,Low
2025-08-17,AST002,32899.0,Low
2025-08-17,AST003,42351.0,Low
2025-08-17,AST007,68902.0,Normal
2025-08-17,AST009,42022.0,Low
2025-08-17,AST012,54757.0,Normal
2025-08-17,AST013,64761.0,Normal
2025-08-17,AST014,53030.0,Normal
2025-08-17,AST015,27430.0,Low
2025-08-17,AST016,38761.0,Low
2025-08-17,AST017,75990.0,High
2025-08-17,AST018,74859.0,High
2025-08-17,AST019,29565.0,Low
2025-08-17,AST020,50784.33,Normal
2025-08-17,AST024,46732.0,Normal
2025-08-17,AST025,55777.0,Normal
2025-08-17,AST026,66453.0,Normal
2025-08-17,AST027,74185.0,High
2025-08-17,AST030,78348.0,High
2025-08-18,AST002,33782.0,Low
2025-08-18,AST004,68338.5,Normal
2025-08-18,AST008,34008.0,Low
2025-08-18,AST009,48496.0,Normal
2025-08-18,AST010,30933.0,Low
2025-08-18,AST016,37708.0,Low
2025-08-18,AST019,27146.0,Low
2025-08-18,AST020,49790.0,Normal
2025-08-18,AST021,74485.0,High
2025-08-18,AST024,46146.0,Normal
2025-08-18,AST025,58405.0,Normal
2025-08-18,AST026,65780.0,Normal
2025-08-18,AST027,80962.0,High
2025-08-18,AST028,81749.0,High
2025-08-18,AST030,80025.5,High
2025-08-19,AST001,35942.0,Low
2025-08-19,AST004,67596.0,Normal
2025-08-19,AST006,59186.0,Normal
2025-08-19,AST009,45202.0,Normal
2025-08-19,AST010,28178.0,Low
2025-08-19,AST011,81981.0,High
2025-08-19,AST012,54834.0,Normal
2025-08-19,AST013,62363.0,Normal
2025-08-19,AST016,41630.0,Low
2025-08-19,AST017,71203.0,High
2025-08-19,AST018,76461.0,High
2025-08-19,AST020,52036.0,Normal
2025-08-19,AST021,63778.0,Normal
2025-08-19,AST023,41453.0,Low
2025-08-19,AST025,57708.5,Normal
2025-08-19,AST028,77027.67,High
2025-08-19,AST030,78114.67,High
2025-08-20,AST001,38245.0,Low
2025-08-20,AST002,30725.0,Low
2025-08-20,AST004,69437.0,Normal
2025-08-20,AST005,48086.33,Normal
2025-08-20,AST007,71535.0,High
2025-08-20,AST009,42420.5,Low
2025-08-20,AST012,55716.0,Normal
2025-08-20,AST014,57588.0,Normal
2025-08-20,AST015,28075.25,Low
2025-08-20,AST018,80117.0,High
2025-08-20,AST019,29671.0,Low
2025-08-20,AST020,56854.0,Normal
2025-08-20,AST022,32910.0,Low
2025-08-20,AST029,43255.0,Low
2025-08-21,AST001,38894.33,Low
2025-08-21,AST002,30343.0,Low
2025-08-21,AST004,74488.0,High
2025-08-21,AST007,72684.0,High
2025-08-21,AST008,28901.5,Low
2025-08-21,AST009,45263.0,Normal
2025-08-21,AST010,28486.25,Low
2025-08-21,AST011,82385.0,High
2025-08-21,AST013,60431.0,Normal
2025-08-21,AST014,56043.0,Normal
2025-08-21,AST016,36989.5,Low
2025-08-21,AST017,62422.0,Normal
2025-08-21,AST020,54877.0,Normal
2025-08-21,AST021,66576.0,Normal
2025-08-21,AST024,48136.0,Normal
2025-08-21,AST025,54774.0,Normal
2025-08-21,AST026,65481.0,Normal
2025-08-21,AST027,73804.0,High
2025-08-21,AST029,41093.0,Low
2025-08-22,AST001,37183.0,Low
2025-08-22,AST004,70895.0,High
2025-08-22,AST007,71773.5,High
2025-08-22,AST010,28883.0,Low
2025-08-22,AST011,82030.0,High
2025-08-22,AST015,28297.0,Low
2025-08-22,AST016,40227.0,Low
2025-08-22,AST017,72812.0,High
2025-08-22,AST019,29497.0,Low
2025-08-22,AST020,51572.0,Normal
2025-08-22,AST022,33654.0,Low
2025-08-22,AST023,44474.0,Low
2025-08-22,AST025,56931.67,Normal
2025-08-22,AST028,82043.0,High
2025-08-22,AST029,41336.0,Low
2025-08-22,AST030,77629.0,High
2025-08-23,AST002,32527.0,Low
2025-08-23,AST005,46977.0,Normal
2025-08-23,AST006,58647.0,Normal
2025-08-23,AST007,70891.0,High
2025-08-23,AST008,31591.0,Low
2025-08-23,AST009,45161.0,Normal
2025-08-23,AST010,31531.0,Low
2025-08-23,AST014,54916.0,Normal
2025-08-23,AST017,74234.0,High
2025-08-23,AST018,80207.0,High
2025-08-23,AST019,29360.0,Low
2025-08-23,AST020,54192.0,Normal
2025-08-23,AST021,69435.0,Normal
2025-08-23,AST023,42754.0,Low
2025-08-23,AST025,56145.0,Normal
2025-08-23,AST026,58483.0,Normal
2025-08-23,AST027,81792.5,High
2025-08-23,AST028,80118.0,High
2025-08-24,AST004,73789.0,High
2025-08-24,AST005,44562.0,Low
2025-08-24,AST006,51787.0,Normal
2025-08-24,AST007,67847.5,High
2025-08-24,AST009,45311.0,Normal
2025-08-24,AST010,27813.0,Low
2025-08-24,AST011,91870.0,High
2025-08-24,AST012,54659.0,Normal
2025-08-24,AST013,56897.0,Normal
2025-08-24,AST014,63619.0,Normal
2025-08-24,AST015,29756.0,Low
2025-08-24,AST018,79353.0,High
2025-08-24,AST023,42691.0,Low
2025-08-24,AST025,61344.0,Normal
2025-08-24,AST029,41485.0,Low
2025-08-25,AST002,32751.0,Low
2025-08-25,AST003,36617.0,Low
2025-08-25,AST005,49727.5,Normal
2025-08-25,AST009,44132.5,Low
2025-08-25,AST013,59506.0,Normal
2025-08-25,AST017,78922.0,High
2025-08-25,AST020,54660.0,Normal
2025-08-25,AST021,67999.5,High
2025-08-25,AST024,51784.0,Normal
2025-08-25,AST025,56483.0,Normal
2025-08-25,AST026,61801.33,Normal
2025-08-25,AST029,39604.0,Low
2025-08-25,AST030,79293.0,High
2025-08-26,AST001,40498.0,Low
2025-08-26,AST002,31843.0,Low
2025-08-26,AST003,37981.0,Low
2025-08-26,AST005,48319.5,Normal
2025-08-26,AST007,71764.0,High
2025-08-26,AST010,30739.0,Low
2025-08-26,AST013,61910.67,Normal
2025-08-26,AST015,28143.0,Low
2025-08-26,AST016,44156.0,Low
2025-08-26,AST017,70345.5,High
2025-08-26,AST019,29203.0,Low
2025-08-26,AST020,53995.5,Normal
2025-08-26,AST021,65385.0,Normal
2025-08-26,AST022,34041.0,Low
2025-08-26,AST024,49277.0,Normal
2025-08-26,AST025,56739.0,Normal
2025-08-26,AST026,65920.0,Normal
2025-08-26,AST027,77001.0,High
2025-08-26,AST028,85093.0,High
2025-08-26,AST029,40684.67,Low
2025-08-27,AST001,37664.0,Low
2025-08-27,AST002,30967.0,Low
2025-08-27,AST007,81159.5,High
2025-08-27,AST008,31039.0,Low
2025-08-27,AST021,66321.0,Normal
2025-08-27,AST025,54816.0,Normal
2025-08-27,AST026,61830.0,Normal
2025-08-27,AST028,76212.5,High
2025-08-27,AST029,43498.5,Low
2025-08-27,AST030,83464.0,High
2025-08-28,AST001,41601.0,Low
2025-08-28,AST004,68118.0,Normal
2025-08-28,AST005,47607.0,Low
2025-08-28,AST009,42516.0,Low
2025-08-28,AST012,51094.0,Normal
2025-08-28,AST013,64146.0,Normal
2025-08-28,AST014,55773.0,Normal
2025-08-28,AST015,27940.0,Low
2025-08-28,AST016,37202.0,Low
2025-08-28,AST017,78878.5,High
2025-08-28,AST019,30176.0,Low
2025-08-28,AST020,49353.0,Normal
2025-08-28,AST021,67342.0,Normal
2025-08-28,AST022,35468.0,Low
2025-08-28,AST023,43561.0,Low
2025-08-28,AST024,48057.0,Normal
2025-08-28,AST026,66535.5,Normal
2025-08-29,AST001,39690.0,Low
2025-08-29,AST002,31897.0,Low
2025-08-29,AST003,43974.5,Low
2025-08-29,AST004,73753.0,High
2025-08-29,AST006,53368.0,Normal
2025-08-29,AST007,75281.5,High
2025-08-29,AST008,32625.0,Low
2025-08-29,AST009,45495.5,Low
2025-08-29,AST010,28986.0,Low
2025-08-29,AST013,59476.0,Normal
2025-08-29,AST015,26347.0,Low
2025-08-29,AST016,38605.0,Low
2025-08-29,AST017,77894.0,High
2025-08-29,AST024,50378.0,Normal
2025-08-29,AST026,63986.0,Normal
2025-08-29,AST029,40901.0,Low
2025-08-29,AST030,83301.5,High
2025-08-30,AST001,37083.0,Low
2025-08-30,AST003,39975.0,Low
2025-08-30,AST008,31632.0,Low
2025-08-30,AST009,46371.0,Normal
2025-08-30,AST010,30294.0,Low
2025-08-30,AST012,56404.0,Normal
2025-08-30,AST015,27942.0,Low
2025-08-30,AST017,67973.0,Normal
2025-08-30,AST019,28672.0,Low
2025-08-30,AST020,51032.0,Normal
2025-08-30,AST021,67509.5,High
2025-08-30,AST022,38777.0,Low
2025-08-30,AST024,50316.0,Normal
2025-08-30,AST026,66622.0,Normal
2025-08-30,AST027,74881.0,High
2025-08-30,AST029,43649.0,Low
2025-08-30,AST030,78038.0,High
2025-08-31,AST001,35894.67,Low
2025-08-31,AST003,42356.0,Low
2025-08-31,AST005,48687.0,Normal
2025-08-31,AST006,58008.0,Normal
2025-08-31,AST007,68496.5,High
2025-08-31,AST012,51867.0,Normal
2025-08-31,AST013,64132.0,Normal
2025-08-31,AST014,54250.0,Normal
2025-08-31,AST017,73309.0,High
2025-08-31,AST019,28950.5,Low
2025-08-31,AST023,47112.0,Normal
2025-08-31,AST027,83344.0,High
2025-08-31,AST028,78103.0,High
2025-09-01,AST002,28757.5,Low
2025-09-01,AST003,40234.5,Low
2025-09-01,AST005,49123.0,Normal
2025-09-01,AST008,30768.0,Low
2025-09-01,AST009,41309.0,Low
2025-09-01,AST011,81166.67,High
2025-09-01,AST014,56730.0,Normal
2025-09-01,AST015,26792.5,Low
2025-09-01,AST017,67056.0,Normal
2025-09-01,AST018,77533.0,High
2025-09-01,AST024,47041.0,Normal
2025-09-01,AST025,58654.5,Normal
2025-09-01,AST027,79691.0,High
2025-09-01,AST028,77691.33,High
2025-09-01,AST030,79104.0,High
2025-09-02,AST001,35506.5,Low
2025-09-02,AST002,32853.0,Low
2025-09-02,AST005,43419.0,Low
2025-09-02,AST006,53865.0,Normal
2025-09-02,AST010,29726.0,Low
2025-09-02,AST013,60270.0,Normal
2025-09-02,AST015,27123.33,Low
2025-09-02,AST016,37744.5,Low
2025-09-02,AST018,77374.5,High
2025-09-02,AST019,29977.0,Low
2025-09-02,AST020,48747.0,Normal
2025-09-02,AST022,36862.0,Low
2025-09-02,AST023,45022.0,Low
2025-09-02,AST024,49759.0,Normal
2025-09-02,AST026,69445.0,Normal
2025-09-02,AST030,78555.0,High
2025-09-03,AST001,39587.67,Low
2025-09-03,AST002,30283.0,Low
2025-09-03,AST003,39235.0,Low
2025-09-03,AST004,69314.0,Normal
2025-09-03,AST012,49054.0,Normal
2025-09-03,AST014,56612.0,Normal
2025-09-03,AST015,26924.0,Low
2025-09-03,AST017,71147.0,High
2025-09-03,AST018,76867.0,High
2025-09-03,AST019,29568.0,Low
2025-09-03,AST020,52686.0,Normal
2025-09-03,AST022,36002.0,Low
2025-09-03,AST023,43122.0,Low
2025-09-03,AST024,47258.33,Normal
2025-09-03,AST028,75867.0,High
2025-09-03,AST029,38133.0,Low
2025-09-03,AST030,81991.0,High
2025-09-04,AST001,35726.0,Low
2025-09-04,AST002,30997.5,Low
2025-09-04,AST005,45048.5,Low
2025-09-04,AST006,53098.0,Normal
2025-09-04,AST008,29870.0,Low
2025-09-04,AST009,45321.0,Normal
2025-09-04,AST010,29434.0,Low
2025-09-04,AST012,54273.0,Normal
2025-09-04,AST013,58806.5,Normal
2025-09-04,AST014,58488.0,Normal
2025-09-04,AST017,74493.0,High
2025-09-04,AST019,28749.0,Low
2025-09-04,AST020,51077.0,Normal
2025-09-04,AST024,46177.0,Normal
2025-09-04,AST030,80184.0,High
2025-09-05,AST001,36574.5,Low
2025-09-05,AST002,29818.0,Low
2025-09-05,AST006,49862.0,Normal
2025-09-05,AST010,32167.0,Low
2025-09-05,AST011,79477.0,High
2025-09-05,AST013,64322.0,Normal
2025-09-05,AST014,54279.0,Normal
2025-09-05,AST016,40815.5,Low
2025-09-05,AST017,74428.0,High
2025-09-05,AST018,76159.0,High
2025-09-05,AST019,28114.0,Low
2025-09-05,AST020,56904.5,Normal
2025-09-05,AST022,34129.0,Low
2025-09-05,AST023,46865.0,Low
2025-09-05,AST024,46310.0,Normal
2025-09-05,AST025,58842.0,Normal
2025-09-05,AST027,75959.0,High
2025-09-05,AST028,72961.5,High
2025-09-06,AST001,39771.0,Low
2025-09-06,AST003,44221.0,Low
2025-09-06,AST004,71204.0,High
2025-09-06,AST005,48884.0,Normal
2025-09-06,AST007,70540.0,High
2025-09-06,AST008,31471.5,Low
2025-09-06,AST009,43125.0,Low
2025-09-06,AST011,79280.0,High
2025-09-06,AST016,42151.0,Low
2025-09-06,AST017,72182.4,High
2025-09-06,AST018,75380.0,High
2025-09-06,AST019,28561.0,Low
2025-09-06,AST020,48869.0,Normal
2025-09-06,AST021,59856.0,Normal
2025-09-06,AST023,43198.0,Low
2025-09-06,AST025,56439.0,Normal
2025-09-06,AST026,66379.0,Normal
2025-09-06,AST027,76032.0,High
2025-09-06,AST030,81474.0,High
2025-09-07,AST003,38394.0,Low
2025-09-07,AST004,67421.0,Normal
2025-09-07,AST006,56160.0,Normal
2025-09-07,AST007,74426.0,High
2025-09-07,AST008,32220.0,Low
2025-09-07,AST012,51772.75,Normal
2025-09-07,AST015,26844.0,Low
2025-09-07,AST016,37150.0,Low
2025-09-07,AST019,29711.67,Low
2025-09-07,AST020,53556.5,Normal
2025-09-07,AST021,69348.0,Normal
2025-09-07,AST023,42492.5,Low
2025-09-07,AST024,44006.0,Low
2025-09-07,AST027,74352.5,High
2025-09-07,AST028,80057.5,High
2025-09-07,AST029,43796.0,Low
2025-09-07,AST030,85166.0,High
2025-09-08,AST002,31304.5,Low
2025-09-08,AST003,40900.5,Low
2025-09-08,AST004,72742.0,High
2025-09-08,AST007,73069.0,High
2025-09-08,AST008,29795.0,Low
2025-09-08,AST011,82081.0,High
2025-09-08,AST012,53611.0,Normal
2025-09-08,AST014,54663.0,Normal
2025-09-08,AST015,29310.0,Low
2025-09-08,AST017,73608.0,High
2025-09-08,AST018,73590.0,High
2025-09-08,AST025,57564.0,Normal
2025-09-08,AST026,63994.0,Normal
2025-09-08,AST030,79041.0,High
2025-09-09,AST004,75164.0,High
2025-09-09,AST007,73922.0,High
2025-09-09,AST010,28637.25,Low
2025-09-09,AST011,78442.0,High
2025-09-09,AST012,54220.0,Normal
2025-09-09,AST013,60065.0,Normal
2025-09-09,AST014,55570.0,Normal
2025-09-09,AST015,26131.0,Low
2025-09-09,AST018,75849.0,High
2025-09-09,AST021,67032.0,Normal
2025-09-09,AST022,34257.33,Low
2025-09-09,AST023,45765.0,Normal
2025-09-09,AST024,50210.0,Normal
2025-09-09,AST027,77930.0,High
2025-09-10,AST001,39578.0,Low
2025-09-10,AST002,29000.0,Low
2025-09-10,AST004,74904.0,High
2025-09-10,AST006,53692.5,Normal
2025-09-10,AST009,40979.0,Low
2025-09-10,AST012,52350.0,Normal
2025-09-10,AST013,59338.0,Normal
2025-09-10,AST019,31082.0,Low
2025-09-10,AST020,51616.0,Normal
2025-09-10,AST021,60675.0,Normal
2025-09-10,AST024,48878.0,Normal
2025-09-10,AST025,55971.0,Normal
2025-09-10,AST027,77691.0,High
2025-09-10,AST030,81159.0,High
2025-09-11,AST001,35913.0,Low
2025-09-11,AST002,31272.0,Low
2025-09-11,AST004,78921.0,High
2025-09-11,AST005,45709.0,Normal
2025-09-11,AST006,54224.0,Normal
2025-09-11,AST008,32437.0,Low
2025-09-11,AST009,41004.0,Low
2025-09-11,AST011,75723.0,High
2025-09-11,AST013,57602.0,Normal
2025-09-11,AST019,28337.0,Low
2025-09-11,AST021,61724.0,Normal
2025-09-11,AST022,36723.0,Low
2025-09-11,AST023,44162.0,Low
2025-09-11,AST024,49042.5,Normal
2025-09-11,AST026,69506.0,Normal
2025-09-11,AST028,73849.0,High
2025-09-11,AST029,41514.0,Low
2025-09-12,AST001,37098.0,Low
2025-09-12,AST002,30194.5,Low
2025-09-12,AST004,74521.0,High
2025-09-12,AST005,47518.25,Normal
2025-09-12,AST006,50200.0,Normal
2025-09-12,AST012,52602.5,Normal
2025-09-12,AST013,60601.0,Normal
2025-09-12,AST014,53562.0,Normal
2025-09-12,AST016,36798.0,Low
2025-09-12,AST017,66513.0,Normal
2025-09-12,AST020,51496.25,Normal
2025-09-12,AST021,66656.5,Normal
2025-09-12,AST022,36682.0,Low
2025-09-12,AST023,44055.0,Low
2025-09-12,AST027,81869.0,High
2025-09-12,AST029,40288.0,Low
2025-09-12,AST030,79002.33,High
2025-09-13,AST003,38310.0,Low
2025-09-13,AST006,50078.0,Normal
2025-09-13,AST008,29916.0,Low
2025-09-13,AST009,42796.0,Low
2025-09-13,AST010,28799.0,Low
2025-09-13,AST011,72197.0,High
2025-09-13,AST012,55777.0,Normal
2025-09-13,AST013,58991.0,Normal
2025-09-13,AST015,27505.0,Low
2025-09-13,AST016,38176.0,Low
2025-09-13,AST020,51559.0,Normal
2025-09-13,AST021,62135.0,Normal
2025-09-13,AST022,36890.0,Low
2025-09-13,AST025,56518.0,Normal
2025-09-13,AST026,59647.0,Normal
2025-09-13,AST028,68365.0,Normal
2025-09-13,AST029,42055.5,Low
2025-09-13,AST030,77022.5,High
2025-09-14,AST001,39323.0,Low
2025-09-14,AST007,66573.0,Normal
2025-09-14,AST009,43163.0,Low
2025-09-14,AST011,78807.0,High
2025-09-14,AST012,48949.0,Normal
2025-09-14,AST014,57152.0,Normal
2025-09-14,AST017,73053.0,High
2025-09-14,AST018,72711.0,High
2025-09-14,AST019,28512.0,Low
2025-09-14,AST020,49776.0,Normal
2025-09-14,AST021,59894.0,Normal
2025-09-14,AST027,76738.5,High
2025-09-14,AST028,76931.0,High
2025-09-14,AST029,40735.0,Low
2025-09-14,AST030,82702.0,High
2025-09-15,AST002,30585.0,Low
2025-09-15,AST003,44193.5,Low
2025-09-15,AST004,63019.0,Normal
2025-09-15,AST009,43442.0,Low
2025-09-15,AST010,28138.5,Low
2025-09-15,AST014,57171.0,Normal
2025-09-15,AST017,75376.0,High
2025-09-15,AST018,74220.0,High
2025-09-15,AST019,29750.0,Low
2025-09-15,AST021,65844.0,Normal
2025-09-15,AST023,44235.0,Low
2025-09-15,AST024,48423.0,Normal
2025-09-15,AST026,60715.5,Normal
2025-09-15,AST027,83868.0,High
2025-09-16,AST004,70031.0,High
2025-09-16,AST005,45205.0,Normal
2025-09-16,AST006,53055.0,Normal
2025-09-16,AST007,67871.0,Normal
2025-09-16,AST008,33195.0,Low
2025-09-16,AST009,42616.0,Low
2025-09-16,AST011,76940.0,High
2025-09-16,AST012,53326.0,Normal
2025-09-16,AST013,56703.0,Normal
2025-09-16,AST014,59811.0,Normal
2025-09-16,AST017,73650.75,High
2025-09-16,AST018,77464.0,High
2025-09-16,AST019,30297.5,Low
2025-09-16,AST020,53260.5,Normal
2025-09-16,AST023,40374.0,Low
2025-09-16,AST027,81848.5,High
2025-09-16,AST029,43215.0,Low
2025-09-16,AST030,78678.0,High
2025-09-17,AST002,32791.0,Low
2025-09-17,AST004,71906.0,High
2025-09-17,AST005,50032.0,Normal
2025-09-17,AST006,53615.0,Normal
2025-09-17,AST008,33662.0,Low
2025-09-17,AST009,43459.0,Low
2025-09-17,AST012,51823.5,Normal
2025-09-17,AST018,78426.0,High
2025-09-17,AST021,65383.0,Normal
2025-09-17,AST022,33731.0,Low
2025-09-17,AST024,48949.0,Normal
2025-09-17,AST026,60164.0,Normal
2025-09-17,AST027,80424.75,High
2025-09-17,AST028,73237.0,High
2025-09-17,AST030,76200.0,High
2025-09-18,AST003,41785.0,Low
2025-09-18,AST004,72531.0,High
2025-09-18,AST005,47966.0,Normal
2025-09-18,AST006,51932.0,Normal
2025-09-18,AST008,30510.0,Low
2025-09-18,AST009,43167.0,Low
2025-09-18,AST012,51154.0,Normal
2025-09-18,AST013,57908.0,Normal
2025-09-18,AST014,63651.0,Normal
2025-09-18,AST016,40585.5,Low
2025-09-18,AST017,72120.0,High
2025-09-18,AST018,73128.0,High
2025-09-18,AST019,30176.0,Low
2025-09-18,AST021,64445.0,Normal
2025-09-18,AST024,50151.0,Normal
2025-09-18,AST026,67201.0,Normal
2025-09-18,AST027,76204.0,High
2025-09-18,AST029,43477.0,Low
2025-09-18,AST030,90955.0,High
2025-09-19,AST001,37243.0,Low
2025-09-19,AST005,48632.0,Normal
2025-09-19,AST006,57075.0,Normal
2025-09-19,AST009,47585.33,Normal
2025-09-19,AST010,28796.0,Low
2025-09-19,AST011,77051.0,High
2025-09-19,AST014,52849.0,Normal
2025-09-19,AST016,40730.0,Low
2025-09-19,AST020,55593.0,Normal
2025-09-19,AST021,63228.5,Normal
2025-09-19,AST022,32902.0,Low
2025-09-19,AST024,45972.0,Normal
2025-09-19,AST025,53174.0,Normal
2025-09-19,AST026,59788.0,Normal
2025-09-19,AST027,74587.0,High
2025-09-19,AST030,68172.0,Normal
2025-09-20,AST001,38330.0,Low
2025-09-20,AST002,28943.0,Low
2025-09-20,AST004,65777.0,Normal
2025-09-20,AST008,31848.5,Low
2025-09-20,AST012,56268.0,Normal
2025-09-20,AST013,63417.5,Normal
2025-09-20,AST015,28493.0,Low
2025-09-20,AST017,75384.0,High
2025-09-20,AST018,72015.0,High
2025-09-20,AST020,52677.0,Normal
2025-09-20,AST021,64758.67,Normal
2025-09-20,AST022,36031.0,Low
2025-09-20,AST023,40607.5,Low
2025-09-20,AST024,43197.5,Low
2025-09-20,AST025,57741.5,Normal
2025-09-20,AST027,77137.5,High
2025-09-20,AST028,73665.0,High
2025-09-21,AST001,39061.0,Low
2025-09-21,AST006,58354.0,Normal
2025-09-21,AST011,85426.0,High
2025-09-21,AST012,50620.0,Normal
2025-09-21,AST013,64390.0,Normal
2025-09-21,AST018,74161.0,High
2025-09-21,AST019,29096.0,Low
2025-09-21,AST021,64457.0,Normal
2025-09-21,AST022,34259.0,Low
2025-09-21,AST025,56864.0,Normal
2025-09-21,AST029,40697.0,Low
2025-09-21,AST030,84592.0,High
2025-09-22,AST002,33160.0,Low
2025-09-22,AST004,69733.0,Normal
2025-09-22,AST006,53742.0,Normal
2025-09-22,AST007,72099.0,High
2025-09-22,AST011,71880.0,High
2025-09-22,AST013,59443.0,Normal
2025-09-22,AST014,55594.0,Normal
2025-09-22,AST016,37962.67,Low
2025-09-22,AST017,65561.0,Normal
2025-09-22,AST018,74010.0,High
2025-09-22,AST023,43592.0,Low
2025-09-22,AST029,40563.0,Low
2025-09-23,AST003,43429.0,Low
2025-09-23,AST006,51719.67,Normal
2025-09-23,AST008,31846.0,Low
2025-09-23,AST011,89750.0,High
2025-09-23,AST012,55207.0,Normal
2025-09-23,AST013,60941.0,Normal
2025-09-23,AST020,51400.5,Normal
2025-09-23,AST023,40347.0,Low
2025-09-23,AST024,44600.0,Low
2025-09-23,AST027,77996.33,High
2025-09-23,AST029,40139.0,Low
2025-09-23,AST030,75015.0,High
2025-09-24,AST003,39855.0,Low
2025-09-24,AST004,77694.0,High
2025-09-24,AST006,50474.0,Normal
2025-09-24,AST009,45575.0,Normal
2025-09-24,AST011,74982.0,High
2025-09-24,AST015,27480.0,Low
2025-09-24,AST017,69050.0,Normal
2025-09-24,AST019,28692.0,Low
2025-09-24,AST030,79417.67,High
2025-09-25,AST001,40601.0,Low
2025-09-25,AST002,31334.0,Low
2025-09-25,AST004,71260.5,High
2025-09-25,AST005,46139.0,Normal
2025-09-25,AST006,52115.0,Normal
2025-09-25,AST007,70885.0,High
2025-09-25,AST008,29874.0,Low
2025-09-25,AST010,29329.0,Low
2025-09-25,AST011,83156.0,High
2025-09-25,AST014,56878.67,Normal
2025-09-25,AST015,29234.5,Low
2025-09-25,AST016,38740.67,Low
2025-09-25,AST017,72407.0,High
2025-09-25,AST018,72682.33,High
2025-09-25,AST019,29262.5,Low
2025-09-25,AST022,31931.0,Low
2025-09-25,AST027,83792.0,High
2025-09-25,AST028,77071.5,High
2025-09-26,AST001,36377.0,Low
2025-09-26,AST002,32628.0,Low
2025-09-26,AST003,43237.0,Low
2025-09-26,AST004,66443.0,Normal
2025-09-26,AST008,32873.0,Low
2025-09-26,AST009,42082.5,Low
2025-09-26,AST013,57349.5,Normal
2025-09-26,AST014,59784.0,Normal
2025-09-26,AST016,43148.0,Low
2025-09-26,AST017,72541.0,High
2025-09-26,AST020,49154.0,Normal
2025-09-26,AST021,61154.0,Normal
2025-09-26,AST022,34266.0,Low
2025-09-26,AST026,65688.0,Normal
2025-09-26,AST027,79250.0,High
2025-09-26,AST028,71393.0,High
2025-09-26,AST030,80533.0,High
2025-09-27,AST001,35748.0,Low
2025-09-27,AST002,30332.0,Low
2025-09-27,AST004,66139.0,Normal
2025-09-27,AST007,82338.0,High
2025-09-27,AST009,44170.0,Low
2025-09-27,AST011,80130.0,High
2025-09-27,AST012,52718.0,Normal
2025-09-27,AST016,38447.0,Low
2025-09-27,AST019,31889.0,Low
2025-09-27,AST020,51221.0,Normal
2025-09-27,AST021,60803.0,Normal
2025-09-27,AST022,33748.0,Low
2025-09-27,AST023,43252.0,Low
2025-09-27,AST025,54571.0,Normal
2025-09-27,AST027,75249.5,High
2025-09-27,AST028,73755.0,High
2025-09-27,AST030,79298.0,High
2025-09-28,AST002,28763.0,Low
2025-09-28,AST004,68002.5,High
2025-09-28,AST006,50860.0,Normal
2025-09-28,AST014,54791.0,Normal
2025-09-28,AST015,25350.0,Low
2025-09-28,AST019,30837.0,Low
2025-09-28,AST020,56239.0,Normal
2025-09-28,AST021,64223.0,Normal
2025-09-28,AST022,35209.4,Low
2025-09-28,AST025,56092.0,Normal
2025-09-28,AST027,73151.0,High
2025-09-28,AST028,84916.0,High
2025-09-28,AST029,42827.0,Low
2025-09-29,AST002,28880.0,Low
2025-09-29,AST004,69224.5,High
2025-09-29,AST008,32880.0,Low
2025-09-29,AST009,41499.0,Low
2025-09-29,AST013,59364.0,Normal
2025-09-29,AST014,53161.0,Normal
2025-09-29,AST017,77184.0,High
2025-09-29,AST018,80687.0,High
2025-09-29,AST019,29550.0,Low
2025-09-29,AST022,33989.0,Low
2025-09-29,AST023,42815.0,Low
2025-09-29,AST024,47814.0,Normal
2025-09-29,AST025,54764.0,Normal
2025-09-29,AST027,74287.0,High
2025-09-29,AST029,38054.0,Low
2025-09-29,AST030,82942.0,High
2025-09-30,AST002,28528.0,Low
2025-09-30,AST003,42572.0,Low
2025-09-30,AST007,71796.0,High
2025-09-30,AST008,31262.0,Low
2025-09-30,AST011,78840.0,High
2025-09-30,AST015,26512.0,Low
2025-09-30,AST019,30044.5,Low
2025-09-30,AST020,52749.0,Normal
2025-09-30,AST021,64326.25,Normal
2025-09-30,AST023,39233.0,Low
2025-09-30,AST024,44705.0,Low
2025-09-30,AST025,55674.0,Normal
2025-09-30,AST026,61787.5,Normal
2025-09-30,AST027,82888.0,High
2025-09-30,AST029,41484.5,Low
2025-10-01,AST001,37290.0,Low
2025-10-01,AST003,39433.0,Low
2025-10-01,AST004,67345.0,Normal
2025-10-01,AST007,71227.0,High
2025-10-01,AST009,39748.0,Low
2025-10-01,AST010,29600.0,Low
2025-10-01,AST011,82886.0,High
2025-10-01,AST012,53941.0,Normal
2025-10-01,AST013,61594.0,Normal
2025-10-01,AST014,56968.0,Normal
2025-10-01,AST015,25535.0,Low
2025-10-01,AST020,51533.0,Normal
2025-10-01,AST021,70285.0,High
2025-10-01,AST022,35463.0,Low
2025-10-01,AST023,48517.0,Normal
2025-10-01,AST025,56721.0,Normal
2025-10-01,AST027,79661.0,High
2025-10-01,AST028,79875.25,High
2025-10-01,AST029,44553.0,Low
2025-10-01,AST030,79454.0,High
2025-10-02,AST001,33944.5,Low
2025-10-02,AST005,45575.0,Normal
2025-10-02,AST007,71356.0,High
2025-10-02,AST009,40893.0,Low
2025-10-02,AST011,80170.0,High
2025-10-02,AST013,64998.0,Normal
2025-10-02,AST014,58303.0,Normal
2025-10-02,AST019,26110.0,Low
2025-10-02,AST020,50589.5,Normal
2025-10-02,AST021,64943.0,Normal
2025-10-02,AST023,40217.0,Low
2025-10-02,AST025,56341.0,Normal
2025-10-02,AST026,60002.0,Normal
2025-10-03,AST001,39527.0,Low
2025-10-03,AST004,74400.0,High
2025-10-03,AST006,53198.5,Normal
2025-10-03,AST008,31382.0,Low
2025-10-03,AST010,31198.0,Low
2025-10-03,AST013,61745.0,Normal
2025-10-03,AST017,70972.0,High
2025-10-03,AST018,70727.0,High
2025-10-03,AST021,66758.67,Normal
2025-10-03,AST022,32941.0,Low
2025-10-03,AST025,58550.0,Normal
2025-10-03,AST026,61381.0,Normal
2025-10-03,AST027,79993.5,High
2025-10-03,AST029,42048.0,Low
2025-10-03,AST030,76810.0,High
2025-10-04,AST001,39739.33,Low
2025-10-04,AST003,42471.0,Low
2025-10-04,AST004,67461.0,Normal
2025-10-04,AST008,32262.0,Low
2025-10-04,AST009,46691.33,Normal
2025-10-04,AST013,61102.0,Normal
2025-10-04,AST014,58058.0,Normal
2025-10-04,AST017,68689.33,Normal
2025-10-04,AST018,76522.0,High
2025-10-04,AST020,51070.0,Normal
2025-10-04,AST021,64177.0,Normal
2025-10-04,AST023,40406.0,Low
2025-10-04,AST024,47249.0,Normal
2025-10-04,AST025,54535.0,Normal
2025-10-04,AST026,62788.0,Normal
2025-10-04,AST027,74050.0,High
2025-10-04,AST029,40325.0,Low
2025-10-05,AST001,35859.0,Low
2025-10-05,AST002,26568.0,Low
2025-10-05,AST003,42790.0,Low
2025-10-05,AST004,64826.0,Normal
2025-10-05,AST007,77281.0,High
2025-10-05,AST008,31086.5,Low
2025-10-05,AST009,39992.0,Low
2025-10-05,AST010,27628.0,Low
2025-10-05,AST011,79441.0,High
2025-10-05,AST013,61166.0,Normal
2025-10-05,AST014,59539.5,Normal
2025-10-05,AST015,25248.0,Low
2025-10-05,AST017,73463.0,High
2025-10-05,AST018,80118.0,High
2025-10-05,AST019,29035.5,Low
2025-10-05,AST020,54047.0,Normal
2025-10-05,AST021,67082.4,Normal
2025-10-05,AST022,32660.0,Low
2025-10-05,AST023,43203.0,Low
2025-10-05,AST025,61338.0,Normal
2025-10-05,AST026,61822.5,Normal
2025-10-05,AST028,81066.0,High
2025-10-06,AST002,31038.33,Low
2025-10-06,AST004,68623.0,High
2025-10-06,AST005,47578.33,Normal
2025-10-06,AST006,52343.5,Normal
2025-10-06,AST008,30541.0,Low
2025-10-06,AST013,58041.0,Normal
2025-10-06,AST015,27112.0,Low
2025-10-06,AST017,69462.5,High
2025-10-06,AST018,76518.0,High
2025-10-06,AST019,28939.0,Low
2025-10-06,AST020,49202.0,Normal
2025-10-06,AST025,53129.5,Normal
2025-10-06,AST026,61405.0,Normal
2025-10-06,AST027,78413.0,High
2025-10-06,AST028,77711.0,High
2025-10-06,AST029,44134.0,Low
2025-10-06,AST030,76370.0,High
2025-10-07,AST005,52966.0,Normal
2025-10-07,AST006,55945.0,Normal
2025-10-07,AST008,33134.0,Low
2025-10-07,AST010,29782.0,Low
2025-10-07,AST012,49134.0,Normal
2025-10-07,AST015,28298.0,Low
2025-10-07,AST016,34522.0,Low
2025-10-07,AST019,29671.0,Low
2025-10-07,AST020,52117.0,Normal
2025-10-07,AST023,46427.0,Normal
2025-10-07,AST024,46584.0,Normal
2025-10-07,AST025,55737.0,Normal
2025-10-07,AST027,75826.5,High
2025-10-07,AST029,40324.5,Low
2025-10-07,AST030,78650.0,High
2025-10-08,AST002,31646.0,Low
2025-10-08,AST003,39960.0,Low
2025-10-08,AST006,54551.0,Normal
2025-10-08,AST007,76967.5,High
2025-10-08,AST008,31977.75,Low
2025-10-08,AST009,44867.5,Low
2025-10-08,AST010,28160.5,Low
2025-10-08,AST016,37570.0,Low
2025-10-08,AST017,70731.5,High
2025-10-08,AST018,73512.5,High
2025-10-08,AST019,30093.5,Low
2025-10-08,AST027,77317.0,High
2025-10-08,AST028,76315.5,High
2025-10-08,AST029,39966.0,Low
2025-10-08,AST030,79832.0,High
2025-10-09,AST001,40529.0,Low
2025-10-09,AST002,31910.5,Low
2025-10-09,AST003,40834.0,Low
2025-10-09,AST007,76880.0,High
2025-10-09,AST008,30862.0,Low
2025-10-09,AST009,44911.0,Low
2025-10-09,AST010,30605.0,Low
2025-10-09,AST011,78522.0,High
2025-10-09,AST012,50199.5,Normal
2025-10-09,AST014,56774.0,Normal
2025-10-09,AST018,74452.0,High
2025-10-09,AST020,50633.0,Normal
2025-10-09,AST021,66150.0,Normal
2025-10-09,AST022,36315.0,Low
2025-10-09,AST023,41296.0,Low
2025-10-09,AST024,48424.0,Normal
2025-10-09,AST025,57743.0,Normal
2025-10-09,AST026,65040.5,Normal
2025-10-09,AST027,67684.0,Normal
2025-10-09,AST029,40717.0,Low
2025-10-09,AST030,78831.33,High
2025-10-10,AST003,40391.5,Low
2025-10-10,AST005,48932.5,Normal
2025-10-10,AST006,58685.33,Normal
2025-10-10,AST010,29114.33,Low
2025-10-10,AST011,80312.0,High
2025-10-10,AST013,61498.0,Normal
2025-10-10,AST014,61722.5,Normal
2025-10-10,AST015,26590.0,Low
2025-10-10,AST016,38779.0,Low
2025-10-10,AST018,71240.0,High
2025-10-10,AST021,64097.0,Normal
2025-10-10,AST023,46473.0,Normal
2025-10-10,AST026,63603.0,Normal
2025-10-10,AST027,70597.0,High
2025-10-10,AST030,78981.0,High
2025-10-11,AST001,36560.0,Low
2025-10-11,AST002,31362.0,Low
2025-10-11,AST004,70095.0,High
2025-10-11,AST005,45320.0,Normal
2025-10-11,AST009,46089.0,Normal
2025-10-11,AST010,27640.0,Low
2025-10-11,AST011,77631.0,High
2025-10-11,AST014,61285.5,Normal
2025-10-11,AST016,37619.0,Low
2025-10-11,AST017,74946.0,High
2025-10-11,AST018,77354.0,High
2025-10-11,AST019,30174.0,Low
2025-10-11,AST023,42658.5,Low
2025-10-11,AST024,45927.0,Normal
2025-10-11,AST025,55075.0,Normal
2025-10-11,AST026,64249.5,Normal
2025-10-11,AST027,76751.0,High
2025-10-11,AST029,42561.0,Low
2025-10-11,AST030,81440.0,High
2025-10-12,AST001,38978.0,Low
2025-10-12,AST005,49455.0,Normal
2025-10-12,AST006,53193.75,Normal
2025-10-12,AST007,69428.0,Normal
2025-10-12,AST009,44799.0,Low
2025-10-12,AST015,26824.5,Low
2025-10-12,AST016,40382.0,Low
2025-10-12,AST017,71092.0,High
2025-10-12,AST019,27995.0,Low
2025-10-12,AST021,67634.33,Normal
2025-10-12,AST023,39586.0,Low
2025-10-12,AST025,58240.0,Normal
2025-10-12,AST028,74743.0,High
2025-10-12,AST029,40129.0,Low
2025-10-12,AST030,69666.0,Normal
2025-10-13,AST004,67559.0,Normal
2025-10-13,AST007,73543.0,High
2025-10-13,AST008,32558.0,Low
2025-10-13,AST009,48116.0,Normal
2025-10-13,AST010,28214.0,Low
2025-10-13,AST012,50669.0,Normal
2025-10-13,AST013,59730.0,Normal
2025-10-13,AST015,26386.33,Low
2025-10-13,AST018,70802.0,High
2025-10-13,AST021,66612.5,Normal
2025-10-13,AST023,42768.5,Low
2025-10-13,AST025,56041.0,Normal
2025-10-13,AST026,58962.0,Normal
2025-10-13,AST027,77309.0,High
2025-10-13,AST029,43392.0,Low
2025-10-14,AST001,34235.0,Low
2025-10-14,AST004,65179.0,Normal
2025-10-14,AST009,43215.0,Low
2025-10-14,AST011,81576.0,High
2025-10-14,AST014,57620.0,Normal
2025-10-14,AST015,26955.5,Low
2025-10-14,AST016,37342.0,Low
2025-10-14,AST017,62119.0,Normal
2025-10-14,AST018,72043.67,High
2025-10-14,AST019,30620.0,Low
2025-10-14,AST020,48634.5,Normal
2025-10-14,AST022,32893.0,Low
2025-10-14,AST023,43255.0,Low
2025-10-14,AST024,47288.0,Normal
2025-10-14,AST026,61169.0,Normal
2025-10-14,AST027,77895.0,High
2025-10-14,AST029,40333.5,Low
2025-10-14,AST030,83565.0,High
2025-10-15,AST003,37947.0,Low
2025-10-15,AST005,47885.0,Normal
2025-10-15,AST007,72685.0,High
2025-10-15,AST008,30901.0,Low
2025-10-15,AST009,42314.0,Low
2025-10-15,AST012,46337.0,Normal
2025-10-15,AST013,64877.0,Normal
2025-10-15,AST018,82441.0,High
2025-10-15,AST019,29362.0,Low
2025-10-15,AST020,51123.67,Normal
2025-10-15,AST023,41202.33,Low
2025-10-15,AST028,79396.0,High
2025-10-15,AST029,39905.0,Low
2025-10-15,AST030,75110.5,High
2025-10-16,AST001,36469.0,Low
2025-10-16,AST002,31344.0,Low
2025-10-16,AST005,49558.33,Normal
2025-10-16,AST006,55907.0,Normal
2025-10-16,AST007,69911.5,High
2025-10-16,AST010,27721.5,Low
2025-10-16,AST011,80116.0,High
2025-10-16,AST013,57030.0,Normal
2025-10-16,AST016,40540.0,Low
2025-10-16,AST019,27820.0,Low
2025-10-16,AST020,54070.0,Normal
2025-10-16,AST021,63359.0,Normal
2025-10-16,AST022,33777.5,Low
2025-10-16,AST023,44915.5,Low
2025-10-16,AST027,76225.0,High
2025-10-16,AST029,40186.5,Low
2025-10-16,AST030,77490.0,High
2025-10-17,AST001,37578.0,Low
2025-10-17,AST004,68089.5,Normal
2025-10-17,AST006,54149.0,Normal
2025-10-17,AST007,70662.0,High
2025-10-17,AST008,30408.0,Low
2025-10-17,AST009,44523.0,Low
2025-10-17,AST012,47714.0,Normal
2025-10-17,AST015,27883.0,Low
2025-10-17,AST017,72982.0,High
2025-10-17,AST020,53433.0,Normal
2025-10-17,AST021,65747.0,Normal
2025-10-17,AST022,34428.0,Low
2025-10-17,AST026,61426.33,Normal
2025-10-17,AST029,41258.5,Low
2025-10-18,AST003,41930.0,Low
2025-10-18,AST009,43049.0,Low
2025-10-18,AST013,56087.33,Normal
2025-10-18,AST014,62213.0,Normal
2025-10-18,AST017,67598.0,Normal
2025-10-18,AST018,71497.0,High
2025-10-18,AST021,70450.0,High
2025-10-18,AST022,34627.5,Low
2025-10-18,AST025,58457.0,Normal
2025-10-18,AST029,40692.5,Low
2025-10-18,AST030,75429.0,High
2025-10-19,AST004,71725.0,High
2025-10-19,AST006,52902.67,Normal
2025-10-19,AST008,31783.5,Low
2025-10-19,AST009,45152.5,Low
2025-10-19,AST010,29464.0,Low
2025-10-19,AST011,71099.5,High
2025-10-19,AST016,32969.0,Low
2025-10-19,AST017,72118.0,High
2025-10-19,AST018,67739.0,Normal
2025-10-19,AST019,29428.67,Low
2025-10-19,AST021,61998.0,Normal
2025-10-19,AST022,35405.0,Low
2025-10-19,AST026,64832.0,Normal
2025-10-19,AST028,84618.0,High
2025-10-20,AST001,40203.0,Low
2025-10-20,AST002,28932.0,Low
2025-10-20,AST007,73357.0,High
2025-10-20,AST009,43556.5,Low
2025-10-20,AST012,53028.0,Normal
2025-10-20,AST014,54968.0,Normal
2025-10-20,AST023,43203.0,Low
2025-10-20,AST024,48351.0,Normal
2025-10-20,AST026,62629.0,Normal
2025-10-20,AST027,74647.0,High
2025-10-21,AST002,28194.0,Low
2025-10-21,AST003,38413.5,Low
2025-10-21,AST005,42473.5,Low
2025-10-21,AST006,51042.0,Normal
2025-10-21,AST013,65040.0,Normal
2025-10-21,AST015,28396.0,Low
2025-10-21,AST016,37276.33,Low
2025-10-21,AST018,69774.0,Normal
2025-10-21,AST019,31559.0,Low
2025-10-21,AST020,49604.0,Normal
2025-10-21,AST021,63669.0,Normal
2025-10-21,AST022,31985.0,Low
2025-10-21,AST023,43132.33,Low
2025-10-21,AST024,46520.0,Normal
2025-10-21,AST025,55308.0,Normal
2025-10-21,AST026,60787.0,Normal
2025-10-21,AST027,71947.5,High
2025-10-21,AST028,75609.5,High
2025-10-21,AST029,38433.0,Low
2025-10-22,AST002,30454.0,Low
2025-10-22,AST003,40398.5,Low
2025-10-22,AST006,54416.0,Normal
2025-10-22,AST007,77080.0,High
2025-10-22,AST008,32945.0,Low
2025-10-22,AST009,45932.0,Normal
2025-10-22,AST010,31246.0,Low
2025-10-22,AST013,58591.0,Normal
2025-10-22,AST015,25755.0,Low
2025-10-22,AST017,80503.0,High
2025-10-22,AST018,77738.0,High
2025-10-22,AST020,54894.0,Normal
2025-10-22,AST021,63408.0,Normal
2025-10-22,AST023,43239.0,Low
2025-10-22,AST024,45117.0,Normal
2025-10-22,AST025,53074.0,Normal
2025-10-22,AST027,80216.33,High
2025-10-22,AST029,37224.0,Low
2025-10-22,AST030,79496.0,High
2025-10-23,AST001,37071.0,Low
2025-10-23,AST002,30759.0,Low
2025-10-23,AST003,36826.0,Low
2025-10-23,AST007,74883.0,High
2025-10-23,AST009,43583.0,Low
2025-10-23,AST010,29330.67,Low
2025-10-23,AST011,73557.0,High
2025-10-23,AST014,51066.0,Normal
2025-10-23,AST015,27231.0,Low
2025-10-23,AST017,72936.0,High
2025-10-23,AST020,58298.0,Normal
2025-10-23,AST021,64178.0,Normal
2025-10-23,AST025,57782.0,Normal
2025-10-23,AST026,67412.0,Normal
2025-10-23,AST029,38985.0,Low
2025-10-23,AST030,69423.0,Normal
2025-10-24,AST001,37471.0,Low
2025-10-24,AST002,31846.0,Low
2025-10-24,AST003,43297.5,Low
2025-10-24,AST004,68676.0,Normal
2025-10-24,AST005,50692.0,Normal
2025-10-24,AST007,77375.0,High
2025-10-24,AST008,30409.0,Low
2025-10-24,AST013,65769.0,Normal
2025-10-24,AST014,56613.0,Normal
2025-10-24,AST015,24634.0,Low
2025-10-24,AST017,69232.0,Normal
2025-10-24,AST019,26919.0,Low
2025-10-24,AST022,35720.0,Low
2025-10-24,AST023,42522.0,Low
2025-10-24,AST025,56185.5,Normal
2025-10-24,AST028,77064.0,High
2025-10-24,AST030,81800.0,High
2025-10-25,AST002,27600.0,Low
2025-10-25,AST006,54590.0,Normal
2025-10-25,AST007,69215.0,High
2025-10-25,AST009,44969.0,Low
2025-10-25,AST011,75811.0,High
2025-10-25,AST014,58979.0,Normal
2025-10-25,AST015,27699.5,Low
2025-10-25,AST022,34725.0,Low
2025-10-25,AST024,44179.0,Low
2025-10-25,AST027,80965.0,High
2025-10-25,AST029,41078.5,Low
2025-10-26,AST002,27298.0,Low
2025-10-26,AST005,46491.0,Normal
2025-10-26,AST006,52803.5,Normal
2025-10-26,AST009,42227.0,Low
2025-10-26,AST010,29769.0,Low
2025-10-26,AST011,78133.0,High
2025-10-26,AST013,58715.0,Normal
2025-10-26,AST014,52764.0,Normal
2025-10-26,AST015,30347.0,Low
2025-10-26,AST017,66806.0,Normal
2025-10-26,AST019,29317.0,Low
2025-10-26,AST020,49115.0,Normal
2025-10-26,AST023,45898.5,Normal
2025-10-26,AST024,45766.0,Normal
2025-10-26,AST025,56729.0,Normal
2025-10-26,AST026,62540.0,Normal
2025-10-26,AST027,76634.5,High
2025-10-26,AST030,78954.5,High
2025-10-27,AST003,38050.0,Low
2025-10-27,AST004,78104.0,High
2025-10-27,AST005,46394.0,Normal
2025-10-27,AST006,52221.0,Normal
2025-10-27,AST007,72228.0,High
2025-10-27,AST008,31177.0,Low
2025-10-27,AST010,28294.0,Low
2025-10-27,AST011,81698.5,High
2025-10-27,AST012,51414.0,Normal
2025-10-27,AST019,29989.5,Low
2025-10-27,AST022,36365.0,Low
2025-10-27,AST023,42664.0,Low
2025-10-27,AST027,81857.0,High
2025-10-28,AST001,40674.5,Low
2025-10-28,AST002,28962.0,Low
2025-10-28,AST004,68666.0,Normal
2025-10-28,AST005,47982.0,Normal
2025-10-28,AST009,42010.0,Low
2025-10-28,AST010,27652.0,Low
2025-10-28,AST013,63183.0,Normal
2025-10-28,AST014,57461.0,Normal
2025-10-28,AST015,27071.0,Low
2025-10-28,AST017,69694.0,High
2025-10-28,AST018,74774.5,High
2025-10-28,AST019,30271.0,Low
2025-10-28,AST020,49885.0,Normal
2025-10-28,AST021,55874.0,Normal
2025-10-28,AST022,33605.0,Low
2025-10-28,AST023,41742.0,Low
2025-10-28,AST024,45656.5,Normal
2025-10-28,AST026,66215.67,Normal
2025-10-28,AST027,76110.5,High
2025-10-28,AST028,79379.0,High
2025-10-28,AST030,86297.0,High
2025-10-29,AST001,38048.0,Low
2025-10-29,AST003,39353.0,Low
2025-10-29,AST004,68463.0,Normal
2025-10-29,AST005,44471.0,Low
2025-10-29,AST006,50143.0,Normal
2025-10-29,AST008,30784.0,Low
2025-10-29,AST009,42543.0,Low
2025-10-29,AST011,69617.0,Normal
2025-10-29,AST013,54931.0,Normal
2025-10-29,AST015,28004.5,Low
2025-10-29,AST016,41190.0,Low
2025-10-29,AST017,73682.0,High
2025-10-29,AST021,69985.5,High
2025-10-29,AST022,38025.0,Low
2025-10-29,AST025,56620.0,Normal
2025-10-30,AST003,41065.0,Low
2025-10-30,AST004,70347.5,High
2025-10-30,AST006,51157.0,Normal
2025-10-30,AST008,29925.0,Low
2025-10-30,AST011,82741.0,High
2025-10-30,AST013,58105.0,Normal
2025-10-30,AST014,54818.0,Normal
2025-10-30,AST015,29147.0,Low
2025-10-30,AST019,31096.0,Low
2025-10-30,AST020,49453.0,Normal
2025-10-30,AST021,71339.0,High
2025-10-30,AST022,35096.0,Low
2025-10-30,AST023,41933.0,Low
2025-10-30,AST025,53599.0,Normal
2025-10-30,AST027,80363.0,High
2025-10-30,AST028,76160.0,High
2025-10-30,AST030,73958.0,High
2025-10-31,AST003,42081.0,Low
2025-10-31,AST004,65211.0,Normal
2025-10-31,AST005,45807.0,Normal
2025-10-31,AST006,47968.0,Normal
2025-10-31,AST007,68722.0,Normal
2025-10-31,AST010,32039.0,Low
2025-10-31,AST012,49173.0,Normal
2025-10-31,AST013,61135.25,Normal
2025-10-31,AST014,57135.5,Normal
2025-10-31,AST016,38797.0,Low
2025-10-31,AST017,71051.0,High
2025-10-31,AST020,50150.5,Normal
2025-10-31,AST021,63839.0,Normal
2025-10-31,AST022,33456.0,Low
2025-10-31,AST023,39616.0,Low
2025-10-31,AST024,49774.0,Normal
2025-10-31,AST028,80328.0,High
2025-10-31,AST029,43732.0,Low
2025-10-31,AST030,82394.0,High
2025-11-01,AST003,41116.5,Low
2025-11-01,AST009,44984.0,Low
2025-11-01,AST010,26807.0,Low
2025-11-01,AST011,83889.0,High
2025-11-01,AST012,52524.0,Normal
2025-11-01,AST014,56942.0,Normal
2025-11-01,AST017,71840.0,High
2025-11-01,AST020,53185.0,Normal
2025-11-01,AST021,61040.0,Normal
2025-11-01,AST022,32621.0,Low
2025-11-01,AST023,42336.0,Low
2025-11-01,AST024,45069.0,Normal
2025-11-01,AST025,55927.0,Normal
2025-11-01,AST026,64634.5,Normal
2025-11-01,AST027,78401.67,High
2025-11-02,AST001,35936.0,Low
2025-11-02,AST002,32662.0,Low
2025-11-02,AST003,40070.0,Low
2025-11-02,AST006,57247.0,Normal
2025-11-02,AST009,45070.0,Low
2025-11-02,AST010,33365.0,Low
2025-11-02,AST011,81316.0,High
2025-11-02,AST012,53514.0,Normal
2025-11-02,AST013,59625.5,Normal
2025-11-02,AST014,60858.0,Normal
2025-11-02,AST017,72503.5,High
2025-11-02,AST020,52201.0,Normal
2025-11-02,AST022,35928.5,Low
2025-11-02,AST023,41839.0,Low
2025-11-02,AST025,54719.0,Normal
2025-11-02,AST027,81138.5,High
2025-11-03,AST002,31953.0,Low
2025-11-03,AST006,55447.0,Normal
2025-11-03,AST007,75092.0,High
2025-11-03,AST009,44959.0,Low
2025-11-03,AST011,80475.0,High
2025-11-03,AST012,54238.0,Normal
2025-11-03,AST013,61740.0,Normal
2025-11-03,AST014,55529.0,Normal
2025-11-03,AST016,37710.0,Low
2025-11-03,AST017,68576.0,Normal
2025-11-03,AST021,64126.0,Normal
2025-11-03,AST022,34458.67,Low
2025-11-03,AST025,58006.0,Normal
2025-11-03,AST026,67060.67,Normal
2025-11-04,AST001,39682.5,Low
2025-11-04,AST002,28978.0,Low
2025-11-04,AST003,38993.67,Low
2025-11-04,AST004,68611.0,High
2025-11-04,AST005,49437.0,Normal
2025-11-04,AST006,51654.0,Normal
2025-11-04,AST007,64988.0,Normal
2025-11-04,AST008,34483.0,Low
2025-11-04,AST009,42024.0,Low
2025-11-04,AST011,79882.0,High
2025-11-04,AST012,52621.0,Normal
2025-11-04,AST014,56452.0,Normal
2025-11-04,AST015,24747.0,Low
2025-11-04,AST020,49606.0,Normal
2025-11-04,AST022,34343.5,Low
2025-11-04,AST024,46731.0,Normal
2025-11-04,AST025,61955.0,Normal
2025-11-04,AST026,61204.0,Normal
2025-11-04,AST027,75993.0,High
2025-11-05,AST001,37818.0,Low
2025-11-05,AST005,44934.0,Low
2025-11-05,AST012,48907.0,Normal
2025-11-05,AST013,61347.0,Normal
2025-11-05,AST014,58448.0,Normal
2025-11-05,AST015,27437.5,Low
2025-11-05,AST016,40154.0,Low
2025-11-05,AST019,29536.0,Low
2025-11-05,AST020,50966.0,Normal
2025-11-05,AST021,68862.0,Normal
2025-11-05,AST022,35783.0,Low
2025-11-05,AST023,45513.0,Normal
2025-11-05,AST027,75050.0,High
2025-11-06,AST001,37885.0,Low
2025-11-06,AST004,68330.5,Normal
2025-11-06,AST006,53118.33,Normal
2025-11-06,AST009,41943.0,Low
2025-11-06,AST010,28513.33,Low
2025-11-06,AST013,60839.0,Normal
2025-11-06,AST014,62880.0,Normal
2025-11-06,AST016,38788.0,Low
2025-11-06,AST017,73344.0,High
2025-11-06,AST019,27279.0,Low
2025-11-06,AST021,67343.0,Normal
2025-11-06,AST024,45260.0,Normal
2025-11-06,AST025,61912.0,Normal
2025-11-06,AST026,62602.0,Normal
2025-11-06,AST029,42046.0,Low
2025-11-06,AST030,84633.0,High
2025-11-07,AST001,37726.0,Low
2025-11-07,AST002,32186.0,Low
2025-11-07,AST003,42250.0,Low
2025-11-07,AST006,53265.0,Normal
2025-11-07,AST007,73777.0,High
2025-11-07,AST008,32008.67,Low
2025-11-07,AST009,42868.5,Low
2025-11-07,AST010,29080.0,Low
2025-11-07,AST011,79384.0,High
2025-11-07,AST018,75953.0,High
2025-11-07,AST019,31288.5,Low
2025-11-07,AST021,69419.33,Normal
2025-11-07,AST022,34656.25,Low
2025-11-07,AST027,76247.0,High
2025-11-07,AST028,79126.0,High
2025-11-07,AST029,47961.0,Normal
2025-11-07,AST030,80875.0,High
2025-11-08,AST001,35929.0,Low
2025-11-08,AST002,31295.5,Low
2025-11-08,AST005,44026.0,Low
2025-11-08,AST007,78458.0,High
2025-11-08,AST008,33502.5,Low
2025-11-08,AST010,27021.0,Low
2025-11-08,AST011,78242.0,High
2025-11-08,AST022,34651.0,Low
2025-11-08,AST024,45824.0,Normal
2025-11-08,AST029,39356.0,Low
2025-11-08,AST030,82443.67,High
2025-11-09,AST001,39633.0,Low
2025-11-09,AST003,43411.0,Low
2025-11-09,AST005,50213.0,Normal
2025-11-09,AST006,53523.0,Normal
2025-11-09,AST011,85294.0,High
2025-11-09,AST013,58465.5,Normal
2025-11-09,AST014,61016.0,Normal
2025-11-09,AST016,41017.0,Low
2025-11-09,AST017,62539.0,Normal
2025-11-09,AST019,28250.5,Low
2025-11-09,AST020,54755.0,Normal
2025-11-09,AST021,66001.0,Normal
2025-11-09,AST023,42477.0,Low
2025-11-09,AST024,46297.0,Normal
2025-11-09,AST025,57651.0,Normal
2025-11-10,AST001,37240.0,Low
2025-11-10,AST002,30584.0,Low
2025-11-10,AST003,40109.5,Low
2025-11-10,AST006,52597.0,Normal
2025-11-10,AST007,69340.0,Normal
2025-11-10,AST009,42933.0,Low
2025-11-10,AST011,84363.0,High
2025-11-10,AST013,59750.0,Normal
2025-11-10,AST014,52682.0,Normal
2025-11-10,AST017,70992.0,High
2025-11-10,AST018,77393.0,High
2025-11-10,AST019,28241.0,Low
2025-11-10,AST026,64893.5,Normal
2025-11-11,AST001,36913.0,Low
2025-11-11,AST004,69947.0,Normal
2025-11-11,AST007,75713.5,High
2025-11-11,AST008,28887.0,Low
2025-11-11,AST013,64494.0,Normal
2025-11-11,AST014,57251.0,Normal
2025-11-11,AST015,27759.0,Low
2025-11-11,AST019,28043.0,Low
2025-11-11,AST020,53631.0,Normal
2025-11-11,AST022,36117.0,Low
2025-11-11,AST023,44792.0,Low
2025-11-11,AST024,48391.0,Normal
2025-11-11,AST025,57274.0,Normal
2025-11-11,AST026,63089.67,Normal
2025-11-11,AST028,73942.0,High
2025-11-11,AST030,83637.0,High
2025-11-12,AST001,39339.0,Low
2025-11-12,AST002,32653.0,Low
2025-11-12,AST006,58984.0,Normal
2025-11-12,AST008,27857.0,Low
2025-11-12,AST010,29774.0,Low
2025-11-12,AST012,50903.0,Normal
2025-11-12,AST013,57104.5,Normal
2025-11-12,AST018,69197.0,Normal
2025-11-12,AST020,48340.0,Normal
2025-11-12,AST021,68174.0,Normal
2025-11-12,AST022,37550.0,Low
2025-11-12,AST023,44289.0,Low
2025-11-12,AST025,56861.0,Normal
2025-11-12,AST026,66306.0,Normal
2025-11-12,AST028,78324.0,High
2025-11-13,AST003,43456.0,Low
2025-11-13,AST006,53018.0,Normal
2025-11-13,AST007,71902.0,High
2025-11-13,AST009,48429.0,Normal
2025-11-13,AST012,51011.0,Normal
2025-11-13,AST013,61865.0,Normal
2025-11-13,AST014,60150.0,Normal
2025-11-13,AST017,71681.0,High
2025-11-13,AST018,71468.5,High
2025-11-13,AST019,28506.0,Low
2025-11-13,AST020,48902.5,Normal
2025-11-13,AST021,62411.67,Normal
2025-11-13,AST025,50230.0,Normal
2025-11-13,AST029,41350.0,Low
2025-11-13,AST030,77643.0,High
2025-11-14,AST001,38546.0,Low
2025-11-14,AST002,31458.2,Low
2025-11-14,AST003,37290.0,Low
2025-11-14,AST004,67099.0,Normal
2025-11-14,AST006,52054.0,Normal
2025-11-14,AST008,33667.67,Low
2025-11-14,AST009,43888.0,Low
2025-11-14,AST012,56434.0,Normal
2025-11-14,AST013,65640.0,Normal
2025-11-14,AST014,57794.0,Normal
2025-11-14,AST016,37049.0,Low
2025-11-14,AST017,67975.0,Normal
2025-11-14,AST019,28386.0,Low
2025-11-14,AST020,49426.0,Normal
2025-11-14,AST023,44736.0,Low
2025-11-14,AST024,44891.0,Low
2025-11-14,AST029,40846.0,Low
2025-11-14,AST030,80274.5,High
2025-11-15,AST001,39501.0,Low
2025-11-15,AST003,39861.0,Low
2025-11-15,AST004,70265.33,High
2025-11-15,AST005,46766.0,Normal
2025-11-15,AST006,50077.0,Normal
2025-11-15,AST007,71223.0,High
2025-11-15,AST009,42673.0,Low
2025-11-15,AST013,59276.0,Normal
2025-11-15,AST014,57605.0,Normal
2025-11-15,AST015,29782.0,Low
2025-11-15,AST017,78312.0,High
2025-11-15,AST020,51201.0,Normal
2025-11-15,AST021,63802.0,Normal
2025-11-15,AST022,34670.5,Low
2025-11-15,AST025,57130.0,Normal
2025-11-15,AST026,59590.0,Normal
2025-11-15,AST027,82593.0,High
2025-11-15,AST029,39493.0,Low
2025-11-15,AST030,82798.0,High
2025-11-16,AST003,42032.0,Low
2025-11-16,AST004,76534.0,High
2025-11-16,AST006,53999.0,Normal
2025-11-16,AST008,32382.0,Low
2025-11-16,AST009,42779.0,Low
2025-11-16,AST010,27392.0,Low
2025-11-16,AST013,50774.0,Normal
2025-11-16,AST014,57543.0,Normal
2025-11-16,AST015,27584.0,Low
2025-11-16,AST016,34965.0,Low
2025-11-16,AST017,73180.0,High
2025-11-16,AST020,53191.5,Normal
2025-11-16,AST022,34766.5,Low
2025-11-16,AST024,44831.0,Low
2025-11-16,AST028,76793.0,High
2025-11-16,AST029,41460.0,Low
2025-11-16,AST030,82845.5,High
2025-11-17,AST004,70122.0,High
2025-11-17,AST006,50521.0,Normal
2025-11-17,AST008,32419.0,Low
2025-11-17,AST009,45048.5,Low
2025-11-17,AST010,29084.0,Low
2025-11-17,AST012,47043.0,Normal
2025-11-17,AST013,60346.0,Normal
2025-11-17,AST014,59507.0,Normal
2025-11-17,AST017,68871.0,Normal
2025-11-17,AST019,30184.0,Low
2025-11-17,AST023,44764.0,Low
2025-11-17,AST024,46826.0,Normal
2025-11-17,AST026,64075.0,Normal
2025-11-17,AST027,81196.0,High
2025-11-17,AST028,80954.0,High
2025-11-18,AST002,30323.0,Low
2025-11-18,AST004,67710.0,Normal
2025-11-18,AST006,53626.0,Normal
2025-11-18,AST008,32511.0,Low
2025-11-18,AST009,46186.0,Normal
2025-11-18,AST010,30317.0,Low
2025-11-18,AST011,85063.0,High
2025-11-18,AST014,59672.0,Normal
2025-11-18,AST016,38432.5,Low
2025-11-18,AST019,31979.0,Low
2025-11-18,AST020,50846.0,Normal
2025-11-18,AST023,41118.0,Low
2025-11-18,AST026,65066.0,Normal
2025-11-18,AST029,41101.0,Low
2025-11-19,AST001,38969.5,Low
2025-11-19,AST003,38938.0,Low
2025-11-19,AST004,72934.0,High
2025-11-19,AST005,45806.5,Normal
2025-11-19,AST006,50805.0,Normal
2025-11-19,AST011,79777.0,High
2025-11-19,AST012,49144.0,Normal
2025-11-19,AST013,60970.5,Normal
2025-11-19,AST014,55771.0,Normal
2025-11-19,AST016,38968.67,Low
2025-11-19,AST017,75282.0,High
2025-11-19,AST018,74114.0,High
2025-11-19,AST020,48730.0,Normal
2025-11-19,AST021,65649.0,Normal
2025-11-19,AST022,32452.0,Low
2025-11-19,AST025,57233.0,Normal
2025-11-19,AST026,60290.0,Normal
2025-11-19,AST027,75872.0,High
2025-11-19,AST028,82734.0,High
2025-11-19,AST029,40259.0,Low
2025-11-19,AST030,84405.0,High
2025-11-20,AST006,52608.0,Normal
2025-11-20,AST007,74296.67,High
2025-11-20,AST008,31364.0,Low
2025-11-20,AST010,29671.75,Low
2025-11-20,AST013,58177.0,Normal
2025-11-20,AST014,57395.0,Normal
2025-11-20,AST015,26049.0,Low
2025-11-20,AST016,39161.0,Low
2025-11-20,AST018,73754.0,High
2025-11-20,AST019,29685.0,Low
2025-11-20,AST020,53605.0,Normal
2025-11-20,AST021,66430.0,Normal
2025-11-20,AST022,34018.5,Low
2025-11-20,AST025,55653.0,Normal
2025-11-20,AST026,58440.0,Normal
2025-11-20,AST028,81635.0,High
2025-11-21,AST002,30249.0,Low
2025-11-21,AST003,39683.5,Low
2025-11-21,AST004,72870.0,High
2025-11-21,AST005,50521.0,Normal
2025-11-21,AST006,53837.0,Normal
2025-11-21,AST007,65022.0,Normal
2025-11-21,AST013,60743.0,Normal
2025-11-21,AST014,54418.0,Normal
2025-11-21,AST015,28812.0,Low
2025-11-21,AST018,76599.0,High
2025-11-21,AST019,29884.0,Low
2025-11-21,AST020,53294.0,Normal
2025-11-21,AST023,38447.5,Low
2025-11-21,AST025,57187.0,Normal
2025-11-21,AST028,70749.0,High
2025-11-21,AST029,39768.0,Low
2025-11-21,AST030,76784.0,High
2025-11-22,AST003,41384.0,Low
2025-11-22,AST005,46789.0,Normal
2025-11-22,AST006,54745.0,Normal
2025-11-22,AST007,72178.0,High
2025-11-22,AST010,28362.0,Low
2025-11-22,AST011,81280.5,High
2025-11-22,AST012,49927.0,Normal
2025-11-22,AST014,56136.0,Normal
2025-11-22,AST015,27259.5,Low
2025-11-22,AST016,38695.0,Low
2025-11-22,AST020,51951.0,Normal
2025-11-22,AST022,33290.0,Low
2025-11-22,AST023,43475.0,Low
2025-11-22,AST025,55203.0,Normal
2025-11-22,AST027,79770.0,High
2025-11-23,AST002,31530.0,Low
2025-11-23,AST003,40353.0,Low
2025-11-23,AST004,72542.0,High
2025-11-23,AST005,50171.0,Normal
2025-11-23,AST007,72584.0,High
2025-11-23,AST009,44630.0,Low
2025-11-23,AST011,79535.0,High
2025-11-23,AST012,49358.5,Normal
2025-11-23,AST015,25156.0,Low
2025-11-23,AST016,37078.0,Low
2025-11-23,AST018,76552.0,High
2025-11-23,AST019,28833.0,Low
2025-11-23,AST021,63594.0,Normal
2025-11-23,AST022,34305.0,Low
2025-11-23,AST024,46641.67,Normal
2025-11-24,AST002,32339.0,Low
2025-11-24,AST003,38624.0,Low
2025-11-24,AST005,51441.0,Normal
2025-11-24,AST006,55857.0,Normal
2025-11-24,AST007,71713.0,High
2025-11-24,AST008,31433.0,Low
2025-11-24,AST012,48944.0,Normal
2025-11-24,AST014,59557.0,Normal
2025-11-24,AST016,38566.0,Low
2025-11-24,AST021,65186.0,Normal
2025-11-24,AST022,35559.0,Low
2025-11-24,AST023,43312.0,Low
2025-11-24,AST024,45519.0,Normal
2025-11-24,AST026,65236.0,Normal
2025-11-24,AST029,37257.0,Low
2025-11-24,AST030,76085.0,High
2025-11-25,AST001,37906.0,Low
2025-11-25,AST003,40773.0,Low
2025-11-25,AST004,70408.0,High
2025-11-25,AST005,43864.0,Low
2025-11-25,AST008,32032.0,Low
2025-11-25,AST010,26545.0,Low
2025-11-25,AST011,78344.25,High
2025-11-25,AST012,52303.0,Normal
2025-11-25,AST018,82279.0,High
2025-11-25,AST019,28752.0,Low
2025-11-25,AST023,39871.0,Low
2025-11-25,AST024,46259.0,Normal
2025-11-25,AST025,58717.0,Normal
2025-11-26,AST004,68869.0,Normal
2025-11-26,AST005,44472.0,Low
2025-11-26,AST006,51391.0,Normal
2025-11-26,AST008,35430.0,Low
2025-11-26,AST010,28120.5,Low
2025-11-26,AST012,52060.0,Normal
2025-11-26,AST013,59693.0,Normal
2025-11-26,AST014,54520.0,Normal
2025-11-26,AST015,25414.0,Low
2025-11-26,AST017,76349.0,High
2025-11-26,AST018,81977.0,High
2025-11-26,AST019,30504.0,Low
2025-11-26,AST020,49867.0,Normal
2025-11-26,AST021,67391.0,Normal
2025-11-26,AST022,31101.0,Low
2025-11-26,AST023,42299.0,Low
2025-11-26,AST024,51281.0,Normal
2025-11-26,AST025,56691.0,Normal
2025-11-26,AST028,79258.0,High
2025-11-26,AST029,41605.0,Low
2025-11-26,AST030,81263.0,High
2025-11-27,AST002,30361.0,Low
2025-11-27,AST003,43180.0,Low
2025-11-27,AST007,75246.0,High
2025-11-27,AST010,30523.0,Low
2025-11-27,AST013,57705.0,Normal
2025-11-27,AST016,41628.0,Low
2025-11-27,AST017,71930.0,High
2025-11-27,AST018,71244.0,High
2025-11-27,AST020,53637.5,Normal
2025-11-27,AST024,48301.0,Normal
2025-11-27,AST025,53970.0,Normal
2025-11-27,AST026,64371.0,Normal
2025-11-27,AST028,77482.0,High
2025-11-27,AST029,42599.0,Low
2025-11-28,AST001,36809.0,Low
2025-11-28,AST002,31051.0,Low
2025-11-28,AST003,37577.0,Low
2025-11-28,AST004,71748.0,High
2025-11-28,AST007,70566.0,High
2025-11-28,AST008,32099.5,Low
2025-11-28,AST009,40632.0,Low
2025-11-28,AST010,31166.0,Low
2025-11-28,AST012,53446.0,Normal
2025-11-28,AST013,63930.0,Normal
2025-11-28,AST015,23744.0,Low
2025-11-28,AST016,42095.5,Low
2025-11-28,AST018,70555.0,High
2025-11-28,AST020,51456.5,Normal
2025-11-28,AST021,68515.0,Normal
2025-11-28,AST022,34856.0,Low
2025-11-28,AST023,39618.0,Low
2025-11-28,AST029,38269.0,Low
2025-11-29,AST006,59742.0,Normal
2025-11-29,AST009,46655.0,Normal
2025-11-29,AST010,28667.5,Low
2025-11-29,AST011,83129.0,High
2025-11-29,AST012,52308.0,Normal
2025-11-29,AST016,39822.5,Low
2025-11-29,AST017,70853.0,High
2025-11-29,AST019,30644.0,Low
2025-11-29,AST020,52712.5,Normal
2025-11-29,AST021,64421.0,Normal
2025-11-29,AST022,37184.0,Low
2025-11-29,AST023,45143.0,Normal
2025-11-29,AST024,52370.0,Normal
2025-11-29,AST026,60594.67,Normal
2025-11-29,AST030,73937.0,High
2025-11-30,AST002,33045.0,Low
2025-11-30,AST003,40278.0,Low
2025-11-30,AST005,43609.0,Low
2025-11-30,AST007,77306.0,High
2025-11-30,AST008,29039.0,Low
2025-11-30,AST009,44193.5,Low
2025-11-30,AST010,28878.0,Low
2025-11-30,AST013,62452.0,Normal
2025-11-30,AST014,63932.0,Normal
2025-11-30,AST015,25544.0,Low
2025-11-30,AST016,38958.0,Low
2025-11-30,AST019,28067.0,Low
2025-11-30,AST020,50911.5,Normal
2025-11-30,AST021,65173.0,Normal
2025-11-30,AST022,35616.0,Low
2025-11-30,AST023,43847.0,Low
2025-11-30,AST024,44479.0,Low
2025-11-30,AST025,59050.0,Normal
2025-11-30,AST027,76314.0,High
2025-11-30,AST029,38604.0,Low
2025-12-01,AST001,38553.67,Low
2025-12-01,AST002,30751.0,Low
2025-12-01,AST003,37838.0,Low
2025-12-01,AST004,75468.0,High
2025-12-01,AST005,46894.0,Normal
2025-12-01,AST006,55437.0,Normal
2025-12-01,AST007,70968.5,High
2025-12-01,AST008,33794.0,Low
2025-12-01,AST012,53161.0,Normal
2025-12-01,AST015,29258.0,Low
2025-12-01,AST016,42235.0,Low
2025-12-01,AST017,73331.0,High
2025-12-01,AST019,31121.5,Low
2025-12-01,AST020,46090.0,Normal
2025-12-01,AST021,67875.0,Normal
2025-12-01,AST023,43824.67,Normal
2025-12-01,AST028,75655.0,High
2025-12-02,AST001,39784.5,Low
2025-12-02,AST002,29618.0,Low
2025-12-02,AST007,80332.0,High
2025-12-02,AST008,30952.0,Low
2025-12-02,AST010,27864.0,Low
2025-12-02,AST011,78323.0,High
2025-12-02,AST015,29383.0,Low
2025-12-02,AST017,72392.0,High
2025-12-02,AST018,77129.0,High
2025-12-02,AST019,30743.0,Low
2025-12-02,AST020,56052.0,Normal
2025-12-02,AST022,37677.0,Low
2025-12-02,AST023,43304.0,Low
2025-12-02,AST025,57600.0,Normal
2025-12-02,AST030,67977.0,Normal
2025-12-03,AST005,46406.0,Normal
2025-12-03,AST006,52488.5,Normal
2025-12-03,AST007,68667.0,Normal
2025-12-03,AST008,30318.0,Low
2025-12-03,AST009,42359.0,Low
2025-12-03,AST010,29325.0,Low
2025-12-03,AST012,50708.0,Normal
2025-12-03,AST013,63897.0,Normal
2025-12-03,AST014,56756.0,Normal
2025-12-03,AST019,29913.67,Low
2025-12-03,AST020,50521.0,Normal
2025-12-03,AST021,66095.5,Normal
2025-12-03,AST022,35321.0,Low
2025-12-03,AST023,45462.0,Normal
2025-12-03,AST024,48852.0,Normal
2025-12-03,AST025,60606.0,Normal
2025-12-03,AST026,65783.5,Normal
2025-12-03,AST027,80388.0,High
2025-12-03,AST028,78073.5,High
2025-12-03,AST029,45352.0,Normal
2025-12-04,AST002,30907.0,Low
2025-12-04,AST006,52442.0,Normal
2025-12-04,AST007,78826.0,High
2025-12-04,AST008,33614.0,Low
2025-12-04,AST011,81363.0,High
2025-12-04,AST012,54559.0,Normal
2025-12-04,AST013,61093.0,Normal
2025-12-04,AST014,57207.5,Normal
2025-12-04,AST015,29512.5,Low
2025-12-04,AST019,31145.33,Low
2025-12-04,AST021,70572.5,High
2025-12-04,AST023,43142.67,Low
2025-12-04,AST024,44861.5,Low
2025-12-04,AST027,77729.0,High
2025-12-04,AST028,73056.0,High
2025-12-05,AST001,34473.0,Low
2025-12-05,AST003,46270.0,Normal
2025-12-05,AST004,70923.5,High
2025-12-05,AST006,55366.0,Normal
2025-12-05,AST009,46796.5,Normal
2025-12-05,AST012,54365.0,Normal
2025-12-05,AST014,61599.0,Normal
2025-12-05,AST016,39680.0,Low
2025-12-05,AST017,78466.0,High
2025-12-05,AST018,77618.0,High
2025-12-05,AST021,63930.0,Normal
2025-12-05,AST023,43715.0,Low
2025-12-05,AST025,53208.5,Normal
2025-12-05,AST026,63242.5,Normal
2025-12-05,AST028,73978.0,High
2025-12-05,AST029,42219.0,Low
2025-12-05,AST030,84535.0,High
2025-12-06,AST002,32096.33,Low
2025-12-06,AST008,33283.0,Low
2025-12-06,AST012,49257.0,Normal
2025-12-06,AST013,63514.0,Normal
2025-12-06,AST014,59432.0,Normal
2025-12-06,AST015,27604.0,Low
2025-12-06,AST017,72261.0,High
2025-12-06,AST018,76481.0,High
2025-12-06,AST020,47024.0,Normal
2025-12-06,AST021,59140.0,Normal
2025-12-06,AST024,46791.0,Normal
2025-12-06,AST025,52817.5,Normal
2025-12-06,AST026,60334.0,Normal
2025-12-06,AST027,75955.0,High
2025-12-06,AST028,80570.0,High
2025-12-07,AST001,37158.0,Low
2025-12-07,AST002,31481.0,Low
2025-12-07,AST004,71480.0,High
2025-12-07,AST006,51307.0,Normal
2025-12-07,AST008,32950.0,Low
2025-12-07,AST010,31451.0,Low
2025-12-07,AST012,50378.0,Normal
2025-12-07,AST013,64689.0,Normal
2025-12-07,AST014,62531.0,Normal
2025-12-07,AST016,38817.5,Low
2025-12-07,AST018,72887.5,High
2025-12-07,AST021,62582.0,Normal
2025-12-07,AST022,36338.0,Low
2025-12-07,AST023,44305.0,Low
2025-12-07,AST024,48441.0,Normal
2025-12-07,AST025,59278.0,Normal
2025-12-07,AST027,81249.0,High
2025-12-07,AST029,36371.0,Low
2025-12-07,AST030,81024.5,High
2025-12-08,AST001,40369.0,Low
2025-12-08,AST002,32342.0,Low
2025-12-08,AST003,41631.0,Low
2025-12-08,AST004,77033.0,High
2025-12-08,AST005,49547.5,Normal
2025-12-08,AST006,47502.0,Normal
2025-12-08,AST008,29374.0,Low
2025-12-08,AST009,43652.5,Low
2025-12-08,AST014,59165.0,Normal
2025-12-08,AST017,69884.0,Normal
2025-12-08,AST018,78411.0,High
2025-12-08,AST020,51089.0,Normal
2025-12-08,AST021,65610.0,Normal
2025-12-08,AST022,32216.0,Low
2025-12-08,AST023,44552.0,Low
2025-12-08,AST024,49230.0,Normal
2025-12-08,AST026,69080.0,Normal
2025-12-08,AST028,76422.0,High
2025-12-08,AST030,76838.5,High
2025-12-09,AST001,39179.5,Low
2025-12-09,AST002,30088.33,Low
2025-12-09,AST003,41885.0,Low
2025-12-09,AST005,53389.0,Normal
2025-12-09,AST007,67234.0,Normal
2025-12-09,AST009,44532.0,Low
2025-12-09,AST010,31890.0,Low
2025-12-09,AST011,81150.0,High
2025-12-09,AST012,51733.0,Normal
2025-12-09,AST013,62387.5,Normal
2025-12-09,AST014,61826.0,Normal
2025-12-09,AST018,73823.0,High
2025-12-09,AST019,28425.0,Low
2025-12-09,AST020,54705.0,Normal
2025-12-09,AST022,38619.0,Low
2025-12-09,AST023,44737.0,Low
2025-12-09,AST025,56683.0,Normal
2025-12-09,AST030,81245.5,High
2025-12-10,AST002,32831.0,Low
2025-12-10,AST007,69327.0,Normal
2025-12-10,AST008,30848.0,Low
2025-12-10,AST009,45299.0,Normal
2025-12-10,AST011,83683.0,High
2025-12-10,AST012,54284.0,Normal
2025-12-10,AST013,66237.5,Normal
2025-12-10,AST014,59375.0,Normal
2025-12-10,AST015,27285.67,Low
2025-12-10,AST016,39868.0,Low
2025-12-10,AST018,70265.0,High
2025-12-10,AST019,29999.0,Low
2025-12-10,AST020,52315.0,Normal
2025-12-10,AST021,66585.0,Normal
2025-12-10,AST022,35215.33,Low
2025-12-10,AST023,45772.0,Low
2025-12-10,AST025,59178.0,Normal
2025-12-10,AST026,66604.0,Normal
2025-12-10,AST027,77465.0,High
2025-12-10,AST029,43056.0,Low
2025-12-10,AST030,81242.0,High
2025-12-11,AST001,37250.0,Low
2025-12-11,AST006,50601.0,Normal
2025-12-11,AST007,77810.0,High
2025-12-11,AST008,32878.0,Low
2025-12-11,AST009,45019.0,Normal
2025-12-11,AST011,79185.0,High
2025-12-11,AST013,59595.0,Normal
2025-12-11,AST014,59923.0,Normal
2025-12-11,AST016,38468.0,Low
2025-12-11,AST017,64111.0,Normal
2025-12-11,AST018,76724.5,High
2025-12-11,AST021,67169.5,Normal
2025-12-11,AST024,47630.0,Normal
2025-12-11,AST027,78898.0,High
2025-12-11,AST029,37593.0,Low
2025-12-12,AST001,38683.0,Low
2025-12-12,AST002,28535.0,Low
2025-12-12,AST004,73155.0,High
2025-12-12,AST008,32807.0,Low
2025-12-12,AST011,82639.0,High
2025-12-12,AST019,33898.0,Low
2025-12-12,AST024,45396.0,Normal
2025-12-12,AST028,77409.0,High
2025-12-13,AST001,37719.5,Low
2025-12-13,AST002,29550.0,Low
2025-12-13,AST003,37220.0,Low
2025-12-13,AST004,67367.0,Normal
2025-12-13,AST007,79197.5,High
2025-12-13,AST011,78945.67,High
2025-12-13,AST012,50972.0,Normal
2025-12-13,AST013,57899.0,Normal
2025-12-13,AST014,59167.0,Normal
2025-12-13,AST016,41564.0,Low
2025-12-13,AST018,78023.0,High
2025-12-13,AST020,48300.0,Normal
2025-12-13,AST023,45149.67,Normal
2025-12-13,AST024,48410.5,Normal
2025-12-13,AST026,64097.0,Normal
2025-12-13,AST028,76169.0,High
2025-12-13,AST030,77492.0,High
2025-12-14,AST001,40201.33,Low
2025-12-14,AST002,31656.0,Low
2025-12-14,AST005,45931.67,Normal
2025-12-14,AST006,52928.5,Normal
2025-12-14,AST010,28501.5,Low
2025-12-14,AST014,61037.0,Normal
2025-12-14,AST016,37875.67,Low
2025-12-14,AST018,76278.0,High
2025-12-14,AST019,29624.0,Low
2025-12-14,AST020,51801.0,Normal
2025-12-14,AST023,43976.0,Low
2025-12-14,AST026,68871.0,Normal
2025-12-14,AST027,85988.0,High
2025-12-14,AST028,76584.0,High
2025-12-14,AST030,80044.0,High
2025-12-15,AST001,38235.0,Low
2025-12-15,AST002,31798.0,Low
2025-12-15,AST008,32966.0,Low
2025-12-15,AST010,30315.5,Low
2025-12-15,AST013,61302.0,Normal
2025-12-15,AST014,59136.0,Normal
2025-12-15,AST015,27524.0,Low
2025-12-15,AST016,42724.5,Low
2025-12-15,AST017,70002.0,High
2025-12-15,AST019,30775.0,Low
2025-12-15,AST020,51249.0,Normal
2025-12-15,AST021,56483.0,Normal
2025-12-15,AST022,35206.0,Low
2025-12-15,AST027,83518.0,High
2025-12-15,AST029,42957.5,Low
2025-12-15,AST030,73505.0,High
2025-12-16,AST004,70656.0,High
2025-12-16,AST006,55881.0,Normal
2025-12-16,AST008,32527.0,Low
2025-12-16,AST010,30229.0,Low
2025-12-16,AST013,59152.0,Normal
2025-12-16,AST015,27832.0,Low
2025-12-16,AST017,70662.5,High
2025-12-16,AST018,76824.5,High
2025-12-16,AST020,51944.0,Normal
2025-12-16,AST022,36714.0,Low
2025-12-16,AST023,41896.0,Low
2025-12-16,AST029,43331.0,Low
2025-12-16,AST030,80614.0,High
2025-12-17,AST004,76187.0,High
2025-12-17,AST005,47003.0,Normal
2025-12-17,AST006,50070.0,Normal
2025-12-17,AST012,49175.33,Normal
2025-12-17,AST013,62815.0,Normal
2025-12-17,AST014,53839.0,Normal
2025-12-17,AST015,26913.0,Low
2025-12-17,AST016,38673.0,Low
2025-12-17,AST018,82372.0,High
2025-12-17,AST019,30091.0,Low
2025-12-17,AST021,65805.0,Normal
2025-12-17,AST026,63301.0,Normal
2025-12-17,AST030,76666.0,High
2025-12-18,AST001,38788.0,Low
2025-12-18,AST002,30411.0,Low
2025-12-18,AST003,39694.67,Low
2025-12-18,AST007,76525.0,High
2025-12-18,AST010,28743.0,Low
2025-12-18,AST011,76248.5,High
2025-12-18,AST014,54654.0,Normal
2025-12-18,AST017,73585.0,High
2025-12-18,AST018,71646.0,High
2025-12-18,AST021,62648.0,Normal
2025-12-18,AST022,35802.0,Low
2025-12-18,AST024,47209.0,Normal
2025-12-18,AST025,52058.0,Normal
2025-12-18,AST026,63790.8,Normal
2025-12-18,AST027,80984.0,High
2025-12-18,AST028,75190.0,High
2025-12-18,AST029,43476.5,Low
2025-12-18,AST030,79762.0,High
2025-12-19,AST003,38277.0,Low
2025-12-19,AST004,66854.0,Normal
2025-12-19,AST005,48333.33,Normal
2025-12-19,AST008,32094.0,Low
2025-12-19,AST009,46991.0,Normal
2025-12-19,AST011,74803.0,High
2025-12-19,AST013,56756.0,Normal
2025-12-19,AST015,28406.0,Low
2025-12-19,AST017,68274.0,Normal
2025-12-19,AST023,47011.0,Normal
2025-12-19,AST024,45649.0,Normal
2025-12-19,AST025,60254.0,Normal
2025-12-19,AST027,77573.0,High
2025-12-19,AST028,79498.67,High
2025-12-20,AST001,37610.5,Low
2025-12-20,AST002,32276.0,Low
2025-12-20,AST005,47937.5,Normal
2025-12-20,AST006,52813.5,Normal
2025-12-20,AST007,73657.5,High
2025-12-20,AST010,29916.5,Low
2025-12-20,AST012,53799.0,Normal
2025-12-20,AST013,59909.0,Normal
2025-12-20,AST015,26154.0,Low
2025-12-20,AST017,67731.0,Normal
2025-12-20,AST020,51688.0,Normal
2025-12-20,AST021,63773.0,Normal
2025-12-20,AST023,44255.0,Low
2025-12-20,AST026,66811.0,Normal
2025-12-20,AST028,74122.0,High
2025-12-20,AST029,44859.0,Low
2025-12-20,AST030,78148.2,High
2025-12-21,AST001,40422.0,Low
2025-12-21,AST002,32995.0,Low
2025-12-21,AST004,72389.0,High
2025-12-21,AST007,76600.0,High
2025-12-21,AST008,30368.0,Low
2025-12-21,AST009,47647.5,Normal
2025-12-21,AST011,76900.0,High
2025-12-21,AST012,52543.0,Normal
2025-12-21,AST013,62916.0,Normal
2025-12-21,AST016,36919.0,Low
2025-12-21,AST018,84149.0,High
2025-12-21,AST021,69384.0,Normal
2025-12-21,AST022,33194.0,Low
2025-12-21,AST023,44794.0,Low
2025-12-21,AST024,47930.0,Normal
2025-12-21,AST026,61714.0,Normal
2025-12-22,AST001,39075.0,Low
2025-12-22,AST004,73145.0,High
2025-12-22,AST007,76872.0,High
2025-12-22,AST008,32598.5,Low
2025-12-22,AST009,47923.0,Normal
2025-12-22,AST011,79434.5,High
2025-12-22,AST012,52462.0,Normal
2025-12-22,AST013,62571.0,Normal
2025-12-22,AST014,57904.0,Normal
2025-12-22,AST015,27513.0,Low
2025-12-22,AST016,36444.0,Low
2025-12-22,AST017,74854.0,High
2025-12-22,AST018,70949.33,High
2025-12-22,AST019,31358.0,Low
2025-12-22,AST022,37469.0,Low
2025-12-22,AST028,73313.0,High
2025-12-22,AST029,38006.5,Low
2025-12-22,AST030,78996.5,High
2025-12-23,AST005,46745.0,Normal
2025-12-23,AST006,51589.0,Normal
2025-12-23,AST007,68395.0,Normal
2025-12-23,AST008,35064.0,Low
2025-12-23,AST011,69279.0,Normal
2025-12-23,AST013,58177.0,Normal
2025-12-23,AST014,55496.5,Normal
2025-12-23,AST016,41896.5,Low
2025-12-23,AST017,74603.0,High
2025-12-23,AST019,29816.0,Low
2025-12-23,AST020,55335.0,Normal
2025-12-23,AST021,68019.0,Normal
2025-12-23,AST023,43493.0,Low
2025-12-23,AST028,75941.0,High
2025-12-24,AST002,32185.5,Low
2025-12-24,AST004,80801.5,High
2025-12-24,AST005,44041.0,Low
2025-12-24,AST008,33824.5,Low
2025-12-24,AST012,49208.0,Normal
2025-12-24,AST013,63647.5,Normal
2025-12-24,AST014,57121.5,Normal
2025-12-24,AST015,26634.0,Low
2025-12-24,AST021,72285.0,High
2025-12-24,AST022,35477.0,Low
2025-12-24,AST024,49600.0,Normal
2025-12-24,AST025,51746.0,Normal
2025-12-24,AST027,76993.0,High
2025-12-24,AST028,69434.0,Normal
2025-12-24,AST030,76342.0,High
2025-12-25,AST001,36914.0,Low
2025-12-25,AST002,31564.0,Low
2025-12-25,AST003,39507.0,Low
2025-12-25,AST004,73620.0,High
2025-12-25,AST005,46062.0,Normal
2025-12-25,AST007,78187.0,High
2025-12-25,AST008,33105.0,Low
2025-12-25,AST009,44944.5,Low
2025-12-25,AST010,29550.0,Low
2025-12-25,AST012,54286.0,Normal
2025-12-25,AST013,61272.5,Normal
2025-12-25,AST016,38044.0,Low
2025-12-25,AST017,75928.0,High
2025-12-25,AST018,85678.0,High
2025-12-25,AST020,55829.0,Normal
2025-12-25,AST022,33959.0,Low
2025-12-25,AST025,59885.0,Normal
2025-12-25,AST026,66669.0,Normal
2025-12-25,AST027,77460.0,High
2025-12-25,AST028,75087.5,High
2025-12-25,AST030,76912.0,High
2025-12-26,AST001,38946.67,Low
2025-12-26,AST003,37920.0,Low
2025-12-26,AST004,70541.0,High
2025-12-26,AST005,46045.5,Normal
2025-12-26,AST006,54954.0,Normal
2025-12-26,AST007,74450.0,High
2025-12-26,AST009,45267.0,Normal
2025-12-26,AST011,81372.5,High
2025-12-26,AST014,53935.0,Normal
2025-12-26,AST015,26764.0,Low
2025-12-26,AST018,71476.0,High
2025-12-26,AST019,29234.0,Low
2025-12-26,AST020,51449.5,Normal
2025-12-26,AST022,31547.0,Low
2025-12-26,AST027,67792.0,Normal
2025-12-26,AST029,40299.0,Low
2025-12-26,AST030,73231.0,High
2025-12-27,AST001,34753.0,Low
2025-12-27,AST002,29766.0,Low
2025-12-27,AST004,66992.5,Normal
2025-12-27,AST005,47015.5,Normal
2025-12-27,AST006,54311.0,Normal
2025-12-27,AST007,72568.0,High
2025-12-27,AST008,31949.0,Low
2025-12-27,AST010,28118.0,Low
2025-12-27,AST011,83310.0,High
2025-12-27,AST012,53946.0,Normal
2025-12-27,AST013,60105.0,Normal
2025-12-27,AST015,26136.5,Low
2025-12-27,AST018,70572.0,High
2025-12-27,AST020,58886.0,Normal
2025-12-27,AST022,33722.5,Low
2025-12-27,AST026,57760.0,Normal
2025-12-27,AST027,70853.0,High
2025-12-27,AST028,82325.0,High
2025-12-27,AST030,81179.0,High
2025-12-28,AST001,37382.5,Low
2025-12-28,AST003,43305.0,Low
2025-12-28,AST005,44163.0,Low
2025-12-28,AST008,34953.0,Low
2025-12-28,AST009,46583.0,Normal
2025-12-28,AST012,53473.0,Normal
2025-12-28,AST014,58922.0,Normal
2025-12-28,AST016,39206.0,Low
2025-12-28,AST017,66085.0,Normal
2025-12-28,AST018,77440.0,High
2025-12-28,AST019,29656.5,Low
2025-12-28,AST020,57442.0,Normal
2025-12-28,AST024,47341.0,Normal
2025-12-28,AST027,74333.0,High
2025-12-28,AST028,77750.0,High
2025-12-28,AST030,88785.5,High
2025-12-29,AST001,38329.0,Low
2025-12-29,AST003,39753.0,Low
2025-12-29,AST006,53741.5,Normal
2025-12-29,AST008,31799.0,Low
2025-12-29,AST010,30604.0,Low
2025-12-29,AST012,50353.5,Normal
2025-12-29,AST013,61726.25,Normal
2025-12-29,AST015,27070.0,Low
2025-12-29,AST017,67565.0,Normal
2025-12-29,AST019,31407.0,Low
2025-12-29,AST020,52137.0,Normal
2025-12-29,AST021,68985.5,High
2025-12-29,AST023,43285.0,Low
2025-12-29,AST026,61871.5,Normal
2025-12-29,AST027,78505.5,High
2025-12-29,AST028,75503.33,High
2025-12-29,AST030,77841.0,High
2025-12-30,AST001,37952.5,Low
2025-12-30,AST002,34082.0,Low
2025-12-30,AST003,42024.0,Low
2025-12-30,AST005,44423.0,Low
2025-12-30,AST009,38460.0,Low
2025-12-30,AST011,81353.0,High
2025-12-30,AST013,69745.0,Normal
2025-12-30,AST016,37271.5,Low
2025-12-30,AST017,72332.0,High
2025-12-30,AST022,33169.0,Low
2025-12-30,AST023,43920.0,Low
2025-12-30,AST024,48335.67,Normal
2025-12-30,AST025,56859.0,Normal
2025-12-30,AST026,65664.0,Normal
2025-12-31,AST002,33629.0,Low
2025-12-31,AST003,42480.0,Low
2025-12-31,AST005,45546.0,Normal
2025-12-31,AST006,51753.0,Normal
2025-12-31,AST008,33414.0,Low
2025-12-31,AST009,43994.33,Low
2025-12-31,AST013,61792.0,Normal
2025-12-31,AST020,51730.0,Normal
2025-12-31,AST022,32364.0,Low
2025-12-31,AST026,64154.0,Normal
2025-12-31,AST028,75482.25,High
2025-12-31,AST029,38892.0,Low
2026-01-01,AST001,38628.5,Low
2026-01-01,AST003,40013.0,Low
2026-01-01,AST005,52142.0,Normal
2026-01-01,AST007,78366.0,High
2026-01-01,AST010,30774.0,Low
2026-01-01,AST012,50359.0,Normal
2026-01-01,AST013,64870.5,Normal
2026-01-01,AST014,58402.0,Normal
2026-01-01,AST015,27355.0,Low
2026-01-01,AST016,41290.0,Low
2026-01-01,AST017,73437.0,High
2026-01-01,AST020,53847.0,Normal
2026-01-01,AST021,73382.0,High
2026-01-01,AST023,47661.0,Normal
2026-01-01,AST026,66862.25,Normal
2026-01-01,AST027,85970.0,High
2026-01-01,AST029,47042.0,Normal
2026-01-02,AST003,41082.0,Low
2026-01-02,AST004,77315.0,High
2026-01-02,AST006,59581.5,Normal
2026-01-02,AST008,35475.0,Low
2026-01-02,AST009,51963.0,Normal
2026-01-02,AST010,32307.0,Low
2026-01-02,AST011,87289.0,High
2026-01-02,AST012,59316.0,Normal
2026-01-02,AST014,67713.0,Normal
2026-01-02,AST015,28488.5,Low
2026-01-02,AST017,74285.0,High
2026-01-02,AST019,31299.0,Low
2026-01-02,AST020,54625.0,Normal
2026-01-02,AST021,67857.0,Normal
2026-01-02,AST023,48412.0,Normal
2026-01-02,AST024,51531.0,Normal
2026-01-02,AST025,61537.0,Normal
2026-01-02,AST027,90411.0,High
2026-01-02,AST030,87906.0,High
2026-01-03,AST003,44128.0,Low
2026-01-03,AST005,50031.0,Normal
2026-01-03,AST006,55203.0,Normal
2026-01-03,AST008,34598.67,Low
2026-01-03,AST010,29732.0,Low
2026-01-03,AST011,78348.0,High
2026-01-03,AST013,67273.0,Normal
2026-01-03,AST015,30493.5,Low
2026-01-03,AST017,76598.0,High
2026-01-03,AST019,31143.0,Low
2026-01-03,AST020,59907.0,Normal
2026-01-03,AST022,37014.5,Low
2026-01-03,AST023,49417.0,Normal
2026-01-03,AST024,50550.67,Normal
2026-01-03,AST028,83964.5,High
2026-01-03,AST030,85900.0,High
2026-01-04,AST001,39786.0,Low
2026-01-04,AST003,42121.0,Low
2026-01-04,AST004,79916.0,High
2026-01-04,AST006,58634.0,Normal
2026-01-04,AST008,31251.0,Low
2026-01-04,AST009,43839.0,Low
2026-01-04,AST012,51860.0,Normal
2026-01-04,AST013,69468.0,Normal
2026-01-04,AST015,29505.5,Low
2026-01-04,AST016,43156.0,Low
2026-01-04,AST020,58517.0,Normal
2026-01-04,AST022,38342.0,Low
2026-01-04,AST023,45475.0,Normal
2026-01-04,AST024,52169.0,Normal
2026-01-04,AST025,60619.0,Normal
2026-01-04,AST027,80653.0,High
2026-01-04,AST028,79635.0,High
2026-01-04,AST030,93833.0,High
2026-01-05,AST001,36488.0,Low
2026-01-05,AST003,44607.0,Low
2026-01-05,AST004,70009.0,High
2026-01-05,AST006,57447.5,Normal
2026-01-05,AST007,75136.0,High
2026-01-05,AST008,35274.0,Low
2026-01-05,AST010,29442.0,Low
2026-01-05,AST011,84368.75,High
2026-01-05,AST017,75580.0,High
2026-01-05,AST018,82027.0,High
2026-01-05,AST024,54794.0,Normal
2026-01-05,AST025,54395.0,Normal
2026-01-05,AST026,72389.0,High
2026-01-05,AST029,44776.0,Low
2026-01-05,AST030,87462.0,High
2026-01-06,AST001,42451.0,Low
2026-01-06,AST003,38622.0,Low
2026-01-06,AST004,74770.5,High
2026-01-06,AST006,58275.0,Normal
2026-01-06,AST011,85202.0,High
2026-01-06,AST012,54663.0,Normal
2026-01-06,AST013,69486.0,Normal
2026-01-06,AST014,61791.0,Normal
2026-01-06,AST018,80575.0,High
2026-01-06,AST020,53072.5,Normal
2026-01-06,AST023,45082.5,Low
2026-01-06,AST026,71941.0,High
2026-01-06,AST027,84993.0,High
2026-01-06,AST028,78090.0,High
2026-01-06,AST030,92601.0,High
2026-01-07,AST001,40000.5,Low
2026-01-07,AST005,48483.0,Normal
2026-01-07,AST007,71168.0,High
2026-01-07,AST010,30020.0,Low
2026-01-07,AST011,84348.0,High
2026-01-07,AST012,49636.0,Normal
2026-01-07,AST013,63436.67,Normal
2026-01-07,AST015,28684.0,Low
2026-01-07,AST017,76904.0,High
2026-01-07,AST018,84916.33,High
2026-01-07,AST021,74339.0,High
2026-01-07,AST022,36300.0,Low
2026-01-07,AST023,48967.0,Normal
2026-01-07,AST024,50639.0,Normal
2026-01-07,AST026,64917.0,Normal
2026-01-07,AST027,81655.0,High
2026-01-07,AST029,46443.0,Normal
2026-01-07,AST030,85339.0,High
2026-01-08,AST002,33759.0,Low
2026-01-08,AST003,46252.0,Normal
2026-01-08,AST004,76407.0,High
2026-01-08,AST006,58907.5,Normal
2026-01-08,AST007,79404.0,High
2026-01-08,AST012,53683.0,Normal
2026-01-08,AST013,68682.0,Normal
2026-01-08,AST015,26445.0,Low
2026-01-08,AST017,77328.0,High
2026-01-08,AST018,85557.0,High
2026-01-08,AST019,29516.0,Low
2026-01-08,AST020,56970.0,Normal
2026-01-08,AST021,72610.0,High
2026-01-08,AST022,39765.0,Low
2026-01-08,AST024,50232.0,Normal
2026-01-08,AST027,85825.0,High
2026-01-08,AST028,85348.0,High
2026-01-08,AST029,44205.0,Low
2026-01-08,AST030,81594.0,High
2026-01-09,AST003,42805.0,Low
2026-01-09,AST004,71700.0,High
2026-01-09,AST005,54490.0,Normal
2026-01-09,AST006,47131.0,Normal
2026-01-09,AST008,34107.5,Low
2026-01-09,AST010,32011.0,Low
2026-01-09,AST011,84587.0,High
2026-01-09,AST013,69339.0,Normal
2026-01-09,AST015,28901.0,Low
2026-01-09,AST021,65418.0,Normal
2026-01-09,AST023,47653.0,Normal
2026-01-09,AST024,50635.5,Normal
2026-01-09,AST026,72269.0,High
2026-01-09,AST027,82339.5,High
2026-01-09,AST029,51981.0,Normal
2026-01-09,AST030,91691.0,High
2026-01-10,AST002,33067.0,Low
2026-01-10,AST003,41063.0,Low
2026-01-10,AST004,72652.0,High
2026-01-10,AST008,34465.5,Low
2026-01-10,AST009,43859.0,Low
2026-01-10,AST011,81264.0,High
2026-01-10,AST012,49571.0,Normal
2026-01-10,AST014,53673.0,Normal
2026-01-10,AST017,67317.0,Normal
2026-01-10,AST019,32018.5,Low
2026-01-10,AST020,57326.0,Normal
2026-01-10,AST022,35700.0,Low
2026-01-10,AST023,41241.0,Low
2026-01-10,AST025,58014.5,Normal
2026-01-10,AST026,70986.0,High
2026-01-10,AST027,82104.0,High
2026-01-11,AST001,39800.0,Low
2026-01-11,AST002,32895.0,Low
2026-01-11,AST003,40858.0,Low
2026-01-11,AST004,75834.0,High
2026-01-11,AST007,77009.0,High
2026-01-11,AST008,35011.0,Low
2026-01-11,AST009,47689.0,Normal
2026-01-11,AST010,30912.0,Low
2026-01-11,AST011,86795.5,High
2026-01-11,AST013,64866.0,Normal
2026-01-11,AST014,62707.0,Normal
2026-01-11,AST015,27819.0,Low
2026-01-11,AST017,75271.0,High
2026-01-11,AST018,76198.0,High
2026-01-11,AST021,74660.0,High
2026-01-11,AST022,37792.0,Low
2026-01-11,AST023,44812.5,Low
2026-01-11,AST024,49764.0,Normal
2026-01-11,AST027,80099.0,High
2026-01-11,AST030,81250.0,High
2026-01-12,AST002,32178.0,Low
2026-01-12,AST003,44524.0,Low
2026-01-12,AST005,51179.0,Normal
2026-01-12,AST007,78303.5,High
2026-01-12,AST008,33130.0,Low
2026-01-12,AST012,50961.0,Normal
2026-01-12,AST013,61207.0,Normal
2026-01-12,AST014,59805.0,Normal
2026-01-12,AST016,42206.5,Low
2026-01-12,AST023,47322.0,Low
2026-01-12,AST024,51826.0,Normal
2026-01-12,AST026,66931.0,Normal
2026-01-12,AST028,74988.0,High
2026-01-12,AST029,38941.0,Low
2026-01-13,AST001,39634.0,Low
2026-01-13,AST008,34721.0,Low
2026-01-13,AST010,29980.5,Low
2026-01-13,AST014,59128.0,Normal
2026-01-13,AST015,25065.0,Low
2026-01-13,AST016,39964.0,Low
2026-01-13,AST018,81298.5,High
2026-01-13,AST019,30643.0,Low
2026-01-13,AST020,51893.0,Normal
2026-01-13,AST021,68644.5,High
2026-01-13,AST022,36855.0,Low
2026-01-13,AST025,58212.0,Normal
2026-01-13,AST029,40360.0,Low
2026-01-13,AST030,82411.0,High
2026-01-14,AST003,40452.67,Low
2026-01-14,AST004,75831.0,High
2026-01-14,AST005,45625.0,Normal
2026-01-14,AST006,54443.0,Normal
2026-01-14,AST007,78241.5,High
2026-01-14,AST010,30881.0,Low
2026-01-14,AST012,56386.67,Normal
2026-01-14,AST014,59249.0,Normal
2026-01-14,AST015,27207.0,Low
2026-01-14,AST020,56185.0,Normal
2026-01-14,AST022,33724.0,Low
2026-01-14,AST027,80669.5,High
2026-01-15,AST002,31426.0,Low
2026-01-15,AST004,71482.0,High
2026-01-15,AST005,53624.0,Normal
2026-01-15,AST006,56595.0,Normal
2026-01-15,AST009,44830.0,Low
2026-01-15,AST010,30927.5,Low
2026-01-15,AST014,64875.0,Normal
2026-01-15,AST016,43492.0,Low
2026-01-15,AST019,32327.0,Low
2026-01-15,AST020,51021.0,Normal
2026-01-15,AST023,43752.0,Low
2026-01-15,AST024,49718.0,Low
2026-01-15,AST026,70997.0,High
2026-01-15,AST027,75417.0,High
2026-01-15,AST028,81586.5,High
2026-01-15,AST029,49742.0,Normal
2026-01-16,AST001,37374.0,Low
2026-01-16,AST002,32082.5,Low
2026-01-16,AST004,69020.67,Normal
2026-01-16,AST006,62636.0,Normal
2026-01-16,AST007,79464.0,High
2026-01-16,AST008,36376.0,Low
2026-01-16,AST011,87784.0,High
2026-01-16,AST012,54414.0,Normal
2026-01-16,AST013,68883.0,Normal
2026-01-16,AST015,27350.0,Low
2026-01-16,AST016,41139.5,Low
2026-01-16,AST018,83806.0,High
2026-01-16,AST019,26583.0,Low
2026-01-16,AST028,83483.0,High
2026-01-16,AST030,81346.0,High
2026-01-17,AST003,42307.67,Low
2026-01-17,AST010,32368.0,Low
2026-01-17,AST013,66758.0,Normal
2026-01-17,AST016,43367.0,Low
2026-01-17,AST019,33218.0,Low
2026-01-17,AST021,72733.0,High
2026-01-17,AST028,81487.0,High
2026-01-17,AST029,43503.0,Low
2026-01-17,AST030,88803.0,High
2026-01-18,AST002,33328.0,Low
2026-01-18,AST004,74044.0,High
2026-01-18,AST005,53318.0,Normal
2026-01-18,AST006,64511.0,Normal
2026-01-18,AST010,30522.0,Low
2026-01-18,AST011,85393.0,High
2026-01-18,AST014,67097.0,Normal
2026-01-18,AST017,75456.0,High
2026-01-18,AST018,81722.5,High
2026-01-18,AST019,31186.0,Low
2026-01-18,AST020,53971.5,Normal
2026-01-18,AST021,68362.0,Normal
2026-01-18,AST023,44662.0,Low
2026-01-18,AST025,57488.0,Normal
2026-01-18,AST026,68350.0,Normal
2026-01-18,AST027,79470.0,High
2026-01-18,AST029,47386.0,Normal
2026-01-18,AST030,81673.5,High
2026-01-19,AST002,35130.0,Low
2026-01-19,AST003,46196.0,Normal
2026-01-19,AST004,78255.0,High
2026-01-19,AST008,36069.0,Low
2026-01-19,AST009,44710.0,Low
2026-01-19,AST010,32565.0,Low
2026-01-19,AST013,63873.67,Normal
2026-01-19,AST016,47131.0,Normal
2026-01-19,AST017,77511.0,High
2026-01-19,AST018,80213.5,High
2026-01-19,AST019,29110.0,Low
2026-01-19,AST020,54948.5,Normal
2026-01-19,AST021,70283.0,High
2026-01-19,AST023,45338.0,Normal
2026-01-19,AST024,46773.0,Normal
2026-01-19,AST025,58979.0,Normal
2026-01-19,AST026,63574.0,Normal
2026-01-19,AST029,49004.0,Normal
2026-01-19,AST030,90204.0,High
2026-01-20,AST002,35205.0,Low
2026-01-20,AST007,79799.0,High
2026-01-20,AST009,48852.0,Normal
2026-01-20,AST010,33750.0,Low
2026-01-20,AST011,85231.33,High
2026-01-20,AST015,26759.5,Low
2026-01-20,AST016,40009.0,Low
2026-01-20,AST019,32376.0,Low
2026-01-20,AST026,67579.0,Normal
2026-01-20,AST027,81488.0,High
2026-01-20,AST028,80840.0,High
2026-01-20,AST029,48252.0,Normal
2026-01-20,AST030,82554.0,High
2026-01-21,AST002,33283.0,Low
2026-01-21,AST004,74185.0,High
2026-01-21,AST008,35308.5,Low
2026-01-21,AST010,28649.0,Low
2026-01-21,AST011,84040.0,High
2026-01-21,AST014,63504.5,Normal
2026-01-21,AST016,47844.0,Normal
2026-01-21,AST017,79037.67,High
2026-01-21,AST019,31604.0,Low
2026-01-21,AST021,69605.5,High
2026-01-21,AST022,38087.5,Low
2026-01-21,AST023,49257.0,Normal
2026-01-21,AST026,66422.0,Normal
2026-01-21,AST028,76223.0,High
2026-01-22,AST001,41796.5,Low
2026-01-22,AST002,31590.0,Low
2026-01-22,AST003,43337.0,Low
2026-01-22,AST005,48724.0,Normal
2026-01-22,AST006,64799.0,Normal
2026-01-22,AST007,65257.0,Normal
2026-01-22,AST008,32720.0,Low
2026-01-22,AST010,30337.0,Low
2026-01-22,AST011,84272.0,High
2026-01-22,AST013,65912.0,Normal
2026-01-22,AST014,59680.0,Normal
2026-01-22,AST016,42498.0,Low
2026-01-22,AST017,77529.0,High
2026-01-22,AST018,89939.5,High
2026-01-22,AST021,73794.0,High
2026-01-22,AST023,44168.0,Low
2026-01-22,AST024,47084.5,Normal
2026-01-22,AST026,69679.5,High
2026-01-22,AST027,83814.0,High
2026-01-22,AST030,89510.0,High
2026-01-23,AST007,74795.0,High
2026-01-23,AST008,34989.0,Low
2026-01-23,AST009,45881.0,Normal
2026-01-23,AST013,63236.0,Normal
2026-01-23,AST015,30605.0,Low
2026-01-23,AST016,39450.0,Low
2026-01-23,AST018,74960.0,High
2026-01-23,AST021,69807.67,Normal
2026-01-23,AST024,48999.0,Normal
2026-01-23,AST025,62672.0,Normal
2026-01-23,AST029,43727.0,Low
2026-01-23,AST030,82422.0,High
2026-01-24,AST001,42865.0,Low
2026-01-24,AST005,53053.0,Normal
2026-01-24,AST010,31517.0,Low
2026-01-24,AST011,80846.0,High
2026-01-24,AST012,61210.0,Normal
2026-01-24,AST015,30037.0,Low
2026-01-24,AST016,43900.0,Low
2026-01-24,AST018,84427.0,High
2026-01-24,AST021,75762.0,High
2026-01-24,AST022,36617.5,Low
2026-01-24,AST023,48247.0,Normal
2026-01-24,AST028,83632.0,High
2026-01-24,AST029,43199.0,Low
2026-01-24,AST030,86429.0,High
2026-01-25,AST003,42601.0,Low
2026-01-25,AST005,51650.0,Normal
2026-01-25,AST008,33518.5,Low
2026-01-25,AST010,33470.0,Low
2026-01-25,AST013,62917.5,Normal
2026-01-25,AST014,57763.0,Normal
2026-01-25,AST015,29031.5,Low
2026-01-25,AST017,76234.0,High
2026-01-25,AST020,52802.0,Normal
2026-01-25,AST022,38640.0,Low
2026-01-25,AST026,67165.5,Normal
2026-01-25,AST030,83428.5,High
2026-01-26,AST001,39743.0,Low
2026-01-26,AST007,77664.5,High
2026-01-26,AST009,46273.0,Normal
2026-01-26,AST010,33662.0,Low
2026-01-26,AST012,55732.0,Normal
2026-01-26,AST013,66461.5,High
2026-01-26,AST017,77316.0,High
2026-01-26,AST021,71973.0,High
2026-01-26,AST024,49981.0,Normal
2026-01-26,AST026,67181.0,Normal
2026-01-26,AST029,43592.0,Low
2026-01-27,AST001,37115.0,Low
2026-01-27,AST002,34792.0,Low
2026-01-27,AST003,44775.0,Normal
2026-01-27,AST004,80177.0,High
2026-01-27,AST008,35854.5,Low
2026-01-27,AST010,30925.0,Low
2026-01-27,AST011,89875.0,High
2026-01-27,AST012,58844.0,Normal
2026-01-27,AST013,62672.0,Normal
2026-01-27,AST014,57282.0,Normal
2026-01-27,AST015,30331.33,Low
2026-01-27,AST017,79103.0,High
2026-01-27,AST018,74878.0,High
2026-01-27,AST019,33086.0,Low
2026-01-27,AST020,53186.0,Normal
2026-01-27,AST021,70812.5,High
2026-01-27,AST022,35610.33,Low
2026-01-27,AST024,53528.0,Normal
2026-01-27,AST025,65586.0,Normal
2026-01-27,AST026,69995.0,Normal
2026-01-27,AST027,84098.0,High
2026-01-27,AST029,43219.0,Low
2026-01-27,AST030,78013.0,High
2026-01-28,AST001,38198.0,Low
2026-01-28,AST002,32519.5,Low
2026-01-28,AST004,67033.0,Normal
2026-01-28,AST009,49217.0,Normal
2026-01-28,AST010,32728.0,Low
2026-01-28,AST011,87251.0,High
2026-01-28,AST012,56871.5,Normal
2026-01-28,AST016,40201.0,Low
2026-01-28,AST017,77434.0,High
2026-01-28,AST020,57198.0,Normal
2026-01-28,AST021,75268.0,High
2026-01-28,AST022,36044.0,Low
2026-01-28,AST023,48873.0,Normal
2026-01-28,AST026,64068.0,Normal
2026-01-28,AST027,89175.0,High
2026-01-28,AST029,43510.0,Low
2026-01-29,AST001,42935.0,Low
2026-01-29,AST002,34933.0,Low
2026-01-29,AST003,43066.5,Low
2026-01-29,AST006,52457.0,Normal
2026-01-29,AST010,31881.0,Low
2026-01-29,AST012,55512.0,Normal
2026-01-29,AST015,27412.0,Low
2026-01-29,AST017,79595.0,High
2026-01-29,AST018,80822.0,High
2026-01-29,AST023,50638.0,Normal
2026-01-29,AST024,48102.5,Normal
2026-01-29,AST026,68134.0,High
2026-01-29,AST027,85193.0,High
2026-01-30,AST001,41088.0,Low
2026-01-30,AST002,32763.0,Low
2026-01-30,AST005,47529.0,Normal
2026-01-30,AST006,60252.0,Normal
2026-01-30,AST008,31266.0,Low
2026-01-30,AST010,33990.0,Low
2026-01-30,AST012,59592.0,Normal
2026-01-30,AST014,61729.0,Normal
2026-01-30,AST016,42698.0,Low
2026-01-30,AST020,53584.5,Normal
2026-01-30,AST021,66700.0,Normal
2026-01-30,AST024,51853.0,Normal
2026-01-30,AST028,80546.0,High
2026-01-31,AST003,42057.0,Low
2026-01-31,AST005,52383.5,Normal
2026-01-31,AST006,58678.0,Normal
2026-01-31,AST008,33892.5,Low
2026-01-31,AST010,30073.5,Low
2026-01-31,AST011,84909.8,High
2026-01-31,AST012,57479.0,Normal
2026-01-31,AST014,66770.0,Normal
2026-01-31,AST016,39497.0,Low
2026-01-31,AST017,78503.0,High
2026-01-31,AST018,84931.0,High
2026-01-31,AST021,69990.5,High
2026-01-31,AST022,41016.0,Low
2026-01-31,AST023,48159.0,Normal
2026-01-31,AST026,68436.0,Normal
2026-01-31,AST027,84577.0,High
2026-01-31,AST028,82316.0,High
2026-02-01,AST002,34293.0,Low
2026-02-01,AST004,71194.0,High
2026-02-01,AST005,52991.5,Normal
2026-02-01,AST008,35109.0,Low
2026-02-01,AST010,29574.0,Low
2026-02-01,AST016,42896.0,Low
2026-02-01,AST020,56015.5,Normal
2026-02-01,AST021,73574.0,High
2026-02-01,AST024,56275.0,Normal
2026-02-01,AST026,70814.0,High
2026-02-01,AST027,83647.0,High
2026-02-02,AST002,32383.0,Low
2026-02-02,AST004,77100.0,High
2026-02-02,AST005,50696.0,Normal
2026-02-02,AST010,32481.0,Low
2026-02-02,AST011,93480.0,High
2026-02-02,AST012,59236.0,Normal
2026-02-02,AST013,63406.5,Normal
2026-02-02,AST015,29707.0,Low
2026-02-02,AST016,45071.0,Normal
2026-02-02,AST017,78672.0,High
2026-02-02,AST018,82589.0,High
2026-02-02,AST020,57517.5,Normal
2026-02-02,AST021,73580.67,High
2026-02-02,AST022,39434.0,Low
2026-02-02,AST023,45980.0,Normal
2026-02-02,AST025,58159.0,Normal
2026-02-02,AST027,83716.5,High
2026-02-02,AST028,84265.0,High
2026-02-02,AST029,44659.0,Low
2026-02-02,AST030,93439.0,High
2026-02-03,AST003,43568.0,Low
2026-02-03,AST004,74129.0,High
2026-02-03,AST005,48260.0,Normal
2026-02-03,AST007,82154.0,High
2026-02-03,AST009,45892.0,Normal
2026-02-03,AST011,87408.0,High
2026-02-03,AST017,76941.0,High
2026-02-03,AST018,82040.0,High
2026-02-03,AST022,39221.0,Low
2026-02-03,AST023,42872.0,Low
2026-02-03,AST027,85612.5,High
2026-02-03,AST029,40656.0,Low
2026-02-04,AST001,41211.0,Low
2026-02-04,AST002,35465.0,Low
2026-02-04,AST003,46079.0,Normal
2026-02-04,AST006,56826.67,Normal
2026-02-04,AST008,32962.0,Low
2026-02-04,AST009,47082.0,Normal
2026-02-04,AST010,31857.0,Low
2026-02-04,AST015,29252.5,Low
2026-02-04,AST016,43227.0,Low
2026-02-04,AST017,84414.0,High
2026-02-04,AST018,86329.0,High
2026-02-04,AST020,57587.0,Normal
2026-02-04,AST022,41123.0,Low
2026-02-04,AST023,51154.0,Normal
2026-02-04,AST024,51227.0,Normal
2026-02-04,AST025,58727.0,Normal
2026-02-04,AST026,67082.0,Normal
2026-02-04,AST028,83571.0,High
2026-02-04,AST029,45472.0,Normal
2026-02-04,AST030,87618.0,High
2026-02-05,AST002,34653.0,Low
2026-02-05,AST003,46639.5,Normal
2026-02-05,AST006,56738.0,Normal
2026-02-05,AST010,32691.0,Low
2026-02-05,AST013,63455.0,Normal
2026-02-05,AST014,61494.0,Normal
2026-02-05,AST017,77272.0,High
2026-02-05,AST018,81772.0,High
2026-02-05,AST020,59938.0,Normal
2026-02-05,AST021,72029.0,High
2026-02-05,AST022,37316.0,Low
2026-02-05,AST023,46306.5,Low
2026-02-05,AST024,50296.33,Normal
2026-02-05,AST025,58941.5,Normal
2026-02-05,AST026,68465.5,High
2026-02-05,AST027,88353.0,High
2026-02-05,AST028,77864.0,High
2026-02-06,AST001,40375.0,Low
2026-02-06,AST003,43373.5,Low
2026-02-06,AST004,75817.0,High
2026-02-06,AST005,55653.0,Normal
2026-02-06,AST008,32769.0,Low
2026-02-06,AST009,47072.0,Normal
2026-02-06,AST012,54063.0,Normal
2026-02-06,AST016,45267.0,Normal
2026-02-06,AST018,75924.0,High
2026-02-06,AST020,56505.0,Normal
2026-02-06,AST023,46521.0,Normal
2026-02-06,AST026,65636.0,Normal
2026-02-06,AST028,83661.0,High
2026-02-06,AST030,92168.0,High
2026-02-07,AST001,44962.0,Low
2026-02-07,AST002,38675.0,Low
2026-02-07,AST004,70196.0,High
2026-02-07,AST005,50732.67,Normal
2026-02-07,AST008,34841.0,Low
2026-02-07,AST010,30719.0,Low
2026-02-07,AST011,90108.0,High
2026-02-07,AST012,55168.0,Normal
2026-02-07,AST013,68187.0,Normal
2026-02-07,AST015,30393.0,Low
2026-02-07,AST016,44107.0,Low
2026-02-07,AST023,46649.0,Normal
2026-02-07,AST024,51404.5,Normal
2026-02-07,AST030,81698.0,High
2026-02-08,AST001,38023.0,Low
2026-02-08,AST004,78206.5,High
2026-02-08,AST005,52740.0,Normal
2026-02-08,AST007,76734.0,High
2026-02-08,AST008,36780.0,Low
2026-02-08,AST009,46965.0,Normal
2026-02-08,AST012,55240.0,Normal
2026-02-08,AST013,63852.0,Normal
2026-02-08,AST015,27811.0,Low
2026-02-08,AST017,81030.0,High
2026-02-08,AST019,33351.0,Low
2026-02-08,AST020,55595.0,Normal
2026-02-08,AST021,64951.0,Normal
2026-02-08,AST022,35801.0,Low
2026-02-08,AST026,73589.0,High
2026-02-08,AST027,74965.0,High
2026-02-08,AST029,45293.0,Normal
2026-02-09,AST002,34298.67,Low
2026-02-09,AST004,65281.0,Normal
2026-02-09,AST005,48479.0,Normal
2026-02-09,AST006,55298.0,Normal
2026-02-09,AST009,47650.0,Normal
2026-02-09,AST016,40027.0,Low
2026-02-09,AST017,79558.0,High
2026-02-09,AST018,81175.0,High
2026-02-09,AST021,68450.5,High
2026-02-09,AST022,37965.0,Low
2026-02-09,AST024,45978.0,Normal
2026-02-09,AST025,54172.0,Normal
2026-02-09,AST026,63935.0,Normal
2026-02-09,AST028,95877.0,High
2026-02-09,AST029,44846.0,Low
2026-02-10,AST002,32544.0,Low
2026-02-10,AST005,51403.5,Normal
2026-02-10,AST006,56423.0,Normal
2026-02-10,AST008,37516.0,Low
2026-02-10,AST010,32001.0,Low
2026-02-10,AST011,83507.0,High
2026-02-10,AST013,65777.0,Normal
2026-02-10,AST014,56935.0,Normal
2026-02-10,AST015,27365.0,Low
2026-02-10,AST016,47102.0,Normal
2026-02-10,AST017,71342.0,High
2026-02-10,AST020,53821.0,Normal
2026-02-10,AST021,68094.0,Normal
2026-02-10,AST022,40237.0,Low
2026-02-10,AST023,44384.0,Low
2026-02-10,AST027,79286.0,High
2026-02-10,AST029,44982.5,Low
2026-02-10,AST030,88254.5,High
2026-02-11,AST002,32998.5,Low
2026-02-11,AST004,74800.0,High
2026-02-11,AST007,76269.0,High
2026-02-11,AST011,86780.0,High
2026-02-11,AST012,55382.0,Normal
2026-02-11,AST013,64554.0,Normal
2026-02-11,AST014,61388.67,Normal
2026-02-11,AST015,30537.0,Low
2026-02-11,AST018,83494.33,High
2026-02-11,AST020,53834.33,Normal
2026-02-11,AST023,45993.0,Normal
2026-02-11,AST025,64325.0,Normal
2026-02-11,AST027,70604.0,High
2026-02-11,AST028,78855.67,High
2026-02-11,AST030,87310.0,High
2026-02-12,AST001,42563.5,Low
2026-02-12,AST003,44557.0,Low
2026-02-12,AST004,75236.0,High
2026-02-12,AST008,36137.0,Low
2026-02-12,AST012,58132.0,Normal
2026-02-12,AST013,65769.0,Normal
2026-02-12,AST014,60523.0,Normal
2026-02-12,AST015,31684.0,Low
2026-02-12,AST016,41461.0,Low
2026-02-12,AST018,82524.0,High
2026-02-12,AST019,31638.0,Low
2026-02-12,AST020,64509.0,Normal
2026-02-12,AST021,71885.0,High
2026-02-12,AST022,37720.0,Low
2026-02-12,AST024,54145.67,Normal
2026-02-12,AST025,61256.0,Normal
2026-02-12,AST026,69189.75,Normal
2026-02-12,AST027,87267.0,High
2026-02-12,AST029,45293.0,Normal
2026-02-12,AST030,88613.0,High
2026-02-13,AST001,42021.0,Low
2026-02-13,AST003,43278.0,Low
2026-02-13,AST007,73601.0,High
2026-02-13,AST010,31654.0,Low
2026-02-13,AST011,86248.0,High
2026-02-13,AST014,58258.0,Normal
2026-02-13,AST016,44683.5,Low
2026-02-13,AST019,30598.0,Low
2026-02-13,AST020,61157.0,Normal
2026-02-13,AST021,71037.0,High
2026-02-13,AST023,44844.0,Low
2026-02-13,AST024,53679.0,Normal
2026-02-13,AST030,86069.0,High
2026-02-14,AST001,41715.0,Low
2026-02-14,AST002,30331.0,Low
2026-02-14,AST003,44296.0,Low
2026-02-14,AST005,52515.33,Normal
2026-02-14,AST006,57550.5,Normal
2026-02-14,AST008,36021.0,Low
2026-02-14,AST011,88323.0,High
2026-02-14,AST013,60098.0,Normal
2026-02-14,AST016,42393.0,Low
2026-02-14,AST019,31175.0,Low
2026-02-14,AST021,72456.0,High
2026-02-14,AST023,46484.67,Normal
2026-02-14,AST027,85900.0,High
2026-02-14,AST029,48263.5,Normal
2026-02-14,AST030,84744.75,High
2026-02-15,AST004,79871.5,High
2026-02-15,AST007,80954.0,High
2026-02-15,AST008,36339.0,Low
2026-02-15,AST010,31297.0,Low
2026-02-15,AST013,68425.0,Normal
2026-02-15,AST014,61540.0,Normal
2026-02-15,AST015,31338.0,Low
2026-02-15,AST017,75809.5,High
2026-02-15,AST019,30628.0,Low
2026-02-15,AST020,51663.0,Normal
2026-02-15,AST021,70383.5,High
2026-02-15,AST022,35218.0,Low
2026-02-15,AST023,44628.0,Low
2026-02-15,AST024,50446.0,Normal
2026-02-15,AST025,59712.0,Normal
2026-02-15,AST027,81690.0,High
2026-02-15,AST028,84881.0,High
2026-02-15,AST029,44908.0,Low
2026-02-16,AST002,32914.0,Low
2026-02-16,AST003,42340.5,Low
2026-02-16,AST004,77117.0,High
2026-02-16,AST007,81098.5,High
2026-02-16,AST008,33749.0,Low
2026-02-16,AST012,57452.5,Normal
2026-02-16,AST013,68875.0,Normal
2026-02-16,AST014,61869.0,Normal
2026-02-16,AST017,79669.0,High
2026-02-16,AST018,81191.0,High
2026-02-16,AST020,57463.0,Normal
2026-02-16,AST023,51774.0,Normal
2026-02-16,AST024,55048.0,Normal
2026-02-16,AST025,57800.0,Normal
2026-02-16,AST026,70345.5,High
2026-02-16,AST028,82565.0,High
2026-02-16,AST029,43330.0,Low
2026-02-16,AST030,83177.0,High
2026-02-17,AST002,32972.0,Low
2026-02-17,AST004,75483.0,High
2026-02-17,AST008,34566.5,Low
2026-02-17,AST009,47135.5,Normal
2026-02-17,AST010,30503.0,Low
2026-02-17,AST011,89693.0,High
2026-02-17,AST012,54847.5,Normal
2026-02-17,AST013,64927.0,Normal
2026-02-17,AST014,65375.0,Normal
2026-02-17,AST015,29794.0,Low
2026-02-17,AST018,85181.5,High
2026-02-17,AST019,32383.0,Low
2026-02-17,AST020,55817.0,Normal
2026-02-17,AST022,39288.0,Low
2026-02-17,AST023,47183.0,Normal
2026-02-17,AST024,48905.5,Normal
2026-02-17,AST025,58521.0,Normal
2026-02-17,AST026,69381.67,Normal
2026-02-17,AST028,83705.33,High
2026-02-18,AST001,41101.0,Low
2026-02-18,AST003,43345.0,Low
2026-02-18,AST004,76887.67,High
2026-02-18,AST005,49761.5,Normal
2026-02-18,AST006,55062.0,Normal
2026-02-18,AST007,82999.0,High
2026-02-18,AST008,33754.0,Low
2026-02-18,AST009,49739.0,Normal
2026-02-18,AST011,82469.0,High
2026-02-18,AST012,56622.5,Normal
2026-02-18,AST013,69138.0,Normal
2026-02-18,AST015,31211.0,Low
2026-02-18,AST016,41163.0,Low
2026-02-18,AST017,75556.0,High
2026-02-18,AST018,80996.67,High
2026-02-18,AST019,31997.0,Low
2026-02-18,AST020,51431.0,Normal
2026-02-18,AST021,69582.5,High
2026-02-18,AST022,39767.5,Low
2026-02-18,AST026,69193.0,Normal
2026-02-18,AST027,80276.0,High
2026-02-18,AST030,82063.0,High
2026-02-19,AST001,43197.0,Low
2026-02-19,AST003,43907.5,Low
2026-02-19,AST004,75679.5,High
2026-02-19,AST005,50839.0,Normal
2026-02-19,AST006,58076.0,Normal
2026-02-19,AST010,31999.5,Low
2026-02-19,AST012,53730.0,Normal
2026-02-19,AST013,62167.0,Normal
2026-02-19,AST015,28888.0,Low
2026-02-19,AST018,87756.0,High
2026-02-19,AST019,31284.0,Low
2026-02-19,AST021,77065.0,High
2026-02-19,AST022,36248.0,Low
2026-02-20,AST001,38827.33,Low
2026-02-20,AST002,31880.0,Low
2026-02-20,AST003,44016.0,Low
2026-02-20,AST004,71204.0,High
2026-02-20,AST006,48980.0,Normal
2026-02-20,AST007,81526.33,High
2026-02-20,AST008,34802.0,Low
2026-02-20,AST009,45089.0,Normal
2026-02-20,AST010,32322.0,Low
2026-02-20,AST011,85501.0,High
2026-02-20,AST013,65964.0,Normal
2026-02-20,AST017,74742.5,High
2026-02-20,AST018,81440.0,High
2026-02-20,AST019,28989.0,Low
2026-02-20,AST021,72969.0,High
2026-02-20,AST022,35607.0,Low
2026-02-20,AST023,46299.0,Normal
2026-02-20,AST024,51169.5,Normal
2026-02-20,AST025,61504.0,Normal
2026-02-20,AST027,92059.0,High
2026-02-20,AST029,45951.5,Low
2026-02-20,AST030,87546.0,High
2026-02-21,AST001,39289.0,Low
2026-02-21,AST004,80832.0,High
2026-02-21,AST005,53864.0,Normal
2026-02-21,AST006,62274.0,Normal
2026-02-21,AST007,82337.0,High
2026-02-21,AST010,33015.0,Low
2026-02-21,AST011,88025.0,High
2026-02-21,AST012,55006.0,Normal
2026-02-21,AST013,71764.0,High
2026-02-21,AST018,80043.0,High
2026-02-21,AST019,33275.0,Low
2026-02-21,AST021,74264.0,High
2026-02-21,AST025,58568.0,Normal
2026-02-21,AST026,62714.0,Normal
2026-02-21,AST027,79064.0,High
2026-02-21,AST028,79686.0,High
2026-02-21,AST030,85867.5,High
2026-02-22,AST002,31983.0,Low
2026-02-22,AST004,73492.0,High
2026-02-22,AST005,54468.0,Normal
2026-02-22,AST006,55566.0,Normal
2026-02-22,AST007,77354.5,High
2026-02-22,AST010,31434.5,Low
2026-02-22,AST011,85893.0,High
2026-02-22,AST013,68423.0,Normal
2026-02-22,AST014,62107.5,Normal
2026-02-22,AST015,29740.67,Low
2026-02-22,AST016,43625.0,Low
2026-02-22,AST017,65886.0,Normal
2026-02-22,AST019,30673.0,Low
2026-02-22,AST024,49736.0,Normal
2026-02-22,AST025,61899.0,Normal
2026-02-22,AST028,81107.0,High
2026-02-22,AST029,43248.0,Low
2026-02-23,AST002,33648.5,Low
2026-02-23,AST003,43286.0,Low
2026-02-23,AST004,76930.0,High
2026-02-23,AST005,54481.0,Normal
2026-02-23,AST006,57674.0,Normal
2026-02-23,AST009,47754.5,Normal
2026-02-23,AST010,31192.0,Low
2026-02-23,AST011,83814.0,High
2026-02-23,AST013,68622.0,Normal
2026-02-23,AST016,43177.33,Low
2026-02-23,AST017,78482.0,High
2026-02-23,AST019,32315.0,Low
2026-02-23,AST020,54260.0,Normal
2026-02-23,AST023,44600.0,Low
2026-02-23,AST025,58327.0,Normal
2026-02-23,AST029,46280.0,Normal
2026-02-24,AST001,38474.0,Low
2026-02-24,AST003,43003.5,Low
2026-02-24,AST005,51316.0,Normal
2026-02-24,AST007,77268.5,High
2026-02-24,AST008,33990.5,Low
2026-02-24,AST011,88966.0,High
2026-02-24,AST012,55499.0,Normal
2026-02-24,AST013,70019.0,High
2026-02-24,AST014,63593.5,Normal
2026-02-24,AST016,42197.0,Low
2026-02-24,AST019,29312.0,Low
2026-02-24,AST021,72850.0,High
2026-02-24,AST022,36824.5,Low
2026-02-24,AST023,48242.5,Normal
2026-02-24,AST024,53308.5,Normal
2026-02-24,AST025,62577.0,Normal
2026-02-24,AST027,82082.0,High
2026-02-24,AST028,82619.0,High
2026-02-25,AST003,40870.0,Low
2026-02-25,AST004,75984.0,High
2026-02-25,AST006,63410.0,Normal
2026-02-25,AST008,36551.5,Low
2026-02-25,AST010,29804.0,Low
2026-02-25,AST016,44158.67,Low
2026-02-25,AST017,73804.0,High
2026-02-25,AST020,51919.0,Normal
2026-02-25,AST021,68562.0,Normal
2026-02-25,AST022,40411.0,Low
2026-02-25,AST023,48162.0,Normal
2026-02-25,AST025,59335.33,Normal
2026-02-25,AST027,81025.0,High
2026-02-25,AST029,43180.0,Low
2026-02-26,AST005,54463.5,Normal
2026-02-26,AST006,55693.67,Normal
2026-02-26,AST007,80447.0,High
2026-02-26,AST008,36272.0,Low
2026-02-26,AST009,46010.0,Normal
2026-02-26,AST010,29439.0,Low
2026-02-26,AST012,54100.0,Normal
2026-02-26,AST015,29501.0,Low
2026-02-26,AST016,45534.0,Normal
2026-02-26,AST019,35575.0,Low
2026-02-26,AST020,56068.0,Normal
2026-02-26,AST023,47322.0,Normal
2026-02-26,AST024,54670.0,Normal
2026-02-26,AST025,61514.0,Normal
2026-02-26,AST027,85925.0,High
2026-02-26,AST028,91419.0,High
2026-02-26,AST029,45353.0,Normal
2026-02-26,AST030,83492.5,High
2026-02-27,AST001,37922.0,Low
2026-02-27,AST002,31800.0,Low
2026-02-27,AST005,53625.0,Normal
2026-02-27,AST007,76883.0,High
2026-02-27,AST008,33097.0,Low
2026-02-27,AST009,47101.0,Normal
2026-02-27,AST011,89708.0,High
2026-02-27,AST012,58215.5,Normal
2026-02-27,AST013,63431.0,Normal
2026-02-27,AST014,63421.5,Normal
2026-02-27,AST015,29148.0,Low
2026-02-27,AST018,83909.0,High
2026-02-27,AST020,55939.5,Normal
2026-02-27,AST022,37780.0,Low
2026-02-27,AST023,44354.5,Low
2026-02-27,AST024,49595.0,Normal
2026-02-27,AST028,87369.0,High
2026-02-28,AST001,40642.0,Low
2026-02-28,AST002,30091.0,Low
2026-02-28,AST004,73504.0,High
2026-02-28,AST005,47370.0,Normal
2026-02-28,AST007,78483.0,High
2026-02-28,AST008,35778.0,Low
2026-02-28,AST011,86623.0,High
2026-02-28,AST014,63488.67,Normal
2026-02-28,AST015,29304.0,Low
2026-02-28,AST016,43827.0,Low
2026-02-28,AST017,81477.5,High
2026-02-28,AST024,49803.0,Normal
2026-02-28,AST025,63836.0,Normal
2026-02-28,AST027,83716.33,High
2026-02-28,AST028,83572.0,High
2026-02-28,AST029,43090.0,Low
2026-02-28,AST030,80391.0,High
2026-03-01,AST001,39741.0,Low
2026-03-01,AST002,35357.0,Low
2026-03-01,AST006,60870.0,Normal
2026-03-01,AST010,29344.0,Low
2026-03-01,AST014,64637.0,Normal
2026-03-01,AST015,30736.0,Low
2026-03-01,AST016,46344.0,Normal
2026-03-01,AST019,30768.0,Low
2026-03-01,AST021,66149.0,Normal
2026-03-01,AST022,39446.0,Low
2026-03-01,AST023,47177.0,Normal
2026-03-01,AST024,53107.0,Normal
2026-03-01,AST025,61755.0,Normal
2026-03-01,AST026,66891.0,Normal
2026-03-01,AST030,85257.0,High
2026-03-02,AST002,33305.0,Low
2026-03-02,AST003,48187.0,Normal
2026-03-02,AST005,52791.0,Normal
2026-03-02,AST006,60389.0,Normal
2026-03-02,AST008,35166.0,Low
2026-03-02,AST009,48094.0,Normal
2026-03-02,AST010,31047.0,Low
2026-03-02,AST011,85135.0,High
2026-03-02,AST014,63264.5,Normal
2026-03-02,AST015,31040.0,Low
2026-03-02,AST016,44237.67,Low
2026-03-02,AST018,86581.0,High
2026-03-02,AST019,30625.0,Low
2026-03-02,AST023,44745.0,Low
2026-03-02,AST024,47819.0,Normal
2026-03-02,AST026,76207.67,High
2026-03-02,AST027,88114.33,High
2026-03-02,AST028,90421.0,High
2026-03-02,AST029,41209.0,Low
2026-03-03,AST001,40604.0,Low
2026-03-03,AST003,44744.0,Low
2026-03-03,AST007,73711.0,High
2026-03-03,AST009,50149.5,Normal
2026-03-03,AST013,65487.0,Normal
2026-03-03,AST015,31718.0,Low
2026-03-03,AST021,70247.0,High
2026-03-03,AST023,50189.0,Normal
2026-03-03,AST025,62242.0,Normal
2026-03-03,AST026,64344.0,Normal
2026-03-03,AST027,81236.0,High
2026-03-03,AST030,87918.0,High
2026-03-04,AST001,45020.0,Normal
2026-03-04,AST002,32162.0,Low
2026-03-04,AST003,45053.5,Low
2026-03-04,AST004,73257.0,High
2026-03-04,AST005,54146.0,Normal
2026-03-04,AST010,31921.0,Low
2026-03-04,AST011,89379.0,High
2026-03-04,AST012,49952.0,Normal
2026-03-04,AST014,62368.0,Normal
2026-03-04,AST016,40641.0,Low
2026-03-04,AST017,77041.0,High
2026-03-04,AST018,85828.0,High
2026-03-04,AST021,74381.0,High
2026-03-04,AST022,38381.0,Low
2026-03-04,AST027,83465.0,High
2026-03-04,AST028,89620.0,High
2026-03-04,AST030,94445.0,High
2026-03-05,AST001,39357.5,Low
2026-03-05,AST002,33778.0,Low
2026-03-05,AST003,46582.0,Normal
2026-03-05,AST004,83712.0,High
2026-03-05,AST005,51953.0,Normal
2026-03-05,AST007,79157.0,High
2026-03-05,AST008,33772.5,Low
2026-03-05,AST010,30416.0,Low
2026-03-05,AST013,71294.0,High
2026-03-05,AST017,74307.0,High
2026-03-05,AST021,74754.0,High
2026-03-05,AST022,38471.0,Low
2026-03-05,AST023,51986.0,Normal
2026-03-05,AST024,49730.0,Normal
2026-03-05,AST025,60992.5,Normal
2026-03-05,AST026,67519.0,Normal
2026-03-05,AST027,85584.0,High
2026-03-06,AST002,33713.0,Low
2026-03-06,AST005,48862.0,Normal
2026-03-06,AST006,54892.0,Normal
2026-03-06,AST007,76581.67,High
2026-03-06,AST008,33454.5,Low
2026-03-06,AST009,52209.0,Normal
2026-03-06,AST011,80305.0,High
2026-03-06,AST012,56769.0,Normal
2026-03-06,AST014,57203.0,Normal
2026-03-06,AST015,32226.0,Low
2026-03-06,AST016,40706.0,Low
2026-03-06,AST017,76785.5,High
2026-03-06,AST021,69532.0,Normal
2026-03-06,AST023,46814.0,Normal
2026-03-06,AST025,57338.0,Normal
2026-03-06,AST026,72055.0,High
2026-03-06,AST027,88345.0,High
2026-03-06,AST028,79118.0,High
2026-03-06,AST030,86400.0,High
2026-03-07,AST003,46431.5,Low
2026-03-07,AST004,77955.0,High
2026-03-07,AST005,53233.33,Normal
2026-03-07,AST008,35342.0,Low
2026-03-07,AST010,32152.5,Low
2026-03-07,AST012,51473.0,Normal
2026-03-07,AST015,30168.25,Low
2026-03-07,AST016,46315.0,Normal
2026-03-07,AST017,74447.0,High
2026-03-07,AST018,96962.0,High
2026-03-07,AST022,36115.0,Low
2026-03-07,AST024,48648.0,Low
2026-03-07,AST025,59424.0,Normal
2026-03-07,AST026,73125.0,High
2026-03-07,AST027,84874.0,High
2026-03-07,AST029,44025.5,Low
2026-03-07,AST030,87344.5,High
2026-03-08,AST001,39985.0,Low
2026-03-08,AST006,58510.0,Normal
2026-03-08,AST007,76257.0,High
2026-03-08,AST014,69453.5,High
2026-03-08,AST015,30006.0,Low
2026-03-08,AST019,32514.0,Low
2026-03-08,AST020,57622.0,Normal
2026-03-08,AST022,37330.0,Low
2026-03-08,AST026,65592.0,Normal
2026-03-09,AST002,29682.0,Low
2026-03-09,AST003,44106.0,Low
2026-03-09,AST004,81739.0,High
2026-03-09,AST007,82051.0,High
2026-03-09,AST008,34764.5,Low
2026-03-09,AST010,33094.0,Low
2026-03-09,AST012,56366.33,Normal
2026-03-09,AST014,64472.0,Normal
2026-03-09,AST015,30633.0,Low
2026-03-09,AST017,73077.0,High
2026-03-09,AST018,88521.0,High
2026-03-09,AST021,72456.0,High
2026-03-09,AST022,41194.0,Low
2026-03-09,AST024,53829.0,Normal
2026-03-09,AST025,65131.0,Normal
2026-03-09,AST027,91241.0,High
2026-03-09,AST029,43225.0,Low
2026-03-10,AST001,40173.5,Low
2026-03-10,AST005,56299.0,Normal
2026-03-10,AST007,82878.0,High
2026-03-10,AST010,31771.5,Low
2026-03-10,AST011,88164.0,High
2026-03-10,AST012,57296.0,Normal
2026-03-10,AST018,90035.33,High
2026-03-10,AST023,49301.0,Normal
2026-03-10,AST025,62030.0,Normal
2026-03-10,AST027,82505.0,High
2026-03-10,AST029,48069.0,Normal
2026-03-10,AST030,87373.5,High
2026-03-11,AST001,44510.0,Low
2026-03-11,AST002,31365.0,Low
2026-03-11,AST003,47014.0,Normal
2026-03-11,AST005,46354.0,Normal
2026-03-11,AST008,34550.0,Low
2026-03-11,AST009,52845.0,Normal
2026-03-11,AST011,84353.0,High
2026-03-11,AST013,63941.5,Normal
2026-03-11,AST015,31687.0,Low
2026-03-11,AST019,34335.0,Low
2026-03-11,AST021,73768.5,High
2026-03-11,AST022,41175.0,Low
2026-03-11,AST023,46470.0,Normal
2026-03-11,AST027,89801.0,High
2026-03-11,AST029,44002.5,Low
2026-03-12,AST001,39957.0,Low
2026-03-12,AST002,33321.67,Low
2026-03-12,AST003,44493.5,Low
2026-03-12,AST007,81201.0,High
2026-03-12,AST008,36078.0,Low
2026-03-12,AST010,31504.0,Low
2026-03-12,AST014,58449.0,Normal
2026-03-12,AST016,44444.5,Low
2026-03-12,AST017,82382.0,High
2026-03-12,AST018,91038.0,High
2026-03-12,AST023,45872.5,Low
2026-03-12,AST025,53988.0,Normal
2026-03-12,AST027,83413.5,High
2026-03-12,AST028,87874.5,High
2026-03-12,AST029,43796.5,Low
2026-03-12,AST030,86677.5,High
2026-03-13,AST003,40962.33,Low
2026-03-13,AST004,73901.0,High
2026-03-13,AST005,55280.0,Normal
2026-03-13,AST007,76890.0,High
2026-03-13,AST009,47088.0,Normal
2026-03-13,AST010,31411.5,Low
2026-03-13,AST012,58536.5,Normal
2026-03-13,AST016,41490.0,Low
2026-03-13,AST017,76278.5,High
2026-03-13,AST018,76560.0,High
2026-03-13,AST019,33218.5,Low
2026-03-13,AST022,38571.0,Low
2026-03-13,AST025,61766.0,Normal
2026-03-13,AST027,89215.0,High
2026-03-13,AST028,81275.0,High
2026-03-13,AST030,94500.0,High
2026-03-14,AST001,37484.0,Low
2026-03-14,AST002,34796.5,Low
2026-03-14,AST003,42587.0,Low
2026-03-14,AST004,76465.0,High
2026-03-14,AST005,50746.0,Normal
2026-03-14,AST006,59215.5,Normal
2026-03-14,AST007,78230.0,High
2026-03-14,AST008,34262.0,Low
2026-03-14,AST011,90481.0,High
2026-03-14,AST015,31704.0,Low
2026-03-14,AST017,73705.0,High
2026-03-14,AST018,88662.0,High
2026-03-14,AST020,58135.0,Normal
2026-03-14,AST021,73633.0,High
2026-03-14,AST022,37723.5,Low
2026-03-14,AST023,50894.0,Normal
2026-03-14,AST024,55290.0,Normal
2026-03-14,AST025,59656.0,Normal
2026-03-14,AST027,84060.5,High
2026-03-14,AST029,46657.0,Low
2026-03-14,AST030,82437.0,High
2026-03-15,AST001,36700.0,Low
2026-03-15,AST003,44338.0,Low
2026-03-15,AST008,33631.0,Low
2026-03-15,AST009,50825.0,Normal
2026-03-15,AST010,33048.0,Low
2026-03-15,AST012,53290.0,Normal
2026-03-15,AST013,61755.0,Normal
2026-03-15,AST016,45691.0,Normal
2026-03-15,AST017,79471.5,High
2026-03-15,AST019,31982.0,Low
2026-03-15,AST020,55816.0,Normal
2026-03-15,AST021,74096.5,High
2026-03-15,AST022,41686.0,Low
2026-03-15,AST023,43574.0,Low
2026-03-15,AST025,64074.0,Normal
2026-03-15,AST026,70659.0,High
2026-03-15,AST029,49022.0,Normal
2026-03-15,AST030,83276.5,High
2026-03-16,AST003,41179.0,Low
2026-03-16,AST004,78565.0,High
2026-03-16,AST005,52243.5,Normal
2026-03-16,AST006,61809.5,Normal
2026-03-16,AST008,37777.0,Low
2026-03-16,AST011,88359.0,High
2026-03-16,AST014,64909.0,Normal
2026-03-16,AST016,43845.5,Low
2026-03-16,AST018,77568.0,High
2026-03-16,AST020,57862.0,Normal
2026-03-16,AST021,74583.0,High
2026-03-16,AST022,38668.5,Low
2026-03-16,AST023,43278.0,Low
2026-03-16,AST024,51871.0,Normal
2026-03-16,AST028,88988.33,High
2026-03-17,AST003,45979.0,Normal
2026-03-17,AST004,74391.0,High
2026-03-17,AST005,46864.0,Normal
2026-03-17,AST006,58567.0,Normal
2026-03-17,AST010,31546.0,Low
2026-03-17,AST013,68783.0,Normal
2026-03-17,AST016,42971.0,Low
2026-03-17,AST018,79977.0,High
2026-03-17,AST020,59089.0,Normal
2026-03-17,AST021,68125.0,Normal
2026-03-17,AST022,38680.0,Low
2026-03-17,AST024,58859.0,Normal
2026-03-17,AST025,63099.0,Normal
2026-03-17,AST028,82237.0,High
2026-03-18,AST008,34411.33,Low
2026-03-18,AST011,89854.5,High
2026-03-18,AST012,60085.0,Normal
2026-03-18,AST013,79467.0,High
2026-03-18,AST014,63003.0,Normal
2026-03-18,AST015,27257.0,Low
2026-03-18,AST016,44925.0,Low
2026-03-18,AST017,76657.0,High
2026-03-18,AST018,81755.0,High
2026-03-18,AST019,31249.0,Low
2026-03-18,AST020,51869.0,Normal
2026-03-18,AST021,77969.0,High
2026-03-18,AST022,37790.0,Low
2026-03-18,AST024,54166.33,Normal
2026-03-18,AST025,60385.0,Normal
2026-03-18,AST029,41301.0,Low
2026-03-18,AST030,87250.0,High
2026-03-19,AST001,42254.0,Low
2026-03-19,AST002,33129.0,Low
2026-03-19,AST003,43388.67,Low
2026-03-19,AST004,71123.0,High
2026-03-19,AST005,52184.0,Normal
2026-03-19,AST006,60031.33,Normal
2026-03-19,AST007,81484.0,High
2026-03-19,AST010,32686.0,Low
2026-03-19,AST011,89662.33,High
2026-03-19,AST012,59744.0,Normal
2026-03-19,AST014,65047.0,Normal
2026-03-19,AST016,41780.0,Low
2026-03-19,AST017,71142.0,High
2026-03-19,AST018,90193.0,High
2026-03-19,AST020,58302.75,Normal
2026-03-19,AST021,69939.0,Normal
2026-03-19,AST022,37857.0,Low
2026-03-19,AST023,46013.0,Normal
2026-03-19,AST028,84784.0,High
2026-03-20,AST001,40750.67,Low
2026-03-20,AST002,34316.0,Low
2026-03-20,AST003,42574.5,Low
2026-03-20,AST007,82726.0,High
2026-03-20,AST008,36543.0,Low
2026-03-20,AST010,29865.0,Low
2026-03-20,AST011,84934.0,High
2026-03-20,AST013,60650.0,Normal
2026-03-20,AST015,28532.5,Low
2026-03-20,AST017,78667.0,High
2026-03-20,AST018,83998.0,High
2026-03-20,AST019,33824.0,Low
2026-03-20,AST021,78554.0,High
2026-03-20,AST025,62114.0,Normal
2026-03-20,AST026,73351.0,High
2026-03-20,AST028,77727.0,High
2026-03-21,AST002,33967.0,Low
2026-03-21,AST003,46859.0,Normal
2026-03-21,AST004,84919.0,High
2026-03-21,AST009,48144.0,Normal
2026-03-21,AST011,86954.67,High
2026-03-21,AST012,60560.0,Normal
2026-03-21,AST013,63877.0,Normal
2026-03-21,AST015,30364.5,Low
2026-03-21,AST016,45759.0,Normal
2026-03-21,AST019,34584.0,Low
2026-03-21,AST020,53647.0,Normal
2026-03-21,AST021,70147.0,Normal
2026-03-21,AST025,63374.0,Normal
2026-03-21,AST026,63847.0,Normal
2026-03-21,AST028,80514.0,High
2026-03-21,AST029,48925.0,Normal
2026-03-21,AST030,88067.0,High
2026-03-22,AST001,38046.0,Low
2026-03-22,AST006,61178.0,Normal
2026-03-22,AST007,79689.0,High
2026-03-22,AST010,34196.0,Low
2026-03-22,AST013,70955.0,High
2026-03-22,AST014,68613.0,Normal
2026-03-22,AST016,40815.0,Low
2026-03-22,AST018,81288.0,High
2026-03-22,AST020,64001.0,Normal
2026-03-22,AST024,45447.0,Normal
2026-03-22,AST026,70537.0,High
2026-03-22,AST027,87255.0,High
2026-03-22,AST028,89141.5,High
2026-03-22,AST030,94144.33,High
2026-03-23,AST001,42461.75,Low
2026-03-23,AST002,33277.5,Low
2026-03-23,AST005,57365.0,Normal
2026-03-23,AST007,80181.0,High
2026-03-23,AST009,47521.0,Normal
2026-03-23,AST010,31887.5,Low
2026-03-23,AST011,77780.0,High
2026-03-23,AST012,58377.0,Normal
2026-03-23,AST013,62909.0,Normal
2026-03-23,AST014,64967.5,Normal
2026-03-23,AST016,45766.0,Low
2026-03-23,AST017,79949.0,High
2026-03-23,AST018,74201.0,High
2026-03-23,AST021,75548.0,High
2026-03-23,AST024,53640.0,Normal
2026-03-24,AST001,43549.0,Low
2026-03-24,AST005,53374.67,Normal
2026-03-24,AST008,33582.0,Low
2026-03-24,AST009,46256.0,Normal
2026-03-24,AST010,33041.0,Low
2026-03-24,AST011,87246.0,High
2026-03-24,AST012,56372.0,Normal
2026-03-24,AST015,31563.0,Low
2026-03-24,AST017,74281.0,High
2026-03-24,AST019,29434.0,Low
2026-03-24,AST020,52140.0,Normal
2026-03-24,AST022,38983.0,Low
2026-03-24,AST023,48569.0,Normal
2026-03-24,AST024,52376.0,Normal
2026-03-24,AST030,67510.0,Normal
2026-03-25,AST005,48938.0,Normal
2026-03-25,AST008,36078.0,Low
2026-03-25,AST009,43757.0,Low
2026-03-25,AST010,31142.0,Low
2026-03-25,AST011,85942.0,High
2026-03-25,AST015,33561.0,Low
2026-03-25,AST016,43678.0,Low
2026-03-25,AST017,78106.0,High
2026-03-25,AST018,85157.0,High
2026-03-25,AST019,33396.5,Low
2026-03-25,AST020,53762.0,Normal
2026-03-25,AST024,51083.33,Normal
2026-03-25,AST025,60538.0,Normal
2026-03-25,AST028,87169.5,High
2026-03-26,AST002,31808.0,Low
2026-03-26,AST003,44969.0,Low
2026-03-26,AST005,52713.0,Normal
2026-03-26,AST006,61276.0,Normal
2026-03-26,AST008,36141.0,Low
2026-03-26,AST010,31306.0,Low
2026-03-26,AST014,67688.0,Normal
2026-03-26,AST015,30396.0,Low
2026-03-26,AST017,79014.0,High
2026-03-26,AST019,32859.0,Low
2026-03-26,AST023,49574.0,Normal
2026-03-26,AST026,73067.0,High
2026-03-26,AST028,81356.0,High
2026-03-26,AST030,87131.67,High
2026-03-27,AST001,42271.0,Low
2026-03-27,AST004,75898.0,High
2026-03-27,AST006,57222.0,Normal
2026-03-27,AST007,83674.0,High
2026-03-27,AST008,36023.0,Low
2026-03-27,AST009,45141.5,Normal
2026-03-27,AST011,91933.0,High
2026-03-27,AST013,71775.0,High
2026-03-27,AST015,28079.0,Low
2026-03-27,AST017,78033.0,High
2026-03-27,AST018,83281.0,High
2026-03-27,AST019,32012.0,Low
2026-03-27,AST022,39050.0,Low
2026-03-27,AST023,47129.5,Normal
2026-03-27,AST024,50879.0,Normal
2026-03-27,AST025,61523.0,Normal
2026-03-27,AST026,61849.0,Normal
2026-03-27,AST028,81986.5,High
2026-03-27,AST030,89284.0,High
2026-03-28,AST003,42897.0,Low
2026-03-28,AST004,72299.0,High
2026-03-28,AST005,55274.0,Normal
2026-03-28,AST006,62144.5,Normal
2026-03-28,AST007,79006.5,High
2026-03-28,AST011,96058.0,High
2026-03-28,AST014,62209.5,Normal
2026-03-28,AST017,85668.0,High
2026-03-28,AST018,82518.0,High
2026-03-28,AST021,72247.0,High
2026-03-28,AST022,41437.0,Low
2026-03-28,AST025,62733.0,Normal
2026-03-28,AST026,69676.0,Normal
2026-03-28,AST027,86401.25,High
2026-03-28,AST028,83694.0,High
2026-03-29,AST001,40269.0,Low
2026-03-29,AST002,33129.0,Low
2026-03-29,AST004,85527.0,High
2026-03-29,AST005,47295.0,Normal
2026-03-29,AST008,34649.0,Low
2026-03-29,AST009,51085.0,Normal
2026-03-29,AST013,67116.0,Normal
2026-03-29,AST015,30195.0,Low
2026-03-29,AST017,75640.5,High
2026-03-29,AST020,58487.0,Normal
2026-03-29,AST023,48892.0,Normal
2026-03-29,AST026,70762.0,High
2026-03-29,AST027,83088.0,High
2026-03-29,AST028,87387.0,High
2026-03-30,AST002,33954.0,Low
2026-03-30,AST004,73901.5,High
2026-03-30,AST006,60290.5,Normal
2026-03-30,AST007,73800.0,High
2026-03-30,AST009,45610.0,Normal
2026-03-30,AST011,87013.0,High
2026-03-30,AST012,57003.0,Normal
2026-03-30,AST014,63829.0,Normal
2026-03-30,AST015,30196.0,Low
2026-03-30,AST016,43006.0,Low
2026-03-30,AST018,93416.0,High
2026-03-30,AST019,34700.0,Low
2026-03-30,AST024,50557.0,Normal
2026-03-30,AST025,56165.0,Normal
2026-03-30,AST026,71788.0,High
2026-03-30,AST027,88595.0,High
2026-03-30,AST030,90315.0,High
2026-03-31,AST001,41112.0,Low
2026-03-31,AST003,44321.0,Low
2026-03-31,AST005,50314.0,Normal
2026-03-31,AST006,59339.5,Normal
2026-03-31,AST007,79596.0,High
2026-03-31,AST010,33216.5,Low
2026-03-31,AST011,92390.0,High
2026-03-31,AST016,43674.0,Low
2026-03-31,AST021,71464.0,High
2026-04-01,AST001,39521.5,Low
2026-04-01,AST002,36479.0,Low
2026-04-01,AST003,40723.0,Low
2026-04-01,AST004,88130.0,High
2026-04-01,AST005,51924.5,Normal
2026-04-01,AST009,50547.0,Normal
2026-04-01,AST012,61212.0,Normal
2026-04-01,AST013,64934.0,Normal
2026-04-01,AST016,45585.0,Normal
2026-04-01,AST017,80381.0,High
2026-04-01,AST018,83874.0,High
2026-04-01,AST020,53003.0,Normal
2026-04-01,AST022,34001.0,Low
2026-04-01,AST024,53345.0,Normal
2026-04-01,AST025,62638.0,Normal
2026-04-01,AST027,86619.25,High
2026-04-01,AST029,48555.0,Normal
2026-04-02,AST004,76725.0,High
2026-04-02,AST008,36884.5,Low
2026-04-02,AST010,33960.0,Low
2026-04-02,AST015,27285.0,Low
2026-04-02,AST016,45862.0,Normal
2026-04-02,AST018,87300.0,High
2026-04-02,AST021,72281.0,High
2026-04-02,AST022,37279.0,Low
2026-04-02,AST023,52103.0,Normal
2026-04-02,AST024,48972.5,Normal
2026-04-02,AST025,61233.0,Normal
2026-04-02,AST029,47080.0,Normal
2026-04-02,AST030,87771.5,High
2026-04-03,AST002,33318.67,Low
2026-04-03,AST003,43583.0,Low
2026-04-03,AST005,54521.0,Normal
2026-04-03,AST006,54567.0,Normal
2026-04-03,AST007,70446.0,High
2026-04-03,AST009,48645.67,Normal
2026-04-03,AST012,61758.0,Normal
2026-04-03,AST013,72415.0,High
2026-04-03,AST014,64466.0,Normal
2026-04-03,AST015,36239.0,Low
2026-04-03,AST018,82202.0,High
2026-04-03,AST019,35490.0,Low
2026-04-03,AST023,49189.0,Normal
2026-04-03,AST027,86966.0,High
2026-04-03,AST028,88395.0,High
2026-04-03,AST029,43804.0,Low
2026-04-03,AST030,98042.0,High
2026-04-04,AST005,50484.0,Normal
2026-04-04,AST006,57768.5,Normal
2026-04-04,AST011,81609.0,High
2026-04-04,AST012,55674.0,Normal
2026-04-04,AST013,69215.5,High
2026-04-04,AST014,62624.0,Normal
2026-04-04,AST016,42131.0,Low
2026-04-04,AST017,79029.5,High
2026-04-04,AST019,31042.5,Low
2026-04-04,AST020,53476.0,Normal
2026-04-04,AST021,72073.5,High
2026-04-04,AST023,47536.0,Normal
2026-04-04,AST024,51552.33,Normal
2026-04-04,AST025,61720.0,Normal
2026-04-04,AST027,82005.0,High
2026-04-04,AST028,85248.0,High
2026-04-04,AST029,41903.0,Low
2026-04-04,AST030,85640.33,High
2026-04-05,AST004,76958.0,High
2026-04-05,AST005,51177.0,Normal
2026-04-05,AST008,36083.0,Low
2026-04-05,AST010,33319.0,Low
2026-04-05,AST013,64276.0,Normal
2026-04-05,AST014,66282.0,Normal
2026-04-05,AST018,83036.0,High
2026-04-05,AST020,54633.5,Normal
2026-04-05,AST023,46748.0,Normal
2026-04-05,AST024,55265.0,Normal
2026-04-05,AST025,65897.0,Normal
2026-04-05,AST026,62818.0,Normal
2026-04-05,AST028,85931.0,High
2026-04-05,AST029,45369.67,Normal
2026-04-06,AST002,35271.0,Low
2026-04-06,AST003,47892.0,Normal
2026-04-06,AST007,78598.75,High
2026-04-06,AST008,36618.0,Low
2026-04-06,AST009,50864.0,Normal
2026-04-06,AST011,92384.33,High
2026-04-06,AST012,52098.0,Normal
2026-04-06,AST014,64573.5,Normal
2026-04-06,AST020,57786.0,Normal
2026-04-06,AST022,37123.5,Low
2026-04-06,AST024,51087.5,Normal
2026-04-06,AST025,59046.0,Normal
2026-04-06,AST026,68061.0,Normal
2026-04-06,AST028,84188.0,High
2026-04-06,AST029,43443.0,Low
2026-04-06,AST030,84487.33,High
2026-04-07,AST001,43273.0,Low
2026-04-07,AST004,82223.5,High
2026-04-07,AST005,54844.0,Normal
2026-04-07,AST008,34133.0,Low
2026-04-07,AST010,31292.5,Low
2026-04-07,AST012,52361.0,Normal
2026-04-07,AST014,62298.0,Normal
2026-04-07,AST019,33772.0,Low
2026-04-07,AST020,60213.0,Normal
2026-04-07,AST026,71916.0,High
2026-04-08,AST003,43779.0,Low
2026-04-08,AST006,63900.0,Normal
2026-04-08,AST007,80536.0,High
2026-04-08,AST008,36200.33,Low
2026-04-08,AST009,50107.0,Normal
2026-04-08,AST016,40658.0,Low
2026-04-08,AST018,87458.0,High
2026-04-08,AST020,56760.0,Normal
2026-04-08,AST022,37065.0,Low
2026-04-08,AST023,47734.67,Normal
2026-04-08,AST024,51164.0,Normal
2026-04-08,AST025,58915.0,Normal
2026-04-08,AST028,90554.0,High
2026-04-08,AST029,45674.0,Normal
2026-04-08,AST030,86402.0,High
2026-04-09,AST001,38517.0,Low
2026-04-09,AST006,55546.0,Normal
2026-04-09,AST009,51826.0,Normal
2026-04-09,AST011,76279.0,High
2026-04-09,AST012,61166.0,Normal
2026-04-09,AST014,63663.5,Normal
2026-04-09,AST016,43281.5,Low
2026-04-09,AST019,33812.0,Low
2026-04-09,AST021,76946.0,High
2026-04-09,AST023,46838.0,Normal
2026-04-09,AST024,57596.0,Normal
2026-04-09,AST028,87844.0,High
2026-04-09,AST030,87040.0,High
2026-04-10,AST002,35156.0,Low
2026-04-10,AST003,47884.0,Normal
2026-04-10,AST004,75475.5,High
2026-04-10,AST005,55104.0,Normal
2026-04-10,AST010,33102.0,Low
2026-04-10,AST011,88964.0,High
2026-04-10,AST012,58763.0,Normal
2026-04-10,AST013,67500.0,Normal
2026-04-10,AST014,63319.0,Normal
2026-04-10,AST015,28308.0,Low
2026-04-10,AST017,79578.0,High
2026-04-10,AST018,81745.0,High
2026-04-10,AST020,58459.0,Normal
2026-04-10,AST022,39185.0,Low
2026-04-10,AST023,46375.0,Normal
2026-04-10,AST024,53498.0,Normal
2026-04-10,AST025,58076.0,Normal
2026-04-10,AST026,70010.5,High
2026-04-10,AST029,44199.5,Low
2026-04-10,AST030,80461.0,High
2026-04-11,AST003,48706.0,Normal
2026-04-11,AST006,54592.0,Normal
2026-04-11,AST007,82249.0,High
2026-04-11,AST008,33439.0,Low
2026-04-11,AST009,47361.0,Normal
2026-04-11,AST010,31088.0,Low
2026-04-11,AST013,66001.0,Normal
2026-04-11,AST017,83045.0,High
2026-04-11,AST018,84590.0,High
2026-04-11,AST019,32667.0,Low
2026-04-11,AST020,57413.0,Normal
2026-04-11,AST023,48359.5,Normal
2026-04-11,AST025,63119.0,Normal
2026-04-11,AST026,68392.0,Normal
2026-04-11,AST030,88238.5,High
2026-04-12,AST002,35579.0,Low
2026-04-12,AST004,76899.33,High
2026-04-12,AST006,64229.0,Normal
2026-04-12,AST010,30071.0,Low
2026-04-12,AST011,91471.0,High
2026-04-12,AST013,72927.0,High
2026-04-12,AST016,44391.0,Low
2026-04-12,AST019,34205.0,Low
2026-04-12,AST024,51763.0,Normal
2026-04-12,AST025,55467.0,Normal
2026-04-12,AST028,86155.0,High
2026-04-12,AST029,45406.0,Low
2026-04-13,AST001,44082.0,Low
2026-04-13,AST002,33548.67,Low
2026-04-13,AST003,46669.0,Normal
2026-04-13,AST007,76339.5,High
2026-04-13,AST008,34307.0,Low
2026-04-13,AST009,48642.0,Normal
2026-04-13,AST010,32244.0,Low
2026-04-13,AST011,89500.0,High
2026-04-13,AST012,53626.0,Normal
2026-04-13,AST015,29407.0,Low
2026-04-13,AST016,42468.0,Low
2026-04-13,AST017,74875.0,High
2026-04-13,AST018,84338.0,High
2026-04-13,AST027,88484.0,High
2026-04-14,AST001,43064.0,Low
2026-04-14,AST003,45073.0,Normal
2026-04-14,AST005,51057.0,Normal
2026-04-14,AST007,83295.0,High
2026-04-14,AST008,34278.0,Low
2026-04-14,AST009,49785.0,Normal
2026-04-14,AST011,82985.0,High
2026-04-14,AST013,66756.0,Normal
2026-04-14,AST014,63257.0,Normal
2026-04-14,AST016,48430.0,Normal
2026-04-14,AST017,80297.0,High
2026-04-14,AST018,88496.0,High
2026-04-14,AST021,67972.0,Normal
2026-04-14,AST022,37587.0,Low
2026-04-14,AST023,52436.0,Normal
2026-04-14,AST024,50716.5,Normal
2026-04-14,AST026,68789.0,Normal
2026-04-14,AST027,86174.0,High
2026-04-14,AST029,44619.0,Low
2026-04-14,AST030,83304.0,High
2026-04-15,AST004,77533.0,High
2026-04-15,AST006,59042.33,Normal
2026-04-15,AST007,75453.0,High
2026-04-15,AST008,33976.0,Low
2026-04-15,AST009,48882.0,Normal
2026-04-15,AST012,56960.0,Normal
2026-04-15,AST015,33823.0,Low
2026-04-15,AST017,79719.0,High
2026-04-15,AST021,73000.5,High
2026-04-15,AST022,38651.0,Low
2026-04-15,AST023,45866.0,Normal
2026-04-15,AST025,61568.0,Normal
2026-04-15,AST026,75308.0,High
2026-04-15,AST027,83659.0,High
2026-04-16,AST004,74619.0,High
2026-04-16,AST006,56422.5,Normal
2026-04-16,AST009,49719.0,Normal
2026-04-16,AST010,33271.5,Low
2026-04-16,AST012,62972.0,Normal
2026-04-16,AST014,61025.5,Normal
2026-04-16,AST015,29128.0,Low
2026-04-16,AST017,78639.33,High
2026-04-16,AST020,53123.0,Normal
2026-04-16,AST021,68774.0,Normal
2026-04-16,AST028,85576.0,High
2026-04-16,AST029,41930.0,Low
2026-04-16,AST030,88439.0,High
2026-04-17,AST004,71537.0,High
2026-04-17,AST005,48474.0,Normal
2026-04-17,AST006,59443.0,Normal
2026-04-17,AST007,76299.0,High
2026-04-17,AST008,35985.0,Low
2026-04-17,AST009,49047.33,Normal
2026-04-17,AST010,31228.0,Low
2026-04-17,AST011,79848.5,High
2026-04-17,AST012,58570.0,Normal
2026-04-17,AST013,61949.5,Normal
2026-04-17,AST014,69232.0,Normal
2026-04-17,AST015,29659.5,Low
2026-04-17,AST016,40078.0,Low
2026-04-17,AST017,81392.33,High
2026-04-17,AST018,86567.0,High
2026-04-17,AST019,30526.0,Low
2026-04-17,AST021,71690.0,High
2026-04-17,AST023,49473.0,Normal
2026-04-17,AST024,52235.0,Normal
2026-04-17,AST028,85893.0,High
2026-04-17,AST030,81618.0,High
2026-04-18,AST003,42455.0,Low
2026-04-18,AST007,76187.0,High
2026-04-18,AST012,57668.0,Normal
2026-04-18,AST014,60588.0,Normal
2026-04-18,AST016,46290.0,Normal
2026-04-18,AST018,82757.0,High
2026-04-18,AST021,68492.0,Normal
2026-04-18,AST022,37903.0,Low
2026-04-18,AST027,80690.0,High
2026-04-18,AST028,82945.0,High
2026-04-18,AST029,41789.0,Low
2026-04-18,AST030,86019.5,High
2026-04-19,AST003,48603.0,Normal
2026-04-19,AST004,80095.5,High
2026-04-19,AST005,54577.5,Normal
2026-04-19,AST006,59488.33,Normal
2026-04-19,AST009,43578.0,Low
2026-04-19,AST010,33478.0,Low
2026-04-19,AST011,86742.0,High
2026-04-19,AST012,53753.0,Normal
2026-04-19,AST014,62759.0,Normal
2026-04-19,AST015,30787.0,Low
2026-04-19,AST017,85100.0,High
2026-04-19,AST021,72003.5,High
2026-04-19,AST023,54826.0,Normal
2026-04-19,AST024,54946.33,Normal
2026-04-19,AST026,66057.0,Normal
2026-04-19,AST028,84146.0,High
2026-04-19,AST029,43864.0,Low
2026-04-20,AST001,38580.0,Low
2026-04-20,AST003,42823.0,Low
2026-04-20,AST004,78358.5,High
2026-04-20,AST005,53316.0,Normal
2026-04-20,AST008,35919.5,Low
2026-04-20,AST009,51705.0,Normal
2026-04-20,AST010,31908.0,Low
2026-04-20,AST014,59685.0,Normal
2026-04-20,AST016,41140.0,Low
2026-04-20,AST017,74942.0,High
2026-04-20,AST021,73941.5,High
2026-04-20,AST022,39719.0,Low
2026-04-20,AST026,74487.0,High
2026-04-20,AST029,45443.25,Low
2026-04-20,AST030,88140.0,High
2026-04-21,AST003,47876.0,Normal
2026-04-21,AST004,73106.5,High
2026-04-21,AST005,53621.0,Normal
2026-04-21,AST006,55573.0,Normal
2026-04-21,AST007,75694.0,High
2026-04-21,AST011,90394.0,High
2026-04-21,AST012,56309.0,Normal
2026-04-21,AST014,71718.0,High
2026-04-21,AST015,30146.0,Low
2026-04-21,AST018,85478.0,High
2026-04-21,AST019,33124.0,Low
2026-04-21,AST021,76627.0,High
2026-04-21,AST022,40333.0,Low
2026-04-21,AST024,52620.0,Normal
2026-04-21,AST025,60195.0,Normal
2026-04-21,AST026,68533.0,Normal
2026-04-21,AST027,89748.0,High
2026-04-21,AST029,42069.0,Low
2026-04-21,AST030,87442.0,High
2026-04-22,AST007,77580.0,High
2026-04-22,AST011,84539.0,High
2026-04-22,AST012,56985.0,Normal
2026-04-22,AST013,74312.0,High
2026-04-22,AST014,64552.0,Normal
2026-04-22,AST015,30866.5,Low
2026-04-22,AST016,43945.0,Low
2026-04-22,AST018,82131.0,High
2026-04-22,AST019,34504.0,Low
2026-04-22,AST020,58828.5,Normal
2026-04-22,AST022,38826.0,Low
2026-04-22,AST023,48895.5,Normal
2026-04-22,AST027,82419.0,High
2026-04-23,AST001,37012.0,Low
2026-04-23,AST002,32711.0,Low
2026-04-23,AST003,47222.0,Normal
2026-04-23,AST007,74309.0,High
2026-04-23,AST011,96875.0,High
2026-04-23,AST012,52165.5,Normal
2026-04-23,AST013,64915.5,Normal
2026-04-23,AST014,60559.0,Normal
2026-04-23,AST015,31200.0,Low
2026-04-23,AST020,54857.0,Normal
2026-04-23,AST021,80446.0,High
2026-04-23,AST025,61105.0,Normal
2026-04-23,AST027,92235.0,High
2026-04-23,AST028,81547.0,High
2026-04-23,AST029,44681.0,Low
2026-04-23,AST030,82563.0,High
2026-04-24,AST012,55450.0,Normal
2026-04-24,AST014,71812.0,High
2026-04-24,AST017,80223.5,High
2026-04-24,AST019,31681.0,Low
2026-04-24,AST020,54391.0,Normal
2026-04-24,AST021,73386.0,High
2026-04-24,AST024,52601.0,Normal
2026-04-24,AST025,64182.0,Normal
2026-04-24,AST027,87852.0,High
2026-04-24,AST028,83483.0,High
2026-04-25,AST001,37475.0,Low
2026-04-25,AST002,31659.0,Low
2026-04-25,AST003,45324.5,Normal
2026-04-25,AST007,75195.5,High
2026-04-25,AST008,34242.0,Low
2026-04-25,AST009,50110.5,Normal
2026-04-25,AST011,89211.5,High
2026-04-25,AST012,58205.0,Normal
2026-04-25,AST015,30679.0,Low
2026-04-25,AST018,84773.5,High
2026-04-25,AST021,70953.0,High
2026-04-25,AST022,35869.67,Low
2026-04-25,AST023,49144.0,Normal
2026-04-25,AST025,61014.0,Normal
2026-04-25,AST026,69504.0,High
2026-04-25,AST027,91979.0,High
2026-04-25,AST028,82241.0,High
2026-04-25,AST029,43607.5,Low
2026-04-25,AST030,86920.0,High
2026-04-26,AST002,33716.0,Low
2026-04-26,AST003,43124.0,Low
2026-04-26,AST004,72204.0,High
2026-04-26,AST005,51598.0,Normal
2026-04-26,AST006,59233.0,Normal
2026-04-26,AST007,79890.0,High
2026-04-26,AST010,31040.0,Low
2026-04-26,AST011,91590.5,High
2026-04-26,AST015,29629.67,Low
2026-04-26,AST016,43220.0,Low
2026-04-26,AST017,71575.0,High
2026-04-26,AST018,83413.0,High
2026-04-26,AST021,67331.0,Normal
2026-04-26,AST023,49060.0,Normal
2026-04-26,AST028,81690.0,High
2026-04-26,AST030,90734.0,High
2026-04-27,AST001,42681.5,Low
2026-04-27,AST002,36228.0,Low
2026-04-27,AST003,45592.0,Normal
2026-04-27,AST004,77702.0,High
2026-04-27,AST007,84088.0,High
2026-04-27,AST014,67135.0,Normal
2026-04-27,AST017,73173.0,High
2026-04-27,AST021,73981.0,High
2026-04-27,AST022,36582.0,Low
2026-04-27,AST024,51481.5,Normal
2026-04-27,AST029,45315.5,Low
2026-04-28,AST001,44125.0,Low
2026-04-28,AST002,31417.0,Low
2026-04-28,AST003,45074.0,Normal
2026-04-28,AST008,35736.0,Low
2026-04-28,AST010,32143.0,Low
2026-04-28,AST014,64980.67,Normal
2026-04-28,AST016,39349.0,Low
2026-04-28,AST019,32727.0,Low
2026-04-28,AST020,52555.0,Normal
2026-04-28,AST021,66655.0,Normal
2026-04-28,AST025,63701.5,Normal
2026-04-28,AST029,42930.0,Low
2026-04-29,AST002,33283.5,Low
2026-04-29,AST003,46040.0,Low
2026-04-29,AST004,78693.5,High
2026-04-29,AST005,53106.33,Normal
2026-04-29,AST008,35358.0,Low
2026-04-29,AST009,48146.0,Normal
2026-04-29,AST012,58372.0,Normal
2026-04-29,AST014,64742.0,Normal
2026-04-29,AST016,46359.0,Normal
2026-04-29,AST017,86436.0,High
2026-04-29,AST020,55217.0,Normal
2026-04-29,AST024,52190.0,Normal
2026-04-29,AST027,87506.0,High
2026-04-29,AST028,89685.0,High
2026-04-29,AST029,42268.0,Low
2026-04-29,AST030,91049.0,High
2026-04-30,AST001,43555.5,Low
2026-04-30,AST002,34090.5,Low
2026-04-30,AST004,75880.0,High
2026-04-30,AST007,78439.0,High
2026-04-30,AST010,31588.67,Low
2026-04-30,AST011,89127.0,High
2026-04-30,AST012,59360.0,Normal
2026-04-30,AST015,31855.5,Low
2026-04-30,AST016,45153.67,Normal
2026-04-30,AST017,75453.67,High
2026-04-30,AST018,87279.0,High
2026-04-30,AST024,51854.0,Normal
2026-04-30,AST029,41615.0,Low
2026-04-30,AST030,82998.0,High
2026-05-01,AST001,42365.0,Low
2026-05-01,AST002,32794.0,Low
2026-05-01,AST006,56844.33,Normal
2026-05-01,AST007,78964.0,High
2026-05-01,AST010,31129.0,Low
2026-05-01,AST012,56296.0,Normal
2026-05-01,AST015,29943.5,Low
2026-05-01,AST016,40187.5,Low
2026-05-01,AST017,78352.0,High
2026-05-01,AST018,90770.5,High
2026-05-01,AST019,30419.0,Low
2026-05-01,AST020,54829.0,Normal
2026-05-01,AST021,71407.5,High
2026-05-01,AST022,34808.0,Low
2026-05-01,AST024,57882.0,Normal
2026-05-01,AST025,55429.0,Normal
2026-05-01,AST026,70902.67,High
2026-05-01,AST028,84762.0,High
2026-05-01,AST029,45785.5,Normal
2026-05-02,AST003,46854.0,Normal
2026-05-02,AST006,56828.0,Normal
2026-05-02,AST007,76118.0,High
2026-05-02,AST009,52470.0,Normal
2026-05-02,AST011,92538.0,High
2026-05-02,AST012,50897.0,Normal
2026-05-02,AST014,62674.67,Normal
2026-05-02,AST015,30530.0,Low
2026-05-02,AST017,79166.5,High
2026-05-02,AST018,85254.0,High
2026-05-02,AST019,29304.0,Low
2026-05-02,AST022,38900.0,Low
2026-05-02,AST024,51251.0,Normal
2026-05-02,AST027,82316.0,High
2026-05-02,AST028,87441.0,High
2026-05-02,AST030,79355.0,High
2026-05-03,AST003,43833.0,Low
2026-05-03,AST004,73598.5,High
2026-05-03,AST007,74861.0,High
2026-05-03,AST008,38711.0,Low
2026-05-03,AST012,57893.0,Normal
2026-05-03,AST014,61746.0,Normal
2026-05-03,AST019,32365.0,Low
2026-05-03,AST020,56149.0,Normal
2026-05-03,AST021,76753.0,High
2026-05-03,AST022,37484.5,Low
2026-05-03,AST023,51461.0,Normal
2026-05-03,AST025,63479.0,Normal
2026-05-03,AST027,82232.5,High
2026-05-03,AST030,80083.0,High
2026-05-04,AST002,32117.0,Low
2026-05-04,AST003,42537.0,Low
2026-05-04,AST004,78474.0,High
2026-05-04,AST008,36438.0,Low
2026-05-04,AST009,48736.33,Normal
2026-05-04,AST014,64803.0,Normal
2026-05-04,AST015,29186.67,Low
2026-05-04,AST017,75940.0,High
2026-05-04,AST019,32569.67,Low
2026-05-04,AST020,57136.0,Normal
2026-05-04,AST021,74684.0,High
2026-05-04,AST024,50567.0,Normal
2026-05-04,AST026,75970.0,High
2026-05-04,AST029,43003.0,Low
2026-05-05,AST002,33998.0,Low
2026-05-05,AST003,43096.0,Low
2026-05-05,AST004,78932.0,High
2026-05-05,AST005,51910.5,Normal
2026-05-05,AST006,56661.5,Normal
2026-05-05,AST008,35517.0,Low
2026-05-05,AST009,47476.33,Normal
2026-05-05,AST010,30743.5,Low
2026-05-05,AST012,52367.0,Normal
2026-05-05,AST013,64970.5,Normal
2026-05-05,AST014,61295.0,Normal
2026-05-05,AST023,45613.0,Normal
2026-05-05,AST024,54614.0,Normal
2026-05-05,AST025,58123.0,Normal
2026-05-05,AST027,87557.0,High
2026-05-05,AST030,90417.0,High
2026-05-06,AST001,41792.0,Low
2026-05-06,AST004,71589.0,High
2026-05-06,AST006,56883.0,Normal
2026-05-06,AST007,80213.5,High
2026-05-06,AST008,33712.0,Low
2026-05-06,AST009,45009.0,Normal
2026-05-06,AST013,69805.0,Normal
2026-05-06,AST014,65208.5,Normal
2026-05-06,AST015,31014.0,Low
2026-05-06,AST016,46093.0,Normal
2026-05-06,AST018,88522.0,High
2026-05-06,AST019,36421.0,Low
2026-05-06,AST020,59706.0,Normal
2026-05-06,AST021,70943.0,High
2026-05-06,AST022,39886.0,Low
2026-05-06,AST023,45448.0,Normal
2026-05-06,AST025,64290.5,Normal
2026-05-06,AST026,70475.67,High
2026-05-06,AST027,85486.0,High
2026-05-06,AST030,82377.0,High
2026-05-07,AST001,40983.5,Low
2026-05-07,AST002,34544.0,Low
2026-05-07,AST003,50831.0,Normal
2026-05-07,AST006,54268.0,Normal
2026-05-07,AST008,32156.0,Low
2026-05-07,AST009,49941.0,Normal
2026-05-07,AST011,90841.0,High
2026-05-07,AST015,31557.0,Low
2026-05-07,AST017,83525.0,High
2026-05-07,AST018,89438.0,High
2026-05-07,AST019,31914.0,Low
2026-05-07,AST022,39724.5,Low
2026-05-07,AST025,61352.0,Normal
2026-05-07,AST026,64372.0,Normal
2026-05-07,AST028,90300.0,High
2026-05-07,AST029,44321.0,Low
2026-05-07,AST030,85184.0,High
2026-05-08,AST001,40987.0,Low
2026-05-08,AST002,36531.5,Low
2026-05-08,AST004,74297.0,High
2026-05-08,AST014,62153.5,Normal
2026-05-08,AST015,30864.5,Low
2026-05-08,AST016,44367.0,Low
2026-05-08,AST017,81870.0,High
2026-05-08,AST018,84881.67,High
2026-05-08,AST022,37616.0,Low
2026-05-08,AST024,50856.5,Normal
2026-05-08,AST026,67054.0,Normal
2026-05-09,AST001,45527.5,Low
2026-05-09,AST005,52286.0,Normal
2026-05-09,AST008,35374.5,Low
2026-05-09,AST010,32390.0,Low
2026-05-09,AST012,60816.0,Normal
2026-05-09,AST013,62077.0,Normal
2026-05-09,AST016,44467.0,Low
2026-05-09,AST018,83310.0,High
2026-05-09,AST019,32820.0,Low
2026-05-09,AST020,54519.0,Normal
2026-05-09,AST022,38618.0,Low
2026-05-09,AST023,48097.0,Normal
2026-05-09,AST024,49615.0,Normal
2026-05-09,AST027,76741.0,High
2026-05-09,AST028,83045.0,High
2026-05-09,AST029,43971.5,Low
2026-05-09,AST030,86811.0,High
2026-05-10,AST004,78716.0,High
2026-05-10,AST011,84648.5,High
2026-05-10,AST013,67774.0,Normal
2026-05-10,AST016,42041.0,Low
2026-05-10,AST017,74981.0,High
2026-05-10,AST018,81822.0,High
2026-05-10,AST019,33415.0,Low
2026-05-10,AST020,61266.0,Normal
2026-05-10,AST021,71724.0,High
2026-05-10,AST022,37283.5,Low
2026-05-10,AST023,46095.0,Normal
2026-05-10,AST024,52249.5,Normal
2026-05-10,AST025,65364.5,Normal
2026-05-10,AST026,70393.0,High
2026-05-10,AST027,85824.0,High
2026-05-10,AST028,86229.0,High
2026-05-10,AST030,87397.0,High
2026-05-11,AST003,44809.0,Low
2026-05-11,AST004,77574.0,High
2026-05-11,AST006,58973.5,Normal
2026-05-11,AST007,82631.67,High
2026-05-11,AST008,33172.0,Low
2026-05-11,AST011,82685.0,High
2026-05-11,AST012,54293.0,Normal
2026-05-11,AST014,64916.0,Normal
2026-05-11,AST015,30570.0,Low
2026-05-11,AST016,45039.0,Normal
2026-05-11,AST017,86156.0,High
2026-05-11,AST018,87889.5,High
2026-05-11,AST019,32182.0,Low
2026-05-11,AST020,57092.0,Normal
2026-05-11,AST021,71420.0,High
2026-05-11,AST022,37183.5,Low
2026-05-11,AST024,51472.0,Normal
2026-05-11,AST025,61652.5,Normal
2026-05-11,AST027,90748.0,High
2026-05-11,AST028,86712.0,High
2026-05-11,AST029,49582.0,Normal
2026-05-12,AST002,31893.0,Low
2026-05-12,AST003,49075.0,Normal
2026-05-12,AST004,73699.0,High
2026-05-12,AST005,49218.0,Normal
2026-05-12,AST006,56244.0,Normal
2026-05-12,AST008,32950.0,Low
2026-05-12,AST010,30752.0,Low
2026-05-12,AST011,84114.0,High
2026-05-12,AST012,55891.0,Normal
2026-05-12,AST015,31091.0,Low
2026-05-12,AST017,82188.33,High
2026-05-12,AST023,51582.0,Normal
2026-05-12,AST025,62562.0,Normal
2026-05-12,AST027,83596.0,High
2026-05-12,AST029,42508.0,Low
2026-05-12,AST030,87048.0,High
2026-05-13,AST002,32192.0,Low
2026-05-13,AST005,54382.0,Normal
2026-05-13,AST006,59592.0,Normal
2026-05-13,AST010,31490.0,Low
2026-05-13,AST012,58079.0,Normal
2026-05-13,AST015,31574.0,Low
2026-05-13,AST022,37747.0,Low
2026-05-13,AST024,51005.0,Normal
2026-05-13,AST025,54752.0,Normal
2026-05-13,AST026,72653.0,High
2026-05-13,AST027,81229.0,High
2026-05-13,AST028,80017.5,High
2026-05-13,AST030,90600.0,High
2026-05-14,AST001,41384.0,Low
2026-05-14,AST002,34726.0,Low
2026-05-14,AST006,64593.0,Normal
2026-05-14,AST008,33823.0,Low
2026-05-14,AST009,50756.0,Normal
2026-05-14,AST010,31201.33,Low
2026-05-14,AST012,62135.0,Normal
2026-05-14,AST017,83928.0,High
2026-05-14,AST021,81241.0,High
2026-05-14,AST023,48861.0,Normal
2026-05-14,AST025,62523.0,Normal
2026-05-14,AST027,95545.0,High
2026-05-15,AST001,38703.0,Low
2026-05-15,AST003,43222.5,Low
2026-05-15,AST005,52083.0,Normal
2026-05-15,AST006,61472.5,Normal
2026-05-15,AST008,36486.0,Low
2026-05-15,AST009,47254.0,Normal
2026-05-15,AST011,81768.5,High
2026-05-15,AST012,60313.0,Normal
2026-05-15,AST013,64417.0,Normal
2026-05-15,AST014,57786.0,Normal
2026-05-15,AST016,40304.0,Low
2026-05-15,AST018,84003.5,High
2026-05-15,AST019,32857.5,Low
2026-05-15,AST020,59718.0,Normal
2026-05-15,AST021,71283.0,High
2026-05-15,AST023,43547.0,Low
2026-05-15,AST024,50341.5,Normal
2026-05-15,AST028,87824.0,High
2026-05-16,AST002,33817.0,Low
2026-05-16,AST003,45224.5,Low
2026-05-16,AST004,76535.0,High
2026-05-16,AST005,55105.0,Normal
2026-05-16,AST006,58930.0,Normal
2026-05-16,AST008,32250.0,Low
2026-05-16,AST009,48856.0,Normal
2026-05-16,AST011,86207.0,High
2026-05-16,AST013,68106.0,Normal
2026-05-16,AST014,69544.0,Normal
2026-05-16,AST016,44529.0,Low
2026-05-16,AST021,72127.5,High
2026-05-16,AST026,66894.5,High
2026-05-16,AST027,91122.0,High
2026-05-16,AST028,83113.0,High
2026-05-16,AST030,86975.0,High
2026-05-17,AST001,43127.33,Low
2026-05-17,AST002,33420.0,Low
2026-05-17,AST006,60801.0,Normal
2026-05-17,AST007,80242.0,High
2026-05-17,AST008,36828.0,Low
2026-05-17,AST009,45279.0,Normal
2026-05-17,AST010,32588.0,Low
2026-05-17,AST011,89539.0,High
2026-05-17,AST012,56844.0,Normal
2026-05-17,AST014,61442.0,Normal
2026-05-17,AST015,32473.5,Low
2026-05-17,AST016,43040.5,Low
2026-05-17,AST017,86505.0,High
2026-05-17,AST018,84447.0,High
2026-05-17,AST022,39922.67,Low
2026-05-17,AST025,60967.5,Normal
2026-05-17,AST028,94500.0,High
2026-05-17,AST029,45769.0,Normal
2026-05-18,AST003,43716.0,Low
2026-05-18,AST004,78372.5,High
2026-05-18,AST005,49092.0,Normal
2026-05-18,AST007,82223.0,High
2026-05-18,AST008,35445.0,Low
2026-05-18,AST009,46830.0,Low
2026-05-18,AST010,31762.0,Low
2026-05-18,AST012,55858.67,Normal
2026-05-18,AST013,70919.0,High
2026-05-18,AST015,31917.0,Low
2026-05-18,AST016,45344.0,Normal
2026-05-18,AST019,32366.5,Low
2026-05-18,AST020,56258.0,Normal
2026-05-18,AST022,36160.5,Low
2026-05-18,AST024,53401.0,Normal
2026-05-18,AST025,65729.0,Normal
2026-05-18,AST027,83159.0,High
2026-05-18,AST028,82577.67,High
2026-05-19,AST001,45898.0,Normal
2026-05-19,AST002,35017.0,Low
2026-05-19,AST003,42941.0,Low
2026-05-19,AST004,73808.0,High
2026-05-19,AST005,52542.0,Normal
2026-05-19,AST006,55805.0,Normal
2026-05-19,AST007,73819.0,High
2026-05-19,AST009,49143.0,Normal
2026-05-19,AST015,28548.0,Low
2026-05-19,AST016,45730.0,Normal
2026-05-19,AST018,87754.0,High
2026-05-19,AST019,30988.0,Low
2026-05-19,AST022,37234.0,Low
2026-05-19,AST024,54819.0,Normal
2026-05-19,AST025,64821.0,Normal
2026-05-19,AST026,75018.0,High
2026-05-19,AST027,87691.0,High
2026-05-19,AST028,82466.33,High
2026-05-19,AST029,41837.0,Low
2026-05-20,AST001,42454.0,Low
2026-05-20,AST002,36082.0,Low
2026-05-20,AST003,43386.0,Low
2026-05-20,AST004,79468.0,High
2026-05-20,AST005,46819.0,Normal
2026-05-20,AST007,76449.5,High
2026-05-20,AST009,49514.0,Normal
2026-05-20,AST011,84042.0,High
2026-05-20,AST013,65165.5,Normal
2026-05-20,AST016,42077.0,Low
2026-05-20,AST017,77998.5,High
2026-05-20,AST020,59059.5,Normal
2026-05-20,AST026,73780.5,High
2026-05-20,AST028,86031.0,High
2026-05-20,AST029,45338.0,Normal
2026-05-21,AST003,44402.0,Low
2026-05-21,AST007,85343.0,High
2026-05-21,AST009,47697.0,Normal
2026-05-21,AST010,32975.0,Low
2026-05-21,AST011,90351.0,High
2026-05-21,AST013,67499.2,Normal
2026-05-21,AST014,63850.0,Normal
2026-05-21,AST015,28386.33,Low
2026-05-21,AST016,41675.0,Low
2026-05-21,AST017,75907.0,High
2026-05-21,AST018,87291.5,High
2026-05-21,AST019,33114.0,Low
2026-05-21,AST020,54484.0,Normal
2026-05-21,AST021,73286.5,High
2026-05-21,AST022,42153.0,Low
2026-05-21,AST025,68504.0,Normal
2026-05-21,AST026,65990.0,Normal
2026-05-21,AST029,45610.0,Normal
2026-05-22,AST001,43584.0,Low
2026-05-22,AST003,41951.0,Low
2026-05-22,AST004,72713.0,High
2026-05-22,AST006,55334.0,Normal
2026-05-22,AST007,76321.0,High
2026-05-22,AST008,37510.0,Low
2026-05-22,AST010,32611.0,Low
2026-05-22,AST011,86610.5,High
2026-05-22,AST013,71150.0,High
2026-05-22,AST014,62103.0,Normal
2026-05-22,AST016,45325.0,Normal
2026-05-22,AST017,76672.0,High
2026-05-22,AST019,31867.0,Low
2026-05-22,AST021,67069.0,Normal
2026-05-22,AST022,40298.0,Low
2026-05-22,AST026,70698.0,High
2026-05-22,AST028,83976.67,High
2026-05-22,AST029,41350.0,Low
2026-05-22,AST030,89781.0,High
2026-05-23,AST001,41649.5,Low
2026-05-23,AST002,35844.0,Low
2026-05-23,AST004,84138.0,High
2026-05-23,AST005,50657.5,Normal
2026-05-23,AST006,59704.5,Normal
2026-05-23,AST008,35112.0,Low
2026-05-23,AST009,47437.0,Normal
2026-05-23,AST010,32007.0,Low
2026-05-23,AST014,59946.0,Normal
2026-05-23,AST015,29052.0,Low
2026-05-23,AST016,43086.5,Low
2026-05-23,AST017,80652.5,High
2026-05-23,AST018,73156.0,High
2026-05-23,AST019,32507.0,Low
2026-05-23,AST022,41933.0,Low
2026-05-23,AST024,53274.0,Normal
2026-05-24,AST001,45403.0,Normal
2026-05-24,AST002,31337.0,Low
2026-05-24,AST004,72704.0,High
2026-05-24,AST005,46481.0,Normal
2026-05-24,AST009,49258.0,Normal
2026-05-24,AST010,32367.0,Low
2026-05-24,AST011,85125.0,High
2026-05-24,AST016,41637.0,Low
2026-05-24,AST017,81296.0,High
2026-05-24,AST019,35112.33,Low
2026-05-24,AST020,57313.0,Normal
2026-05-24,AST021,73519.0,High
2026-05-24,AST022,40110.5,Low
2026-05-24,AST023,47684.0,Normal
2026-05-24,AST024,57211.0,Normal
2026-05-24,AST025,61081.0,Normal
2026-05-24,AST027,84558.5,High
2026-05-24,AST030,91201.0,High
2026-05-25,AST002,33407.0,Low
2026-05-25,AST003,45412.0,Normal
2026-05-25,AST004,79175.0,High
2026-05-25,AST005,48154.0,Normal
2026-05-25,AST006,54209.0,Normal
2026-05-25,AST012,55945.0,Normal
2026-05-25,AST013,67224.75,Normal
2026-05-25,AST014,59512.0,Normal
2026-05-25,AST015,29529.33,Low
2026-05-25,AST016,41793.0,Low
2026-05-25,AST017,74247.33,High
2026-05-25,AST019,33589.5,Low
2026-05-25,AST021,73092.0,High
2026-05-25,AST023,50234.0,Normal
2026-05-25,AST024,50637.0,Normal
2026-05-25,AST025,64383.0,Normal
2026-05-25,AST026,72461.0,High
2026-05-25,AST028,88749.0,High
2026-05-25,AST029,49352.0,Normal
2026-05-25,AST030,90537.0,High
2026-05-26,AST002,33687.5,Low
2026-05-26,AST005,53806.0,Normal
2026-05-26,AST006,61591.5,Normal
2026-05-26,AST007,78891.5,High
2026-05-26,AST009,52632.0,Normal
2026-05-26,AST010,34205.0,Low
2026-05-26,AST012,52140.0,Normal
2026-05-26,AST017,87736.0,High
2026-05-26,AST019,34626.0,Low
2026-05-26,AST020,58628.0,Normal
2026-05-26,AST021,69629.0,Normal
2026-05-26,AST027,90437.5,High
2026-05-26,AST028,86799.0,High
2026-05-26,AST029,47674.67,Normal
2026-05-26,AST030,82774.0,High
2026-05-27,AST001,40311.0,Low
2026-05-27,AST002,33963.0,Low
2026-05-27,AST003,43079.0,Low
2026-05-27,AST004,68830.0,Normal
2026-05-27,AST005,47730.0,Normal
2026-05-27,AST006,57274.0,Normal
2026-05-27,AST007,82499.0,High
2026-05-27,AST008,31285.0,Low
2026-05-27,AST009,51435.0,Normal
2026-05-27,AST010,29834.0,Low
2026-05-27,AST011,80703.0,High
2026-05-27,AST012,52645.0,Normal
2026-05-27,AST013,65107.0,Normal
2026-05-27,AST014,58525.0,Normal
2026-05-27,AST018,79932.0,High
2026-05-27,AST019,33096.0,Low
2026-05-27,AST020,57110.0,Normal
2026-05-27,AST021,67746.0,Normal
2026-05-27,AST024,49292.0,Normal
2026-05-27,AST027,89441.0,High
2026-05-27,AST029,47444.0,Normal
2026-05-27,AST030,82002.0,High
2026-05-28,AST001,38863.0,Low
2026-05-28,AST002,35906.0,Low
2026-05-28,AST003,43974.5,Low
2026-05-28,AST005,47097.0,Normal
2026-05-28,AST006,60128.0,Normal
2026-05-28,AST008,34695.67,Low
2026-05-28,AST009,49112.5,Normal
2026-05-28,AST010,32392.33,Low
2026-05-28,AST011,88059.5,High
2026-05-28,AST013,67165.5,Normal
2026-05-28,AST016,44958.0,Low
2026-05-28,AST017,79488.0,High
2026-05-28,AST018,90851.0,High
2026-05-28,AST019,29808.0,Low
2026-05-28,AST020,58005.0,Normal
2026-05-28,AST022,34488.0,Low
2026-05-28,AST023,47509.0,Normal
2026-05-28,AST024,48058.0,Normal
2026-05-28,AST025,63817.5,Normal
2026-05-28,AST028,81787.0,High
2026-05-29,AST002,34221.0,Low
2026-05-29,AST003,44538.0,Low
2026-05-29,AST004,75983.0,High
2026-05-29,AST005,52903.0,Normal
2026-05-29,AST006,63146.0,Normal
2026-05-29,AST007,80453.0,High
2026-05-29,AST008,39282.0,Low
2026-05-29,AST010,30046.0,Low
2026-05-29,AST011,88940.5,High
2026-05-29,AST012,60355.0,Normal
2026-05-29,AST013,65942.5,Normal
2026-05-29,AST015,30014.0,Low
2026-05-29,AST016,37505.0,Low
2026-05-29,AST018,88924.0,High
2026-05-29,AST022,38714.5,Low
2026-05-29,AST023,48540.5,Normal
2026-05-29,AST025,62306.0,Normal
2026-05-29,AST027,82704.0,High
2026-05-29,AST028,79772.0,High
2026-05-30,AST002,33377.0,Low
2026-05-30,AST003,46196.5,Low
2026-05-30,AST004,73888.0,High
2026-05-30,AST005,55103.0,Normal
2026-05-30,AST007,83757.0,High
2026-05-30,AST009,47328.0,Normal
2026-05-30,AST012,55464.0,Normal
2026-05-30,AST013,65490.5,Normal
2026-05-30,AST014,59656.0,Normal
2026-05-30,AST016,46516.0,Normal
2026-05-30,AST017,75041.0,High
2026-05-30,AST018,85949.0,High
2026-05-30,AST021,74442.0,High
2026-05-30,AST022,38587.5,Low
2026-05-30,AST023,45425.0,Normal
2026-05-30,AST024,53904.0,Normal
2026-05-30,AST025,59550.67,Normal
2026-05-30,AST029,46587.0,Low
2026-05-31,AST001,41887.0,Low
2026-05-31,AST002,35212.0,Low
2026-05-31,AST005,49184.0,Normal
2026-05-31,AST006,61111.0,Normal
2026-05-31,AST008,35407.5,Low
2026-05-31,AST009,45954.0,Normal
2026-05-31,AST010,33120.0,Low
2026-05-31,AST011,89488.0,High
2026-05-31,AST012,57451.0,Normal
2026-05-31,AST013,69403.0,Normal
2026-05-31,AST014,58485.0,Normal
2026-05-31,AST016,43458.0,Low
2026-05-31,AST017,79584.5,High
2026-05-31,AST018,85369.0,High
2026-05-31,AST023,46824.0,Normal
2026-05-31,AST027,79669.0,High
2026-05-31,AST028,82412.0,High
2026-05-31,AST029,46726.0,Normal
2026-05-31,AST030,78352.0,High
2026-06-01,AST001,39775.0,Low
2026-06-01,AST003,44441.0,Low
2026-06-01,AST005,53159.0,Normal
2026-06-01,AST006,57612.0,Normal
2026-06-01,AST007,76950.0,High
2026-06-01,AST008,34669.0,Low
2026-06-01,AST009,50902.0,Normal
2026-06-01,AST013,67537.0,Normal
2026-06-01,AST015,28675.0,Low
2026-06-01,AST020,58275.5,Normal
2026-06-01,AST028,84974.5,High
2026-06-01,AST030,90265.0,High
2026-06-02,AST001,36848.0,Low
2026-06-02,AST003,46511.0,Normal
2026-06-02,AST005,52966.0,Normal
2026-06-02,AST006,60312.0,Normal
2026-06-02,AST008,38037.0,Low
2026-06-02,AST009,45035.0,Normal
2026-06-02,AST011,85788.0,High
2026-06-02,AST012,56921.0,Normal
2026-06-02,AST017,81179.0,High
2026-06-02,AST019,31293.5,Low
2026-06-02,AST023,46136.0,Normal
2026-06-02,AST024,49087.0,Normal
2026-06-02,AST025,62164.0,Normal
2026-06-02,AST026,68515.5,High
2026-06-02,AST027,80909.0,High
2026-06-03,AST002,34348.0,Low
2026-06-03,AST004,67907.0,Normal
2026-06-03,AST005,54906.0,Normal
2026-06-03,AST006,60878.0,Normal
2026-06-03,AST007,82741.0,High
2026-06-03,AST009,50544.5,Normal
2026-06-03,AST012,57976.0,Normal
2026-06-03,AST017,81402.0,High
2026-06-03,AST019,31276.0,Low
2026-06-03,AST020,52160.0,Normal
2026-06-03,AST021,71673.0,High
2026-06-03,AST022,35305.0,Low
2026-06-03,AST023,47985.0,Normal
2026-06-03,AST025,64382.67,Normal
2026-06-03,AST030,92082.0,High
2026-06-04,AST002,32845.0,Low
2026-06-04,AST003,42065.0,Low
2026-06-04,AST004,75537.0,High
2026-06-04,AST008,36941.0,Low
2026-06-04,AST009,49907.0,Normal
2026-06-04,AST011,95422.0,High
2026-06-04,AST012,56894.0,Normal
2026-06-04,AST017,71371.0,High
2026-06-04,AST018,79639.0,High
2026-06-04,AST019,32034.0,Low
2026-06-04,AST021,73585.0,High
2026-06-04,AST022,38647.0,Low
2026-06-04,AST023,44839.0,Low
2026-06-04,AST024,56749.0,Normal
2026-06-04,AST029,43860.0,Low
2026-06-05,AST002,34146.0,Low
2026-06-05,AST003,43993.0,Low
2026-06-05,AST004,75652.0,High
2026-06-05,AST005,51094.0,Normal
2026-06-05,AST006,63711.0,Normal
2026-06-05,AST007,75831.0,High
2026-06-05,AST008,35443.0,Low
2026-06-05,AST009,50635.0,Normal
2026-06-05,AST018,89380.0,High
2026-06-05,AST021,64400.0,Normal
2026-06-05,AST023,48989.0,Normal
2026-06-05,AST024,51384.0,Normal
2026-06-05,AST026,64442.0,Normal
2026-06-05,AST027,84161.0,High
2026-06-05,AST028,85601.0,High
2026-06-05,AST029,42813.0,Low
2026-06-06,AST001,44329.67,Low
2026-06-06,AST002,34851.5,Low
2026-06-06,AST004,74744.0,High
2026-06-06,AST005,48431.0,Normal
2026-06-06,AST007,77864.0,High
2026-06-06,AST010,32560.0,Low
2026-06-06,AST013,67933.0,Normal
2026-06-06,AST015,29373.0,Low
2026-06-06,AST016,44114.5,Low
2026-06-06,AST017,80809.5,High
2026-06-06,AST021,76726.0,High
2026-06-06,AST022,40201.0,Low
2026-06-06,AST024,49397.0,Normal
2026-06-06,AST026,72039.0,High
2026-06-06,AST027,82101.0,High
2026-06-06,AST028,83023.0,High
2026-06-06,AST029,43807.0,Low
2026-06-07,AST003,45005.5,Low
2026-06-07,AST004,77816.0,High
2026-06-07,AST005,51925.0,Normal
2026-06-07,AST006,56484.0,Normal
2026-06-07,AST009,47547.5,Normal
2026-06-07,AST010,31021.0,Low
2026-06-07,AST011,93049.0,High
2026-06-07,AST013,71771.0,High
2026-06-07,AST019,34517.0,Low
2026-06-07,AST020,57452.67,Normal
2026-06-07,AST021,72498.0,High
2026-06-07,AST022,37752.0,Low
2026-06-07,AST023,47773.0,Normal
2026-06-07,AST027,81219.0,High
2026-06-07,AST028,81850.0,High
2026-06-08,AST001,45310.0,Normal
2026-06-08,AST002,32802.0,Low
2026-06-08,AST003,44214.0,Low
2026-06-08,AST006,57620.0,Normal
2026-06-08,AST007,80122.0,High
2026-06-08,AST008,35698.0,Low
2026-06-08,AST009,46127.0,Normal
2026-06-08,AST011,94425.0,High
2026-06-08,AST013,67816.0,Normal
2026-06-08,AST015,30089.0,Low
2026-06-08,AST016,40560.0,Low
2026-06-08,AST017,69967.0,Normal
2026-06-08,AST020,56395.0,Normal
2026-06-08,AST021,71666.0,High
2026-06-08,AST022,42827.0,Low
2026-06-08,AST023,50518.0,Normal
2026-06-08,AST024,49075.0,Normal
2026-06-08,AST027,83035.0,High
2026-06-08,AST028,87768.0,High
2026-06-08,AST030,94089.0,High
2026-06-09,AST002,35555.5,Low
2026-06-09,AST005,53144.0,Normal
2026-06-09,AST006,56422.0,Normal
2026-06-09,AST007,70966.0,High
2026-06-09,AST008,36191.0,Low
2026-06-09,AST010,32495.5,Low
2026-06-09,AST013,70638.0,High
2026-06-09,AST014,67010.5,Normal
2026-06-09,AST017,78259.0,High
2026-06-09,AST018,85181.0,High
2026-06-09,AST022,38300.5,Low
2026-06-09,AST023,47417.0,Normal
2026-06-09,AST024,45968.0,Normal
2026-06-09,AST027,79419.33,High
2026-06-09,AST028,78158.0,High
2026-06-10,AST004,72674.0,High
2026-06-10,AST005,54630.5,Normal
2026-06-10,AST006,57374.0,Normal
2026-06-10,AST010,34824.0,Low
2026-06-10,AST012,57315.0,Normal
2026-06-10,AST013,67178.0,Normal
2026-06-10,AST014,58131.0,Normal
2026-06-10,AST015,29359.0,Low
2026-06-10,AST016,44561.0,Low
2026-06-10,AST017,92408.0,High
2026-06-10,AST020,53502.0,Normal
2026-06-10,AST021,69624.0,Normal
2026-06-10,AST023,43942.0,Low
2026-06-10,AST024,49497.0,Normal
2026-06-10,AST027,77419.0,High
2026-06-10,AST028,79987.0,High
2026-06-11,AST001,45188.0,Normal
2026-06-11,AST002,31777.0,Low
2026-06-11,AST003,40015.0,Low
2026-06-11,AST007,84381.0,High
2026-06-11,AST009,48199.0,Normal
2026-06-11,AST010,31187.33,Low
2026-06-11,AST011,82940.0,High
2026-06-11,AST015,29523.0,Low
2026-06-11,AST017,84508.0,High
2026-06-11,AST020,55699.0,Normal
2026-06-11,AST024,48300.0,Normal
2026-06-11,AST025,56671.0,Normal
2026-06-12,AST001,41365.0,Low
2026-06-12,AST003,40808.0,Low
2026-06-12,AST006,57027.5,Normal
2026-06-12,AST009,44746.0,Low
2026-06-12,AST010,29052.0,Low
2026-06-12,AST011,72064.0,High
2026-06-12,AST012,52123.0,Normal
2026-06-12,AST014,58448.5,Normal
2026-06-12,AST016,43100.33,Low
2026-06-12,AST017,81261.0,High
2026-06-12,AST022,36729.0,Low
2026-06-12,AST023,47218.5,Normal
2026-06-12,AST025,57182.0,Normal
2026-06-12,AST028,83645.0,High
2026-06-12,AST029,44894.0,Low
2026-06-13,AST004,75654.0,High
2026-06-13,AST005,50378.0,Normal
2026-06-13,AST009,50881.0,Normal
2026-06-13,AST010,31038.0,Low
2026-06-13,AST011,86446.0,High
2026-06-13,AST013,67690.33,Normal
2026-06-13,AST014,61799.0,Normal
2026-06-13,AST017,81554.0,High
2026-06-13,AST018,75123.0,High
2026-06-13,AST019,31872.0,Low
2026-06-13,AST020,61165.0,Normal
2026-06-13,AST021,71325.5,High
2026-06-13,AST022,38963.0,Low
2026-06-13,AST024,53322.0,Normal
2026-06-13,AST025,64112.0,Normal
2026-06-13,AST026,74270.0,High
2026-06-13,AST027,90125.0,High
2026-06-13,AST028,81928.0,High
2026-06-13,AST029,42046.0,Low
2026-06-13,AST030,96165.0,High
2026-06-14,AST005,53311.0,Normal
2026-06-14,AST006,55939.5,Normal
2026-06-14,AST007,75592.0,High
2026-06-14,AST010,32905.0,Low
2026-06-14,AST013,61875.0,Normal
2026-06-14,AST015,31212.0,Low
2026-06-14,AST022,37816.0,Low
2026-06-14,AST023,46353.0,Normal
2026-06-14,AST025,60327.5,Normal
2026-06-14,AST026,74425.0,High
2026-06-14,AST027,80725.67,High
2026-06-14,AST028,77831.0,High
2026-06-14,AST030,80017.0,High
2026-06-15,AST003,43133.0,Low
2026-06-15,AST006,58978.0,Normal
2026-06-15,AST007,83040.0,High
2026-06-15,AST009,47032.0,Normal
2026-06-15,AST011,87973.0,High
2026-06-15,AST012,52929.0,Normal
2026-06-15,AST013,64319.0,Normal
2026-06-15,AST014,60731.0,Normal
2026-06-15,AST016,43444.0,Low
2026-06-15,AST017,78961.0,High
2026-06-15,AST020,57476.0,Normal
2026-06-15,AST021,72921.0,High
2026-06-15,AST022,37166.0,Low
2026-06-15,AST025,56348.0,Normal
2026-06-15,AST027,89620.0,High
2026-06-15,AST028,87605.0,High
2026-06-15,AST029,46992.5,Normal
2026-06-16,AST001,41723.0,Low
2026-06-16,AST005,49829.0,Normal
2026-06-16,AST006,59787.5,Normal
2026-06-16,AST007,83133.0,High
2026-06-16,AST009,45026.0,Low
2026-06-16,AST011,89920.0,High
2026-06-16,AST012,55074.5,Normal
2026-06-16,AST013,60404.0,Normal
2026-06-16,AST014,66480.0,Normal
2026-06-16,AST015,29720.0,Low
2026-06-16,AST016,43491.0,Low
2026-06-16,AST018,85648.0,High
2026-06-16,AST021,66325.0,Normal
2026-06-16,AST023,45936.0,Normal
2026-06-16,AST024,50678.0,Normal
2026-06-16,AST025,64041.0,Normal
2026-06-16,AST027,84318.0,High
2026-06-16,AST028,86499.33,High
2026-06-16,AST029,46775.0,Normal
2026-06-17,AST002,32060.67,Low
2026-06-17,AST003,46680.0,Normal
2026-06-17,AST005,49304.0,Normal
2026-06-17,AST006,64495.0,Normal
2026-06-17,AST007,75995.75,High
2026-06-17,AST009,40770.0,Low
2026-06-17,AST013,64439.0,Normal
2026-06-17,AST016,37177.0,Low
2026-06-17,AST018,77531.0,High
2026-06-17,AST020,55923.0,Normal
2026-06-17,AST022,37824.0,Low
2026-06-17,AST023,45087.0,Low
2026-06-17,AST024,52899.5,Normal
2026-06-17,AST027,83220.0,High
2026-06-17,AST029,43603.0,Low
2026-06-17,AST030,86651.0,High
2026-06-18,AST005,53563.0,Normal
2026-06-18,AST006,60555.0,Normal
2026-06-18,AST008,35285.0,Low
2026-06-18,AST009,47874.0,Normal
2026-06-18,AST010,32547.0,Low
2026-06-18,AST011,95098.0,High
2026-06-18,AST012,51400.0,Normal
2026-06-18,AST014,59054.0,Normal
2026-06-18,AST016,47274.0,Normal
2026-06-18,AST019,33966.0,Low
2026-06-18,AST020,60875.0,Normal
2026-06-18,AST022,39891.0,Low
2026-06-18,AST024,49963.0,Normal
2026-06-18,AST025,60367.0,Normal
2026-06-18,AST026,76129.0,High
2026-06-18,AST027,84853.67,High
2026-06-18,AST028,83080.0,High
2026-06-18,AST030,82441.0,High
2026-06-19,AST002,32062.0,Low
2026-06-19,AST003,41403.0,Low
2026-06-19,AST005,51014.0,Normal
2026-06-19,AST006,63780.0,Normal
2026-06-19,AST011,78932.0,High
2026-06-19,AST012,56192.5,Normal
2026-06-19,AST015,31760.0,Low
2026-06-19,AST016,45858.0,Normal
2026-06-19,AST017,77216.5,High
2026-06-19,AST018,84166.0,High
2026-06-19,AST019,31609.0,Low
2026-06-19,AST021,72822.0,High
2026-06-19,AST023,48555.0,Normal
2026-06-19,AST024,51516.0,Normal
2026-06-19,AST025,58769.0,Normal
2026-06-19,AST026,71001.0,High
2026-06-20,AST001,45867.0,Normal
2026-06-20,AST002,30257.0,Low
2026-06-20,AST005,50964.0,Normal
2026-06-20,AST006,54045.0,Normal
2026-06-20,AST007,75534.0,High
2026-06-20,AST009,48195.0,Normal
2026-06-20,AST010,30423.0,Low
2026-06-20,AST011,94983.0,High
2026-06-20,AST012,53858.0,Normal
2026-06-20,AST015,28969.0,Low
2026-06-20,AST017,76469.67,High
2026-06-20,AST019,30865.6,Low
2026-06-20,AST020,56582.0,Normal
2026-06-20,AST025,59496.0,Normal
2026-06-20,AST027,76712.0,High
2026-06-20,AST029,42282.0,Low
2026-06-21,AST002,33545.0,Low
2026-06-21,AST003,37398.0,Low
2026-06-21,AST010,32265.0,Low
2026-06-21,AST011,86430.33,High
2026-06-21,AST012,56327.0,Normal
2026-06-21,AST015,28450.0,Low
2026-06-21,AST017,75243.0,High
2026-06-21,AST019,32069.5,Low
2026-06-21,AST021,77200.0,High
2026-06-21,AST023,46269.0,Normal
2026-06-21,AST027,80548.0,High
2026-06-21,AST029,44358.0,Low
2026-06-21,AST030,86575.0,High
2026-06-22,AST004,81544.0,High
2026-06-22,AST006,55772.0,Normal
2026-06-22,AST008,38151.0,Low
2026-06-22,AST009,43978.0,Low
2026-06-22,AST012,57661.0,Normal
2026-06-22,AST013,64446.0,Normal
2026-06-22,AST014,69392.0,Normal
2026-06-22,AST015,29931.5,Low
2026-06-22,AST017,78734.0,High
2026-06-22,AST018,78911.0,High
2026-06-22,AST020,52124.0,Normal
2026-06-22,AST024,49017.0,Normal
2026-06-22,AST027,82171.33,High
2026-06-22,AST028,85457.0,High
2026-06-22,AST030,86291.0,High
2026-06-23,AST001,38508.0,Low
2026-06-23,AST002,35917.0,Low
2026-06-23,AST006,60767.0,Normal
2026-06-23,AST007,82533.0,High
2026-06-23,AST008,32545.0,Low
2026-06-23,AST012,60193.0,Normal
2026-06-23,AST013,68335.5,High
2026-06-23,AST014,61193.0,Normal
2026-06-23,AST015,28441.0,Low
2026-06-23,AST018,73408.0,High
2026-06-23,AST019,33890.33,Low
2026-06-23,AST021,70461.67,Normal
2026-06-23,AST026,65886.0,Normal
2026-06-23,AST027,83578.5,High
2026-06-23,AST028,80944.5,High
2026-06-24,AST001,39994.0,Low
2026-06-24,AST002,34472.0,Low
2026-06-24,AST003,41012.0,Low
2026-06-24,AST004,77580.0,High
2026-06-24,AST007,82762.5,High
2026-06-24,AST009,42781.5,Low
2026-06-24,AST010,32256.0,Low
2026-06-24,AST011,85518.0,High
2026-06-24,AST012,55317.5,Normal
2026-06-24,AST013,64794.5,Normal
2026-06-24,AST014,62732.5,Normal
2026-06-24,AST015,29684.0,Low
2026-06-24,AST016,40831.0,Low
2026-06-24,AST021,68644.0,Normal
2026-06-24,AST022,38721.0,Low
2026-06-24,AST023,46190.0,Normal
2026-06-24,AST024,48844.0,Normal
2026-06-24,AST026,63529.0,Normal
2026-06-24,AST027,95083.0,High
2026-06-24,AST028,74569.0,High
2026-06-24,AST029,46011.0,Normal
2026-06-25,AST001,41497.0,Low
2026-06-25,AST002,33681.5,Low
2026-06-25,AST004,75856.33,High
2026-06-25,AST009,49059.0,Normal
2026-06-25,AST010,32837.0,Low
2026-06-25,AST011,91411.0,High
2026-06-25,AST012,56439.0,Normal
2026-06-25,AST015,29947.33,Low
2026-06-25,AST020,58245.0,Normal
2026-06-25,AST021,69582.0,Normal
2026-06-25,AST022,40097.0,Low
2026-06-25,AST023,45706.67,Normal
2026-06-25,AST025,60084.0,Normal
2026-06-25,AST026,69992.5,High
2026-06-25,AST028,79100.0,High
2026-06-26,AST002,31457.0,Low
2026-06-26,AST006,62048.0,Normal
2026-06-26,AST009,43511.0,Low
2026-06-26,AST010,30594.67,Low
2026-06-26,AST011,82903.0,High
2026-06-26,AST015,28787.0,Low
2026-06-26,AST016,40743.0,Low
2026-06-26,AST020,59610.0,Normal
2026-06-26,AST021,80447.0,High
2026-06-26,AST025,61172.5,Normal
2026-06-26,AST027,81536.0,High
2026-06-26,AST029,46405.0,Normal
2026-06-26,AST030,88192.0,High
2026-06-27,AST001,40038.0,Low
2026-06-27,AST004,82288.5,High
2026-06-27,AST007,81969.0,High
2026-06-27,AST008,33483.0,Low
2026-06-27,AST009,46665.0,Normal
2026-06-27,AST010,32696.0,Low
2026-06-27,AST011,97332.0,High
2026-06-27,AST012,56288.0,Normal
2026-06-27,AST018,79267.0,High
2026-06-27,AST019,29302.0,Low
2026-06-27,AST022,34435.0,Low
2026-06-27,AST024,52877.0,Normal
2026-06-27,AST027,78558.0,High
2026-06-27,AST030,85832.0,High
2026-06-28,AST001,41905.0,Low
2026-06-28,AST004,81676.0,High
2026-06-28,AST008,35795.0,Low
2026-06-28,AST009,48308.0,Normal
2026-06-28,AST012,51052.0,Normal
2026-06-28,AST013,63639.0,Normal
2026-06-28,AST018,79295.0,High
2026-06-28,AST019,30454.5,Low
2026-06-28,AST021,74835.5,High
2026-06-28,AST022,34486.0,Low
2026-06-28,AST024,47646.0,Normal
2026-06-28,AST025,62733.0,Normal
2026-06-29,AST001,41852.0,Low
2026-06-29,AST002,31623.0,Low
2026-06-29,AST003,44090.0,Low
2026-06-29,AST004,75427.0,High
2026-06-29,AST005,53756.0,Normal
2026-06-29,AST007,77474.0,High
2026-06-29,AST008,36635.0,Low
2026-06-29,AST009,47527.5,Normal
2026-06-29,AST010,30597.0,Low
2026-06-29,AST011,89222.0,High
2026-06-29,AST015,28994.0,Low
2026-06-29,AST017,84325.0,High
2026-06-29,AST019,31839.0,Low
2026-06-29,AST021,67761.0,Normal
2026-06-29,AST023,49788.0,Normal
2026-06-29,AST028,84761.25,High
2026-06-29,AST030,85798.0,High
2026-06-30,AST002,30943.0,Low
2026-06-30,AST003,44846.67,Normal
2026-06-30,AST005,48456.0,Normal
2026-06-30,AST008,34311.0,Low
2026-06-30,AST011,86188.0,High
2026-06-30,AST013,65591.0,Normal
2026-06-30,AST014,65538.0,Normal
2026-06-30,AST015,30554.0,Low
2026-06-30,AST016,42347.0,Low
2026-06-30,AST018,83193.5,High
2026-06-30,AST019,31244.0,Low
2026-06-30,AST020,56611.0,Normal
2026-06-30,AST021,72146.0,High
2026-06-30,AST023,47573.0,Normal
2026-06-30,AST024,53737.0,Normal
2026-06-30,AST027,82715.0,High
2026-06-30,AST030,83615.5,High
2026-07-01,AST001,36374.0,Low
2026-07-01,AST002,32482.0,Low
2026-07-01,AST003,40169.0,Low
2026-07-01,AST004,79674.33,High
2026-07-01,AST005,50785.5,Normal
2026-07-01,AST007,74394.0,High
2026-07-01,AST009,48919.33,Normal
2026-07-01,AST011,83146.0,High
2026-07-01,AST012,55129.0,Normal
2026-07-01,AST013,63945.0,Normal
2026-07-01,AST014,64945.0,Normal
2026-07-01,AST015,25725.0,Low
2026-07-01,AST016,43185.5,Low
2026-07-01,AST017,80937.0,High
2026-07-01,AST018,77828.0,High
2026-07-01,AST019,29165.5,Low
2026-07-01,AST021,71534.0,High
2026-07-01,AST026,64131.0,Normal
2026-07-01,AST028,81013.0,High
2026-07-01,AST029,41797.0,Low
2026-07-01,AST030,85352.0,High
2026-07-02,AST001,37635.0,Low
2026-07-02,AST003,43034.5,Low
2026-07-02,AST004,75210.0,High
2026-07-02,AST009,50314.0,Normal
2026-07-02,AST010,31900.0,Low
2026-07-02,AST011,89138.5,High
2026-07-02,AST012,54621.0,Normal
2026-07-02,AST013,62469.0,Normal
2026-07-02,AST015,27149.0,Low
2026-07-02,AST016,44244.0,Low
2026-07-02,AST017,73882.67,High
2026-07-02,AST019,28458.0,Low
2026-07-02,AST021,69087.0,Normal
2026-07-02,AST022,36158.0,Low
2026-07-02,AST023,48782.0,Normal
2026-07-02,AST027,85860.0,High
2026-07-02,AST029,43237.0,Low
2026-07-03,AST002,30448.5,Low
2026-07-03,AST004,77310.0,High
2026-07-03,AST006,58383.0,Normal
2026-07-03,AST008,33777.5,Low
2026-07-03,AST009,47742.0,Low
2026-07-03,AST010,34997.0,Low
2026-07-03,AST012,53902.0,Normal
2026-07-03,AST014,60997.5,Normal
2026-07-03,AST016,40344.0,Low
2026-07-03,AST019,33808.0,Low
2026-07-03,AST020,56311.75,Normal
2026-07-03,AST021,74721.0,High
2026-07-03,AST022,41261.0,Low
2026-07-03,AST025,57369.0,Normal
2026-07-03,AST027,84279.0,High
2026-07-03,AST028,81806.0,High
2026-07-03,AST029,42703.0,Low
2026-07-03,AST030,84769.0,High
2026-07-04,AST003,43801.5,Low
2026-07-04,AST007,74712.0,High
2026-07-04,AST008,33909.5,Low
2026-07-04,AST009,44871.5,Low
2026-07-04,AST010,33498.0,Low
2026-07-04,AST011,84746.0,High
2026-07-04,AST012,53630.5,Normal
2026-07-04,AST013,63685.5,Normal
2026-07-04,AST017,74146.5,High
2026-07-04,AST021,69136.0,Normal
2026-07-04,AST026,68799.0,Normal
2026-07-04,AST027,82346.0,High
2026-07-04,AST028,84597.0,High
2026-07-04,AST029,45013.0,Normal
2026-07-05,AST004,73561.5,High
2026-07-05,AST005,50625.0,Normal
2026-07-05,AST006,57680.5,Normal
2026-07-05,AST007,81163.0,High
2026-07-05,AST008,33962.0,Low
2026-07-05,AST009,46690.0,Low
2026-07-05,AST011,81682.0,High
2026-07-05,AST016,42485.0,Low
2026-07-05,AST017,66265.0,Normal
2026-07-05,AST018,79256.0,High
2026-07-05,AST022,35108.0,Low
2026-07-05,AST023,45843.0,Normal
2026-07-05,AST026,65240.0,Normal
2026-07-05,AST028,74303.0,High
2026-07-05,AST029,41460.5,Low
2026-07-05,AST030,79488.0,High
2026-07-06,AST001,42490.0,Low
2026-07-06,AST002,31650.5,Low
2026-07-06,AST003,44804.0,Low
2026-07-06,AST004,72564.0,High
2026-07-06,AST006,58851.67,Normal
2026-07-06,AST010,31637.0,Low
2026-07-06,AST012,56082.0,Normal
2026-07-06,AST013,62477.0,Normal
2026-07-06,AST014,59092.0,Normal
2026-07-06,AST016,39906.0,Low
2026-07-06,AST019,31550.0,Low
2026-07-06,AST020,56034.0,Normal
2026-07-06,AST021,68920.0,Normal
2026-07-06,AST022,36451.0,Low
2026-07-06,AST027,85107.0,High
2026-07-06,AST029,46388.0,Normal
2026-07-06,AST030,88895.0,High
2026-07-07,AST002,29679.5,Low
2026-07-07,AST003,46046.0,Normal
2026-07-07,AST004,78097.0,High
2026-07-07,AST006,55664.0,Normal
2026-07-07,AST007,75438.5,High
2026-07-07,AST009,45274.0,Normal
2026-07-07,AST011,84971.67,High
2026-07-07,AST013,66911.0,Normal
2026-07-07,AST015,29688.0,Low
2026-07-07,AST017,82861.0,High
2026-07-07,AST019,28153.0,Low
2026-07-07,AST020,52814.0,Normal
2026-07-07,AST021,72988.67,High
2026-07-07,AST023,46080.0,Normal
2026-07-07,AST026,69267.0,High
2026-07-07,AST027,83190.5,High
2026-07-07,AST028,77740.0,High
2026-07-07,AST029,42007.0,Low
2026-07-07,AST030,83108.5,High
2026-07-08,AST001,42911.0,Low
2026-07-08,AST002,30336.0,Low
2026-07-08,AST003,46437.0,Normal
2026-07-08,AST008,33463.0,Low
2026-07-08,AST009,50072.0,Normal
2026-07-08,AST011,84715.0,High
2026-07-08,AST015,31988.0,Low
2026-07-08,AST022,38567.0,Low
2026-07-08,AST023,45937.0,Normal
2026-07-08,AST025,58722.0,Normal
2026-07-08,AST029,43821.0,Low
2026-07-08,AST030,82911.0,High
2026-07-09,AST001,38896.0,Low
2026-07-09,AST002,30053.0,Low
2026-07-09,AST005,44423.0,Low
2026-07-09,AST006,57877.0,Normal
2026-07-09,AST007,78577.0,High
2026-07-09,AST009,43361.0,Low
2026-07-09,AST010,29545.8,Low
2026-07-09,AST014,57824.0,Normal
2026-07-09,AST015,30620.0,Low
2026-07-09,AST016,42446.67,Low
2026-07-09,AST017,80727.5,High
2026-07-09,AST018,80920.5,High
2026-07-09,AST019,32120.0,Low
2026-07-09,AST020,52758.0,Normal
2026-07-09,AST022,35445.0,Low
2026-07-09,AST025,63572.0,Normal
2026-07-09,AST026,67203.0,Normal
2026-07-09,AST029,45632.33,Low
2026-07-10,AST001,44388.0,Low
2026-07-10,AST003,40416.0,Low
2026-07-10,AST006,61102.5,Normal
2026-07-10,AST008,35023.0,Low
2026-07-10,AST010,31216.0,Low
2026-07-10,AST012,54468.0,Normal
2026-07-10,AST013,65806.0,Normal
2026-07-10,AST019,31313.5,Low
2026-07-10,AST020,51562.0,Normal
2026-07-10,AST022,35774.0,Low
2026-07-10,AST024,50640.0,Normal
2026-07-10,AST025,63756.5,Normal
2026-07-10,AST026,63670.0,Normal
2026-07-10,AST027,77828.0,High
2026-07-10,AST028,87822.0,High
2026-07-10,AST029,41974.0,Low
2026-07-11,AST002,34294.0,Low
2026-07-11,AST007,82235.0,High
2026-07-11,AST008,32453.0,Low
2026-07-11,AST009,49747.5,Normal
2026-07-11,AST010,30788.0,Low
2026-07-11,AST011,87164.0,High
2026-07-11,AST012,56944.0,Normal
2026-07-11,AST013,55332.0,Normal
2026-07-11,AST014,62378.0,Normal
2026-07-11,AST017,70878.0,High
2026-07-11,AST018,75495.33,High
2026-07-11,AST019,30391.5,Low
2026-07-11,AST020,54423.0,Normal
2026-07-11,AST022,37431.0,Low
2026-07-11,AST025,56944.0,Normal
2026-07-11,AST026,62336.0,Normal
2026-07-11,AST027,81768.0,High
2026-07-11,AST028,76990.5,High
2026-07-11,AST030,84716.0,High
2026-07-12,AST002,33777.0,Low
2026-07-12,AST003,40736.0,Low
2026-07-12,AST005,50150.0,Normal
2026-07-12,AST006,54417.0,Normal
2026-07-12,AST009,43937.0,Low
2026-07-12,AST010,30949.0,Low
2026-07-12,AST011,92494.0,High
2026-07-12,AST012,51289.5,Normal
2026-07-12,AST014,65125.0,Normal
2026-07-12,AST015,27829.0,Low
2026-07-12,AST017,72127.0,High
2026-07-12,AST018,82227.0,High
2026-07-12,AST021,69604.0,Normal
2026-07-12,AST022,39199.0,Low
2026-07-12,AST023,49328.67,Normal
2026-07-12,AST027,80572.0,High
2026-07-12,AST028,79466.0,High
2026-07-12,AST029,42245.0,Low
2026-07-12,AST030,91358.0,High
2026-07-13,AST001,40348.0,Low
2026-07-13,AST004,77891.0,High
2026-07-13,AST007,84172.0,High
2026-07-13,AST009,47727.0,Normal
2026-07-13,AST015,30999.5,Low
2026-07-13,AST016,38224.0,Low
2026-07-13,AST020,55270.0,Normal
2026-07-13,AST022,37345.0,Low
2026-07-13,AST025,61904.5,Normal
2026-07-13,AST026,69205.0,Normal
2026-07-13,AST027,78769.0,High
2026-07-13,AST028,85136.0,High
2026-07-13,AST029,43942.0,Low
2026-07-13,AST030,85534.0,High
2026-07-14,AST003,47567.5,Normal
2026-07-14,AST004,73725.0,High
2026-07-14,AST005,51641.0,Normal
2026-07-14,AST007,71840.0,High
2026-07-14,AST008,33598.0,Low
2026-07-14,AST011,76684.0,High
2026-07-14,AST013,62858.0,Normal
2026-07-14,AST014,61275.0,Normal
2026-07-14,AST015,29936.0,Low
2026-07-14,AST017,81543.0,High
2026-07-14,AST019,32161.0,Low
2026-07-14,AST023,46568.0,Normal
2026-07-14,AST024,47086.0,Normal
2026-07-14,AST025,61814.0,Normal
2026-07-14,AST027,88466.0,High
2026-07-14,AST028,76756.0,High
2026-07-15,AST001,39566.0,Low
2026-07-15,AST002,35281.5,Low
2026-07-15,AST006,56475.0,Normal
2026-07-15,AST008,36092.0,Low
2026-07-15,AST009,48836.5,Normal
2026-07-15,AST014,60951.0,Normal
2026-07-15,AST018,78748.0,High
2026-07-15,AST021,77618.5,High
2026-07-15,AST023,45391.0,Normal
2026-07-15,AST024,47384.0,Normal
2026-07-15,AST025,60203.0,Normal
2026-07-15,AST028,90652.0,High
2026-07-16,AST001,38290.5,Low
2026-07-16,AST004,78087.5,High
2026-07-16,AST007,80051.0,High
2026-07-16,AST009,46308.0,Normal
2026-07-16,AST010,30260.0,Low
2026-07-16,AST012,56207.0,Normal
2026-07-16,AST014,57131.0,Normal
2026-07-16,AST017,73129.0,High
2026-07-16,AST018,83144.0,High
2026-07-16,AST021,72542.0,High
2026-07-16,AST022,35648.0,Low
2026-07-16,AST023,43343.0,Low
2026-07-16,AST024,48467.0,Normal
2026-07-16,AST026,67474.0,Normal
2026-07-16,AST028,86881.0,High
2026-07-17,AST001,36151.0,Low
2026-07-17,AST002,30850.0,Low
2026-07-17,AST003,40312.0,Low
2026-07-17,AST004,75054.25,High
2026-07-17,AST005,50319.0,Normal
2026-07-17,AST007,74501.0,High
2026-07-17,AST008,34141.5,Low
2026-07-17,AST010,29538.5,Low
2026-07-17,AST012,55133.0,Normal
2026-07-17,AST013,60344.0,Normal
2026-07-17,AST014,55613.0,Normal
2026-07-17,AST015,29165.0,Low
2026-07-17,AST016,36952.0,Low
2026-07-17,AST018,81282.0,High
2026-07-17,AST019,31781.0,Low
2026-07-17,AST020,51681.0,Normal
2026-07-17,AST022,34455.0,Low
2026-07-17,AST023,44850.0,Low
2026-07-17,AST025,61826.5,Normal
2026-07-17,AST027,82939.0,High
2026-07-17,AST028,80278.33,High
2026-07-17,AST030,80070.0,High
2026-07-18,AST001,38613.0,Low
2026-07-18,AST007,76451.0,High
2026-07-18,AST008,34724.0,Low
2026-07-18,AST013,58021.0,Normal
2026-07-18,AST015,29625.0,Low
2026-07-18,AST016,39760.0,Low
2026-07-18,AST017,85860.0,High
2026-07-18,AST019,32614.0,Low
2026-07-18,AST021,69634.0,Normal
2026-07-18,AST022,37533.0,Low
2026-07-18,AST023,48988.0,Normal
2026-07-18,AST024,51028.5,Normal
2026-07-18,AST026,71302.0,High
2026-07-18,AST028,87314.0,High
2026-07-18,AST029,44328.0,Low
2026-07-19,AST002,31319.0,Low
2026-07-19,AST003,41609.0,Low
2026-07-19,AST006,61973.0,Normal
2026-07-19,AST007,67228.0,Normal
2026-07-19,AST011,89900.0,High
2026-07-19,AST013,57006.0,Normal
2026-07-19,AST016,43650.0,Low
2026-07-19,AST019,31879.5,Low
2026-07-19,AST021,67468.0,Normal
2026-07-19,AST023,46516.5,Low
2026-07-19,AST027,82623.0,High
2026-07-19,AST029,41938.0,Low
2026-07-19,AST030,80135.0,High
2026-07-20,AST001,43864.0,Low
2026-07-20,AST003,43288.0,Low
2026-07-20,AST004,74991.0,High
2026-07-20,AST009,46446.33,Normal
2026-07-20,AST010,32169.5,Low
2026-07-20,AST011,98301.0,High
2026-07-20,AST012,51928.0,Normal
2026-07-20,AST013,64438.0,Normal
2026-07-20,AST014,62286.0,Normal
2026-07-20,AST015,29093.0,Low
2026-07-20,AST019,31754.0,Low
2026-07-20,AST023,48796.0,Normal
2026-07-20,AST024,48826.0,Normal
2026-07-20,AST026,65411.0,Normal
2026-07-20,AST027,85225.0,High
2026-07-20,AST029,44568.0,Low
2026-07-20,AST030,74132.0,High
2026-07-21,AST003,44711.0,Low
2026-07-21,AST005,51240.0,Normal
2026-07-21,AST008,32860.0,Low
2026-07-21,AST009,46158.0,Normal
2026-07-21,AST012,52763.0,Normal
2026-07-21,AST018,80309.5,High
2026-07-21,AST021,71032.0,High
2026-07-21,AST022,36022.0,Low
2026-07-21,AST026,63988.0,Normal
2026-07-21,AST028,89330.0,High
2026-07-22,AST004,73134.0,High
2026-07-22,AST005,50866.33,Normal
2026-07-22,AST006,53427.0,Normal
2026-07-22,AST008,35184.67,Low
2026-07-22,AST010,32807.0,Low
2026-07-22,AST011,80502.0,High
2026-07-22,AST012,50183.0,Normal
2026-07-22,AST013,67017.0,Normal
2026-07-22,AST015,30313.0,Low
2026-07-22,AST016,42116.5,Low
2026-07-22,AST017,84686.0,High
2026-07-22,AST018,77279.5,High
2026-07-22,AST019,33897.0,Low
2026-07-22,AST022,37880.0,Low
2026-07-22,AST023,45018.0,Normal
2026-07-22,AST026,68665.5,High
2026-07-22,AST030,89579.0,High
2026-07-23,AST001,40278.0,Low
2026-07-23,AST002,31221.0,Low
2026-07-23,AST004,77464.0,High
2026-07-23,AST005,50107.0,Normal
2026-07-23,AST007,78178.0,High
2026-07-23,AST008,35065.5,Low
2026-07-23,AST010,28635.5,Low
2026-07-23,AST012,51303.0,Normal
2026-07-23,AST013,67708.0,High
2026-07-23,AST017,67822.0,Normal
2026-07-23,AST018,79441.0,High
2026-07-23,AST019,30833.0,Low
2026-07-23,AST020,55107.33,Normal
2026-07-23,AST022,37714.33,Low
2026-07-23,AST024,49977.67,Normal
2026-07-23,AST025,61707.0,Normal
2026-07-23,AST026,58716.0,Normal
2026-07-23,AST027,77483.0,High
2026-07-23,AST028,79404.0,High
2026-07-23,AST029,46370.0,Normal
2026-07-23,AST030,83491.0,High
2026-07-24,AST002,31142.0,Low
2026-07-24,AST007,72581.0,High
2026-07-24,AST011,79799.67,High
2026-07-24,AST012,57196.0,Normal
2026-07-24,AST015,28582.0,Low
2026-07-24,AST016,40310.33,Low
2026-07-24,AST017,74153.0,High
2026-07-24,AST018,79424.0,High
2026-07-24,AST020,55875.5,Normal
2026-07-24,AST021,75764.0,High
2026-07-24,AST022,37526.0,Low
2026-07-24,AST025,59455.0,Normal
2026-07-24,AST026,66420.5,Normal
2026-07-24,AST028,84204.0,High
2026-07-25,AST001,38163.0,Low
2026-07-25,AST002,32202.0,Low
2026-07-25,AST003,42355.0,Low
2026-07-25,AST004,72832.0,High
2026-07-25,AST009,48074.67,Normal
2026-07-25,AST011,86425.5,High
2026-07-25,AST012,55607.0,Normal
2026-07-25,AST014,57853.5,Normal
2026-07-25,AST015,29347.0,Low
2026-07-25,AST017,74732.0,High
2026-07-25,AST020,57959.0,Normal
2026-07-25,AST021,68109.0,Normal
2026-07-25,AST023,46758.0,Normal
2026-07-25,AST027,83068.0,High
2026-07-25,AST030,85027.0,High
2026-07-26,AST001,37317.0,Low
2026-07-26,AST005,51618.0,Normal
2026-07-26,AST008,33757.0,Low
2026-07-26,AST010,26863.0,Low
2026-07-26,AST011,90259.0,High
2026-07-26,AST016,40203.0,Low
2026-07-26,AST017,77274.0,High
2026-07-26,AST020,58255.5,Normal
2026-07-26,AST021,71925.0,High
2026-07-26,AST023,46972.5,Normal
2026-07-26,AST025,61585.0,Normal
2026-07-26,AST027,74745.0,High
2026-07-26,AST028,75643.0,High
2026-07-26,AST030,80644.0,High
2026-07-27,AST002,31953.0,Low
2026-07-27,AST005,47878.0,Normal
2026-07-27,AST006,57560.0,Normal
2026-07-27,AST008,34607.0,Low
2026-07-27,AST011,86366.67,High
2026-07-27,AST014,62457.5,Normal
2026-07-27,AST015,29725.0,Low
2026-07-27,AST016,38865.33,Low
2026-07-27,AST018,83490.0,High
2026-07-27,AST019,31142.0,Low
2026-07-27,AST020,54950.0,Normal
2026-07-27,AST021,69537.5,High
2026-07-27,AST024,49132.5,Normal
2026-07-27,AST025,56903.0,Normal
2026-07-27,AST026,75734.0,High
2026-07-27,AST027,86718.0,High
2026-07-27,AST030,81674.0,High
2026-07-28,AST001,39513.0,Low
2026-07-28,AST002,32651.0,Low
2026-07-28,AST003,40935.0,Low
2026-07-28,AST004,74674.75,High
2026-07-28,AST005,51506.0,Normal
2026-07-28,AST006,57957.0,Normal
2026-07-28,AST007,66255.0,Normal
2026-07-28,AST008,32713.0,Low
2026-07-28,AST009,44686.5,Low
2026-07-28,AST010,30809.0,Low
2026-07-28,AST012,56047.0,Normal
2026-07-28,AST015,29590.0,Low
2026-07-28,AST016,41627.0,Low
2026-07-28,AST019,34229.5,Low
2026-07-28,AST021,71573.5,High
2026-07-28,AST024,49933.0,Normal
2026-07-28,AST025,63675.0,Normal
2026-07-28,AST026,74356.0,High
2026-07-28,AST027,93151.0,High
2026-07-28,AST029,46787.0,Normal
2026-07-29,AST001,39340.0,Low
2026-07-29,AST005,49139.0,Normal
2026-07-29,AST006,53671.0,Normal
2026-07-29,AST007,75498.0,High
2026-07-29,AST008,35982.5,Low
2026-07-29,AST012,60889.0,Normal
2026-07-29,AST014,60546.5,Normal
2026-07-29,AST016,43535.0,Low
2026-07-29,AST017,73317.0,High
2026-07-29,AST019,30907.0,Low
2026-07-29,AST020,59932.0,Normal
2026-07-29,AST021,69876.0,Normal
2026-07-29,AST022,38468.0,Low
2026-07-29,AST025,61442.0,Normal
2026-07-29,AST026,68112.0,Normal
2026-07-29,AST029,45243.0,Normal
2026-07-30,AST004,72348.0,High
2026-07-30,AST005,52584.0,Normal
2026-07-30,AST006,58030.0,Normal
2026-07-30,AST009,43969.5,Low
2026-07-30,AST012,56913.0,Normal
2026-07-30,AST013,64005.0,Normal
2026-07-30,AST015,28047.0,Low
2026-07-30,AST017,72299.0,High
2026-07-30,AST018,81297.5,High
2026-07-30,AST020,56562.0,Normal
2026-07-30,AST021,71354.0,High
2026-07-30,AST022,34583.0,Low
2026-07-30,AST025,62714.0,Normal
2026-07-30,AST027,80062.0,High
2026-07-30,AST029,42140.5,Low
2026-07-31,AST001,38749.0,Low
2026-07-31,AST002,32881.0,Low
2026-07-31,AST003,41029.0,Low
2026-07-31,AST004,76200.0,High
2026-07-31,AST006,54918.0,Normal
2026-07-31,AST007,77999.0,High
2026-07-31,AST008,32209.0,Low
2026-07-31,AST011,81855.0,High
2026-07-31,AST012,54109.0,Normal
2026-07-31,AST014,63023.0,Normal
2026-07-31,AST015,29466.0,Low
2026-07-31,AST018,79892.0,High
2026-07-31,AST020,59752.0,Normal
2026-07-31,AST022,40109.0,Low
2026-07-31,AST024,47882.33,Normal
2026-07-31,AST026,68341.0,Normal
2026-07-31,AST027,81545.0,High
2026-07-31,AST028,87563.5,High
2026-07-31,AST030,81272.0,High
2026-08-01,AST001,39065.0,Low
2026-08-01,AST002,34656.5,Low
2026-08-01,AST003,45187.0,Normal
2026-08-01,AST004,76138.0,High
2026-08-01,AST008,31808.5,Low
2026-08-01,AST010,29681.0,Low
2026-08-01,AST013,65590.0,Normal
2026-08-01,AST015,28151.0,Low
2026-08-01,AST020,58984.0,Normal
2026-08-01,AST021,69379.0,Normal
2026-08-01,AST022,35171.0,Low
2026-08-01,AST027,78624.5,High
2026-08-01,AST028,71649.0,High
2026-08-02,AST004,69481.0,Normal
2026-08-02,AST007,73612.0,High
2026-08-02,AST009,44970.0,Low
2026-08-02,AST010,30790.75,Low
2026-08-02,AST011,85843.0,High
2026-08-02,AST013,61646.0,Normal
2026-08-02,AST014,60748.33,Normal
2026-08-02,AST015,28601.0,Low
2026-08-02,AST016,39219.5,Low
2026-08-02,AST020,58007.0,Normal
2026-08-02,AST023,47924.0,Normal
2026-08-02,AST024,50234.5,Normal
2026-08-02,AST026,68480.0,Normal
2026-08-03,AST001,39418.0,Low
2026-08-03,AST005,52868.0,Normal
2026-08-03,AST006,54838.5,Normal
2026-08-03,AST008,32990.5,Low
2026-08-03,AST009,41909.5,Low
2026-08-03,AST010,29279.0,Low
2026-08-03,AST011,80747.0,High
2026-08-03,AST013,63182.5,Normal
2026-08-03,AST015,28367.0,Low
2026-08-03,AST017,78822.0,High
2026-08-03,AST018,84949.0,High
2026-08-03,AST020,55092.0,Normal
2026-08-03,AST021,72727.0,High
2026-08-03,AST024,45335.0,Normal
2026-08-03,AST029,37437.0,Low
2026-08-03,AST030,81951.0,High
2026-08-04,AST001,37649.0,Low
2026-08-04,AST002,33223.0,Low
2026-08-04,AST004,76607.0,High
2026-08-04,AST005,47137.0,Normal
2026-08-04,AST006,56064.0,Normal
2026-08-04,AST012,52477.0,Normal
2026-08-04,AST013,59992.5,Normal
2026-08-04,AST014,59043.0,Normal
2026-08-04,AST016,40444.0,Low
2026-08-04,AST019,30347.75,Low
2026-08-04,AST025,51961.0,Normal
2026-08-04,AST028,81551.0,High
2026-08-04,AST030,82382.0,High
2026-08-05,AST001,43824.0,Low
2026-08-05,AST002,33699.0,Low
2026-08-05,AST003,45000.0,Normal
2026-08-05,AST004,74988.0,High
2026-08-05,AST009,43168.0,Low
2026-08-05,AST010,33006.0,Low
2026-08-05,AST011,80672.0,High
2026-08-05,AST012,58384.0,Normal
2026-08-05,AST013,60319.0,Normal
2026-08-05,AST014,58105.0,Normal
2026-08-05,AST016,39497.0,Low
2026-08-05,AST017,74807.0,High
2026-08-05,AST020,57674.5,Normal
2026-08-05,AST021,67489.5,Normal
2026-08-05,AST022,33980.0,Low
2026-08-05,AST025,56927.0,Normal
2026-08-05,AST029,45225.5,Low
2026-08-05,AST030,81190.0,High
2026-08-06,AST006,54485.0,Normal
2026-08-06,AST008,35983.5,Low
2026-08-06,AST010,27668.0,Low
2026-08-06,AST011,77880.0,High
2026-08-06,AST012,53776.5,Normal
2026-08-06,AST013,63528.0,Normal
2026-08-06,AST014,61705.0,Normal
2026-08-06,AST015,27916.0,Low
2026-08-06,AST016,41972.33,Low
2026-08-06,AST017,74503.0,High
2026-08-06,AST019,26243.0,Low
2026-08-06,AST022,35486.0,Low
2026-08-06,AST026,72369.0,High
2026-08-06,AST028,83636.0,High
2026-08-06,AST029,46120.0,Normal
2026-08-07,AST001,40274.0,Low
2026-08-07,AST002,31255.0,Low
2026-08-07,AST003,45160.5,Low
2026-08-07,AST005,50555.0,Normal
2026-08-07,AST007,74602.0,High
2026-08-07,AST017,73550.0,High
2026-08-07,AST023,40264.0,Low
2026-08-07,AST024,47011.0,Low
2026-08-07,AST025,60483.67,Normal
2026-08-07,AST026,66097.0,Normal
2026-08-07,AST028,80777.0,High
2026-08-07,AST030,75482.0,High
2026-08-08,AST002,33250.0,Low
2026-08-08,AST004,80412.0,High
2026-08-08,AST005,52307.5,Normal
2026-08-08,AST007,79238.67,High
2026-08-08,AST008,35962.0,Low
2026-08-08,AST011,85864.0,High
2026-08-08,AST018,81432.0,High
2026-08-08,AST019,28868.0,Low
2026-08-08,AST020,54048.0,Normal
2026-08-08,AST022,37842.5,Low
2026-08-08,AST025,63068.0,Normal
2026-08-08,AST027,79073.0,High
2026-08-08,AST028,86485.0,High
2026-08-08,AST029,42573.0,Low
2026-08-09,AST001,38218.0,Low
2026-08-09,AST002,30980.5,Low
2026-08-09,AST005,45107.0,Normal
2026-08-09,AST007,76146.0,High
2026-08-09,AST009,46693.5,Normal
2026-08-09,AST012,51204.0,Normal
2026-08-09,AST013,61901.0,Normal
2026-08-09,AST016,42879.0,Low
2026-08-09,AST017,73034.33,High
2026-08-09,AST018,77118.5,High
2026-08-09,AST021,67026.5,High
2026-08-09,AST022,36622.0,Low
2026-08-09,AST023,47404.0,Normal
2026-08-09,AST024,47670.0,Normal
2026-08-09,AST025,55581.0,Normal
2026-08-09,AST026,62170.0,Normal
2026-08-09,AST027,85819.0,High
2026-08-09,AST028,75834.33,High
2026-08-09,AST029,42574.0,Low
2026-08-10,AST001,38594.0,Low
2026-08-10,AST002,28790.0,Low
2026-08-10,AST003,43218.5,Low
2026-08-10,AST005,44777.5,Low
2026-08-10,AST007,74889.0,High
2026-08-10,AST008,35941.0,Low
2026-08-10,AST009,43508.0,Low
2026-08-10,AST010,28753.0,Low
2026-08-10,AST011,86689.0,High
2026-08-10,AST012,59215.0,Normal
2026-08-10,AST013,68852.0,Normal
2026-08-10,AST014,60014.0,Normal
2026-08-10,AST016,42975.0,Low
2026-08-10,AST019,30915.0,Low
2026-08-10,AST025,59028.0,Normal
2026-08-10,AST026,65912.5,Normal
2026-08-10,AST028,74649.0,High
2026-08-10,AST029,40875.0,Low
2026-08-10,AST030,78061.0,High
2026-08-11,AST001,41871.0,Low
2026-08-11,AST002,33070.5,Low
2026-08-11,AST003,41561.5,Low
2026-08-11,AST004,69627.0,Normal
2026-08-11,AST005,52164.0,Normal
2026-08-11,AST010,30932.5,Low
2026-08-11,AST011,81530.5,High
2026-08-11,AST012,48758.0,Normal
2026-08-11,AST013,63395.0,Normal
2026-08-11,AST017,81578.0,High
2026-08-11,AST020,52074.0,Normal
2026-08-11,AST022,36355.75,Low
2026-08-11,AST023,43289.0,Low
2026-08-11,AST025,56016.0,Normal
2026-08-11,AST026,68217.0,Normal
2026-08-11,AST027,81591.0,High
2026-08-11,AST030,82784.0,High
2026-08-12,AST001,40812.0,Low
2026-08-12,AST002,31394.75,Low
2026-08-12,AST005,48330.5,Normal
2026-08-12,AST006,60752.67,Normal
2026-08-12,AST009,43763.0,Low
2026-08-12,AST010,31037.0,Low
2026-08-12,AST012,58287.0,Normal
2026-08-12,AST016,40992.0,Low
2026-08-12,AST017,76860.5,High
2026-08-12,AST020,59988.0,Normal
2026-08-12,AST021,61250.0,Normal
2026-08-12,AST028,80126.0,High
2026-08-13,AST001,35646.0,Low
2026-08-13,AST004,76144.0,High
2026-08-13,AST006,55654.0,Normal
2026-08-13,AST007,69565.0,Normal
2026-08-13,AST010,29706.5,Low
2026-08-13,AST011,82026.0,High
2026-08-13,AST012,52079.0,Normal
2026-08-13,AST013,63039.0,Normal
2026-08-13,AST016,41031.0,Low
2026-08-13,AST017,72452.0,High
2026-08-13,AST018,78512.0,High
2026-08-13,AST019,31780.0,Low
2026-08-13,AST020,52604.0,Normal
2026-08-13,AST022,35132.67,Low
2026-08-13,AST023,45579.0,Normal
2026-08-13,AST024,49097.0,Normal
2026-08-13,AST025,56893.0,Normal
2026-08-13,AST028,79257.0,High
2026-08-13,AST029,37364.0,Low
2026-08-14,AST002,33768.0,Low
2026-08-14,AST003,41161.0,Low
2026-08-14,AST004,79667.0,High
2026-08-14,AST005,49241.0,Normal
2026-08-14,AST007,78720.0,High
2026-08-14,AST008,33880.0,Low
2026-08-14,AST010,29098.0,Low
2026-08-14,AST014,60715.0,Normal
2026-08-14,AST016,46002.0,Normal
2026-08-14,AST017,77070.0,High
2026-08-14,AST020,55580.67,Normal
2026-08-14,AST022,37583.0,Low
2026-08-14,AST023,41542.0,Low
2026-08-14,AST026,67005.0,Normal
2026-08-14,AST029,45247.0,Low
2026-08-14,AST030,81572.0,High
2026-08-15,AST001,39256.0,Low
2026-08-15,AST004,73634.0,High
2026-08-15,AST007,74961.0,High
2026-08-15,AST008,34152.0,Low
2026-08-15,AST009,48619.0,Normal
2026-08-15,AST010,31354.0,Low
2026-08-15,AST011,79017.5,High
2026-08-15,AST014,61680.0,Normal
2026-08-15,AST015,28671.0,Low
2026-08-15,AST016,41402.0,Low
2026-08-15,AST018,85367.0,High
2026-08-15,AST019,31269.0,Low
2026-08-15,AST020,55439.5,Normal
2026-08-15,AST022,37340.0,Low
2026-08-15,AST025,64065.0,Normal
2026-08-15,AST026,70146.0,High
2026-08-15,AST030,83503.0,High
2026-08-16,AST001,40748.0,Low
2026-08-16,AST007,71354.0,High
2026-08-16,AST008,34012.0,Low
2026-08-16,AST012,51735.0,Normal
2026-08-16,AST013,62354.0,Normal
2026-08-16,AST019,32512.0,Low
2026-08-16,AST020,49914.0,Normal
2026-08-16,AST022,36820.0,Low
2026-08-16,AST025,57762.33,Normal
2026-08-16,AST026,67795.0,Normal
2026-08-16,AST027,84280.5,High
2026-08-16,AST028,79910.0,High
2026-08-16,AST029,47488.0,Normal
2026-08-17,AST003,39787.0,Low
2026-08-17,AST004,73594.33,High
2026-08-17,AST005,51412.0,Normal
2026-08-17,AST007,79896.0,High
2026-08-17,AST008,34053.0,Low
2026-08-17,AST009,47743.0,Normal
2026-08-17,AST011,80608.0,High
2026-08-17,AST012,55431.0,Normal
2026-08-17,AST014,63025.0,Normal
2026-08-17,AST015,26213.0,Low
2026-08-17,AST016,40408.0,Low
2026-08-17,AST017,69048.0,Normal
2026-08-17,AST018,77250.0,High
2026-08-17,AST020,53544.0,Normal
2026-08-17,AST021,64149.0,Normal
2026-08-17,AST022,38803.0,Low
2026-08-17,AST023,50507.0,Normal
2026-08-17,AST028,82986.5,High
2026-08-17,AST030,83033.0,High
2026-08-18,AST001,36465.0,Low
2026-08-18,AST002,31882.0,Low
2026-08-18,AST003,40792.0,Low
2026-08-18,AST006,57972.0,Normal
2026-08-18,AST007,74997.0,High
2026-08-18,AST008,33086.0,Low
2026-08-18,AST011,86053.0,High
2026-08-18,AST013,65180.0,Normal
2026-08-18,AST014,59397.0,Normal
2026-08-18,AST016,43559.0,Low
2026-08-18,AST018,78720.0,High
2026-08-18,AST019,31742.0,Low
2026-08-18,AST021,68648.0,Normal
2026-08-18,AST022,35745.0,Low
2026-08-18,AST025,58935.0,Normal
2026-08-18,AST027,82560.0,High
2026-08-18,AST028,77713.0,High
2026-08-18,AST029,42858.0,Low
2026-08-18,AST030,90309.0,High
2026-08-19,AST001,39612.0,Low
2026-08-19,AST002,31998.0,Low
2026-08-19,AST004,78539.0,High
2026-08-19,AST005,49368.0,Normal
2026-08-19,AST006,58006.0,Normal
2026-08-19,AST007,81569.0,High
2026-08-19,AST008,33207.0,Low
2026-08-19,AST009,49336.0,Normal
2026-08-19,AST011,91841.0,High
2026-08-19,AST014,59792.0,Normal
2026-08-19,AST016,39731.0,Low
2026-08-19,AST017,78390.0,High
2026-08-19,AST025,57672.0,Normal
2026-08-19,AST027,79410.0,High
2026-08-19,AST028,81662.0,High
2026-08-19,AST030,85976.67,High
2026-08-20,AST003,42546.0,Low
2026-08-20,AST006,49757.0,Normal
2026-08-20,AST008,34272.0,Low
2026-08-20,AST009,46548.0,Normal
2026-08-20,AST011,89140.0,High
2026-08-20,AST013,64021.0,Normal
2026-08-20,AST016,37748.0,Low
2026-08-20,AST018,74473.0,High
2026-08-20,AST019,30764.0,Low
2026-08-20,AST020,53968.0,Normal
2026-08-20,AST022,35861.0,Low
2026-08-20,AST024,48736.0,Normal
2026-08-20,AST029,41638.0,Low
2026-08-21,AST001,36599.0,Low
2026-08-21,AST004,70525.0,High
2026-08-21,AST006,59102.0,Normal
2026-08-21,AST008,34461.0,Low
2026-08-21,AST010,29803.0,Low
2026-08-21,AST016,41930.0,Low
2026-08-21,AST018,74016.5,High
2026-08-21,AST020,55494.67,Normal
2026-08-21,AST023,47664.0,Normal
2026-08-21,AST025,61118.5,Normal
2026-08-21,AST026,66895.0,Normal
2026-08-21,AST028,75977.0,High
2026-08-21,AST029,44608.0,Low
2026-08-22,AST001,37735.0,Low
2026-08-22,AST003,45105.0,Normal
2026-08-22,AST005,57297.0,Normal
2026-08-22,AST013,66859.0,Normal
2026-08-22,AST017,73938.0,High
2026-08-22,AST022,37693.0,Low
2026-08-22,AST024,50855.0,Normal
2026-08-22,AST025,60916.0,Normal
2026-08-22,AST026,66649.5,Normal
2026-08-22,AST029,43129.0,Low
2026-08-23,AST006,57020.5,Normal
2026-08-23,AST009,42127.0,Low
2026-08-23,AST010,29679.0,Low
2026-08-23,AST011,84986.0,High
2026-08-23,AST012,54498.33,Normal
2026-08-23,AST013,64234.5,Normal
2026-08-23,AST014,55896.0,Normal
2026-08-23,AST015,28068.0,Low
2026-08-23,AST019,32892.5,Low
2026-08-23,AST020,55339.0,Normal
2026-08-23,AST022,36395.0,Low
2026-08-23,AST023,45921.0,Normal
2026-08-23,AST024,50417.0,Normal
2026-08-24,AST004,74360.0,High
2026-08-24,AST005,48797.0,Normal
2026-08-24,AST007,71287.0,High
2026-08-24,AST010,31091.0,Low
2026-08-24,AST012,54508.0,Normal
2026-08-24,AST014,57647.0,Normal
2026-08-24,AST015,29191.67,Low
2026-08-24,AST017,73368.5,High
2026-08-24,AST020,58091.0,Normal
2026-08-24,AST021,70481.0,High
2026-08-24,AST022,36173.0,Low
2026-08-24,AST025,58975.0,Normal
2026-08-24,AST027,75839.0,High
2026-08-24,AST030,89622.0,High
2026-08-25,AST001,38975.0,Low
2026-08-25,AST003,43340.33,Low
2026-08-25,AST005,44306.0,Low
2026-08-25,AST012,58336.0,Normal
2026-08-25,AST013,63174.0,Normal
2026-08-25,AST016,41583.0,Low
2026-08-25,AST018,79100.0,High
2026-08-25,AST019,31546.0,Low
2026-08-25,AST020,55274.0,Normal
2026-08-25,AST025,57856.5,Normal
2026-08-25,AST026,65643.0,Normal
2026-08-25,AST027,84518.0,High
2026-08-25,AST029,42682.0,Low
2026-08-25,AST030,85255.5,High
2026-08-26,AST001,39883.0,Low
2026-08-26,AST004,75168.0,High
2026-08-26,AST006,63161.0,Normal
2026-08-26,AST007,77268.0,High
2026-08-26,AST008,36816.0,Low
2026-08-26,AST009,46657.5,Low
2026-08-26,AST015,26913.0,Low
2026-08-26,AST017,74802.0,High
2026-08-26,AST021,76008.0,High
2026-08-26,AST027,78079.0,High
2026-08-26,AST028,81897.0,High
2026-08-26,AST030,88961.0,High
2026-08-27,AST001,39987.33,Low
2026-08-27,AST005,49710.0,Normal
2026-08-27,AST006,59463.0,Normal
2026-08-27,AST009,48577.0,Normal
2026-08-27,AST010,30635.0,Low
2026-08-27,AST011,81758.5,High
2026-08-27,AST012,53275.5,Normal
2026-08-27,AST013,61786.5,Normal
2026-08-27,AST015,28246.0,Low
2026-08-27,AST017,76220.5,High
2026-08-27,AST019,31594.0,Low
2026-08-27,AST021,71396.0,High
2026-08-27,AST027,81522.17,High
2026-08-27,AST028,81202.5,High
2026-08-27,AST029,39275.0,Low
2026-08-27,AST030,83225.0,High
2026-08-28,AST004,75889.5,High
2026-08-28,AST007,72952.0,High
2026-08-28,AST008,32942.5,Low
2026-08-28,AST009,49295.0,Normal
2026-08-28,AST012,49768.0,Normal
2026-08-28,AST013,59516.0,Normal
2026-08-28,AST016,44804.0,Low
2026-08-28,AST019,30576.0,Low
2026-08-28,AST020,52574.0,Normal
2026-08-28,AST024,49321.5,Normal
2026-08-28,AST025,59978.0,Normal
2026-08-28,AST026,68725.0,Normal
2026-08-28,AST027,81645.0,High
2026-08-29,AST002,30967.0,Low
2026-08-29,AST003,42627.0,Low
2026-08-29,AST005,50098.0,Normal
2026-08-29,AST007,72037.0,High
2026-08-29,AST011,81691.0,High
2026-08-29,AST012,52959.5,Normal
2026-08-29,AST014,56433.0,Normal
2026-08-29,AST015,29763.0,Low
2026-08-29,AST018,87076.0,High
2026-08-29,AST019,30656.0,Low
2026-08-29,AST020,53786.0,Normal
2026-08-29,AST023,47689.5,Normal
2026-08-29,AST025,56851.0,Normal
2026-08-29,AST028,79050.75,High
2026-08-30,AST002,34351.0,Low
2026-08-30,AST004,74621.0,High
2026-08-30,AST006,53933.0,Normal
2026-08-30,AST009,45733.5,Low
2026-08-30,AST010,27607.0,Low
2026-08-30,AST011,90665.0,High
2026-08-30,AST012,52955.0,Normal
2026-08-30,AST014,65847.5,High
2026-08-30,AST015,27152.0,Low
2026-08-30,AST019,30913.0,Low
2026-08-30,AST021,72675.0,High
2026-08-30,AST022,38924.0,Low
2026-08-30,AST023,43881.0,Low
2026-08-30,AST024,47987.0,Normal
2026-08-30,AST025,59122.0,Normal
2026-08-30,AST027,85457.0,High
2026-08-30,AST028,79190.0,High
2026-08-30,AST029,39211.0,Low
2026-08-31,AST001,40117.5,Low
2026-08-31,AST003,40761.33,Low
2026-08-31,AST007,74842.0,High
2026-08-31,AST010,27785.0,Low
2026-08-31,AST012,54372.0,Normal
2026-08-31,AST013,64184.67,Normal
2026-08-31,AST015,27644.0,Low
2026-08-31,AST020,53268.5,Normal
2026-08-31,AST021,67193.0,Normal
2026-08-31,AST023,45903.0,Normal
2026-08-31,AST024,54807.0,Normal
2026-08-31,AST026,61551.0,Normal
2026-08-31,AST027,82084.0,High
2026-08-31,AST028,85926.0,High
2026-08-31,AST030,80528.0,High
2026-09-01,AST002,30422.0,Low
2026-09-01,AST003,41383.67,Low
2026-09-01,AST005,50833.0,Normal
2026-09-01,AST006,52596.0,Normal
2026-09-01,AST007,78556.0,High
2026-09-01,AST008,34194.0,Low
2026-09-01,AST009,44176.0,Low
2026-09-01,AST010,30587.0,Low
2026-09-01,AST011,78275.0,High
2026-09-01,AST012,55609.0,Normal
2026-09-01,AST015,28237.0,Low
2026-09-01,AST017,73463.0,High
2026-09-01,AST019,30212.0,Low
2026-09-01,AST020,53607.0,Normal
2026-09-01,AST021,77145.0,High
2026-09-01,AST024,52109.5,Normal
2026-09-01,AST026,64174.0,Normal
2026-09-01,AST027,76932.0,High
2026-09-01,AST029,41207.0,Low
2026-09-01,AST030,86277.0,High
2026-09-02,AST001,41130.0,Low
2026-09-02,AST002,32031.0,Low
2026-09-02,AST005,49905.0,Normal
2026-09-02,AST006,53698.33,Normal
2026-09-02,AST007,72554.5,High
2026-09-02,AST008,36026.0,Low
2026-09-02,AST009,48075.0,Normal
2026-09-02,AST010,26832.0,Low
2026-09-02,AST011,80366.0,High
2026-09-02,AST012,53208.0,Normal
2026-09-02,AST013,65061.0,Normal
2026-09-02,AST014,59587.0,Normal
2026-09-02,AST016,41897.5,Low
2026-09-02,AST017,70920.0,High
2026-09-02,AST019,30869.0,Low
2026-09-02,AST022,35820.0,Low
2026-09-02,AST023,45354.0,Normal
2026-09-02,AST026,69518.0,Normal
2026-09-02,AST027,91953.0,High
2026-09-02,AST028,80091.33,High
2026-09-02,AST030,84954.0,High
2026-09-03,AST001,37139.0,Low
2026-09-03,AST003,42714.0,Low
2026-09-03,AST004,69973.0,Normal
2026-09-03,AST005,50374.0,Normal
2026-09-03,AST006,59630.0,Normal
2026-09-03,AST008,32292.5,Low
2026-09-03,AST011,85023.0,High
2026-09-03,AST012,57927.0,Normal
2026-09-03,AST015,28435.67,Low
2026-09-03,AST016,39002.5,Low
2026-09-03,AST019,30958.0,Low
2026-09-03,AST021,65694.0,Normal
2026-09-03,AST022,36492.67,Low
2026-09-03,AST023,48517.0,Normal
2026-09-03,AST026,64634.0,Normal
2026-09-03,AST027,74800.0,High
2026-09-03,AST029,43709.0,Low
2026-09-03,AST030,80803.0,High
2026-09-04,AST002,33060.0,Low
2026-09-04,AST004,70659.0,High
2026-09-04,AST005,46659.0,Normal
2026-09-04,AST016,43933.0,Low
2026-09-04,AST019,31820.0,Low
2026-09-04,AST024,51003.0,Normal
2026-09-04,AST025,57635.0,Normal
2026-09-04,AST029,43606.0,Low
2026-09-04,AST030,88719.0,High
2026-09-05,AST002,32585.0,Low
2026-09-05,AST005,48929.0,Normal
2026-09-05,AST006,54439.0,Normal
2026-09-05,AST007,77146.0,High
2026-09-05,AST008,30213.0,Low
2026-09-05,AST010,26530.0,Low
2026-09-05,AST011,79618.0,High
2026-09-05,AST012,52284.0,Normal
2026-09-05,AST013,58445.0,Normal
2026-09-05,AST015,27409.0,Low
2026-09-05,AST016,37786.0,Low
2026-09-05,AST017,74081.5,High
2026-09-05,AST018,85372.0,High
2026-09-05,AST023,44960.5,Low
2026-09-05,AST026,68761.0,Normal
2026-09-05,AST030,77499.0,High
2026-09-06,AST002,31707.0,Low
2026-09-06,AST004,76006.0,High
2026-09-06,AST005,48490.0,Normal
2026-09-06,AST007,71995.0,High
2026-09-06,AST008,32841.0,Low
2026-09-06,AST011,88524.0,High
2026-09-06,AST012,52674.5,Normal
2026-09-06,AST014,55957.0,Normal
2026-09-06,AST018,77829.5,High
2026-09-06,AST019,31365.0,Low
2026-09-06,AST020,47215.0,Normal
2026-09-06,AST022,40729.0,Low
2026-09-06,AST023,40620.0,Low
2026-09-06,AST024,45856.0,Normal
2026-09-06,AST025,58064.0,Normal
2026-09-06,AST026,63599.0,Normal
2026-09-06,AST027,78994.0,High
2026-09-06,AST030,81427.0,High
2026-09-07,AST003,44485.0,Low
2026-09-07,AST004,65331.0,Normal
2026-09-07,AST005,52720.0,Normal
2026-09-07,AST007,68156.0,Normal
2026-09-07,AST012,52476.0,Normal
2026-09-07,AST017,71238.0,High
2026-09-07,AST019,29495.0,Low
2026-09-07,AST021,72307.0,High
2026-09-07,AST024,52373.0,Normal
2026-09-07,AST025,57912.0,Normal
2026-09-07,AST026,63970.0,Normal
2026-09-07,AST027,77352.0,High
2026-09-07,AST029,44650.0,Low
2026-09-08,AST006,55825.5,Normal
2026-09-08,AST009,45221.33,Normal
2026-09-08,AST012,48209.0,Normal
2026-09-08,AST013,66084.0,Normal
2026-09-08,AST018,76104.0,High
2026-09-08,AST020,54751.0,Normal
2026-09-08,AST021,65929.0,Normal
2026-09-08,AST022,39209.0,Low
2026-09-08,AST023,48758.0,Normal
2026-09-08,AST024,46083.5,Normal
2026-09-08,AST025,53070.0,Normal
2026-09-08,AST028,76611.0,High
2026-09-08,AST030,86941.0,High
2026-09-09,AST001,39757.5,Low
2026-09-09,AST002,31633.0,Low
2026-09-09,AST004,75718.0,High
2026-09-09,AST005,47750.0,Normal
2026-09-09,AST008,33405.25,Low
2026-09-09,AST009,44075.0,Low
2026-09-09,AST012,58301.0,Normal
2026-09-09,AST014,60065.5,Normal
2026-09-09,AST015,28609.0,Low
2026-09-09,AST016,41446.0,Low
2026-09-09,AST017,76522.0,High
2026-09-09,AST018,78605.0,High
2026-09-09,AST019,30939.0,Low
2026-09-09,AST021,73069.0,High
2026-09-09,AST024,49239.0,Normal
2026-09-09,AST025,53978.0,Normal
2026-09-09,AST026,69495.0,Normal
2026-09-09,AST027,82757.0,High
2026-09-09,AST028,80447.0,High
2026-09-09,AST029,39654.0,Low
2026-09-10,AST004,72622.33,High
2026-09-10,AST005,50184.0,Normal
2026-09-10,AST007,69351.0,Normal
2026-09-10,AST009,48045.0,Normal
2026-09-10,AST016,37309.0,Low
2026-09-10,AST018,72653.0,High
2026-09-10,AST019,28850.0,Low
2026-09-10,AST022,36482.0,Low
2026-09-10,AST024,47763.0,Normal
2026-09-10,AST025,58821.0,Normal
2026-09-10,AST027,81265.0,High
2026-09-10,AST028,71576.0,High
2026-09-10,AST029,38891.0,Low
2026-09-11,AST002,34383.0,Low
2026-09-11,AST005,45818.0,Normal
2026-09-11,AST006,52936.0,Normal
2026-09-11,AST007,74581.0,High
2026-09-11,AST008,35193.0,Low
2026-09-11,AST011,81266.0,High
2026-09-11,AST014,57365.0,Normal
2026-09-11,AST015,28847.0,Low
2026-09-11,AST016,41163.67,Low
2026-09-11,AST017,71888.0,Normal
2026-09-11,AST018,75251.0,High
2026-09-11,AST022,35019.5,Low
2026-09-11,AST023,41795.0,Low
2026-09-11,AST024,45910.0,Normal
2026-09-11,AST026,68530.0,Normal
2026-09-11,AST027,78997.0,High
2026-09-11,AST029,39654.5,Low
2026-09-11,AST030,83414.0,High
2026-09-12,AST002,27742.0,Low
2026-09-12,AST004,73497.0,High
2026-09-12,AST008,35062.5,Low
2026-09-12,AST011,82217.0,High
2026-09-12,AST013,67450.0,Normal
2026-09-12,AST016,39016.0,Low
2026-09-12,AST018,78478.0,High
2026-09-12,AST019,30614.5,Low
2026-09-12,AST021,67000.0,Normal
2026-09-12,AST023,47277.0,Normal
2026-09-12,AST026,66331.5,Normal
2026-09-12,AST027,70401.0,High
2026-09-12,AST028,75108.0,High
2026-09-12,AST030,82447.33,High
2026-09-13,AST002,33689.0,Low
2026-09-13,AST005,48274.0,Normal
2026-09-13,AST007,74398.0,High
2026-09-13,AST009,47555.0,Normal
2026-09-13,AST011,83048.0,High
2026-09-13,AST012,49040.0,Normal
2026-09-13,AST013,63031.0,Normal
2026-09-13,AST014,63495.0,Normal
2026-09-13,AST015,29040.0,Low
2026-09-13,AST016,41607.0,Low
2026-09-13,AST017,71893.0,High
2026-09-13,AST018,76404.0,High
2026-09-13,AST020,54550.0,Normal
2026-09-13,AST021,59653.0,Normal
2026-09-13,AST023,44234.0,Low
2026-09-13,AST024,46606.0,Normal
2026-09-13,AST026,68454.5,Normal
2026-09-13,AST028,71947.0,High
2026-09-13,AST030,82925.5,High
2026-09-14,AST002,31357.0,Low
2026-09-14,AST010,28668.0,Low
2026-09-14,AST011,78332.0,High
2026-09-14,AST012,52355.0,Normal
2026-09-14,AST016,41245.0,Low
2026-09-14,AST017,72701.0,High
2026-09-14,AST018,76009.5,High
2026-09-14,AST019,31340.0,Low
2026-09-14,AST022,37455.5,Low
2026-09-14,AST023,45411.0,Normal
2026-09-14,AST024,47868.0,Low
2026-09-14,AST025,56487.0,Normal
2026-09-14,AST030,80646.5,High
2026-09-15,AST001,39058.0,Low
2026-09-15,AST004,72132.0,High
2026-09-15,AST006,58821.0,Normal
2026-09-15,AST007,80691.0,High
2026-09-15,AST008,29819.0,Low
2026-09-15,AST010,29105.0,Low
2026-09-15,AST013,69757.0,Normal
2026-09-15,AST015,27895.0,Low
2026-09-15,AST017,72039.33,High
2026-09-15,AST019,30074.0,Low
2026-09-15,AST021,73136.0,High
2026-09-15,AST022,34042.0,Low
2026-09-15,AST025,62552.0,Normal
2026-09-15,AST026,67665.6,Normal
2026-09-15,AST027,79977.5,High
2026-09-15,AST028,80490.0,High
2026-09-16,AST001,42885.0,Low
2026-09-16,AST003,36615.0,Low
2026-09-16,AST004,71352.0,High
2026-09-16,AST005,46508.0,Normal
2026-09-16,AST006,53541.0,Normal
2026-09-16,AST007,72641.0,High
2026-09-16,AST008,33189.0,Low
2026-09-16,AST011,72078.0,High
2026-09-16,AST012,51023.5,Normal
2026-09-16,AST015,26879.0,Low
2026-09-16,AST017,78525.0,High
2026-09-16,AST018,77389.0,High
2026-09-16,AST021,65591.0,Normal
2026-09-16,AST022,38992.0,Low
2026-09-16,AST023,43680.0,Low
2026-09-16,AST025,62720.0,Normal
2026-09-16,AST026,65091.0,Normal
2026-09-16,AST028,77448.0,High
2026-09-16,AST029,38679.0,Low
2026-09-17,AST001,37568.0,Low
2026-09-17,AST002,33112.0,Low
2026-09-17,AST003,47668.0,Normal
2026-09-17,AST004,71749.0,High
2026-09-17,AST006,54941.0,Normal
2026-09-17,AST007,74617.5,High
2026-09-17,AST008,33207.67,Low
2026-09-17,AST009,46600.33,Normal
2026-09-17,AST010,30364.0,Low
2026-09-17,AST016,41763.0,Low
2026-09-17,AST019,29763.0,Low
2026-09-17,AST024,47241.0,Normal
2026-09-18,AST001,36421.0,Low
2026-09-18,AST002,31817.5,Low
2026-09-18,AST004,72986.0,High
2026-09-18,AST006,59145.0,Normal
2026-09-18,AST007,75105.0,High
2026-09-18,AST008,32846.0,Low
2026-09-18,AST009,43519.0,Low
2026-09-18,AST011,77344.0,High
2026-09-18,AST012,52529.0,Normal
2026-09-18,AST013,62741.0,Normal
2026-09-18,AST015,26043.0,Low
2026-09-18,AST016,40855.0,Low
2026-09-18,AST017,73987.0,High
2026-09-18,AST018,72550.0,High
2026-09-18,AST020,54774.0,Normal
2026-09-18,AST021,71015.0,High
2026-09-18,AST023,44571.0,Low
2026-09-18,AST024,44958.0,Low
2026-09-18,AST025,50513.0,Normal
2026-09-18,AST026,67124.0,Normal
2026-09-18,AST027,82285.5,High
2026-09-18,AST028,80342.0,High
2026-09-19,AST002,31213.0,Low
2026-09-19,AST003,41862.5,Low
2026-09-19,AST006,52038.0,Normal
2026-09-19,AST007,81934.5,High
2026-09-19,AST008,31781.0,Low
2026-09-19,AST009,46019.67,Normal
2026-09-19,AST010,30494.0,Low
2026-09-19,AST012,56281.0,Normal
2026-09-19,AST013,61627.0,Normal
2026-09-19,AST017,73620.67,High
2026-09-19,AST018,75619.0,High
2026-09-19,AST021,67767.5,High
2026-09-19,AST022,36475.67,Low
2026-09-19,AST024,46140.0,Normal
2026-09-19,AST027,85346.0,High
2026-09-20,AST002,32249.0,Low
2026-09-20,AST005,49930.0,Normal
2026-09-20,AST012,53766.0,Normal
2026-09-20,AST013,63700.0,Normal
2026-09-20,AST014,62810.0,Normal
2026-09-20,AST017,73614.0,High
2026-09-20,AST020,54627.0,Normal
2026-09-20,AST021,69840.0,Normal
2026-09-20,AST023,46991.0,Normal
2026-09-20,AST025,60047.67,Normal
2026-09-20,AST027,81937.0,High
2026-09-20,AST028,80337.0,High
2026-09-20,AST030,80963.5,High
2026-09-21,AST002,31268.0,Low
2026-09-21,AST003,42444.5,Low
2026-09-21,AST004,74785.0,High
2026-09-21,AST005,44818.0,Low
2026-09-21,AST006,55378.0,Normal
2026-09-21,AST007,69903.0,Normal
2026-09-21,AST010,28391.0,Low
2026-09-21,AST012,50899.0,Normal
2026-09-21,AST014,61916.0,Normal
2026-09-21,AST015,29864.5,Low
2026-09-21,AST018,71153.0,High
2026-09-21,AST022,32718.0,Low
2026-09-21,AST024,52005.0,Normal
2026-09-21,AST026,64684.0,Normal
2026-09-21,AST028,88889.0,High
2026-09-21,AST029,44268.0,Low
2026-09-21,AST030,84408.0,High
2026-09-22,AST006,56973.0,Normal
2026-09-22,AST009,42973.67,Low
2026-09-22,AST011,76714.0,High
2026-09-22,AST014,60407.0,Normal
2026-09-22,AST018,79033.0,High
2026-09-22,AST020,55826.0,Normal
2026-09-22,AST021,69904.5,High
2026-09-22,AST022,39831.0,Low
2026-09-22,AST023,42807.0,Low
2026-09-22,AST024,46923.0,Normal
2026-09-22,AST025,58485.5,Normal
2026-09-22,AST026,68233.0,Normal
2026-09-22,AST027,76888.0,High
2026-09-23,AST004,73752.0,High
2026-09-23,AST006,56388.0,Normal
2026-09-23,AST008,33943.0,Low
2026-09-23,AST009,45578.67,Normal
2026-09-23,AST010,30303.0,Low
2026-09-23,AST013,64310.0,Normal
2026-09-23,AST014,57887.0,Normal
2026-09-23,AST018,78046.0,High
2026-09-23,AST019,31455.0,Low
2026-09-23,AST020,54363.5,Normal
2026-09-23,AST022,34073.0,Low
2026-09-23,AST024,46576.0,Normal
2026-09-23,AST026,65939.67,Normal
2026-09-23,AST027,72566.0,High
2026-09-24,AST002,30408.0,Low
2026-09-24,AST003,39477.0,Low
2026-09-24,AST004,74099.0,High
2026-09-24,AST006,56810.0,Normal
2026-09-24,AST007,72127.5,High
2026-09-24,AST008,32215.0,Low
2026-09-24,AST009,43362.0,Low
2026-09-24,AST010,28327.0,Low
2026-09-24,AST012,51068.33,Normal
2026-09-24,AST013,64108.0,Normal
2026-09-24,AST014,59235.0,Normal
2026-09-24,AST016,39962.0,Low
2026-09-24,AST017,73210.0,High
2026-09-24,AST019,32030.0,Low
2026-09-24,AST020,53415.5,Normal
2026-09-24,AST023,48316.0,Normal
2026-09-24,AST025,53880.0,Normal
2026-09-24,AST026,63690.0,Normal
2026-09-24,AST027,82722.0,High
2026-09-24,AST028,78369.0,High
2026-09-24,AST029,41879.33,Low
2026-09-24,AST030,75931.33,High
2026-09-25,AST001,38730.0,Low
2026-09-25,AST005,48167.0,Normal
2026-09-25,AST009,49827.5,Normal
2026-09-25,AST015,27828.0,Low
2026-09-25,AST016,37824.0,Low
2026-09-25,AST019,28142.0,Low
2026-09-25,AST020,53907.0,Normal
2026-09-25,AST022,36928.33,Low
2026-09-25,AST023,45794.0,Normal
2026-09-25,AST024,54841.0,Normal
2026-09-25,AST026,62200.5,Normal
2026-09-25,AST029,41559.0,Low
2026-09-25,AST030,80944.5,High
2026-09-26,AST002,33045.67,Low
2026-09-26,AST003,44121.0,Low
2026-09-26,AST004,79367.0,High
2026-09-26,AST005,51337.5,Normal
2026-09-26,AST010,29905.0,Low
2026-09-26,AST015,25459.0,Low
2026-09-26,AST019,29843.0,Low
2026-09-26,AST021,62168.0,Normal
2026-09-26,AST023,42863.0,Low
2026-09-26,AST024,52219.0,Normal
2026-09-26,AST025,53274.0,Normal
2026-09-26,AST029,39227.0,Low
2026-09-26,AST030,79050.0,High
2026-09-27,AST004,72923.0,High
2026-09-27,AST007,71988.0,High
2026-09-27,AST014,53601.0,Normal
2026-09-27,AST015,26797.0,Low
2026-09-27,AST016,39468.33,Low
2026-09-27,AST019,29933.5,Low
2026-09-27,AST022,41340.0,Low
2026-09-27,AST023,44007.5,Low
2026-09-27,AST024,50628.0,Normal
2026-09-27,AST025,52512.0,Normal
2026-09-27,AST026,60453.0,Normal
2026-09-27,AST027,81693.0,High
2026-09-27,AST028,85253.0,High
2026-09-28,AST002,32004.5,Low
2026-09-28,AST003,41038.0,Low
2026-09-28,AST004,75942.0,High
2026-09-28,AST007,72016.0,High
2026-09-28,AST008,34703.5,Low
2026-09-28,AST009,43533.0,Low
2026-09-28,AST012,54409.0,Normal
2026-09-28,AST014,57894.0,Normal
2026-09-28,AST017,72020.5,High
2026-09-28,AST018,76358.5,High
2026-09-28,AST020,55870.0,Normal
2026-09-28,AST021,69855.0,Normal
2026-09-28,AST022,34516.0,Low
2026-09-28,AST023,46229.0,Low
2026-09-28,AST028,72701.0,High
2026-09-29,AST001,39571.5,Low
2026-09-29,AST003,44106.0,Low
2026-09-29,AST006,54038.5,Normal
2026-09-29,AST007,70608.0,High
2026-09-29,AST008,31902.0,Low
2026-09-29,AST009,47113.0,Normal
2026-09-29,AST010,27888.0,Low
2026-09-29,AST015,27509.0,Low
2026-09-29,AST016,41921.0,Low
2026-09-29,AST018,72868.0,High
2026-09-29,AST022,35158.0,Low
2026-09-29,AST025,54918.0,Normal
2026-09-29,AST026,60873.5,Normal
2026-09-29,AST027,87060.0,High
2026-09-29,AST028,76135.5,High
2026-09-29,AST029,39850.0,Low
2026-09-29,AST030,72944.0,High
2026-09-30,AST002,31644.0,Low
2026-09-30,AST004,73591.67,High
2026-09-30,AST007,73642.0,High
2026-09-30,AST011,81014.5,High
2026-09-30,AST016,38845.5,Low
2026-09-30,AST017,73681.0,High
2026-09-30,AST019,30385.0,Low
2026-09-30,AST023,40437.0,Low
2026-09-30,AST026,70172.0,High
2026-09-30,AST028,86176.0,High
2026-09-30,AST029,44162.0,Low
2026-09-30,AST030,82328.0,High
2026-10-01,AST001,36910.5,Low
2026-10-01,AST002,33436.0,Low
2026-10-01,AST003,42342.0,Low
2026-10-01,AST004,75774.5,High
2026-10-01,AST006,55679.0,Normal
2026-10-01,AST007,73065.0,High
2026-10-01,AST008,34124.0,Low
2026-10-01,AST010,29990.0,Low
2026-10-01,AST012,57952.0,Normal
2026-10-01,AST013,58851.0,Normal
2026-10-01,AST014,60167.0,Normal
2026-10-01,AST015,27295.0,Low
2026-10-01,AST017,73096.5,High
2026-10-01,AST018,73149.5,High
2026-10-01,AST020,52882.0,Normal
2026-10-01,AST021,72546.0,High
2026-10-01,AST022,34532.0,Low
2026-10-01,AST025,58627.5,Normal
2026-10-01,AST027,80277.33,High
2026-10-01,AST028,77338.0,High
2026-10-01,AST029,46054.0,Normal
2026-10-01,AST030,79669.0,High
2026-10-02,AST001,40980.5,Low
2026-10-02,AST002,30511.0,Low
2026-10-02,AST003,43660.0,Low
2026-10-02,AST007,77435.0,High
2026-10-02,AST009,45681.0,Normal
2026-10-02,AST010,29826.5,Low
2026-10-02,AST012,52545.0,Normal
2026-10-02,AST015,27559.5,Low
2026-10-02,AST016,38933.0,Low
2026-10-02,AST020,51343.5,Normal
2026-10-02,AST021,65190.0,Normal
2026-10-02,AST022,39464.0,Low
2026-10-02,AST023,48128.0,Normal
2026-10-02,AST025,55860.0,Normal
2026-10-02,AST026,61967.0,Normal
2026-10-02,AST027,82335.0,High
2026-10-03,AST001,38645.5,Low
2026-10-03,AST002,30356.0,Low
2026-10-03,AST003,39867.0,Low
2026-10-03,AST006,57621.0,Normal
2026-10-03,AST010,30008.5,Low
2026-10-03,AST012,51327.0,Normal
2026-10-03,AST013,56583.0,Normal
2026-10-03,AST014,60869.0,Normal
2026-10-03,AST015,25746.0,Low
2026-10-03,AST016,36556.0,Low
2026-10-03,AST019,29868.0,Low
2026-10-03,AST020,53617.5,Normal
2026-10-03,AST024,50108.0,Normal
2026-10-03,AST025,56116.0,Normal
2026-10-03,AST028,78260.0,High
2026-10-03,AST030,79841.0,High
2026-10-04,AST001,38306.0,Low
2026-10-04,AST003,44629.0,Low
2026-10-04,AST005,47848.0,Normal
2026-10-04,AST006,54997.5,Normal
2026-10-04,AST009,45526.0,Normal
2026-10-04,AST011,79379.0,High
2026-10-04,AST012,47541.0,Normal
2026-10-04,AST013,61112.0,Normal
2026-10-04,AST015,27280.0,Low
2026-10-04,AST018,79394.67,High
2026-10-04,AST023,44863.0,Low
2026-10-04,AST025,57250.0,Normal
2026-10-04,AST027,79760.0,High
2026-10-04,AST029,42681.0,Low
2026-10-04,AST030,81109.0,High
2026-10-05,AST001,34045.0,Low
2026-10-05,AST002,32933.0,Low
2026-10-05,AST003,42182.5,Low
2026-10-05,AST004,68683.0,Normal
2026-10-05,AST005,49033.0,Normal
2026-10-05,AST007,73477.0,High
2026-10-05,AST012,46651.0,Normal
2026-10-05,AST013,63030.33,Normal
2026-10-05,AST014,60080.0,Normal
2026-10-05,AST018,88381.0,High
2026-10-05,AST023,45452.0,Normal
2026-10-05,AST029,41935.0,Low
2026-10-05,AST030,77733.0,High
2026-10-06,AST002,31363.0,Low
2026-10-06,AST003,43151.0,Low
2026-10-06,AST006,53445.0,Normal
2026-10-06,AST008,33614.0,Low
2026-10-06,AST009,43919.0,Normal
2026-10-06,AST012,53821.0,Normal
2026-10-06,AST014,60976.0,Normal
2026-10-06,AST016,42150.5,Low
2026-10-06,AST017,75157.0,High
2026-10-06,AST019,29808.0,Low
2026-10-06,AST022,34404.0,Low
2026-10-06,AST024,47134.0,Normal
2026-10-06,AST026,68356.0,Normal
2026-10-06,AST028,84336.0,High
2026-10-06,AST029,39783.0,Low
2026-10-06,AST030,81825.0,High
2026-10-07,AST005,49132.67,Normal
2026-10-07,AST006,54671.0,Normal
2026-10-07,AST007,81273.0,High
2026-10-07,AST008,32796.0,Low
2026-10-07,AST010,29016.0,Low
2026-10-07,AST012,51333.0,Normal
2026-10-07,AST013,64651.0,Normal
2026-10-07,AST014,55129.0,Normal
2026-10-07,AST015,28862.0,Low
2026-10-07,AST017,75745.0,High
2026-10-07,AST018,71923.0,High
2026-10-07,AST019,29263.0,Low
2026-10-07,AST022,36805.0,Low
2026-10-07,AST025,54983.0,Normal
2026-10-07,AST029,42757.0,Low
2026-10-07,AST030,77271.0,High
2026-10-08,AST001,40513.0,Low
2026-10-08,AST005,46530.0,Normal
2026-10-08,AST006,54708.0,Normal
2026-10-08,AST007,76003.0,High
2026-10-08,AST008,31701.0,Low
2026-10-08,AST010,31520.0,Low
2026-10-08,AST011,77709.0,High
2026-10-08,AST013,66380.0,Normal
2026-10-08,AST014,52467.0,Normal
2026-10-08,AST015,28700.67,Low
2026-10-08,AST016,39441.0,Low
2026-10-08,AST017,73377.0,High
2026-10-08,AST020,52993.0,Normal
2026-10-08,AST023,43597.0,Low
2026-10-08,AST024,43564.0,Low
2026-10-08,AST027,79333.0,High
2026-10-08,AST028,82696.0,High
2026-10-08,AST029,40631.0,Low
2026-10-09,AST001,39344.0,Low
2026-10-09,AST002,30698.0,Low
2026-10-09,AST004,71402.0,High
2026-10-09,AST005,44536.0,Normal
2026-10-09,AST006,49697.0,Normal
2026-10-09,AST009,38794.0,Low
2026-10-09,AST011,81492.0,High
2026-10-09,AST012,50240.33,Normal
2026-10-09,AST013,62677.0,Normal
2026-10-09,AST017,76801.5,High
2026-10-09,AST019,31105.0,Low
2026-10-09,AST021,69970.0,Normal
2026-10-09,AST023,40155.0,Low
2026-10-09,AST024,47058.0,Normal
2026-10-09,AST026,62130.0,Normal
2026-10-09,AST027,79325.0,High
2026-10-09,AST030,87272.0,High
2026-10-10,AST002,29426.0,Low
2026-10-10,AST004,73520.5,High
2026-10-10,AST007,81926.0,High
2026-10-10,AST011,83809.0,High
2026-10-10,AST012,51421.0,Normal
2026-10-10,AST014,57366.67,Normal
2026-10-10,AST015,26461.0,Low
2026-10-10,AST016,40031.5,Low
2026-10-10,AST017,72153.5,High
2026-10-10,AST018,80433.5,High
2026-10-10,AST019,28981.0,Low
2026-10-10,AST022,33639.0,Low
2026-10-10,AST023,44510.0,Low
2026-10-10,AST024,43216.0,Low
2026-10-10,AST026,64793.0,Normal
2026-10-10,AST028,83878.0,High
2026-10-10,AST030,75443.0,High
2026-10-11,AST001,39870.0,Low
2026-10-11,AST002,31651.0,Low
2026-10-11,AST006,49391.0,Normal
2026-10-11,AST007,78101.0,High
2026-10-11,AST009,43167.0,Low
2026-10-11,AST011,84944.0,High
2026-10-11,AST012,52181.0,Normal
2026-10-11,AST015,27187.0,Low
2026-10-11,AST016,40105.0,Low
2026-10-11,AST020,49792.0,Normal
2026-10-11,AST021,67227.33,Normal
2026-10-11,AST022,34886.0,Low
2026-10-11,AST023,45423.0,Low
2026-10-11,AST024,47092.0,Normal
2026-10-11,AST025,58672.33,Normal
2026-10-11,AST026,65181.5,Normal
2026-10-11,AST027,80674.0,High
2026-10-11,AST028,81697.5,High
2026-10-11,AST030,72371.0,High
2026-10-12,AST001,37748.0,Low
2026-10-12,AST004,73158.5,High
2026-10-12,AST005,48115.0,Normal
2026-10-12,AST006,53710.0,Normal
2026-10-12,AST007,70714.0,High
2026-10-12,AST010,29689.0,Low
2026-10-12,AST011,80760.0,High
2026-10-12,AST012,53391.5,Normal
2026-10-12,AST013,63610.0,Normal
2026-10-12,AST014,52000.0,Normal
2026-10-12,AST015,25800.0,Low
2026-10-12,AST016,41984.67,Low
2026-10-12,AST017,71315.0,High
2026-10-12,AST019,30220.0,Low
2026-10-12,AST021,63772.0,Normal
2026-10-12,AST022,38616.0,Low
2026-10-12,AST023,47249.0,Normal
2026-10-12,AST024,51627.0,Normal
2026-10-12,AST026,69856.0,Normal
2026-10-12,AST027,76410.0,High
2026-10-13,AST001,38519.0,Low
2026-10-13,AST002,32766.0,Low
2026-10-13,AST004,69643.0,Normal
2026-10-13,AST006,54490.67,Normal
2026-10-13,AST010,31923.5,Low
2026-10-13,AST016,41467.0,Low
2026-10-13,AST018,80190.5,High
2026-10-13,AST019,29734.5,Low
2026-10-13,AST020,55767.0,Normal
2026-10-13,AST021,74630.0,High
2026-10-13,AST026,69355.0,High
2026-10-13,AST027,74777.0,High
2026-10-13,AST028,78527.0,High
2026-10-13,AST030,78258.67,High
2026-10-14,AST001,39610.0,Low
2026-10-14,AST002,29986.0,Low
2026-10-14,AST003,36277.0,Low
2026-10-14,AST004,79144.0,High
2026-10-14,AST005,47790.0,Normal
2026-10-14,AST006,55557.67,Normal
2026-10-14,AST010,28818.0,Low
2026-10-14,AST015,28430.5,Low
2026-10-14,AST017,72852.0,High
2026-10-14,AST018,78795.0,High
2026-10-14,AST019,28309.0,Low
2026-10-14,AST020,51362.0,Normal
2026-10-14,AST021,69588.0,High
2026-10-14,AST023,43417.0,Low
2026-10-14,AST024,49219.0,Normal
2026-10-14,AST025,58584.0,Normal
2026-10-14,AST027,86640.0,High
2026-10-14,AST028,76986.0,High
2026-10-14,AST030,80284.0,High
2026-10-15,AST002,31810.0,Low
2026-10-15,AST004,67180.0,Normal
2026-10-15,AST005,50913.0,Normal
2026-10-15,AST007,73235.5,High
2026-10-15,AST008,32623.5,Low
2026-10-15,AST009,45369.33,Low
2026-10-15,AST012,53201.0,Normal
2026-10-15,AST014,51774.0,Normal
2026-10-15,AST025,59544.0,Normal
2026-10-15,AST028,72652.0,High
2026-10-15,AST030,81876.0,High
2026-10-16,AST001,39999.0,Low
2026-10-16,AST003,44439.0,Low
2026-10-16,AST005,47602.67,Normal
2026-10-16,AST006,58334.0,Normal
2026-10-16,AST009,46106.0,Normal
2026-10-16,AST010,28316.0,Low
2026-10-16,AST019,28982.0,Low
2026-10-16,AST021,66539.0,Normal
2026-10-16,AST026,57763.0,Normal
2026-10-16,AST027,84407.5,High
2026-10-16,AST028,81135.0,High
2026-10-16,AST029,42866.0,Low
2026-10-16,AST030,80164.0,High
2026-10-17,AST004,64088.0,Normal
2026-10-17,AST006,54481.5,Normal
2026-10-17,AST010,29096.0,Low
2026-10-17,AST011,75534.0,High
2026-10-17,AST013,64294.0,Normal
2026-10-17,AST016,41892.0,Low
2026-10-17,AST017,73360.0,High
2026-10-17,AST019,32007.0,Low
2026-10-17,AST021,66954.75,Normal
2026-10-17,AST022,37428.0,Low
2026-10-17,AST027,72184.0,High
2026-10-17,AST028,81561.5,High
2026-10-17,AST030,86711.0,High
2026-10-18,AST002,32280.0,Low
2026-10-18,AST003,41275.0,Low
2026-10-18,AST006,60382.0,Normal
2026-10-18,AST007,74569.0,High
2026-10-18,AST010,29473.33,Low
2026-10-18,AST011,73490.0,High
2026-10-18,AST012,49982.0,Normal
2026-10-18,AST017,67081.0,Normal
2026-10-18,AST018,76677.0,High
2026-10-18,AST019,30563.0,Low
2026-10-18,AST021,66772.33,Normal
2026-10-18,AST024,46607.0,Normal
2026-10-18,AST025,55772.0,Normal
2026-10-18,AST026,63081.0,Normal
2026-10-18,AST029,44115.0,Low
2026-10-19,AST001,40397.0,Low
2026-10-19,AST003,42773.0,Low
2026-10-19,AST005,46798.0,Normal
2026-10-19,AST007,74560.0,High
2026-10-19,AST009,41951.0,Low
2026-10-19,AST010,29910.0,Low
2026-10-19,AST012,52622.0,Normal
2026-10-19,AST013,63204.0,Normal
2026-10-19,AST014,57909.0,Normal
2026-10-19,AST015,29526.0,Low
2026-10-19,AST017,67914.5,Normal
2026-10-19,AST026,69799.5,High
2026-10-19,AST027,79903.0,High
2026-10-19,AST029,46127.0,Normal
2026-10-19,AST030,83970.0,High
2026-10-20,AST002,31275.0,Low
2026-10-20,AST003,43597.75,Low
2026-10-20,AST004,75382.0,High
2026-10-20,AST007,73711.0,High
2026-10-20,AST009,47611.0,Normal
2026-10-20,AST012,56056.0,Normal
2026-10-20,AST014,59680.0,Normal
2026-10-20,AST016,41073.5,Low
2026-10-20,AST020,53676.5,Normal
2026-10-20,AST022,34490.0,Low
2026-10-20,AST025,63384.0,Normal
2026-10-20,AST027,80940.0,High
2026-10-20,AST029,41339.0,Low
2026-10-21,AST002,31771.0,Low
2026-10-21,AST003,39903.0,Low
2026-10-21,AST006,53000.0,Normal
2026-10-21,AST007,70499.0,High
2026-10-21,AST009,46693.0,Low
2026-10-21,AST011,79809.0,High
2026-10-21,AST013,58972.0,Normal
2026-10-21,AST014,61409.0,Normal
2026-10-21,AST015,28522.0,Low
2026-10-21,AST016,43531.0,Low
2026-10-21,AST021,69783.5,High
2026-10-21,AST022,36927.5,Low
2026-10-21,AST024,48576.0,Normal
2026-10-21,AST025,56718.25,Normal
2026-10-21,AST028,77161.0,High
2026-10-21,AST029,41973.0,Low
2026-10-22,AST001,38941.0,Low
2026-10-22,AST004,70154.0,High
2026-10-22,AST005,46155.0,Normal
2026-10-22,AST007,73499.0,High
2026-10-22,AST008,31593.0,Low
2026-10-22,AST009,45620.0,Low
2026-10-22,AST014,59137.0,Normal
2026-10-22,AST015,24953.5,Low
2026-10-22,AST016,41370.0,Low
2026-10-22,AST017,79098.0,High
2026-10-22,AST020,56052.5,Normal
2026-10-22,AST021,69791.0,Normal
2026-10-22,AST022,36594.0,Low
2026-10-22,AST027,79708.0,High
2026-10-22,AST028,76196.0,High
2026-10-22,AST029,42652.33,Low
2026-10-22,AST030,86261.0,High
2026-10-23,AST001,39639.5,Low
2026-10-23,AST002,29414.5,Low
2026-10-23,AST003,41858.0,Low
2026-10-23,AST006,52220.0,Normal
2026-10-23,AST007,72136.33,High
2026-10-23,AST008,31347.0,Low
2026-10-23,AST009,45196.0,Normal
2026-10-23,AST010,31322.0,Low
2026-10-23,AST011,78463.0,High
2026-10-23,AST013,65818.5,Normal
2026-10-23,AST014,54285.0,Normal
2026-10-23,AST017,77952.0,High
2026-10-23,AST019,29975.0,Low
2026-10-23,AST020,48348.0,Normal
2026-10-23,AST021,69882.0,Normal
2026-10-23,AST022,33289.5,Low
2026-10-23,AST023,44822.0,Low
2026-10-23,AST024,47666.0,Normal
2026-10-23,AST025,57629.0,Normal
2026-10-23,AST027,85467.67,High
2026-10-23,AST030,75277.0,High
2026-10-24,AST003,42625.5,Low
2026-10-24,AST004,77273.0,High
2026-10-24,AST007,72147.0,High
2026-10-24,AST008,31619.0,Low
2026-10-24,AST010,30949.33,Low
2026-10-24,AST014,57202.0,Normal
2026-10-24,AST015,28949.0,Low
2026-10-24,AST016,39023.0,Low
2026-10-24,AST018,77767.0,High
2026-10-24,AST019,30698.0,Low
2026-10-24,AST020,51105.0,Normal
2026-10-24,AST022,34953.5,Low
2026-10-24,AST023,44311.0,Low
2026-10-24,AST024,47762.0,Normal
2026-10-24,AST025,58547.0,Normal
2026-10-24,AST027,78972.5,High
2026-10-24,AST028,77519.0,High
2026-10-24,AST029,43005.0,Low
2026-10-24,AST030,79107.0,High
2026-10-25,AST001,39799.0,Low
2026-10-25,AST002,33389.5,Low
2026-10-25,AST004,74734.0,High
2026-10-25,AST005,48134.0,Normal
2026-10-25,AST007,72542.0,High
2026-10-25,AST009,45982.0,Normal
2026-10-25,AST011,80867.0,High
2026-10-25,AST013,61616.0,Normal
2026-10-25,AST014,57269.0,Normal
2026-10-25,AST015,28138.5,Low
2026-10-25,AST017,77120.0,High
2026-10-25,AST018,81065.0,High
2026-10-25,AST019,29279.0,Low
2026-10-25,AST022,37876.0,Low
2026-10-25,AST024,49063.0,Normal
2026-10-25,AST027,83335.0,High
2026-10-26,AST003,39555.0,Low
2026-10-26,AST005,44706.0,Low
2026-10-26,AST008,32384.0,Low
2026-10-26,AST009,46209.5,Low
2026-10-26,AST010,28284.67,Low
2026-10-26,AST011,84266.67,High
2026-10-26,AST015,28829.0,Low
2026-10-26,AST016,41823.0,Low
2026-10-26,AST017,71666.0,High
2026-10-26,AST018,76125.0,High
2026-10-26,AST019,28484.0,Low
2026-10-26,AST022,36829.0,Low
2026-10-26,AST024,45667.5,Normal
2026-10-26,AST029,42072.0,Low
2026-10-26,AST030,80655.0,High
2026-10-27,AST001,39632.5,Low
2026-10-27,AST003,41364.0,Low
2026-10-27,AST004,74241.0,High
2026-10-27,AST006,51866.0,Normal
2026-10-27,AST008,34624.0,Low
2026-10-27,AST009,48291.0,Normal
2026-10-27,AST011,86794.0,High
2026-10-27,AST012,47122.0,Normal
2026-10-27,AST013,70028.0,High
2026-10-27,AST015,28129.0,Low
2026-10-27,AST016,40604.5,Low
2026-10-27,AST017,77159.5,High
2026-10-27,AST020,48012.0,Normal
2026-10-27,AST023,44839.0,Low
2026-10-27,AST025,60824.0,Normal
2026-10-27,AST027,88260.0,High
2026-10-27,AST029,41341.0,Low
2026-10-27,AST030,76663.0,High
2026-10-28,AST003,43147.0,Low
2026-10-28,AST004,80867.0,High
2026-10-28,AST006,57510.0,Normal
2026-10-28,AST007,74162.0,High
2026-10-28,AST008,32953.5,Low
2026-10-28,AST009,46525.0,Normal
2026-10-28,AST012,52970.0,Normal
2026-10-28,AST013,59812.0,Normal
2026-10-28,AST015,27239.5,Low
2026-10-28,AST016,37904.0,Low
2026-10-28,AST017,66100.0,Normal
2026-10-28,AST018,86627.0,High
2026-10-28,AST024,50555.0,Normal
2026-10-28,AST025,55672.0,Normal
2026-10-28,AST027,81335.0,High
2026-10-28,AST028,76973.0,High
2026-10-28,AST029,41943.5,Low
2026-10-29,AST001,39437.67,Low
2026-10-29,AST002,31849.0,Low
2026-10-29,AST007,73254.0,High
2026-10-29,AST008,33088.0,Low
2026-10-29,AST010,28026.5,Low
2026-10-29,AST011,72862.0,High
2026-10-29,AST012,47932.0,Normal
2026-10-29,AST014,59212.0,Normal
2026-10-29,AST018,75242.5,High
2026-10-29,AST019,29087.0,Low
2026-10-29,AST023,47428.0,Normal
2026-10-29,AST029,39067.0,Low
2026-10-29,AST030,85413.0,High
2026-10-30,AST004,68741.0,Normal
2026-10-30,AST005,48003.33,Normal
2026-10-30,AST008,34201.0,Low
2026-10-30,AST009,48091.0,Normal
2026-10-30,AST011,79640.33,High
2026-10-30,AST013,61327.0,Normal
2026-10-30,AST015,28008.0,Low
2026-10-30,AST017,75131.5,High
2026-10-30,AST018,79420.5,High
2026-10-30,AST020,50522.0,Normal
2026-10-30,AST022,35073.0,Low
2026-10-30,AST023,45602.0,Normal
2026-10-30,AST024,52966.0,Normal
2026-10-30,AST025,55865.0,Normal
2026-10-30,AST026,66338.0,Normal
2026-10-30,AST027,89611.0,High
2026-10-30,AST028,78619.0,High
2026-10-30,AST029,43549.0,Low
2026-10-30,AST030,85505.0,High
2026-10-31,AST001,39344.0,Low
2026-10-31,AST002,27711.0,Low
2026-10-31,AST006,54947.0,Normal
2026-10-31,AST014,50196.0,Normal
2026-10-31,AST015,27798.0,Low
2026-10-31,AST021,66356.0,Normal
2026-10-31,AST023,42268.0,Low
2026-10-31,AST024,47196.0,Normal
2026-10-31,AST025,64725.0,Normal
2026-10-31,AST027,88707.5,High
2026-10-31,AST028,80601.0,High
2026-10-31,AST030,86232.0,High
2026-11-01,AST001,41068.5,Low
2026-11-01,AST003,39893.0,Low
2026-11-01,AST006,56749.0,Normal
2026-11-01,AST007,71211.0,High
2026-11-01,AST008,32050.0,Low
2026-11-01,AST010,29729.5,Low
2026-11-01,AST013,60822.0,Normal
2026-11-01,AST014,62946.0,Normal
2026-11-01,AST016,37155.0,Low
2026-11-01,AST020,50834.0,Normal
2026-11-01,AST021,72625.5,High
2026-11-01,AST022,34828.5,Low
2026-11-01,AST023,43883.5,Low
2026-11-01,AST024,49927.0,Normal
2026-11-01,AST025,59811.0,Normal
2026-11-01,AST026,63990.0,Normal
2026-11-01,AST028,71300.0,High
2026-11-01,AST030,84586.0,High
2026-11-02,AST001,40113.0,Low
2026-11-02,AST006,60169.0,Normal
2026-11-02,AST007,75689.0,High
2026-11-02,AST010,33879.0,Low
2026-11-02,AST014,60152.0,Normal
2026-11-02,AST015,26325.0,Low
2026-11-02,AST016,42151.0,Low
2026-11-02,AST017,76192.0,High
2026-11-02,AST020,56335.0,Normal
2026-11-02,AST021,64916.0,Normal
2026-11-02,AST022,35885.0,Low
2026-11-02,AST026,65733.0,Normal
2026-11-02,AST029,40519.0,Low
2026-11-02,AST030,80018.0,High
2026-11-03,AST001,37574.0,Low
2026-11-03,AST002,29448.0,Low
2026-11-03,AST004,73202.0,High
2026-11-03,AST005,48073.0,Normal
2026-11-03,AST006,56758.0,Normal
2026-11-03,AST007,80520.0,High
2026-11-03,AST009,46659.0,Normal
2026-11-03,AST014,56464.5,Normal
2026-11-03,AST015,28446.0,Low
2026-11-03,AST018,80538.0,High
2026-11-03,AST020,53337.0,Normal
2026-11-03,AST021,67030.67,Normal
2026-11-03,AST022,34741.0,Low
2026-11-03,AST027,78775.0,High
2026-11-03,AST028,74654.25,High
2026-11-03,AST030,82453.0,High
2026-11-04,AST001,37958.0,Low
2026-11-04,AST003,41762.0,Low
2026-11-04,AST004,77479.0,High
2026-11-04,AST005,46791.5,Low
2026-11-04,AST006,50781.0,Normal
2026-11-04,AST007,73754.0,High
2026-11-04,AST008,32029.0,Low
2026-11-04,AST010,28075.0,Low
2026-11-04,AST011,83056.0,High
2026-11-04,AST012,56242.0,Normal
2026-11-04,AST013,64799.0,Normal
2026-11-04,AST014,59026.0,Normal
2026-11-04,AST016,39101.0,Low
2026-11-04,AST017,78233.0,High
2026-11-04,AST021,74232.5,High
2026-11-04,AST022,37210.0,Low
2026-11-04,AST023,45481.0,Normal
2026-11-04,AST024,52440.0,Normal
2026-11-04,AST026,69355.0,Normal
2026-11-04,AST028,81547.0,High
2026-11-04,AST030,86445.0,High
2026-11-05,AST004,71604.0,High
2026-11-05,AST006,51079.0,Normal
2026-11-05,AST009,42397.0,Low
2026-11-05,AST011,87610.0,High
2026-11-05,AST013,60071.0,Normal
2026-11-05,AST014,62196.5,Normal
2026-11-05,AST015,25295.0,Low
2026-11-05,AST017,75682.0,High
2026-11-05,AST018,80409.0,High
2026-11-05,AST019,30162.0,Low
2026-11-05,AST021,68674.67,Normal
2026-11-05,AST023,44500.0,Low
2026-11-05,AST024,52850.0,Normal
2026-11-05,AST025,57427.0,Normal
2026-11-05,AST028,84969.0,High
2026-11-05,AST029,42986.0,Low
2026-11-05,AST030,80612.0,High
2026-11-06,AST001,39560.75,Low
2026-11-06,AST003,39218.0,Low
2026-11-06,AST004,77764.5,High
2026-11-06,AST005,49031.33,Normal
2026-11-06,AST006,46710.0,Normal
2026-11-06,AST007,79461.0,High
2026-11-06,AST008,32866.0,Low
2026-11-06,AST009,40696.0,Low
2026-11-06,AST010,31886.0,Low
2026-11-06,AST014,55492.0,Normal
2026-11-06,AST016,38048.0,Low
2026-11-06,AST019,27617.0,Low
2026-11-06,AST020,53891.0,Normal
2026-11-06,AST024,47392.0,Normal
2026-11-06,AST025,62777.0,Normal
2026-11-06,AST026,64736.0,Normal
2026-11-07,AST007,74778.5,High
2026-11-07,AST008,35679.0,Low
2026-11-07,AST013,67587.0,Normal
2026-11-07,AST014,60044.0,Normal
2026-11-07,AST015,27581.0,Low
2026-11-07,AST017,77425.0,High
2026-11-07,AST018,78827.0,High
2026-11-07,AST019,27520.0,Low
2026-11-07,AST022,37569.0,Low
2026-11-07,AST024,51058.0,Normal
2026-11-07,AST026,72007.0,High
2026-11-07,AST029,43955.0,Low
2026-11-07,AST030,82362.5,High
2026-11-08,AST001,39586.0,Low
2026-11-08,AST004,75235.33,High
2026-11-08,AST005,44556.0,Low
2026-11-08,AST006,55482.0,Normal
2026-11-08,AST007,73563.5,High
2026-11-08,AST008,33762.0,Low
2026-11-08,AST013,63905.0,Normal
2026-11-08,AST014,62297.0,Normal
2026-11-08,AST017,73007.0,High
2026-11-08,AST018,77154.0,High
2026-11-08,AST020,51722.0,Normal
2026-11-08,AST022,36949.0,Low
2026-11-08,AST025,61508.0,Normal
2026-11-08,AST026,71105.0,High
2026-11-08,AST028,84127.0,High
2026-11-08,AST029,38968.0,Low
2026-11-08,AST030,86809.0,High
2026-11-09,AST002,34179.0,Low
2026-11-09,AST003,40062.0,Low
2026-11-09,AST005,45297.0,Low
2026-11-09,AST009,47402.0,Normal
2026-11-09,AST012,55034.0,Normal
2026-11-09,AST014,59941.0,Normal
2026-11-09,AST015,25806.0,Low
2026-11-09,AST016,41389.33,Low
2026-11-09,AST021,66463.0,Normal
2026-11-09,AST024,47305.0,Normal
2026-11-09,AST027,80558.0,High
2026-11-09,AST028,79235.0,High
2026-11-10,AST001,39340.33,Low
2026-11-10,AST004,78863.0,High
2026-11-10,AST005,48893.0,Normal
2026-11-10,AST006,52031.5,Normal
2026-11-10,AST007,76454.0,High
2026-11-10,AST010,31693.5,Low
2026-11-10,AST012,48694.0,Normal
2026-11-10,AST014,59906.0,Normal
2026-11-10,AST018,71811.5,High
2026-11-10,AST020,55430.0,Normal
2026-11-10,AST022,39039.0,Low
2026-11-10,AST023,48860.0,Normal
2026-11-10,AST026,70214.0,High
2026-11-10,AST027,82816.0,High
2026-11-10,AST028,68258.0,Normal
2026-11-11,AST001,38817.0,Low
2026-11-11,AST006,55783.0,Normal
2026-11-11,AST007,77831.0,High
2026-11-11,AST008,32838.5,Low
2026-11-11,AST010,30999.5,Low
2026-11-11,AST011,82133.67,High
2026-11-11,AST014,60487.33,Normal
2026-11-11,AST015,27539.5,Low
2026-11-11,AST017,73482.0,High
2026-11-11,AST019,32495.0,Low
2026-11-11,AST026,68427.0,Normal
2026-11-11,AST027,80248.0,High
2026-11-11,AST030,77004.0,High
2026-11-12,AST001,36969.0,Low
2026-11-12,AST002,29107.0,Low
2026-11-12,AST004,75525.67,High
2026-11-12,AST007,75847.0,High
2026-11-12,AST009,45024.0,Normal
2026-11-12,AST010,31018.0,Low
2026-11-12,AST012,50927.0,Normal
2026-11-12,AST016,42739.0,Low
2026-11-12,AST018,74537.0,High
2026-11-12,AST019,30315.0,Low
2026-11-12,AST021,72905.0,High
2026-11-12,AST022,36077.0,Low
2026-11-12,AST023,45123.0,Low
2026-11-12,AST025,59793.0,Normal
2026-11-12,AST027,83141.5,High
2026-11-12,AST028,79299.0,High
2026-11-12,AST030,80062.5,High
2026-11-13,AST002,32330.0,Low
2026-11-13,AST003,42032.0,Low
2026-11-13,AST004,73109.0,High
2026-11-13,AST005,49100.5,Normal
2026-11-13,AST007,76212.0,High
2026-11-13,AST010,31494.0,Low
2026-11-13,AST012,53871.0,Normal
2026-11-13,AST017,71021.0,High
2026-11-13,AST020,58279.0,Normal
2026-11-13,AST021,65999.0,Normal
2026-11-13,AST022,35580.0,Low
2026-11-13,AST023,43818.0,Low
2026-11-13,AST027,71325.0,High
2026-11-13,AST030,76387.0,High
2026-11-14,AST001,39990.0,Low
2026-11-14,AST002,30312.67,Low
2026-11-14,AST004,64942.0,Normal
2026-11-14,AST005,48343.5,Normal
2026-11-14,AST008,36162.0,Low
2026-11-14,AST010,31345.0,Low
2026-11-14,AST011,78935.5,High
2026-11-14,AST012,50451.0,Normal
2026-11-14,AST013,64702.0,Normal
2026-11-14,AST016,40678.0,Low
2026-11-14,AST017,73724.0,High
2026-11-14,AST020,52969.5,Normal
2026-11-14,AST024,50640.0,Normal
2026-11-14,AST025,53139.0,Normal
2026-11-14,AST030,84008.5,High
2026-11-15,AST003,42796.67,Low
2026-11-15,AST006,54773.0,Normal
2026-11-15,AST007,81957.0,High
2026-11-15,AST008,36260.0,Low
2026-11-15,AST009,48211.5,Normal
2026-11-15,AST012,55758.0,Normal
2026-11-15,AST013,67084.0,Normal
2026-11-15,AST015,28393.5,Low
2026-11-15,AST016,39848.0,Low
2026-11-15,AST017,75900.5,High
2026-11-15,AST018,82049.0,High
2026-11-15,AST019,30005.5,Low
2026-11-15,AST020,50650.0,Normal
2026-11-15,AST022,35804.0,Low
2026-11-15,AST023,41330.0,Low
2026-11-15,AST024,52090.0,Normal
2026-11-15,AST027,74365.0,High
2026-11-15,AST028,78387.0,High
2026-11-15,AST030,83947.0,High
2026-11-16,AST002,31647.0,Low
2026-11-16,AST004,75811.0,High
2026-11-16,AST007,67291.0,Normal
2026-11-16,AST012,45074.0,Normal
2026-11-16,AST016,40946.5,Low
2026-11-16,AST017,67656.0,Normal
2026-11-16,AST018,84247.33,High
2026-11-16,AST020,55602.0,Normal
2026-11-16,AST022,37729.0,Low
2026-11-16,AST023,46164.5,Low
2026-11-16,AST024,48918.0,Normal
2026-11-16,AST025,54851.0,Normal
2026-11-16,AST026,66450.0,Normal
2026-11-16,AST027,78675.5,High
2026-11-16,AST030,80798.0,High
2026-11-17,AST001,42004.0,Low
2026-11-17,AST003,44585.0,Low
2026-11-17,AST004,71988.0,High
2026-11-17,AST005,50566.0,Normal
2026-11-17,AST006,64058.0,Normal
2026-11-17,AST009,45761.0,Low
2026-11-17,AST010,30175.0,Low
2026-11-17,AST011,77162.8,High
2026-11-17,AST012,50607.0,Normal
2026-11-17,AST016,39449.0,Low
2026-11-17,AST018,83834.0,High
2026-11-17,AST022,35482.67,Low
2026-11-17,AST024,49339.0,Normal
2026-11-17,AST025,59151.0,Normal
2026-11-17,AST026,66603.0,Normal
2026-11-17,AST027,76048.0,High
2026-11-17,AST030,85524.0,High
2026-11-18,AST001,38296.0,Low
2026-11-18,AST002,33510.5,Low
2026-11-18,AST003,42459.0,Low
2026-11-18,AST004,72439.0,High
2026-11-18,AST005,52704.0,Normal
2026-11-18,AST007,76345.0,High
2026-11-18,AST008,35083.5,Low
2026-11-18,AST010,28772.0,Low
2026-11-18,AST011,85874.0,High
2026-11-18,AST015,28967.5,Low
2026-11-18,AST016,38517.0,Low
2026-11-18,AST017,72055.0,High
2026-11-18,AST018,77851.0,High
2026-11-18,AST020,55863.0,Normal
2026-11-18,AST021,71576.0,High
2026-11-18,AST022,33397.0,Low
2026-11-18,AST023,43906.0,Low
2026-11-18,AST024,48065.0,Normal
2026-11-18,AST026,67429.33,Normal
2026-11-18,AST027,79756.67,High
2026-11-18,AST029,39764.0,Low
2026-11-19,AST001,35413.0,Low
2026-11-19,AST002,30404.0,Low
2026-11-19,AST006,58889.0,Normal
2026-11-19,AST007,73991.0,High
2026-11-19,AST008,32166.0,Low
2026-11-19,AST009,46490.0,Normal
2026-11-19,AST011,85438.0,High
2026-11-19,AST013,66356.0,Normal
2026-11-19,AST014,59185.0,Normal
2026-11-19,AST015,28251.0,Low
2026-11-19,AST016,41727.0,Low
2026-11-19,AST017,67598.0,Normal
2026-11-19,AST021,69012.5,Normal
2026-11-19,AST022,34777.0,Low
2026-11-19,AST023,42633.0,Low
2026-11-19,AST024,50207.0,Normal
2026-11-19,AST026,70257.0,High
2026-11-19,AST030,79167.0,High
2026-11-20,AST003,42189.0,Low
2026-11-20,AST004,72393.0,High
2026-11-20,AST005,48660.0,Normal
2026-11-20,AST006,56949.0,Normal
2026-11-20,AST007,75943.0,High
2026-11-20,AST009,45385.5,Low
2026-11-20,AST012,52407.5,Normal
2026-11-20,AST018,77861.0,High
2026-11-20,AST019,28197.0,Low
2026-11-20,AST024,49022.0,Normal
2026-11-20,AST025,57053.0,Normal
2026-11-20,AST027,77086.0,High
2026-11-20,AST028,82658.5,High
2026-11-20,AST029,44644.0,Low
2026-11-21,AST001,37610.0,Low
2026-11-21,AST006,56285.0,Normal
2026-11-21,AST007,72491.5,High
2026-11-21,AST008,33529.0,Low
2026-11-21,AST011,78470.0,High
2026-11-21,AST012,58863.0,Normal
2026-11-21,AST016,42291.0,Low
2026-11-21,AST017,72171.0,High
2026-11-21,AST018,79778.5,High
2026-11-21,AST019,30065.0,Low
2026-11-21,AST023,42031.0,Low
2026-11-21,AST024,47251.0,Normal
2026-11-21,AST025,54456.0,Normal
2026-11-21,AST026,62298.0,Normal
2026-11-21,AST027,77240.0,High
2026-11-21,AST028,78962.0,High
2026-11-21,AST029,38841.0,Low
2026-11-22,AST002,33040.0,Low
2026-11-22,AST003,43900.0,Low
2026-11-22,AST005,47884.0,Normal
2026-11-22,AST007,76894.0,High
2026-11-22,AST008,30567.0,Low
2026-11-22,AST012,55966.5,Normal
2026-11-22,AST016,41307.0,Low
2026-11-22,AST019,31579.5,Low
2026-11-22,AST021,67704.0,Normal
2026-11-22,AST022,34216.75,Low
2026-11-22,AST023,42251.0,Low
2026-11-22,AST028,77879.0,High
2026-11-22,AST029,42330.67,Low
2026-11-22,AST030,83201.0,High
2026-11-23,AST002,32165.0,Low
2026-11-23,AST007,75685.0,High
2026-11-23,AST012,52902.0,Normal
2026-11-23,AST014,63940.0,Normal
2026-11-23,AST016,40051.0,Low
2026-11-23,AST021,71028.0,High
2026-11-23,AST022,36721.0,Low
2026-11-23,AST023,44003.0,Low
2026-11-23,AST024,49677.5,Normal
2026-11-23,AST026,61889.0,Normal
2026-11-24,AST001,37687.0,Low
2026-11-24,AST002,34534.0,Low
2026-11-24,AST003,40682.0,Low
2026-11-24,AST004,74684.0,High
2026-11-24,AST006,55867.0,Normal
2026-11-24,AST007,72500.0,High
2026-11-24,AST010,31222.0,Low
2026-11-24,AST014,61932.0,Normal
2026-11-24,AST016,40916.0,Low
2026-11-24,AST020,49569.0,Normal
2026-11-24,AST022,36895.0,Low
2026-11-24,AST023,42721.0,Low
2026-11-24,AST025,59989.0,Normal
2026-11-24,AST029,46555.0,Normal
2026-11-25,AST001,40539.0,Low
2026-11-25,AST003,41054.0,Low
2026-11-25,AST005,49180.0,Normal
2026-11-25,AST006,57172.0,Normal
2026-11-25,AST008,31603.0,Low
2026-11-25,AST010,29413.0,Low
2026-11-25,AST014,58710.5,Normal
2026-11-25,AST015,31733.0,Low
2026-11-25,AST016,36258.0,Low
2026-11-25,AST017,65285.0,Normal
2026-11-25,AST018,74513.0,High
2026-11-25,AST019,33384.0,Low
2026-11-25,AST020,53457.0,Normal
2026-11-25,AST021,72460.0,High
2026-11-25,AST025,61270.0,Normal
2026-11-25,AST026,68946.0,Normal
2026-11-25,AST029,39536.0,Low
2026-11-25,AST030,76959.0,High
2026-11-26,AST001,39442.0,Low
2026-11-26,AST002,32914.0,Low
2026-11-26,AST003,42742.0,Low
2026-11-26,AST004,73610.0,High
2026-11-26,AST010,27997.5,Low
2026-11-26,AST015,29287.0,Low
2026-11-26,AST016,38656.0,Low
2026-11-26,AST018,77716.0,High
2026-11-26,AST020,48246.0,Normal
2026-11-26,AST021,68498.0,Normal
2026-11-26,AST022,34392.5,Low
2026-11-26,AST023,46093.5,Normal
2026-11-26,AST024,48944.33,Normal
2026-11-26,AST025,60261.0,Normal
2026-11-26,AST026,57962.0,Normal
2026-11-26,AST028,77476.5,High
2026-11-27,AST001,35076.0,Low
2026-11-27,AST003,42280.0,Low
2026-11-27,AST005,47250.5,Normal
2026-11-27,AST007,78900.0,High
2026-11-27,AST008,35644.0,Low
2026-11-27,AST009,47414.0,Normal
2026-11-27,AST010,33027.0,Low
2026-11-27,AST011,80739.0,High
2026-11-27,AST013,62285.0,Normal
2026-11-27,AST015,28710.5,Low
2026-11-27,AST019,30028.0,Low
2026-11-27,AST020,58467.0,Normal
2026-11-27,AST021,68377.0,Normal
2026-11-27,AST022,34277.0,Low
2026-11-27,AST023,44873.0,Low
2026-11-27,AST024,47215.0,Low
2026-11-27,AST026,66794.67,Normal
2026-11-27,AST027,80727.0,High
2026-11-27,AST029,42374.0,Low
2026-11-28,AST001,39891.67,Low
2026-11-28,AST002,33106.0,Low
2026-11-28,AST009,45150.0,Normal
2026-11-28,AST010,30523.5,Low
2026-11-28,AST013,58358.0,Normal
2026-11-28,AST014,61030.0,Normal
2026-11-28,AST017,72733.0,High
2026-11-28,AST019,30244.67,Low
2026-11-28,AST020,52405.0,Normal
2026-11-28,AST021,70067.0,High
2026-11-28,AST023,43934.0,Low
2026-11-28,AST025,59665.0,Normal
2026-11-28,AST026,70182.0,High
2026-11-28,AST027,75428.0,High
2026-11-28,AST028,83088.0,High
2026-11-28,AST029,42821.5,Low
2026-11-28,AST030,83327.0,High
2026-11-29,AST001,38480.5,Low
2026-11-29,AST002,30820.0,Low
2026-11-29,AST006,55838.0,Normal
2026-11-29,AST007,78857.0,High
2026-11-29,AST009,44905.0,Low
2026-11-29,AST012,59600.0,Normal
2026-11-29,AST015,27697.33,Low
2026-11-29,AST017,73201.5,High
2026-11-29,AST018,75827.0,High
2026-11-29,AST019,32764.0,Low
2026-11-29,AST023,44875.0,Low
2026-11-29,AST024,46515.0,Normal
2026-11-29,AST027,75982.5,High
2026-11-29,AST028,77528.0,High
2026-11-29,AST029,38983.0,Low
2026-11-30,AST001,40730.0,Low
2026-11-30,AST005,49500.5,Normal
2026-11-30,AST006,55152.0,Normal
2026-11-30,AST007,74799.0,High
2026-11-30,AST008,35331.0,Low
2026-11-30,AST009,45092.0,Normal
2026-11-30,AST010,31572.0,Low
2026-11-30,AST011,77476.0,High
2026-11-30,AST013,66820.0,Normal
2026-11-30,AST014,58434.0,Normal
2026-11-30,AST017,77890.0,High
2026-11-30,AST018,74200.0,High
2026-11-30,AST022,36263.5,Low
2026-11-30,AST024,47615.0,Normal
2026-11-30,AST025,60362.0,Normal
2026-11-30,AST029,41404.0,Low
2026-12-01,AST003,42592.0,Low
2026-12-01,AST004,72246.0,High
2026-12-01,AST006,55872.0,Normal
2026-12-01,AST007,75799.0,High
2026-12-01,AST008,33052.0,Low
2026-12-01,AST011,79604.0,High
2026-12-01,AST013,65301.0,Normal
2026-12-01,AST014,59963.0,Normal
2026-12-01,AST018,79047.0,High
2026-12-01,AST021,65691.0,Normal
2026-12-01,AST022,36688.0,Low
2026-12-01,AST023,46666.0,Normal
2026-12-01,AST028,75566.33,High
2026-12-01,AST030,81127.0,High
2026-12-02,AST004,75237.0,High
2026-12-02,AST005,54108.0,Normal
2026-12-02,AST010,27782.5,Low
2026-12-02,AST013,70477.0,High
2026-12-02,AST014,54609.0,Normal
2026-12-02,AST016,36381.0,Low
2026-12-02,AST019,32365.5,Low
2026-12-02,AST021,71054.0,High
2026-12-02,AST022,36581.0,Low
2026-12-02,AST023,43663.0,Low
2026-12-02,AST024,48635.5,Normal
2026-12-02,AST028,77053.0,High
2026-12-02,AST030,84276.0,High
2026-12-03,AST001,39568.0,Low
2026-12-03,AST002,29924.0,Low
2026-12-03,AST008,33697.0,Low
2026-12-03,AST009,45314.0,Normal
2026-12-03,AST011,80354.0,High
2026-12-03,AST014,55518.0,Normal
2026-12-03,AST017,73335.0,High
2026-12-03,AST019,31392.0,Low
2026-12-03,AST023,47503.0,Normal
2026-12-03,AST024,50960.0,Normal
2026-12-03,AST025,57326.0,Normal
2026-12-03,AST027,84991.0,High
2026-12-03,AST029,45707.0,Normal
2026-12-04,AST002,32115.0,Low
2026-12-04,AST004,72047.5,High
2026-12-04,AST008,32404.0,Low
2026-12-04,AST014,61284.0,Normal
2026-12-04,AST015,23566.0,Low
2026-12-04,AST017,71148.0,High
2026-12-04,AST019,30323.0,Low
2026-12-04,AST020,56603.0,Normal
2026-12-04,AST024,48885.0,Normal
2026-12-04,AST026,69035.0,Normal
2026-12-04,AST028,83033.0,High
2026-12-04,AST029,41175.0,Low
2026-12-05,AST002,31825.67,Low
2026-12-05,AST004,72015.0,High
2026-12-05,AST007,74561.0,High
2026-12-05,AST011,80025.0,High
2026-12-05,AST016,38096.5,Low
2026-12-05,AST018,77394.0,High
2026-12-05,AST021,70129.0,High
2026-12-05,AST022,37395.0,Low
2026-12-05,AST023,48503.0,Normal
2026-12-05,AST025,55027.0,Normal
2026-12-05,AST027,85239.5,High
2026-12-05,AST029,44093.5,Low
2026-12-06,AST003,42703.0,Low
2026-12-06,AST004,75382.0,High
2026-12-06,AST005,48834.0,Normal
2026-12-06,AST006,54825.0,Normal
2026-12-06,AST008,31465.0,Low
2026-12-06,AST009,48796.0,Normal
2026-12-06,AST010,31493.0,Low
2026-12-06,AST019,31415.0,Low
2026-12-06,AST022,34055.0,Low
2026-12-06,AST025,62061.0,Normal
2026-12-06,AST027,84007.0,High
2026-12-06,AST029,45112.0,Normal
2026-12-07,AST001,36848.0,Low
2026-12-07,AST003,41697.5,Low
2026-12-07,AST004,78843.0,High
2026-12-07,AST005,49403.0,Normal
2026-12-07,AST007,77672.0,High
2026-12-07,AST008,31575.0,Low
2026-12-07,AST009,42855.0,Low
2026-12-07,AST010,32253.0,Low
2026-12-07,AST012,56017.0,Normal
2026-12-07,AST015,29048.5,Low
2026-12-07,AST016,42357.0,Low
2026-12-07,AST018,76829.0,High
2026-12-07,AST022,36157.5,Low
2026-12-07,AST024,47578.25,Normal
2026-12-07,AST026,67359.0,Normal
2026-12-07,AST027,84259.0,High
2026-12-08,AST001,40346.0,Low
2026-12-08,AST002,34633.5,Low
2026-12-08,AST003,43088.0,Low
2026-12-08,AST004,76048.0,High
2026-12-08,AST005,50651.0,Normal
2026-12-08,AST006,58621.0,Normal
2026-12-08,AST007,74039.0,High
2026-12-08,AST009,45038.5,Low
2026-12-08,AST012,55863.0,Normal
2026-12-08,AST014,62744.0,Normal
2026-12-08,AST015,28600.0,Low
2026-12-08,AST019,31664.0,Low
2026-12-08,AST020,56460.0,Normal
2026-12-08,AST021,68739.0,Normal
2026-12-08,AST025,56491.0,Normal
2026-12-08,AST030,78484.0,High
2026-12-09,AST001,38638.0,Low
2026-12-09,AST002,33090.0,Low
2026-12-09,AST005,52207.0,Normal
2026-12-09,AST011,79480.0,High
2026-12-09,AST016,40705.0,Low
2026-12-09,AST018,78372.0,High
2026-12-09,AST019,31996.0,Low
2026-12-09,AST020,53478.0,Normal
2026-12-09,AST023,43349.5,Low
2026-12-09,AST024,44381.0,Low
2026-12-09,AST025,56867.0,Normal
2026-12-09,AST026,67922.5,Normal
2026-12-10,AST002,31886.0,Low
2026-12-10,AST003,41431.5,Low
2026-12-10,AST006,58096.0,Normal
2026-12-10,AST008,31827.0,Low
2026-12-10,AST012,54172.0,Normal
2026-12-10,AST014,64384.0,Normal
2026-12-10,AST016,43178.0,Low
2026-12-10,AST017,71447.0,High
2026-12-10,AST018,88031.0,High
2026-12-10,AST019,33516.0,Low
2026-12-10,AST023,45078.0,Normal
2026-12-10,AST029,42638.0,Low
2026-12-10,AST030,86461.0,High
2026-12-11,AST002,32626.0,Low
2026-12-11,AST003,42018.5,Low
2026-12-11,AST004,78071.5,High
2026-12-11,AST006,55736.5,Normal
2026-12-11,AST007,73412.5,High
2026-12-11,AST008,32263.0,Low
2026-12-11,AST009,47553.0,Normal
2026-12-11,AST010,31724.0,Low
2026-12-11,AST013,58661.0,Normal
2026-12-11,AST015,28013.0,Low
2026-12-11,AST017,72871.0,High
2026-12-11,AST021,71411.5,High
2026-12-11,AST022,38958.0,Low
2026-12-11,AST029,43689.5,Low
2026-12-12,AST002,35007.0,Low
2026-12-12,AST004,78294.0,High
2026-12-12,AST005,48822.5,Normal
2026-12-12,AST006,53644.0,Normal
2026-12-12,AST007,67391.0,Normal
2026-12-12,AST008,32139.0,Low
2026-12-12,AST011,86838.0,High
2026-12-12,AST013,63701.0,Normal
2026-12-12,AST018,79358.0,High
2026-12-12,AST021,71256.0,High
2026-12-12,AST023,46156.0,Normal
2026-12-12,AST024,47287.5,Low
2026-12-12,AST025,50984.0,Normal
2026-12-12,AST027,77717.0,High
2026-12-12,AST028,86241.0,High
2026-12-12,AST029,43015.5,Low
2026-12-12,AST030,84562.0,High
2026-12-13,AST001,40405.0,Low
2026-12-13,AST002,29992.0,Low
2026-12-13,AST003,42290.0,Low
2026-12-13,AST004,74326.0,High
2026-12-13,AST008,34217.0,Low
2026-12-13,AST010,29887.0,Low
2026-12-13,AST012,53788.5,Normal
2026-12-13,AST013,61535.0,Normal
2026-12-13,AST015,28954.5,Low
2026-12-13,AST016,44374.0,Low
2026-12-13,AST017,77711.0,High
2026-12-13,AST018,81603.0,High
2026-12-13,AST020,51169.0,Normal
2026-12-13,AST022,35691.0,Low
2026-12-13,AST024,51086.0,Normal
2026-12-13,AST025,50503.0,Normal
2026-12-13,AST026,65609.0,Normal
2026-12-13,AST027,83445.0,High
2026-12-13,AST028,70974.0,High
2026-12-13,AST029,45350.0,Normal
2026-12-13,AST030,84623.0,High
2026-12-14,AST003,41504.5,Low
2026-12-14,AST004,76513.0,High
2026-12-14,AST005,51494.0,Normal
2026-12-14,AST006,55153.6,Normal
2026-12-14,AST007,79622.0,High
2026-12-14,AST008,34102.8,Low
2026-12-14,AST010,30511.0,Low
2026-12-14,AST013,62656.0,Normal
2026-12-14,AST017,67753.0,Normal
2026-12-14,AST018,74038.5,High
2026-12-14,AST019,31434.0,Low
2026-12-14,AST020,54664.5,Normal
2026-12-14,AST021,70268.5,High
2026-12-14,AST022,35813.0,Low
2026-12-14,AST023,45336.0,Low
2026-12-14,AST024,42910.0,Low
2026-12-14,AST025,54736.0,Normal
2026-12-14,AST026,69684.0,Normal
2026-12-14,AST027,83522.0,High
2026-12-14,AST028,82020.0,High
2026-12-14,AST029,39458.0,Low
2026-12-14,AST030,81843.0,High
2026-12-15,AST001,36405.0,Low
2026-12-15,AST002,29607.0,Low
2026-12-15,AST004,70219.0,High
2026-12-15,AST006,54960.0,Normal
2026-12-15,AST007,78264.0,High
2026-12-15,AST009,48074.0,Normal
2026-12-15,AST010,30794.67,Low
2026-12-15,AST012,49739.0,Normal
2026-12-15,AST014,58418.0,Normal
2026-12-15,AST015,27757.25,Low
2026-12-15,AST017,74068.0,High
2026-12-15,AST021,70616.0,High
2026-12-15,AST024,51452.0,Normal
2026-12-15,AST025,57722.0,Normal
2026-12-15,AST028,79878.0,High
2026-12-15,AST030,83143.0,High
2026-12-16,AST003,40055.0,Low
2026-12-16,AST004,71515.0,High
2026-12-16,AST006,56447.0,Normal
2026-12-16,AST007,74529.5,High
2026-12-16,AST010,32443.0,Low
2026-12-16,AST011,85424.67,High
2026-12-16,AST013,66482.0,Normal
2026-12-16,AST014,61552.25,Normal
2026-12-16,AST015,29671.0,Low
2026-12-16,AST016,44356.0,Low
2026-12-16,AST017,79368.0,High
2026-12-16,AST019,31143.0,Low
2026-12-16,AST021,72888.0,High
2026-12-16,AST024,48619.0,Normal
2026-12-16,AST026,66445.0,Normal
2026-12-16,AST027,82318.0,High
2026-12-16,AST028,81005.0,High
2026-12-16,AST030,79607.0,High
2026-12-17,AST001,39611.67,Low
2026-12-17,AST003,42593.0,Low
2026-12-17,AST004,77439.0,High
2026-12-17,AST005,50076.0,Normal
2026-12-17,AST007,69964.0,Normal
2026-12-17,AST008,33882.67,Low
2026-12-17,AST009,47002.5,Low
2026-12-17,AST010,31022.33,Low
2026-12-17,AST013,65395.5,Normal
2026-12-17,AST015,27123.0,Low
2026-12-17,AST017,70347.0,High
2026-12-17,AST018,82870.0,High
2026-12-17,AST019,28858.0,Low
2026-12-17,AST022,36569.0,Low
2026-12-17,AST023,48995.0,Normal
2026-12-17,AST028,77056.5,High
2026-12-17,AST030,82601.0,High
2026-12-18,AST007,78488.5,High
2026-12-18,AST009,42241.0,Low
2026-12-18,AST010,32466.0,Low
2026-12-18,AST011,80414.0,High
2026-12-18,AST013,64384.0,Normal
2026-12-18,AST014,58410.0,Normal
2026-12-18,AST015,27794.0,Low
2026-12-18,AST016,40091.0,Low
2026-12-18,AST017,76749.0,High
2026-12-18,AST018,77618.0,High
2026-12-18,AST019,32465.0,Low
2026-12-18,AST021,69882.0,High
2026-12-18,AST023,44644.0,Low
2026-12-18,AST025,56247.0,Normal
2026-12-18,AST028,81159.0,High
2026-12-18,AST030,81586.0,High
2026-12-19,AST001,41912.0,Low
2026-12-19,AST003,43352.0,Low
2026-12-19,AST004,78378.0,High
2026-12-19,AST010,28665.0,Low
2026-12-19,AST011,76295.0,High
2026-12-19,AST012,57118.0,Normal
2026-12-19,AST014,60163.0,Normal
2026-12-19,AST015,28505.0,Low
2026-12-19,AST019,31030.0,Low
2026-12-19,AST020,55008.5,Normal
2026-12-19,AST023,44238.5,Low
2026-12-19,AST024,51465.0,Normal
2026-12-19,AST025,50620.0,Normal
2026-12-19,AST026,67412.0,Normal
2026-12-19,AST028,81388.0,High
2026-12-19,AST030,87342.0,High
2026-12-20,AST001,39941.0,Low
2026-12-20,AST002,34172.0,Low
2026-12-20,AST006,56355.0,Normal
2026-12-20,AST007,69631.0,Normal
2026-12-20,AST010,30945.0,Low
2026-12-20,AST011,83020.0,High
2026-12-20,AST012,53462.0,Normal
2026-12-20,AST014,66208.0,Normal
2026-12-20,AST016,40289.5,Low
2026-12-20,AST018,85135.0,High
2026-12-20,AST020,54339.5,Normal
2026-12-20,AST023,48128.0,Normal
2026-12-20,AST024,48518.0,Low
2026-12-20,AST026,66391.0,Normal
2026-12-20,AST029,44202.0,Low
2026-12-20,AST030,80103.0,High
2026-12-21,AST001,39858.0,Low
2026-12-21,AST004,72150.0,High
2026-12-21,AST005,51446.0,Normal
2026-12-21,AST008,33450.0,Low
2026-12-21,AST009,48683.0,Normal
2026-12-21,AST010,34157.0,Low
2026-12-21,AST011,79546.0,High
2026-12-21,AST013,65623.0,Normal
2026-12-21,AST015,31643.0,Low
2026-12-21,AST016,43213.0,Low
2026-12-21,AST020,53741.0,Normal
2026-12-21,AST023,46172.0,Normal
2026-12-21,AST025,59613.0,Normal
2026-12-21,AST028,75499.0,High
2026-12-22,AST001,40363.0,Low
2026-12-22,AST004,70651.0,High
2026-12-22,AST005,53928.5,Normal
2026-12-22,AST006,56406.0,Normal
2026-12-22,AST007,71847.0,High
2026-12-22,AST012,51845.0,Normal
2026-12-22,AST015,26485.0,Low
2026-12-22,AST016,41689.5,Low
2026-12-22,AST018,84490.0,High
2026-12-22,AST021,74323.0,High
2026-12-22,AST029,40578.0,Low
2026-12-23,AST001,39062.5,Low
2026-12-23,AST002,31457.0,Low
2026-12-23,AST005,50582.0,Normal
2026-12-23,AST007,71603.0,High
2026-12-23,AST008,31928.0,Low
2026-12-23,AST009,41029.5,Low
2026-12-23,AST010,30726.67,Low
2026-12-23,AST011,83916.0,High
2026-12-23,AST014,59717.0,Normal
2026-12-23,AST017,68485.0,Normal
2026-12-23,AST019,29601.5,Low
2026-12-23,AST020,50986.33,Normal
2026-12-23,AST021,72347.0,High
2026-12-23,AST024,47942.0,Normal
2026-12-23,AST025,63172.0,Normal
2026-12-23,AST026,69552.0,Normal
2026-12-23,AST027,80489.0,High
2026-12-23,AST029,42667.0,Low
2026-12-23,AST030,83756.0,High
2026-12-24,AST001,41264.0,Low
2026-12-24,AST004,76862.0,High
2026-12-24,AST006,57039.0,Normal
2026-12-24,AST010,31757.0,Low
2026-12-24,AST011,79035.0,High
2026-12-24,AST015,30138.0,Low
2026-12-24,AST017,80323.0,High
2026-12-24,AST018,78567.33,High
2026-12-24,AST019,28914.0,Low
2026-12-24,AST020,60353.0,Normal
2026-12-24,AST022,30760.0,Low
2026-12-24,AST028,80193.0,High
2026-12-24,AST030,82034.5,High
2026-12-25,AST003,41004.5,Low
2026-12-25,AST004,75926.0,High
2026-12-25,AST006,54587.5,Normal
2026-12-25,AST007,78426.5,High
2026-12-25,AST010,28958.0,Low
2026-12-25,AST011,86366.0,High
2026-12-25,AST012,49908.0,Normal
2026-12-25,AST015,27685.0,Low
2026-12-25,AST019,31187.0,Low
2026-12-25,AST022,34825.0,Low
2026-12-25,AST024,50779.0,Normal
2026-12-25,AST028,81281.0,High
2026-12-25,AST030,80153.0,High
2026-12-26,AST002,30889.5,Low
2026-12-26,AST003,41552.0,Low
2026-12-26,AST004,64323.0,Normal
2026-12-26,AST006,56976.0,Normal
2026-12-26,AST009,46000.0,Normal
2026-12-26,AST010,29852.0,Low
2026-12-26,AST011,79746.0,High
2026-12-26,AST013,64588.0,Normal
2026-12-26,AST014,64222.5,Normal
2026-12-26,AST015,28076.33,Low
2026-12-26,AST016,45545.0,Normal
2026-12-26,AST017,76110.5,High
2026-12-26,AST018,72429.0,High
2026-12-26,AST021,69565.0,High
2026-12-26,AST022,37950.0,Low
2026-12-26,AST023,44869.67,Low
2026-12-26,AST024,51962.0,Normal
2026-12-26,AST029,41141.0,Low
2026-12-26,AST030,79833.0,High
2026-12-27,AST001,39278.0,Low
2026-12-27,AST002,30195.0,Low
2026-12-27,AST003,44270.0,Low
2026-12-27,AST004,72277.0,High
2026-12-27,AST008,35378.0,Low
2026-12-27,AST010,32741.0,Low
2026-12-27,AST011,81886.5,High
2026-12-27,AST013,67810.0,Normal
2026-12-27,AST017,76960.0,High
2026-12-27,AST018,84566.0,High
2026-12-27,AST019,30882.0,Low
2026-12-27,AST020,54028.0,Normal
2026-12-27,AST021,72506.0,High
2026-12-27,AST022,36478.5,Low
2026-12-27,AST027,81801.0,High
2026-12-27,AST028,73313.0,High
2026-12-27,AST029,38654.0,Low
2026-12-27,AST030,87262.0,High
2026-12-28,AST001,44587.0,Low
2026-12-28,AST002,31175.5,Low
2026-12-28,AST003,43746.0,Low
2026-12-28,AST004,69513.0,Normal
2026-12-28,AST005,48293.0,Normal
2026-12-28,AST009,43075.5,Low
2026-12-28,AST010,29998.0,Low
2026-12-28,AST013,69506.0,Normal
2026-12-28,AST014,60204.0,Normal
2026-12-28,AST015,29395.0,Low
2026-12-28,AST016,38376.0,Low
2026-12-28,AST017,69294.0,Normal
2026-12-28,AST019,31035.0,Low
2026-12-28,AST020,58119.0,Normal
2026-12-28,AST021,66135.0,Normal
2026-12-28,AST026,64638.0,Normal
2026-12-28,AST027,80850.5,High
2026-12-28,AST030,82308.5,High
2026-12-29,AST001,40690.5,Low
2026-12-29,AST003,41736.0,Low
2026-12-29,AST008,33723.0,Low
2026-12-29,AST009,48548.0,Normal
2026-12-29,AST015,27541.0,Low
2026-12-29,AST016,41221.0,Low
2026-12-29,AST017,76743.0,High
2026-12-29,AST021,78626.0,High
2026-12-29,AST027,86654.0,High
2026-12-29,AST028,78407.5,High
2026-12-30,AST001,42124.5,Low
2026-12-30,AST002,29836.0,Low
2026-12-30,AST004,71124.0,High
2026-12-30,AST005,43706.0,Low
2026-12-30,AST006,62863.0,Normal
2026-12-30,AST007,74475.0,High
2026-12-30,AST011,75634.0,High
2026-12-30,AST015,27909.5,Low
2026-12-30,AST016,40720.67,Low
2026-12-30,AST017,77821.0,High
2026-12-30,AST018,82021.5,High
2026-12-30,AST019,31699.33,Low
2026-12-30,AST023,45740.0,Normal
2026-12-30,AST024,46520.5,Low
2026-12-30,AST025,64505.0,Normal
2026-12-30,AST026,67789.0,Normal
2026-12-30,AST027,84753.0,High
2026-12-30,AST029,45029.0,Normal
2026-12-31,AST005,46701.0,Normal
2026-12-31,AST007,71344.0,High
2026-12-31,AST009,47658.0,Normal
2026-12-31,AST010,28802.33,Low
2026-12-31,AST011,84576.5,High
2026-12-31,AST013,56521.0,Normal
2026-12-31,AST014,62385.0,Normal
2026-12-31,AST019,31656.0,Low
2026-12-31,AST020,51380.0,Normal
2026-12-31,AST021,62507.0,Normal
2026-12-31,AST023,48840.0,Normal
2026-12-31,AST024,48555.0,Normal
2026-12-31,AST025,60587.0,Normal
2026-12-31,AST028,79134.0,High
2026-12-31,AST029,42007.0,Low
